age,male,currentSmoker,cigsPerDay,BPMeds,prevalentStroke,prevalentHyp,diabetes,totChol,sysBP,diaBP,BMI,heartRate,glucose,TenYearCHD
56,1,0,0,0,0,0,0,256.38589169694075,117.23796160315496,92.82540595973842,23.447089787389825,55.26629879242249,81.56312614918467,0
50,1,0,0,0,0,0,0,252.1143731400845,155.93141765161639,70.43595649062934,27.83595293744878,71.95112412528529,114.53509555783549,0
57,0,0,0,0,0,1,0,177.88509024074204,122.40623522390517,101.3772716267467,28.595846018473974,78.67797167306148,97.60815064765866,0
64,1,1,12,0,0,0,0,321.28038071418973,117.98133985310167,80.17932096515176,29.04636562403318,97.1996591316115,98.77662657580873,1
50,0,1,24,0,0,1,0,257.08425135462625,143.58306859837833,116.34493471747376,22.797683530563734,74.45814185939382,49.392658633567486,0
50,0,0,0,0,0,1,0,267.8190449568179,98.06099622060435,73.68261487804459,21.20356356247312,55.4953673810584,91.21242410800807,0
65,0,0,0,0,0,1,0,158.3170632877047,151.94693869746172,85.00226703976402,21.762512269669763,72.51698198104475,58.87101748131783,0
58,0,0,0,0,0,0,0,270.3043295039068,123.15227853732402,77.77780875701897,29.042996155702127,90.01637878222739,71.5351378448668,0
48,1,1,17,0,0,1,0,220.32665219438442,153.76429368066997,72.48299090148075,28.53631193415033,66.80645269798504,86.03974919994484,0
56,0,0,0,0,0,0,0,177.79754911204557,160.33887156824142,94.76560421054462,21.87568253712863,88.4232429288107,81.16717455226156,0
48,0,0,0,0,0,1,0,194.03439870164092,146.0833757318571,68.73334966722632,34.543840508008905,77.10869655641996,97.04702103866177,0
48,1,1,18,0,0,0,0,180.3446548280519,114.13658755997716,73.88710591630918,21.386907736992622,82.76257865425028,99.72609199235703,0
54,0,0,0,0,0,1,0,179.60149541495716,104.4817024573431,89.03583650697892,29.897802747272976,97.30627197844852,101.44957830350032,0
35,1,0,0,0,0,0,0,238.66410409602526,100.4504014066248,90.93952973139285,32.03062830074136,52.952833111580716,51.083378307776286,0
37,0,0,0,0,0,1,0,218.98243729580736,156.26403543742884,65.29737494526975,26.250006184572793,85.75805019609886,136.3411400268482,0
47,1,1,12,0,0,1,0,250.69905193510104,129.03439753159597,88.98012262258449,22.644132241318594,73.8635865854242,81.43468601815495,0
43,1,1,9,0,0,1,0,309.7429383269922,118.81712052032132,83.54679896099607,22.73370008746178,63.60983359975643,109.89746713434583,0
54,0,1,20,0,0,1,0,230.30183660039717,129.09419266614438,70.98731970566163,24.72543017851222,73.79238435692272,40.0,0
44,0,0,0,0,0,0,0,137.2248710658292,155.7736665969917,72.53342157597335,30.231570190078937,95.29165131781852,75.89743760543477,0
39,0,1,7,0,0,0,0,225.35383869189607,149.1322752779101,57.59858286461919,20.880509167930626,91.01935175706784,48.40431175356831,0
64,1,1,20,0,0,1,0,288.50935520150637,141.6471354255948,102.60933313357094,18.261059267107623,50.991426465704365,62.18859649094258,0
50,0,1,8,0,0,1,0,232.21866321013948,146.0334932633809,94.18504497972408,27.284425461334145,65.76192352781,83.16278228642778,0
52,0,0,0,0,0,0,0,303.29054876243487,135.96379182093287,66.53025987786137,28.18461228016223,86.31473082683242,74.30076291402023,0
39,0,1,20,0,0,0,0,255.92943009806402,138.64648726052135,91.58689207350155,33.868674731877,74.73907106660361,112.22239116401492,0
47,0,0,0,0,0,0,0,155.11613168651488,136.86255508532304,75.111731872604,20.132492201406407,74.78383992147322,122.68681593038707,0
52,0,0,0,0,0,0,0,240.82161901928777,131.9986525961938,92.97772643619639,25.247292890954824,56.18008253048819,59.76281310716326,0
42,1,1,14,0,1,0,0,249.06805694764807,148.5742254442882,76.04711717009101,30.563533471693958,66.05427789241168,70.78140119653922,0
55,0,0,0,0,0,0,0,283.53565525604034,139.94820633640867,77.6397508587045,26.2955348871712,58.701531035593035,58.28497052066205,0
46,0,1,12,0,0,0,0,316.064009150909,112.62426931564693,78.53983278690802,24.998699324847752,55.16019026302206,108.58570412660148,0
49,1,0,0,0,0,0,0,275.93992286718276,143.63523648149837,74.11173590006425,29.03861253741112,59.90714419922968,85.6580029086462,0
46,1,1,16,0,0,0,0,255.38111108503756,137.4394354603447,98.79125650279965,23.34250524675295,63.862826910643925,82.743616909134,0
67,0,1,7,0,0,0,0,265.75228394944725,145.45109631613218,92.78232391697775,29.29078445201201,65.86663837310293,89.18672744672871,1
51,0,1,18,0,0,0,0,228.60770051621904,129.70744790046936,83.31938245999935,20.66039091201987,64.8944433352749,74.8430695058658,0
43,0,0,0,0,0,1,0,171.6333751804731,149.85828690287747,94.29481796782972,19.570330016540126,87.24547288101121,62.301189405759814,0
58,1,0,0,0,0,0,0,237.82582779380584,130.64901188094456,62.47513941705449,24.678289122459447,64.1142695397557,83.17425933718833,0
41,0,1,18,0,0,1,0,252.07277440819183,147.925353105212,67.25849465738762,15.290511873724078,92.11421630622758,75.85880760413897,0
53,1,0,0,0,0,1,0,183.0390644598754,121.95762664908877,87.69465714829555,26.147268510522903,69.19228946893249,89.98155377731767,0
35,1,1,18,0,0,0,0,294.3713521379974,123.48041080982304,90.82643866969467,18.696498494910685,80.27038391701103,44.464492924034865,0
40,0,1,18,0,0,0,0,280.23808468122695,145.24515551062274,85.35289055506902,26.957924134322145,80.65371697678641,86.2862474024057,0
53,0,0,0,0,0,0,0,175.64249772733376,124.70098533761563,59.407663899060175,26.560383696279477,64.22587895048643,66.14734186652235,0
58,0,0,0,0,0,0,0,296.0966207067545,180.52721928445953,69.25198570794703,25.52135421672425,71.0629132199076,85.48001356051178,0
53,0,0,0,0,0,0,0,222.43416775476672,144.4617897091386,86.99910239805003,27.58927553690618,68.96467395671576,102.81706101552727,0
51,0,1,20,0,0,0,0,201.74637113479267,132.54831669539243,111.11766747089521,26.63720962131776,79.46928855372994,69.20630172435033,0
49,1,0,0,0,0,0,0,283.48821848084714,150.03781708869468,96.61495198070114,24.598697526341788,73.45386612698587,109.52457186271414,0
39,1,0,0,0,0,0,0,233.75360583855743,121.42503098051662,100.92765158164927,33.307128619956245,66.01922071263623,41.96246054477917,0
45,1,0,0,0,0,1,0,319.5641541168223,152.3063260231264,86.0767050662836,27.412573843565017,76.42869946391173,117.5080631019919,0
48,1,1,14,0,0,0,0,198.47292606898296,151.69517476659772,85.98989176947252,28.9648231579746,79.07539299755952,110.48536320400203,0
60,0,0,0,0,0,1,0,159.80706894520318,159.5777492711501,69.59817439292709,30.19962695028763,97.20053614251106,61.60843837405939,0
54,0,0,0,0,0,0,0,223.6607156286898,122.3021903103313,93.4218646366194,28.53941245407257,75.81751747315082,61.80081552135364,0
37,0,1,15,0,0,0,0,270.7257899586608,105.09986840896961,81.12181956950796,34.2576149675917,75.12010016170247,47.61601307894802,0
54,1,1,19,0,0,0,0,195.2057086364361,118.57659793754394,90.31278850556463,26.480628227766903,80.14078332552005,103.19171221877473,0
48,1,1,12,0,0,1,0,177.47558315680533,125.80412864859957,82.36823623457121,25.77145848207215,63.60717164804569,74.40055130830946,0
46,1,0,0,0,0,0,0,246.0728057189212,168.6786552187386,85.34942109700887,23.136754439992878,54.2938847875741,72.71329229864746,0
57,0,0,0,0,0,0,0,171.59776275262928,180.29026464081048,80.94726260441654,24.749276860104075,71.25477489935014,56.17525585701242,0
60,0,1,20,0,0,1,0,249.4944787829902,139.5825707021676,84.69549637387472,22.801979266890235,87.8651891757329,123.67539957201484,0
59,1,0,0,0,0,0,0,221.0125857459602,132.2065933764092,94.00091869054276,28.576568843306312,89.80262055802429,59.62649861805292,0
44,0,1,12,0,0,0,0,257.7565254875044,124.30202772956736,66.80524565116932,22.059503385993583,52.447383531222265,82.55582119068043,0
49,1,1,13,1,0,1,0,175.1115326273175,150.14318770463908,64.08493088421868,26.102547896582326,82.9929537659216,86.96730332369097,0
54,1,0,0,0,0,1,0,293.1191786635318,180.1487906238134,87.11037493166678,28.09414243063974,48.78242397806808,72.83056279462697,0
60,1,1,15,0,0,0,0,227.94648266027764,171.28871960614197,99.2868915748914,26.416327935040407,80.51016665799104,68.17951354062299,0
47,0,1,14,0,0,0,0,269.5949973878122,157.03548547732834,102.31293540161298,22.1267490101633,79.79231175475987,73.50698677941038,0
50,0,0,0,0,0,1,0,278.23452029653515,156.71265568450485,67.30707738747914,28.665674147424536,54.31223964581348,95.0026666533189,0
42,0,1,18,0,0,1,0,185.07242209589793,150.3108174975905,77.16551397517152,25.450107195002616,87.00055371758025,74.01768543472693,0
41,0,0,0,0,0,0,0,274.81933042275534,130.95960579441223,64.24941694666109,15.0,95.92603081549103,119.38755080788917,0
58,0,0,0,0,0,1,0,173.29706189364967,115.7959391041025,75.39266048335456,21.768258068608116,74.25023602797029,64.12811022651731,0
63,1,0,0,0,0,0,0,175.7139393185647,131.5420900347853,95.47417714059233,31.544642169251205,76.69199849972357,99.34445531141787,0
51,1,1,15,0,0,0,0,322.4159663834911,141.29147124688978,81.8452985972992,31.885719550210204,92.74939443584287,41.602829627805114,0
60,0,1,18,0,0,0,0,284.92154822705146,100.02005422819751,77.51351104451454,27.95705596126731,61.48401559094424,64.13072419877226,0
55,0,0,0,0,0,0,0,327.2412237190852,128.6350839539434,88.54102907693452,29.014682805529155,61.78707050852529,63.22528018017808,0
46,0,0,0,0,0,0,0,219.71058265325195,113.82948819899198,72.45937492228634,22.608994676842755,64.92739795296959,56.60998873723581,0
55,0,1,14,0,0,0,0,240.50686121943238,154.30450554349912,101.11574037858229,24.73340788316986,75.44498525173191,88.51986766687891,0
65,1,0,0,0,0,0,0,259.203608857104,119.90641515255237,82.08741966689769,30.865003061884515,75.41299013114977,79.46569454738064,0
51,0,1,13,0,0,0,0,235.46339506986865,139.22084730358173,77.17846908448121,27.546252494504504,68.36051669663695,40.0,0
65,0,0,0,0,0,0,0,203.1700150893802,116.59955355541732,89.04219081754734,26.066288373936914,71.39423506250954,127.8973151028078,0
32,0,0,0,0,0,1,0,196.57227329327785,167.14938517114012,93.27143392253255,25.034084974138622,68.52518118059096,86.04837246990655,0
58,1,0,0,0,0,1,0,245.40993824447378,94.58334739623912,101.1517028817911,30.6153352050623,69.09839986343266,82.02707915386215,0
52,1,1,14,0,0,0,0,189.05816696685858,142.46848829056728,79.48037312490203,30.4003318295556,65.77774247665697,112.13273351773067,0
49,0,0,0,0,0,1,0,187.8260063358585,103.90033129432149,95.0326782723246,28.463654178151923,65.87472313830978,104.74380045600452,0
52,0,1,10,0,0,0,0,253.3171684908021,120.79468168933329,83.21453934279997,26.0717277709385,50.988673980868796,75.14201424033453,0
35,1,0,0,0,0,0,0,231.81298853463292,136.5361074810591,74.66343974831567,24.33729840835617,72.3158988674642,40.0,0
50,1,0,0,0,0,1,0,277.23707590559417,137.61785468897043,72.67826165194919,28.641356250707325,51.53304813339277,94.98086984156569,0
55,0,0,0,0,0,0,0,217.30389795635494,137.0438705040991,68.83619867640395,21.28216963560463,84.00670942448906,59.85453798078099,0
64,1,1,15,0,0,0,0,210.42473820107642,135.338481101461,73.09967201333063,22.132263624895177,68.28098587025808,110.50308254755674,0
47,1,1,18,0,0,0,0,254.63634942556072,117.87942623878426,95.38847946112101,19.85052542078175,73.56708505540408,64.14823576025307,0
45,1,0,0,0,0,0,0,200.2709055196316,128.39082689204616,90.48051522143244,30.864442089771813,70.52148440697653,71.6070614106306,0
47,1,0,0,1,0,0,0,207.04238007550583,132.69594835593614,67.1054601286966,22.845266841069687,72.07063469582127,51.1068348232952,0
59,1,0,0,0,0,1,0,208.78800682330575,136.2979287286954,61.04330895742078,27.456431925681663,90.16049778716061,52.96720669693482,0
54,0,0,0,0,0,0,0,226.77310732299568,130.55502959824625,68.65248213044308,25.285214165090938,58.782043056872624,79.49126624392517,0
47,1,0,0,0,0,1,1,313.9872079050197,148.050989261658,72.67916550103422,37.67990985949993,55.52019693189018,77.34803084466253,1
56,0,1,21,0,0,1,0,175.42129170188508,134.05451334332074,78.3608114730759,27.61181236154693,76.43246791996756,71.05469988902047,0
52,1,1,18,0,0,0,0,293.00233361316816,136.4291712876755,96.07436227610457,18.165222887094092,69.04944331512817,129.21926735220424,0
60,0,0,0,0,0,0,0,268.46261727675636,123.58164833714662,75.427397693204,30.619286602045992,79.31548705612735,95.88386642075788,0
46,1,0,0,0,0,0,0,304.9470692842797,108.84627761448272,102.1659995221273,24.212681049216695,83.59892687689579,82.23559642730382,0
49,1,1,21,0,0,0,0,374.01418612618,135.38863647611436,61.83760129214359,24.97619601200888,61.72388092121778,40.0,0
48,0,1,16,0,0,0,0,298.9839329146656,158.56381296718465,77.81640975085233,23.042699721658824,82.24066611917776,100.99266925996929,0
39,1,0,0,0,0,1,0,276.72934570794587,141.7649470760691,91.42658402963681,26.602011326417696,62.73667815696592,150.8743348566246,0
54,0,0,0,0,0,1,0,178.25016052849924,114.01513329327459,92.1664630283972,26.548303864466767,75.8949022912575,77.67714412299301,0
54,1,0,0,0,0,0,0,183.8062204935141,149.9242805680093,77.97143252333929,23.153543571640625,60.15703531687434,63.35821196795982,0
52,0,0,0,0,0,0,0,251.84836811206975,124.62742450853295,94.02104120541037,23.716607466005645,76.58572508629594,85.75646705904532,0
50,0,0,0,0,0,0,0,161.28464949153914,147.72238757056633,91.7463573100826,26.2152731456621,74.74947262893718,49.07759914899911,0
39,1,0,0,0,0,0,0,263.07932705681367,123.88649097228446,73.81462408824987,16.194800905308746,61.76484613672626,92.62739251813231,0
48,0,1,15,0,0,1,0,142.06343680651548,139.77274167620214,85.77914162133307,19.889860370934823,58.69906390382707,116.50503617055661,0
49,1,0,0,0,0,1,0,286.69826896484307,120.59305859426438,90.44335940892213,32.64696759400188,84.00766300916386,66.56858468770963,0
45,0,0,0,0,0,0,0,221.84518627492167,121.15284507765264,74.6735827891261,27.144065871712993,69.56399456785942,67.31126199638344,0
50,0,0,0,0,0,0,0,241.57026560068832,97.54216192389373,102.33190540322995,23.647873154362806,87.14437154678815,80.16699593920217,0
55,0,1,16,0,0,1,0,203.07161895749877,143.2656460215455,71.97565664058828,18.846060390698977,68.47927524210392,70.47195766635203,0
68,1,1,10,0,0,0,0,152.4648379502068,140.14373196604743,83.72911459953414,25.569103723719444,90.62615682743052,47.216704218856776,0
53,0,0,0,0,0,0,0,290.32659228454753,141.38173975774075,67.0026722029659,29.83928757630253,63.619325340146034,73.13953307055532,0
54,0,0,0,0,0,0,0,294.7708613780074,138.05727234489984,83.24032238395073,36.62074502906476,92.6729586901345,68.4987879559152,0
51,0,1,22,0,0,0,0,220.53453833103728,115.23049926688734,69.19512140715014,33.55743134248236,77.09246235669674,113.4307618566883,0
35,0,0,0,0,0,0,0,265.12490084829636,153.24978381885876,78.47045030404885,22.163554117473005,79.79756088922454,108.57361853209359,0
51,1,0,0,0,0,0,0,218.80077751074222,153.84114460202994,62.96082926414684,23.76722192132441,62.951704638666875,114.13819843067941,0
52,1,0,0,0,0,0,0,248.69355314771485,114.65877576624717,91.59776080390866,19.766853156029647,83.75058219516944,100.43967503902431,0
72,0,0,0,0,0,0,0,269.40212475248484,143.7067278096991,86.27536059689929,22.3492142268418,84.16713758893407,86.73300696406474,0
50,1,0,0,0,0,0,0,260.42373668125043,151.2498060780955,95.04892664364039,24.927343031188517,71.10678170969743,61.88861536877949,0
54,0,1,18,0,0,0,0,295.0026629900112,121.65783798643812,77.82633802432197,24.29473831383281,49.3920552959914,112.50065943599901,0
51,1,1,11,0,0,0,0,258.83074973103476,125.48721483662425,95.60616840257198,34.22372595697567,61.64005720903959,89.99915704511744,0
42,1,0,0,0,0,1,0,237.2357231496982,143.75049498065928,82.47135574473803,20.407036535847517,61.6382320632965,53.295302002093806,0
61,1,1,19,0,0,0,0,202.49756541339343,98.77274507288537,83.35800951314484,25.615112758329623,80.39223381049617,60.981031579678024,0
58,0,0,0,0,0,0,0,214.94576326574747,108.052621126252,107.36863990422326,17.339814974583764,69.41961192575829,52.93386081253836,0
58,1,0,0,0,0,1,0,271.6422614559007,110.22494982686965,76.18388842073675,27.15665219999971,69.652683404733,40.0,0
44,0,1,17,0,0,0,0,169.91963316777878,92.4810399738391,96.7295083738582,20.29900810322861,68.20425276166299,90.93601025382999,0
63,1,1,12,0,0,1,0,284.65552135016304,155.86867503212457,87.75621928657137,30.320767864369447,92.6314833338635,53.528866447851414,0
40,0,0,0,0,0,0,0,223.62967605536053,88.26110008778332,75.1371412930542,24.606793838637305,75.54422352995817,64.61325854089273,0
56,1,0,0,0,0,0,0,199.98134020605283,139.54843459549005,66.21170931443832,20.05186450004014,77.37288402699956,82.89331145889865,0
70,1,1,17,0,0,0,0,187.65613622161544,149.85703468461483,69.60297939453412,17.178922810412374,67.56732586274413,77.67846275059318,0
43,1,1,9,0,0,0,0,265.672182568529,125.54088900290812,95.56809757425412,21.787586296700347,74.64433611591365,65.59083764945207,0
47,0,1,9,0,0,0,0,235.355780432654,117.29591225591261,102.81279432204349,26.781461652045635,63.29172788753743,116.93536730042044,0
52,1,0,0,0,0,0,0,305.9056698221121,137.12253391620607,83.09727883852271,27.528205953341494,79.12469613069516,46.88694668969597,0
47,0,0,0,0,0,1,0,180.42467137685946,132.04032601307858,83.72658115145347,23.75640427718958,61.24135706432364,47.88257858794065,0
38,1,0,0,0,0,0,0,210.56080058527803,154.07710697316114,91.31744119787784,29.595767878075172,83.9306381471899,92.53040987453635,0
52,0,0,0,0,0,0,0,231.9422690423938,85.0,82.87962435223822,21.14345413913021,66.18057272673887,67.59894181993543,0
42,0,1,5,0,0,0,0,202.9183032653229,111.78843552474119,95.19640045564387,15.0,86.38071375585844,66.69930114122408,0
56,0,0,0,0,0,1,0,236.26922122223934,144.35469144615323,85.49946700795822,26.95846996804425,97.88753109218372,57.18217128364289,0
44,0,0,0,0,0,1,0,250.05803372228283,133.10984374103813,83.62649576382931,31.089392832001874,75.01321333830191,89.77862728897026,0
65,0,1,22,0,0,1,0,257.3173065217086,148.54475150233108,73.60944583007058,31.127268061996748,90.73938146571467,87.18953311610198,0
45,0,0,0,0,0,0,0,302.2713537589163,137.76443947727256,70.65679504632061,20.470782113477128,84.01738738782502,84.73983149948928,0
49,0,0,0,1,0,0,0,178.64721313361048,129.03578460869113,50.0,23.566757931981613,57.806615531570486,68.59199080961685,0
58,1,1,20,0,0,0,0,250.86145407715367,125.34965425194291,96.80940159930246,28.76766206453608,76.33113333022209,64.72631912153997,0
41,1,1,21,0,0,0,0,207.53451593812068,183.1512103492629,80.24071533733209,23.22886495736904,81.01438446827068,78.24884171284744,0
53,0,1,12,0,0,1,0,254.92058872103772,165.76881802869326,77.19523186317062,26.232077928494824,82.17258378511555,104.23041561243977,0
63,0,0,0,0,0,1,0,254.97861619953406,142.9011121580949,58.579512443374796,22.862596427177845,77.1384816596999,118.06766615714105,0
38,0,1,12,0,0,0,0,192.57554713777742,133.72620565586513,74.31864681073178,21.33350609440837,76.98373675592666,107.56117219968611,0
53,0,1,16,0,0,0,0,196.34929692410014,143.83891608577557,72.73976250060525,22.124868029232296,75.06104829738281,93.63195886360722,0
54,1,0,0,0,0,0,0,258.5122947926613,150.19036379320397,72.46272295323071,29.71847329110005,76.59811303192423,104.59005197528626,0
58,1,0,0,0,0,0,0,237.02979847274173,141.2141870854992,85.99403371783153,25.856509334986583,60.315852356411455,54.815474992593366,0
41,0,1,14,0,0,0,0,226.33663900780942,115.46963728549572,83.46698263835204,31.014714717462788,72.16547062825586,65.5832836845275,0
40,0,0,0,0,0,0,0,264.95142051009884,171.25923688993925,65.66444879656353,27.933724849313123,57.56422374226166,94.06116563111989,0
56,0,1,15,0,0,1,0,268.1956129379338,137.41658101058843,66.425906801112,32.386507449071864,69.02846780695229,79.28230005788606,0
54,1,0,0,0,0,0,0,212.6962750411251,176.3064606685759,66.4038573720356,29.154079591130817,67.91033338678933,89.76264672818596,0
54,1,0,0,0,0,1,0,198.50966194373,136.11724471130134,103.72631305080613,28.913297404011487,67.14404431595351,104.52769939354991,0
54,0,0,0,0,0,0,0,180.47556501914374,126.59562625323825,99.91267154429956,25.305999615593706,62.37590210653143,100.952650541909,0
46,0,1,16,0,0,0,0,237.47198128886535,162.4510827290222,71.77241201080483,38.13774696363627,78.23132728556264,56.90783926847746,0
53,1,0,0,0,0,0,0,173.38094780546317,138.62611307771087,58.28086816005123,26.262062701567594,71.18315633145767,82.27241904026644,0
54,1,1,14,0,0,0,0,240.3748521620775,134.93529795920438,83.53653091615024,17.70896418658389,69.954884930964,60.82108061718813,0
45,0,1,17,0,0,0,0,289.5408188226753,105.59198747586292,82.56328139485205,26.898937512417266,58.10911206604468,64.12168511127808,0
67,0,1,11,0,0,0,0,220.4477701074035,146.52479171298822,85.80300384386078,21.772601802726538,71.42566569363612,42.65001288300775,0
56,0,1,16,0,0,0,0,212.40701165623278,121.14717157497002,90.896486709728,29.969788238566622,88.74639359899157,85.07281017415461,0
41,1,1,12,0,0,1,0,323.9051700395944,122.14859340037256,87.4204474407513,28.775848708541847,88.92967571832409,40.95018490996326,0
57,0,0,0,0,0,0,0,302.42688004425645,121.20792540108623,68.60272562199697,25.01479403527613,79.48215095662134,91.06506449360008,0
43,0,1,15,0,0,1,0,202.35769369556178,141.65874436329665,85.52849304596822,22.159638644883042,71.45815229856193,113.24429505260375,0
58,1,1,13,0,0,0,0,242.1165799665949,98.22172198133482,92.24588290402785,26.4003454795553,81.70779396269431,94.1977307365518,0
61,0,0,0,0,0,0,0,250.46184266331562,127.36140246003224,73.31197932395952,23.170941387786076,66.9917569418797,83.19343223022248,0
45,1,0,0,1,0,0,0,244.96105859995185,153.5661378044063,85.5994776250703,29.02999637041373,71.40897292939943,117.2923068842712,0
60,0,1,10,0,0,1,0,315.8456316993627,104.59528487451983,75.3666313903863,28.07966442845799,66.08973068883493,89.5312510394999,0
55,0,0,0,0,0,0,0,239.8381152664545,135.80333714056087,105.95403665129476,37.83746302922309,85.90039712596908,62.15690365640201,0
58,1,1,16,0,0,0,0,246.43833452776474,118.10921275404164,66.07807433359577,23.97503039153121,84.36007153189964,84.87744838981655,0
68,0,0,0,0,0,0,0,266.3011409864423,123.11875137175606,95.87138723834322,24.55595492321296,74.58381289144808,127.07290451366543,0
49,1,0,0,0,0,0,0,288.3564675060974,168.41334972857794,61.95024686289677,25.16541973685923,95.77502771148677,56.86930680322669,0
45,0,1,25,0,0,1,0,277.2235645493806,95.68923796200981,103.5166322225993,25.344959309488566,79.95017496925136,50.25715076610126,0
44,0,0,0,0,0,0,0,259.6757305977121,148.84386743977555,68.30141119090709,30.01102364564207,79.27473055603573,96.1428988888554,0
45,1,0,0,0,0,0,0,167.41720856266804,121.48557808690133,84.27605852787204,24.66698285524526,77.98944295848106,76.846777136849,0
51,0,1,15,0,0,1,0,214.52194014142927,120.39139232679531,62.44968175963834,33.88676503618833,59.852558187201076,69.7639568635034,0
54,1,0,0,0,0,0,0,272.0545331170319,107.54562846525812,65.80022659573947,28.187327949875378,64.26864202311155,53.03887333535769,0
54,0,1,19,0,0,0,1,247.01754268028944,148.58579202002,92.77296457149546,23.8084822032491,74.34434455576547,40.0,0
59,0,1,18,0,0,0,0,272.3496598882099,127.78909844175165,94.33794773763366,22.76089269157925,74.4433982547444,48.50210910687733,0
52,0,1,19,1,0,1,0,319.0353067135349,125.01127289651765,84.87230718841177,30.067575992974675,82.07715240252523,119.14328708252927,0
64,0,0,0,1,0,1,0,184.21361897738973,134.41641244248964,90.89297998588289,25.916932622735924,66.98559469134743,81.79589240767702,0
49,1,0,0,0,0,0,0,286.06804769140166,128.2536832336804,94.53854491184767,25.837146220402698,75.84824040907853,40.0,0
75,1,1,17,0,0,1,0,221.46400765028022,87.98486664542247,73.78987763440823,23.346231071661112,76.06272157324179,109.23397658133156,0
57,0,1,22,0,0,0,0,277.15539204808823,121.20186797449811,65.21246278819822,25.54807270822592,76.5383409813135,110.40118124132141,0
44,0,1,16,0,0,0,0,234.18628729180284,151.69969960086314,81.83555936556647,23.180285111708635,75.19697420463937,110.27238098070524,0
42,1,1,20,0,0,0,0,329.5881997112918,98.85443778952921,75.0735857692335,31.38301697052659,58.153919777376046,72.281779881868,0
56,1,0,0,0,0,0,0,241.72382519551647,108.0213662031602,86.66345776241194,28.739946624247132,47.86537843610664,75.81735592992085,0
50,0,0,0,0,0,0,0,207.81737412833687,122.61058930123244,88.57634334505512,25.08344775886683,63.69883637031289,85.16544086528594,0
58,0,0,0,0,0,1,0,254.4744834028378,116.03628478998287,73.82019051316863,25.023180859483805,68.62652372641314,114.22406968387773,0
56,0,0,0,0,0,1,0,250.25348235160388,131.38651939288462,90.44930251559731,26.177914089780792,60.85857757139475,69.23727656096142,0
51,1,0,0,0,0,1,0,286.0762721408597,107.9523114630677,89.84966051141569,25.777285020624255,74.3319135735078,64.64849537464357,0
44,0,1,22,0,0,0,0,255.71432313861672,123.4672004761938,90.67981094666824,21.876561664832415,88.08128362545838,98.00056797221464,0
39,0,0,0,0,0,0,0,344.9028441234493,130.94412030481465,77.10649147587289,18.006826073621575,83.71239798513456,109.81285887854222,0
48,1,0,0,0,0,0,0,231.0982180423,146.27668915657537,91.3590659779429,22.529427267591785,80.59599954496332,80.78581403301918,0
59,0,0,0,0,0,0,0,231.61672220965914,159.38536649419112,88.24002736810232,25.273078288273375,86.82372886395004,97.4201178794446,0
53,0,1,9,0,0,1,0,209.42901379766562,126.24596261522433,89.68221573707874,22.77488388935829,63.90452346803724,84.58627557370276,0
41,0,1,14,0,0,0,0,239.76940688758378,173.53732530740817,102.13346275706232,29.159285924621837,69.5184447639489,76.22137405959602,0
53,0,1,16,0,0,1,0,246.16660132764997,127.95409922802047,85.93329027910494,24.86047214280691,82.37816235669867,62.926601434825415,0
55,0,1,15,0,0,1,0,248.3732633180586,150.23525326164366,74.7164533120304,33.48165165761734,69.30563988993607,55.46122226672018,0
44,0,0,0,0,0,0,0,238.95625772173597,174.49317016398913,68.67454562800643,23.49787354126049,69.96208211818643,67.86038057927819,0
53,0,1,20,0,0,0,0,209.16786646399885,135.06478500319056,95.53523391992586,26.376938874676384,97.34902946291122,59.55063872502397,0
52,1,0,0,0,0,0,0,197.20673436437636,101.78241432529421,86.28769211242538,24.615666799703884,76.14530493435987,88.5200982603669,0
42,1,0,0,0,0,0,0,219.49235610723554,133.9998848585679,102.0402638598427,27.60309003671277,96.16351440240885,110.0035526505861,0
55,1,1,21,0,0,0,1,286.227657050345,118.54385645949196,57.64537370559436,30.16957962888788,53.12044000316676,86.69221508153069,0
56,0,1,21,0,0,0,0,295.6991861616251,125.96249540660605,92.9280050534373,28.293951931601097,67.42960434476046,60.82382318720657,0
61,0,0,0,0,0,0,0,232.61356039662087,175.66949141489474,78.86635197495247,17.47373529518916,79.90579896782313,101.67367286359706,0
60,0,0,0,0,0,1,0,194.57034947543332,105.09920468907472,77.75774806142594,27.84943260293876,76.12479095727696,88.82827441029329,0
40,0,1,15,0,0,0,0,232.42836114606118,138.6102700907289,72.82230591821691,21.655399616647742,50.33344484163497,93.38099847637095,0
44,0,0,0,0,0,0,0,328.0332791518835,112.69013183292206,92.79485216662172,24.529946368493263,72.2450498331334,70.05454264510567,0
56,1,0,0,0,0,0,0,279.95458475393133,125.23152529357988,89.3624341273987,28.626249666033083,104.67621115942444,108.06766116332533,0
56,0,0,0,0,0,1,0,260.2326784274321,148.38653137449865,68.29141569952671,21.20898027549834,77.96295326196116,107.95011105811597,0
56,0,0,0,0,0,1,0,278.35813635031303,138.9996067564065,83.97905725510086,30.539386830688706,82.25323199998545,77.76645567285591,0
75,0,1,14,0,0,0,0,303.78493089901775,127.04929008284503,90.47337196816565,24.35111781183995,67.27268198489828,98.52439247186726,1
56,1,0,0,0,0,1,0,185.27388713192673,117.70439284417819,84.13612631111089,34.70084322896427,77.9194097687561,107.33425049764837,0
61,0,0,0,0,0,1,0,218.7502457773266,138.9537202273795,95.29408360032326,26.081579085754424,74.85206162117615,71.29643879996402,0
60,1,0,0,0,0,1,0,212.7362481551801,169.56910777737414,78.51953747332982,32.791905244872254,88.4257731808669,80.1315111043995,0
57,0,1,11,0,0,0,0,261.83303347112326,112.17025726228027,54.947707922746304,30.71048482058739,88.04401064135793,83.83520121565535,0
49,1,0,0,0,0,1,0,243.0448791881423,174.056605480071,84.24061072921884,23.29446916357656,79.89019373784888,56.75013636034666,0
58,1,0,0,0,0,0,0,269.27769679033395,158.38894391595332,84.16750923286097,20.46306801670256,75.85158978713454,92.15823776575137,0
45,0,0,0,0,0,1,0,213.6969566058422,162.12577408671086,85.73423796045225,26.265872181073938,54.8507095692475,105.51802475878637,0
49,0,1,10,0,0,0,0,296.3658902298829,138.78551238045122,95.28374917561241,23.411163214059084,54.432534754854075,78.6906216269895,0
47,0,1,21,0,0,1,0,232.94931684143071,157.76485506121767,58.57044096048032,32.276846998356724,75.9829309607702,89.81655125010215,0
52,0,1,15,1,0,1,0,266.56000428616005,109.80571178608622,79.13820034800807,24.787877396142246,85.49560933753986,114.16735830611806,0
71,1,1,15,0,0,0,0,288.5978859526094,117.30303402733274,70.92810630398138,24.568343770073028,90.98095268347404,72.6815068795322,1
36,1,1,16,0,0,1,0,285.0654698817786,148.84790390624863,67.50363534257818,20.076816310978224,64.32313499551654,90.28609494542108,0
57,1,1,14,0,0,0,0,251.87644996967904,138.50859121492397,81.13241200524529,27.518789753627054,56.889136876304654,68.8943193615975,0
38,1,0,0,0,0,0,0,272.051263880832,128.73565631304908,90.4218643633681,20.985688644017987,86.19550983473499,68.26655512140347,0
47,0,0,0,0,0,0,0,312.6330692147806,85.0,85.61135925830992,27.61399134281093,65.22369879481968,89.8635450138741,0
61,0,1,19,0,0,1,0,258.5984542948866,122.41957094316024,73.74973093005087,28.17837607864181,56.075180787926215,87.55150004820561,0
52,1,0,0,0,0,0,0,203.8955583092905,106.17081683343815,80.25434080547538,22.726332040905106,69.0758621025708,94.76660630913705,0
42,0,0,0,0,0,0,0,261.65423216241095,142.85775484885306,93.15875733555539,29.721977717172624,68.86681239930905,83.75165124136234,0
45,1,1,15,0,0,1,0,234.35962640713802,127.79429237152081,90.19755094072028,24.673010698905923,90.84205291568816,92.69828479788056,0
57,0,0,0,0,0,1,0,132.68795008620884,118.17738802833689,75.36675984128044,19.7679008467927,85.38760697617842,120.30693635764149,0
45,0,1,12,0,0,1,0,256.3279130429361,190.1440306177347,74.59004349203227,32.13567809528614,66.15135476684003,106.37793932202828,0
53,1,1,21,0,0,0,0,241.1326286006867,154.83983848727317,61.40219007281203,22.013770646295292,91.77545211067252,89.78277907112323,0
52,0,0,0,0,0,0,0,286.8823819458873,155.2291871098333,76.84706399701163,27.87898921919257,76.50031029497224,93.61286096174342,0
46,1,1,17,0,0,0,0,202.99587907051452,180.4487331830078,61.1705328347378,27.545757343593703,87.73002762352912,75.12525368940334,0
70,1,0,0,0,0,0,0,169.74877485531047,149.64821921902842,106.80483624863338,27.395657163089815,90.92614209746654,78.33865090382763,0
57,1,0,0,0,0,0,0,243.4219578140624,115.03901179159695,71.73858211759948,27.324633855313557,71.84888519916566,93.32660140544371,0
34,1,1,11,0,0,0,0,252.72780505463965,112.4662802627818,95.30777026375861,21.822230690103993,81.8558348895242,84.01595516846476,0
53,1,1,10,0,0,1,0,240.12864959696503,153.22786069259317,103.8172744947039,32.73453336616116,70.11889842679899,100.23942955332494,0
46,1,1,27,0,0,0,0,236.91118208215775,86.69420584494611,84.59441690233587,29.72062151582262,86.16122714303121,111.14267907925858,0
59,0,0,0,0,0,0,0,188.97601401492165,130.28884811778954,80.79982892335713,27.74773259812664,76.08330172564467,79.65938289714342,0
45,0,1,16,0,0,0,0,229.8876459731034,85.0,66.13161692733901,20.334797434385923,86.52386662878835,40.0,0
51,1,0,0,0,0,0,0,220.67014350180574,134.17455718456912,75.94479854021469,21.788691709812724,93.29707996582155,128.78634529318407,0
56,0,1,17,0,0,0,0,283.19918459376737,150.78954551566298,101.24758057442831,28.49557216942557,81.56678198153966,66.99262803936121,0
59,0,0,0,0,0,0,0,252.69031601734702,138.1471417612799,86.21503155546722,17.584895142043052,73.87848173109778,86.48871917126964,0
41,0,1,11,0,0,1,0,223.76812664321142,152.63840589735315,82.34017848950604,27.18868582575552,74.07806548092003,98.7323225947204,0
49,1,0,0,0,0,0,0,311.8509345626017,175.2261927165181,97.74547851010794,20.342175130718957,45.0,114.4063913933909,0
47,1,0,0,0,0,0,0,224.1680622465396,128.8421543802358,90.3554865814686,22.24106971221059,66.44646816202386,123.53878679711292,0
46,0,0,0,0,0,1,0,260.5426158509912,193.7683172321354,80.22552222664285,20.014622808562855,86.1908822440241,73.63091783134843,0
67,1,1,17,0,0,1,0,228.65546132207157,136.6787390357434,84.59507002808317,26.80903630470744,86.63857448417802,109.36286463968733,0
55,1,1,21,0,0,1,0,307.77071066123216,152.8816313791879,72.78321955082431,30.37708195252062,66.18518810279366,86.55353800762188,0
41,1,1,12,0,0,1,0,239.82183013579888,118.55662027956852,75.26751224363696,27.226871847632008,76.97489541286483,145.09368441488465,0
59,1,0,0,0,0,1,0,241.12222602718964,167.624907551875,79.52441644889609,27.677115500581213,72.72880293504615,107.31022865798091,0
70,1,0,0,0,0,0,0,229.8457042140006,154.91762436793783,88.68965274848428,26.488631474235017,83.27522854451152,77.91809596651674,0
60,0,0,0,0,0,1,0,244.64652474405344,164.37192865649595,67.03164432771945,28.59904339456962,101.50337716015078,63.759325204517395,0
39,1,1,14,0,0,0,0,288.779664900508,133.199097279027,82.91488396507275,27.715051018425058,83.5016229360231,40.0,0
47,0,0,0,0,0,0,0,273.21712916612626,104.38081358356763,77.32165407924323,15.0,66.95787054516103,97.51754638724319,0
62,1,1,12,0,0,0,0,237.23535196911152,142.12874367175894,71.18884937840555,29.515857624412742,74.05896566291192,105.19432143378734,0
45,1,1,15,0,0,0,0,310.8583046840928,94.66556410688266,77.38610140610015,29.084723044039695,91.82313903723278,99.14559022119903,0
55,0,1,10,0,0,0,0,274.41136821907304,124.60391232031705,54.14316084339733,24.314517394300534,58.09587690738827,40.0,0
58,0,1,14,0,0,0,0,216.72003075531663,136.2037696059095,72.90893591165946,17.70575241629596,67.6193080141337,53.06574723714228,0
44,1,1,19,1,0,0,0,175.26467243570673,184.2989344352369,68.80615741508853,26.79414350510107,83.51956718408051,93.0589399916261,0
51,0,1,16,0,0,1,1,217.73939272095092,139.0080694627227,78.64100748879083,27.139309296959645,90.53197503846471,123.06704591605819,0
32,1,0,0,0,0,1,0,254.18734625621113,135.06982431982686,54.6425221244328,23.99401772150054,82.30761482728334,80.72226253737783,0
43,0,1,18,0,0,0,0,262.2768163077828,130.61328667122356,84.29071292211363,26.565468869821434,67.71966101739233,107.10491990160871,0
49,0,0,0,0,0,1,0,295.80205806528886,102.47400009516961,92.91307955688237,30.194545057678518,81.4384236159167,58.20864306091457,0
41,1,0,0,0,0,0,0,187.83997709476398,133.88816848028617,80.59244353324121,35.629839045010186,79.97151320083897,86.76394475100345,0
65,1,0,0,0,0,1,0,216.67716530634033,134.263418875009,87.98550248085252,26.40230505895505,79.20986120427504,75.68281698800041,0
39,1,0,0,0,0,0,0,184.18372252552143,110.69061310001823,75.84723332318508,27.169046093548292,73.83511587645191,109.31455789811085,0
48,0,0,0,0,0,0,0,177.0928346905044,105.89159648257598,63.34454651468952,22.422465611739888,75.63593169822752,69.5837643884632,0
53,1,0,0,0,0,0,0,208.37597517805398,121.40544497910987,82.02029585542783,23.74429261149603,64.11000167353491,120.57129172889361,0
64,1,1,12,0,0,0,0,252.13093874893693,133.42852552859924,90.16454052382262,25.242225215476935,104.76245069996992,74.92261287674027,0
39,1,0,0,0,0,0,0,269.9413551351739,121.93380800960792,66.10734249270811,30.62864394510145,76.88399328812628,57.39315108850016,0
61,1,0,0,0,0,0,0,194.2724193086463,108.88074010766653,76.41727268413797,29.15772679971504,81.58214737260973,58.16493169202789,0
52,1,0,0,0,0,0,0,200.39185954696146,138.36398954409472,79.03460318914699,33.71034871043265,72.3850654028599,67.68417595599925,0
43,0,1,5,0,0,0,0,157.6877802857689,143.85507013172304,116.21689174341934,19.690072679793143,85.14372395255342,90.52304854222248,0
55,0,1,18,0,0,0,0,245.43149716418782,134.66854960288916,84.6804543366387,20.372686620339213,59.41880470125438,67.97046057405417,0
53,1,1,19,0,0,1,0,203.7858883132875,119.61438029470747,59.13311705363467,30.318540034467322,54.052733573830025,63.129020360027646,0
46,0,1,14,0,0,0,0,309.1733806413213,145.08650246710968,56.16578917789349,31.740327542889403,74.6343419109101,102.46558518529135,0
52,1,0,0,0,0,0,0,254.03158718458218,127.80817962600642,90.765985963165,25.935825298850823,99.64866330141278,40.0,0
48,0,1,10,0,0,0,0,228.4563872879019,105.84015843840672,111.82038371195836,15.0,89.49985001447753,72.11272236198005,0
52,1,0,0,0,0,1,0,207.7910531880441,154.79737581003076,78.62830618479137,22.751530436215138,65.29864284323472,51.31252260209171,0
57,1,0,0,0,0,0,0,170.2345103114539,139.77717642386278,77.9101648952979,27.1755239738125,81.19304891967712,62.0232479180921,0
65,0,1,16,0,0,1,0,175.81364181440102,129.37561327469373,87.16929011437115,22.112406755031294,67.3681262660333,87.60624824254899,0
41,0,0,0,0,0,0,0,208.62579799882607,97.43685149363606,72.42044309985869,26.559017243444636,80.11700024933162,77.27964916419396,0
70,0,1,15,0,0,0,0,205.2482731909306,115.61307385902535,51.47014455485592,33.5840773403751,81.05272651495245,75.20198281718002,0
35,1,1,20,0,0,0,0,192.03643891477626,176.4084456724244,94.44717267130824,31.647144560339505,86.1177494507776,109.3587042161781,0
50,1,0,0,0,0,0,0,252.59216800746316,98.81647463862467,74.64181445917805,29.11645820601757,56.2120356341087,81.68678232583234,0
57,0,0,0,0,0,0,0,258.6276860662538,126.47031584788277,94.60141438985644,25.535757956763554,59.812944133741766,123.53930809295898,0
54,1,0,0,1,0,0,0,215.82017451872397,131.64061322822036,72.86815851627183,23.771860962608393,74.0931533051405,98.3804108940176,0
46,0,1,18,0,0,0,0,321.146699803674,139.0504893670542,83.46134952952646,28.906780392637643,62.61091997202537,59.765676404756896,0
50,0,1,24,0,0,1,0,159.14390787329194,99.0622394118189,92.25798336986433,25.90411807525093,61.683335160180924,126.48411531655165,0
47,1,0,0,0,0,0,0,238.55921155477958,135.8318776409012,94.84421141286246,26.04478820142672,78.26228855067521,88.39642292329327,0
46,0,0,0,0,0,0,0,226.38247102013128,94.90567982562305,84.79586400977709,19.440015987187792,64.00757322664359,125.05020076251722,0
59,0,1,16,0,0,0,0,211.7691611934407,134.14343351630126,84.19886914958799,22.87042543287384,102.0918826846615,75.87980251024655,0
55,0,1,9,0,0,0,0,205.3028347754254,117.64724578178918,89.43647416214934,28.88262791599894,68.60200815247316,88.26133019038231,0
46,0,0,0,0,0,0,0,235.69376515185624,112.95087612780817,87.57003441272983,21.285625952930793,71.75721498950769,91.93862580247671,0
59,0,0,0,0,0,1,0,226.07677559784395,150.36597749068693,66.50583358994425,26.889399104270076,78.57048648620564,78.13338319299245,0
54,0,1,14,0,0,1,0,218.7574328070474,126.8166626459946,66.7350117483539,27.49126473894297,56.90453542625104,111.25415989849839,0
58,1,0,0,0,0,0,0,178.85633606046753,142.42163770796657,56.69129076374944,27.73064004459148,81.10205414598414,126.44938619559912,0
57,0,0,0,0,0,1,0,164.80308001633804,143.15019205031197,91.19809601007576,28.097083287066525,79.09761179800664,40.0,0
44,0,1,9,0,0,0,0,223.30527509139512,159.93897675701226,77.251242715468,28.37367681787427,70.80833381546759,100.74082262480476,0
47,0,1,20,0,0,0,0,218.30777140215267,105.41832968433746,91.84236694451562,23.24244832262563,78.2871276911554,61.426412373422735,0
58,0,0,0,0,0,0,0,227.33037814781957,152.21834457543466,86.84452688145389,19.78261628898919,80.13939015388763,40.0,0
57,1,0,0,0,0,0,0,231.2206408928616,132.36215569363702,69.97087982114837,22.218504809228264,92.2222885476036,93.89141989867643,0
51,1,0,0,0,0,0,0,213.009896957156,123.68125923186894,80.55733079758265,28.79267690731014,105.00313761576103,93.94329044249722,0
52,0,0,0,0,0,0,0,226.65407335199896,106.71648857781379,76.5421353800309,20.876528965437654,62.261988148383935,97.64292502642334,0
62,1,1,15,0,0,0,0,198.44475444344624,145.34499895394296,74.68931823683725,21.533496212473523,59.43183108070147,90.53364119178107,0
46,1,0,0,0,0,1,0,303.0536156031845,111.71106053065452,92.98344790591938,21.510809596893537,76.23299533569619,102.12558013552453,0
56,1,1,19,0,0,0,0,200.81143348140137,143.39174491349715,112.12892164657207,18.231504735552633,50.05297823184752,68.12987756908238,0
50,0,1,18,0,0,1,0,219.67684878352503,174.4122770052769,95.39444370092258,21.097282098859623,82.79298278190605,88.05669095056312,0
50,0,0,0,0,0,0,0,204.15329327898925,153.55949488790523,81.67652359171116,29.901627344627048,76.35696915687429,98.05782417385709,0
61,0,0,0,0,0,0,0,203.41441223098428,162.61155515331427,97.1140931194735,22.8612649238662,79.40743919113652,113.11799081886565,0
59,1,1,9,0,0,1,1,237.08422893206966,116.1818949010493,102.55483180372964,18.629353558127182,71.35713677856064,83.00844587329908,0
58,0,1,11,0,0,0,0,231.50169476514748,148.78012701490388,65.29155061227644,23.70226019485021,78.06018919162082,77.08270199815728,0
63,1,1,14,1,0,0,0,215.78374282349074,106.82727098699941,96.69825713635036,27.893243585164036,80.66687493172643,80.7295054260937,0
52,0,0,0,0,0,0,0,223.52705637161029,126.8633761433585,91.23618422491846,18.293831663976984,77.4002808679991,54.54735857473996,0
57,0,1,10,0,0,0,1,204.3282037562961,170.30798523682063,96.257428679878,29.708572270040648,58.858816614449495,99.70135857158972,0
49,1,1,14,0,0,0,0,253.67592805995105,118.62747145861735,91.7594494722028,19.891978657027778,77.06406992641826,48.48171114363743,0
54,0,1,10,0,0,0,0,326.42848067399143,156.44983605180806,79.26725190959031,24.178517080154588,97.24757623259802,90.99217436985934,0
50,0,0,0,0,0,1,0,197.5069838017384,154.34422812599374,106.3944477301932,24.12611304901797,77.89070470175835,83.94520711196745,0
52,1,1,16,0,0,0,0,253.3343818443226,155.64430750485843,86.07518330298579,23.498095562302343,76.64466735321797,46.327630995403794,0
57,1,1,19,0,0,0,0,237.97775410891126,104.125956525332,76.78807575166896,25.534313036225758,93.7204518946899,47.63923966016869,0
45,1,0,0,0,0,0,0,265.41970935783394,143.55442125234495,88.07173618048449,28.992097451304463,66.05261330682153,62.36509612146547,0
69,1,0,0,0,0,0,0,266.65889026182714,128.554831549829,93.66875082073433,25.632713516656846,85.67613168104126,74.0893345176088,0
43,1,0,0,0,0,0,0,245.03815867762106,155.94693086564047,83.13713291034395,23.316737993617622,68.63811176337391,116.05102347798253,0
41,1,0,0,0,0,0,0,234.24789465093562,95.58999120600942,86.71763660226671,27.675129607519672,88.03900012014164,79.45309117443762,0
61,0,0,0,0,0,0,0,216.88419121546835,140.09133355944326,83.06040498524382,26.649781287352276,84.57657785361076,94.56919952045406,0
58,0,1,11,0,0,1,0,202.34174446322004,136.98025446248147,74.07909120279228,23.055035404300014,70.05265364007336,111.13192367739643,0
57,0,0,0,0,0,0,0,231.73879091812148,88.21743178052343,72.13810649646675,25.973435830545903,71.8084664840047,106.68284769650974,0
57,0,0,0,0,0,1,0,179.47809141762207,112.5207521659105,65.16620456114096,22.715395736848883,86.73373849701873,81.83762660397511,0
51,1,1,14,0,0,0,0,209.8703364348314,91.73665131142928,100.21624040856094,22.250471213572535,52.73458918532019,65.77291866242545,0
44,1,0,0,0,0,0,0,284.701559476793,116.02018335769606,79.31899302244406,29.103784978014613,69.69685068126363,93.47365487297012,0
52,1,0,0,0,0,0,0,240.33453772750642,144.08277586263324,50.0,27.632531106933538,82.4450098034942,66.23184817365313,0
46,0,1,15,0,0,1,0,275.2772344331642,136.29804266426936,86.75839695135411,28.958556504469847,71.30271874326017,123.74050700801708,0
60,1,1,20,0,0,0,0,300.66433101297065,135.72680177305807,86.50992525408763,28.404026854721195,76.61836056248309,101.9593654870105,1
50,0,1,16,0,0,1,0,228.21070393974804,109.12554160350959,59.601187806035256,22.162401037878386,50.50618865207513,86.80001499392446,0
44,1,1,17,0,0,1,0,245.12233670452022,156.6499108132317,72.01124550000085,29.905255913273848,64.74626285196544,93.79145061942336,0
49,1,0,0,0,0,1,0,222.71878065727876,131.5859670760505,71.48453158526885,24.579810847844122,83.1534320658217,86.10058925881275,0
55,0,1,11,0,0,0,0,200.24534653907332,132.7414838696652,73.09278771049269,29.609793075395586,65.98791147522704,73.52841851198666,0
47,0,0,0,0,0,1,0,194.0693965893742,152.68879051681486,96.55331034044283,25.287021899117686,59.370483470135845,93.46802834951043,0
45,0,1,11,0,0,1,0,273.0986163942456,110.19039355076416,80.21346942319796,27.083968660305224,87.73930239545516,76.41348629270469,0
54,1,0,0,0,0,0,0,245.1796003413685,137.02805093718231,76.87318138220618,27.207234508682774,81.18820864883644,126.54383394606381,0
54,1,1,14,0,0,1,1,317.2505351715663,141.31617481523125,95.46867930664712,29.134121579665997,61.93759976619491,66.0678217938246,0
47,1,1,14,0,0,1,0,278.7702885686512,119.99750069353534,87.94417294220446,19.09836090386363,76.66204613318519,93.70234078105456,0
47,0,1,19,0,0,0,0,203.8266284603998,146.35221437671507,61.10826090428141,19.33676937789135,62.32862646329656,63.99729066021392,0
53,0,0,0,0,0,0,1,272.97505592997794,142.49670975385047,74.60051632998517,28.55401454691892,73.17049131749262,63.757224928732285,0
39,1,0,0,0,0,0,0,222.57667627950076,129.77411232989664,85.86354504560735,27.26108610647279,77.11185827430553,40.91993312380261,0
40,1,1,20,0,0,0,0,289.5418272016761,129.09268041703305,70.7933183918556,22.619861042426653,65.29804320959525,91.46392740978129,0
45,0,1,18,0,0,0,0,214.6013094013071,143.5180484731687,106.35465746105358,27.29366652696864,83.90799520230287,69.75328404595905,0
50,0,0,0,0,0,0,0,189.6932577493224,149.3463628802902,83.354545163831,20.027363138574007,85.76822042785987,106.91795893277533,0
54,1,1,9,0,0,0,0,200.98677660929798,133.3837981829461,72.9594839250697,39.183586994562944,78.16278629879828,91.50579403018764,0
64,0,1,16,0,0,0,0,203.2347442937438,156.64416812895064,68.52467627996741,31.177442685994567,79.96778581848481,85.40916713467391,0
59,0,0,0,0,0,1,0,199.02892235677876,146.48757117347284,93.13033105642843,28.35144097737228,57.566053939575085,49.55852819836233,0
50,0,1,16,0,0,0,0,210.8052358733753,92.65379310601007,74.22565675607252,26.110084519777697,91.34624672212233,95.4528220119625,0
51,0,1,27,0,0,1,0,273.6944422943105,101.09227265407287,86.55909013950048,23.263215016298282,73.90410014332237,66.77063850585265,0
43,1,0,0,0,0,0,0,315.0259451637121,158.00917481847654,68.1817677175068,20.42823641868192,63.77692361849501,49.044709988518306,0
51,1,0,0,0,0,1,0,177.47166131564583,126.57099110764025,82.84237349829404,25.333327227293363,76.7500297494711,91.90181002916282,0
49,1,1,15,0,1,1,0,291.5945738846586,135.61186810154442,74.36936922539846,22.27498139364999,83.9456399086666,53.05926972794545,0
54,0,1,17,1,0,0,0,214.98103649712513,157.06439138850118,78.21526703829936,22.514088420521695,81.14819480464763,40.0,0
44,0,0,0,0,0,0,0,251.3068313728983,131.8589532178195,72.44463039537452,19.991297776924373,61.983715622538824,111.83409246047299,0
56,0,1,11,0,0,0,0,163.21757465477492,132.81988741096566,94.30751533369924,26.82361851291753,84.09165467420998,69.10316393431201,0
65,0,1,13,0,0,1,0,259.0575407631737,112.88795687858196,76.10795229850808,24.254326626126137,74.27209101840972,41.87677465535582,0
51,1,1,18,0,0,1,0,147.76625454009326,140.13987915900546,80.27851366096357,27.993793456786065,81.01445018860946,59.86038835444263,0
55,0,0,0,0,0,0,0,249.81314318164726,144.90326881727012,80.85829263041506,27.674105053984633,65.3813819930244,65.41581326735142,0
57,0,1,18,0,0,0,0,247.3192660692908,119.28659958593717,101.34724145960354,26.740804983326615,87.55093907263982,108.31722767676148,0
48,0,0,0,1,0,0,0,244.40433590900057,111.71552967727092,92.6837030486968,36.703705058022145,77.19258631517786,43.751741518099315,0
53,0,0,0,0,0,0,0,203.6639533721511,189.77836361429502,91.48816909933551,29.177192605618732,89.26587976965875,51.20515551976554,0
52,0,0,0,0,0,1,0,260.17917367490435,129.95601366333779,63.06536052368438,20.631679356335418,56.58158269372653,104.54926888237188,0
52,0,0,0,0,0,0,0,253.20758641433557,116.95876852859558,74.12329134876953,27.680819436478025,58.18297056461984,71.65614570169421,0
45,1,1,14,1,0,1,0,226.76207751979072,147.54490179642977,96.26342458994698,25.578523153829195,72.11966584037633,87.242912974261,0
52,0,0,0,0,0,1,0,265.5614135157085,130.88253122498637,67.9488302149402,20.299724659611485,92.61150023967338,70.70871740843933,0
56,0,1,16,0,0,1,0,231.79341755111776,108.11314088823373,83.00816257746075,19.971305191685772,98.5537307720847,128.4731136069057,0
64,1,0,0,0,0,0,0,259.2661949919855,142.6271785763318,69.21686194887053,27.658131960846234,64.33888441110241,52.337011413830886,0
60,1,0,0,0,0,0,0,230.46130959466004,113.23133868033199,70.42111293508712,28.659944893002116,75.63656437933767,88.48866034739957,0
70,1,1,13,0,0,0,0,245.5348876088198,166.68207604742395,102.16942783437045,21.510345482769445,76.86182370336786,116.56800150692055,0
45,1,1,17,0,0,1,0,261.28780940731156,142.87910185455286,90.63124769891667,29.777684918098043,83.61789135645665,73.37532176371488,0
59,0,0,0,0,0,0,0,218.49184676080645,125.90863066042616,93.79768273353505,26.968149026942662,85.61955199694985,64.66319672558866,0
53,0,0,0,0,0,0,0,181.7111902048154,134.40563439648648,91.40489776196534,30.70302254346433,61.62722168505998,99.64336970879425,0
70,0,0,0,0,0,1,0,248.1474762441188,151.87233866416025,80.32853965324597,30.267443633190897,75.77512032260846,105.09349063635668,0
45,1,0,0,0,0,0,0,288.3332206589689,136.09114757833757,73.70083950515323,25.150408646847733,50.89778491476096,63.60221524520004,0
44,1,1,14,0,0,0,0,249.16264281012764,178.68640805913807,77.17491688699008,32.50595889341859,84.72949539648485,115.63052165982506,0
46,0,1,11,0,0,0,0,249.9982618466404,156.98908536070155,79.69808254735904,21.19112403050609,70.93656158011156,83.17808511940143,0
33,0,0,0,0,0,0,0,234.14425131414782,142.72736208634467,103.315432831935,35.60020747029785,60.535415048375256,93.70150981095014,0
47,1,1,19,0,0,0,0,268.5212207220208,111.38631078281335,65.96372282764564,22.196978710007834,78.99056171948175,116.23046738240879,0
45,0,1,25,0,0,0,0,227.81884168993076,128.7684617141562,75.35606261657446,25.60318880012151,70.56156908393405,99.68194519313317,0
53,1,0,0,0,0,1,0,216.02845363041808,142.53524934115396,71.04443960433541,23.47452797568767,90.13753236931468,81.99426896538199,0
54,1,0,0,0,0,1,0,284.63312312649407,113.89704885332095,94.67947837024576,24.25515694969307,64.28901437344543,66.55338155009532,0
67,1,1,11,0,0,0,0,212.656313995122,160.45539124918488,104.24545911206917,37.78657001630725,101.67546240073122,144.29562996569402,0
60,1,1,18,0,0,1,0,275.13672164387697,110.5685384808831,85.70543631791675,23.90284518161458,85.25466651556019,63.85262790477459,0
47,1,0,0,0,0,0,0,284.66116032613917,117.98103464299015,86.69219001812301,29.28954432640098,90.45233295821006,89.31696916154624,0
44,0,0,0,0,0,0,0,260.9399450107307,119.6294179323126,83.09585107650322,24.83484806372569,62.65396558141859,93.72975590945548,0
56,1,0,0,0,0,1,0,181.03363713880418,148.36413813392892,87.2497478713735,29.639856761309765,96.46151252560512,94.81811777822037,1
40,1,1,14,0,0,0,0,237.1948160057899,114.29139992224299,91.27786194829153,23.568945974678932,60.4494306551008,130.94438943384952,0
67,0,1,18,0,0,0,0,227.11200012942084,92.4005154507808,87.10768615464185,26.850141584002603,72.4822596425571,83.09411908704544,0
62,0,0,0,0,0,0,0,214.17603276524622,155.9368543867577,87.98601193933953,28.377663031938244,90.65587952888112,79.81348347513641,0
48,0,1,12,0,0,0,0,242.28106984324282,122.22350172767764,91.3049723619265,22.84057304132043,81.08122887005369,117.70239532497345,0
37,0,1,18,0,0,0,0,269.8450792898921,108.49283209265738,60.66066278493919,37.10667628932492,60.13005699244846,78.8746646404661,0
63,1,1,17,0,0,1,0,215.82368295422728,115.39311182954413,82.0241071617487,28.59185827725857,88.62492074211183,102.14855977443935,0
51,1,0,0,0,0,0,0,228.45916233195834,169.76878048205572,85.66250850501422,24.87351908647876,79.07945343291046,86.4709662877227,0
62,0,0,0,0,0,1,0,225.39340691139256,117.54503865999595,86.9937781662315,22.94133848091216,70.0055971673408,103.18242307161468,0
38,0,1,15,0,0,0,0,287.2103260039497,129.28590168170817,79.94936485859256,26.176064396870625,56.49588892740455,98.68531037299414,0
46,1,0,0,0,0,0,0,224.68757281633418,122.16779602970765,83.92901799756582,20.814408156484774,80.21700635847392,72.72842171375905,0
52,0,1,17,0,0,0,0,181.6861510584832,104.88142404445736,73.3611231438308,33.10741058178476,73.03886636440289,40.0,0
52,0,0,0,0,0,0,0,166.76886708441737,115.6601916305668,60.70186317162724,27.56814046684443,76.87571218496682,43.5000995654839,0
48,1,0,0,0,0,1,0,251.96010092890268,103.37561504585712,93.79764521566788,25.43925712361328,55.9775836779529,40.0,0
57,0,0,0,0,0,0,0,202.53000344502033,153.0293880649757,68.38754076016596,30.08850920286252,69.97611529972384,79.90247711299124,0
42,0,0,0,0,0,0,0,265.4238782319891,134.21933942149911,80.07455364263485,22.841789409847536,80.76365545849814,40.0,0
50,0,1,17,0,0,0,0,177.42632050568622,186.61891076783508,73.01044440517593,21.06056569563521,97.51757533565677,78.32022263138921,0
53,0,0,0,0,0,0,0,212.28786466913326,116.40396405020704,101.04411135851295,25.266454405912178,72.53662052579243,85.07664898263283,0
56,1,0,0,0,0,0,0,177.4549706211135,113.10507458479637,81.04426342589542,26.322928962825323,92.31958870881745,101.69320822573678,0
58,0,0,0,0,0,0,0,255.12287148415263,165.74271490381722,78.2745224454152,27.975403447030356,84.44818105019816,93.60073247118434,0
42,0,0,0,0,0,0,0,264.5492917874846,155.27549470549897,90.97439042471179,19.74726054262787,77.80541959504018,102.74335656877967,0
38,1,0,0,0,0,0,0,250.8995069360104,140.46483047896248,107.87769001129824,23.92910099692115,62.85189859600663,91.51981785741403,0
62,1,1,15,0,0,1,0,188.21880190223092,107.49878666805802,86.86827432469707,15.0,63.35425747762852,74.55854457865647,0
54,0,1,16,0,0,1,0,203.18639525913068,170.38991789001454,77.47096646041797,20.952368399285024,82.4104904484792,79.56239228997624,0
45,0,1,12,0,0,1,0,246.30981549890836,130.41373048505235,90.35912777625629,28.73257228817166,68.68205311073744,62.41218886792218,0
65,1,1,17,0,0,0,0,161.739378042528,122.52514717310922,63.12785117702121,29.740205815156415,67.6156473748068,87.24599015179604,0
52,0,1,19,0,0,0,0,225.39006244693226,157.14511421220215,82.55715112077276,21.11778140521662,72.83267593158848,45.56350234133966,0
62,0,1,23,0,0,0,0,302.74383554677877,131.50950733241794,105.92749185947694,24.46912134879506,73.03403003592969,106.51881544214507,0
52,1,0,0,0,0,0,0,228.0819558360635,106.35525811609858,83.89296876022927,25.90498523602478,85.80921571432424,59.99834060746751,0
69,1,0,0,0,0,0,0,170.50403588259414,132.8866571889688,83.29333187389177,30.220251569252653,68.93402762087747,85.53844239859365,0
66,1,0,0,0,0,0,0,209.27399310225005,114.81032636544319,82.24763848429006,32.06928895271966,84.61488043229178,89.39400171207453,0
49,1,1,16,0,0,0,0,208.24953767018667,85.0,77.25428463488561,26.427637246414392,80.27646160865284,108.74262715205069,0
60,1,1,21,0,0,1,0,330.1735863128087,112.60237577269709,85.77388806837844,24.73147171211285,54.912048151655384,43.33324276362356,0
57,0,1,14,0,0,1,0,309.2898795426114,120.38981744090728,91.30327613992364,19.8808562043274,78.53409195579968,74.51443833323818,0
63,1,0,0,0,0,1,0,268.16115910046943,106.57580759555294,78.01815937011071,26.24308386170035,45.0,94.64650022063984,0
43,0,1,14,0,0,0,0,220.9046590473785,144.65542370650883,52.11097914039015,34.30718225611009,64.25732086017616,122.27722079927895,0
57,0,0,0,0,0,0,0,288.8277050831078,114.8961493387668,87.58741006334505,31.08978945474301,80.55692215874699,81.10696227360776,0
60,1,0,0,0,0,0,0,186.12777588177983,142.52537641835804,107.59751291824125,26.51691901466151,74.8722827968875,68.33004871578191,0
37,1,0,0,0,0,0,0,283.3693138707474,104.86696579989707,77.48486310332643,27.043849015670453,53.78529472846151,128.62074139260113,0
41,0,0,0,0,0,0,0,276.83083564648194,152.00281626381584,64.34603940692077,22.97708291804657,61.570058796317426,100.45889545266009,0
34,1,1,19,0,0,0,0,229.34078767543164,103.91738441333719,90.12895581678976,24.33574392201626,45.0,113.59356525243916,0
49,0,0,0,0,0,0,0,286.12419778743396,85.0,102.92598717020803,26.40515661989583,58.88924091546859,54.18056326290862,0
58,0,0,0,0,0,1,0,216.3222703035906,159.219776873591,88.35248283658282,26.417600795305617,81.9487601918226,93.98596939475105,0
64,0,1,10,0,0,1,0,180.33623368367773,113.17033631791423,102.69640064999813,29.944074724902546,68.31080473709824,57.08351899900008,0
52,1,1,15,0,0,0,0,279.0304605719965,170.652439280387,91.52402254750855,29.744540024239313,77.0393465007187,51.9839879277129,0
65,1,1,19,0,0,0,0,232.24931111786378,144.42102182657754,90.48221182813231,27.93432379886544,75.16373257847395,95.38324145681142,0
40,0,0,0,0,0,1,0,262.4783465451414,149.38579300438758,75.78399180709465,21.70350066938292,75.39099684599503,96.99249017512203,1
37,1,1,15,0,0,0,0,316.11901002861384,155.0003950102536,85.4248826890386,21.85819718315461,87.27758907735662,70.91372588310273,0
51,0,1,20,0,0,0,0,204.22082081456296,134.47894561747952,81.64634851938668,22.1596449718332,72.56507229394771,114.93685625682262,0
55,1,0,0,0,0,0,0,229.69130178704108,134.72921919244786,81.23517135320019,26.765633185747312,85.92802047671887,73.51254500619368,0
51,0,1,9,0,0,0,0,305.0639182014194,160.18948053227479,78.9536184645872,17.49208367549982,45.27187928474997,75.79043668020475,0
34,0,0,0,0,0,0,0,265.4241961576325,134.44988690535817,84.70736160950264,25.77427220289505,88.33711148212856,81.17110817512967,0
51,1,0,0,0,0,1,0,205.20955925499777,115.98010937047458,66.44386019035929,31.57543513746196,59.51906289468267,76.41231613699698,0
40,0,1,13,0,0,0,0,193.97922104426294,144.88668832356893,91.74062079137889,28.533986742190624,62.12472332306014,111.37702892906414,0
57,0,1,18,0,0,0,0,212.7644518354528,85.49984488353104,71.46705648663765,24.362016795122287,66.54459012610494,58.04082328386676,0
55,1,0,0,0,0,0,0,203.50975298867337,161.0302936343247,78.9967452999435,22.937152803625903,88.00626264997724,64.65010661244024,0
44,1,1,16,0,0,1,0,246.44331725753935,161.489660991232,85.96671871642198,29.103432667584396,64.32840181026411,54.59762642182599,0
47,0,1,20,0,0,0,0,239.4511183166944,158.35966669870774,70.87271897925386,27.05482700081432,67.12933464916375,125.32089267889228,0
42,0,1,11,0,0,0,0,248.28646118811545,157.5149831723093,58.402443252336965,24.789626944410763,63.459747383690654,74.53605563219405,0
51,0,0,0,0,0,0,0,199.0042367313696,130.1481428424953,77.40343986762991,23.38497339648482,78.06473761031326,64.32411895946534,0
60,0,1,21,0,0,0,0,232.88330806888877,129.6529875411535,64.82683008899559,26.113170257717826,83.92330001865201,75.39192317907438,0
43,0,0,0,0,0,0,0,145.54920994592646,104.94791802504116,90.54773119204565,24.557549267653346,95.45189418912757,101.52829032857537,0
56,1,1,13,0,0,0,0,242.3802779639001,170.45690753764305,68.15795712949449,29.015956236658532,103.79780999744125,97.26660585560712,0
47,1,0,0,0,0,1,0,287.71938837805806,121.32960019342188,99.82186676450995,30.88879329351274,82.80216903825563,68.77088403505415,0
45,0,0,0,0,0,1,0,173.31117998876806,139.47747681454138,81.9304853291773,20.194275705844866,79.38785024243242,72.8095180120064,0
51,0,1,11,0,0,0,0,257.27084214848827,137.58899622500513,82.71009033513076,20.774139752631758,60.39192321470146,48.524179624879835,0
43,0,0,0,0,0,0,0,209.11536852253522,102.51077800470856,58.23242405746403,31.3270303693598,97.91163784477172,85.1906363866555,0
47,0,0,0,0,0,0,0,271.31005076250824,93.61714946928947,83.73835154620627,26.479857664922218,77.58483731200735,111.49330102696706,0
41,1,0,0,0,0,1,0,242.98048785334026,132.12290565908165,81.03784099752096,21.16023238916575,71.53122189710837,68.61912527380443,0
68,0,1,15,0,0,0,0,253.8069809570594,122.01736541254681,66.41093158089437,29.831331587308632,79.65038122864264,96.62369969934933,0
52,0,0,0,0,0,1,0,238.85225154523937,130.03238909664663,83.0472200655617,27.200908909544214,67.36379127126142,68.61140112693009,0
46,1,1,10,0,0,1,0,294.4465994809115,155.4391438644711,77.22492387031092,34.83330762389206,46.94794122850375,56.800071874739345,0
53,0,0,0,0,0,1,0,251.28606101858452,136.9487713118145,79.39854618525568,24.83526312321128,81.86163505120322,97.64643546427288,0
51,1,0,0,0,0,1,0,204.96135658389215,148.6874958968241,82.31058114632856,30.345686387981722,91.10968622320684,135.9959359145275,0
50,0,0,0,0,0,1,0,240.34346230212415,141.7972195678627,76.34254944210159,19.859778799555684,81.68307162241136,94.49874301361534,0
57,1,0,0,0,0,0,0,219.76923410949382,125.0406477487237,84.95747952338641,31.523712955670646,74.91505043998015,72.4813077022213,0
58,1,0,0,0,0,0,0,243.1455958868619,109.9603303217526,80.96133421178844,29.671056238665734,75.15926102869632,73.96458292268824,0
47,1,0,0,0,0,0,0,217.53013265586026,137.8237930984963,87.6732216206389,32.377824478554466,77.06735697259543,125.91126395692794,0
47,1,1,20,0,0,0,0,206.22032763596215,133.84563762561402,75.6559048723361,30.353379301785814,76.69985065306301,89.06054045623152,0
49,0,1,13,0,0,0,0,244.7679773609316,152.13343942510443,69.22096296479249,25.393902437909723,74.27158419023334,64.3839315257409,0
32,0,0,0,0,0,0,0,238.45474365912835,128.68019846610517,73.49357765874234,20.99838108744888,75.3041145536262,80.56882354241911,0
39,1,0,0,0,0,0,0,282.8140571820173,125.4584860074585,99.31188122622135,23.331583108507445,93.66015288528557,86.94823064581561,0
63,1,1,17,0,0,0,0,217.74194131815622,126.95101355680481,93.47159831448096,18.57928341248771,80.6672785721584,92.79191513678488,0
65,0,0,0,0,0,0,0,148.8424307102065,111.78801402988019,96.56054959118931,22.02431397214679,76.26176380829477,116.77689272416274,0
49,0,0,0,0,0,0,0,219.98968486761424,163.83201878605007,97.39256749804264,27.546031531754572,82.910722755551,111.34566536420137,0
56,0,1,22,0,0,0,0,164.4370466076706,157.07183260154676,76.40418331392158,25.604213196816737,82.91158784139893,86.55949185904039,0
54,0,1,12,0,0,0,0,254.28956686024935,105.31334376292297,85.54974322490155,24.883280425457894,86.3519755532383,81.04561011420468,0
75,0,1,15,0,0,1,0,162.34849115265337,149.6868591233961,82.91006803417555,22.54827804461526,65.91706305800568,91.10767208368152,0
61,1,0,0,0,0,0,0,192.51167325377952,91.40988859348796,89.91446230709707,18.53316405548103,69.23366512622653,68.01062967690797,0
50,0,0,0,0,0,0,0,220.05728383590602,153.6763631284425,78.5299810572284,26.546540764272724,65.23731054966898,104.54021490382382,0
43,0,1,15,0,0,0,0,303.9338266094904,116.68029007563113,83.11568988509205,27.35455678912144,84.2006750819243,77.32014863226239,0
38,1,0,0,0,0,0,0,188.79283490854363,139.91781226892152,82.86725773143623,21.734589403808467,83.6144516928843,93.29073010969267,0
53,1,0,0,0,0,0,0,236.5458192584498,89.55078683008321,88.38714879898838,23.61289489232875,59.72108552973154,121.40483211818807,0
45,1,1,17,0,0,1,0,261.5189693861194,105.6285069030851,89.86860665285919,32.12274716176666,79.69005375384387,94.71454882211839,0
39,1,0,0,0,0,0,0,301.2986643417107,142.311465279487,83.1240523880824,30.5539416096519,91.46680641441448,87.3061728185907,0
46,0,1,14,0,0,0,0,270.222969075742,116.58001996557883,83.4878894087897,19.713859296911302,72.17600833530616,70.10008848543845,0
42,1,1,10,0,0,0,0,284.13190587182845,113.52081685181163,84.71077624898446,25.452990812353903,78.76767928711566,80.20429667714394,0
66,0,1,19,0,0,0,0,274.0295105894678,162.70895734394614,101.75861704747652,31.765318297726232,83.76582843389309,55.87083624830745,0
59,0,0,0,0,0,1,0,182.79858925856988,180.64110264800325,61.24002650419682,24.91267391103917,59.15330112721536,94.26360337540076,0
51,1,0,0,0,0,0,0,251.82645258995007,152.61430661002862,70.3638440653863,24.69733292753063,76.82385790789323,40.0,0
64,1,0,0,0,0,1,0,273.3410818955778,107.9786274218286,90.0841551573513,30.280224269646617,90.26539427689765,104.27335100697594,0
52,0,0,0,0,0,0,0,193.9139872543431,170.79742532198938,85.2374127860691,29.846983901528386,67.88149419883023,98.82872186427409,0
44,0,1,22,0,0,1,0,210.490565424143,97.6484902877356,85.15299460181052,29.63474371606046,84.98959370710594,84.25818428680361,0
64,0,0,0,0,0,0,0,200.65953901440952,125.30118801034283,90.00994598456028,24.725862528386067,75.32593928566943,69.74061143308194,0
56,0,0,0,0,0,0,0,269.9954113825935,133.20511087372222,84.56791471748515,28.517840866727692,66.90594429439591,81.62602178594364,0
43,0,0,0,0,0,1,0,232.9516307055182,174.32883256445245,75.28861025860931,31.928456607216404,73.84189739022702,41.19730938497104,0
50,1,1,11,0,0,0,0,221.88278064925572,152.07850102613796,89.5457096812991,25.595517836278834,68.68646491096521,100.94741387508238,0
44,0,0,0,0,0,0,0,179.60652366726853,121.79733071441056,82.25064595598893,24.14602055261395,64.34023149884561,78.23203559701021,0
40,1,0,0,0,0,0,0,233.03465285947314,111.21096204284551,76.62907385332537,30.843297820267505,71.9478627305627,116.85031702419556,0
59,1,0,0,0,0,0,0,211.02611238067104,154.0482383836716,90.28432749493494,34.1863031918782,75.82111574863346,91.01577655786453,0
68,1,1,15,0,0,0,0,246.70694087162315,120.26610294115218,89.812406299384,34.47152002261987,73.00734740941358,87.32297671758008,0
40,1,0,0,0,0,0,0,185.70944325960016,136.76828193302944,84.57719789920951,24.264502850922703,71.81551702645392,91.2218071764856,0
56,0,1,13,0,0,0,0,243.82787541827284,101.86491723629945,102.60542984793469,24.676434977062744,77.7119505955872,59.56325651508808,0
46,0,1,14,0,0,0,0,216.6861660980519,144.5236728149324,97.92192081724342,21.580434434140148,81.37687169977258,71.62714105792547,0
47,1,0,0,0,0,0,0,181.03093526765355,142.75129320644453,94.02228632864562,26.284014530100674,61.27085720592312,85.05782547304534,0
46,1,1,14,0,0,0,0,177.59950233336156,104.68435864352023,112.79638687370496,21.39611238102418,71.97124956743271,75.04102186544208,0
44,1,0,0,0,0,1,0,184.21110292700146,154.69570848317608,80.2424391760274,23.640802888999275,51.31750908007381,68.740213145003,0
52,0,1,21,0,0,0,0,226.91844147261614,144.2044077813412,76.42239604820688,28.6746321724658,73.05379969158956,75.50488463314782,0
44,1,1,14,0,0,1,0,241.32379911199402,148.28053356116214,92.3243571916403,27.398907381571526,76.80634855285946,83.01498805403598,0
54,0,0,0,0,0,0,0,247.87223982459597,123.66906875949712,78.96838842406862,18.37604264881519,81.83736014598524,135.33107214265377,0
51,1,0,0,0,0,0,0,249.5323283800517,135.93704104830172,82.14313258777388,32.23819842292498,76.84925767795565,74.5159988347729,0
49,1,0,0,0,0,0,0,202.62497651691518,133.39433511503714,70.16896041099633,21.34331604267788,81.57810772865098,66.41912198867229,0
44,0,1,18,0,0,0,0,282.5697279561877,128.74025109540693,89.27991349255753,21.860170912096088,75.78269978003134,78.48723318575678,0
47,1,0,0,0,0,0,0,216.54207685564126,135.7510721196486,64.34791305354868,20.72041917776576,66.89377946181031,116.53668266547962,0
58,0,1,19,0,0,0,0,255.80658944262822,159.6417454235204,80.84274134608756,23.088738311887564,61.608777979323605,118.18110956322371,0
56,0,0,0,0,0,0,0,228.77716092627207,155.64891405148637,81.81573114981092,22.12309384747011,71.84396751253765,126.82925574082475,0
43,0,1,17,0,0,1,0,252.52733419493381,105.99906509568515,76.76753389096203,22.223022891125503,65.80468555911652,83.40243657421117,0
52,1,0,0,0,0,1,0,226.5695650896238,153.67883997195267,60.913422896062,15.696484587901079,73.56337062442836,96.75662220074199,0
58,1,1,22,0,0,0,0,253.31993456928092,158.20515420045678,60.824426874706596,26.332702307420636,69.09747595815085,57.84943708197196,0
37,1,0,0,0,0,0,0,235.67488972526576,128.67409118624795,73.0459311199384,26.751467188043797,80.02897215076858,73.87086221894762,0
56,0,1,18,0,0,0,0,271.8089851086303,143.18583628355108,88.46860394514476,35.00206762535806,75.58746029348681,56.3530501214003,0
46,1,0,0,0,0,0,0,199.97785809870726,142.8680366806664,85.46709833730333,27.793998090428797,80.36993203508698,92.88495141376671,0
56,1,0,0,0,0,0,0,158.12478122081455,113.30073443316537,81.80277569402631,23.763985019155605,80.30861667929473,82.88349354598503,0
45,0,0,0,0,0,0,0,193.17227354489975,123.59696167437679,71.38493816779027,20.877068588258975,72.84392347540285,87.20236217874945,0
36,1,1,18,1,0,1,0,283.03241027047346,148.51782525473536,86.0935866551333,25.405266514823026,73.57996386094415,62.53715117555102,0
38,0,0,0,0,0,0,0,229.19941192493945,121.09191078970808,60.41164866353298,27.639763846509496,81.01925385985633,101.5658084678621,0
52,1,1,16,0,0,0,0,240.05074100404875,153.46099030377076,53.241406211536265,23.736270660791916,104.35126716808949,40.0,0
54,0,0,0,0,0,1,0,189.63998898195896,160.70939369869475,79.08314138541995,26.050165708029148,63.130426236773005,76.20335181014097,0
44,0,1,11,0,0,0,0,238.88436390661226,157.16078052357037,75.44738343883566,33.579151785641166,75.50101785587351,79.547174448125,0
57,0,1,15,0,0,0,0,190.99624366080135,175.55570126972805,94.1580555717695,24.22514847913943,60.65149983331152,40.0,0
37,1,1,13,0,0,1,0,197.46562389767877,130.00388978959552,83.89580533327401,18.064220225350795,74.74905180530506,90.83495316245268,0
51,0,0,0,0,0,0,0,218.29071795574927,135.89842362731937,101.80882371999822,29.381295828304882,66.91126915614751,78.0149251456,0
41,0,0,0,0,0,0,0,255.5842793450544,139.05458705077808,75.42141917565448,27.08871792784172,73.56112306737407,94.90568860367584,0
46,1,0,0,0,0,0,0,260.28129354827047,130.67124565020376,87.84126749826594,18.793132753842556,76.8637240073743,127.99605769729631,0
52,1,0,0,0,0,0,0,261.4779755092648,143.92793743023617,78.97267444701244,27.55333907683281,69.12730665091246,89.46634910775634,0
44,0,1,19,0,0,1,0,166.12429893804756,94.35351136173625,98.58063668957365,21.70875944853524,53.59489588575141,104.37121000326228,0
48,0,1,13,0,0,0,0,235.7067619828285,136.50791855123543,79.55139463451104,27.609421849694066,92.10642812583367,113.76192106811467,0
60,0,1,7,0,0,0,0,227.3415993311596,101.69639370257629,92.25288136174917,33.61978038773759,85.07132375759171,93.31662321439828,0
47,0,0,0,0,0,0,0,168.58397369241595,110.82228789263328,69.06857242571007,25.074425729192793,73.43328925306962,62.084861606842324,0
59,1,1,23,0,0,1,0,236.70328573577675,148.1235758426581,77.01744828241547,30.241411916049593,64.26320402147326,44.27615138144133,0
42,1,0,0,0,0,0,0,224.9812024327825,127.61944275412156,80.9914790568704,20.763201996805254,76.02029508339633,90.6106962885937,1
56,1,1,17,0,0,0,1,258.50712957318706,147.34751844374773,97.16101047955361,19.57038150001551,79.3318659004969,72.79407008244019,0
64,0,0,0,0,0,1,0,239.5748713545513,127.14291472077514,55.63375670790353,34.07121893682225,84.2401417891153,111.52282455450846,0
32,1,0,0,0,0,1,0,211.82989666753687,156.34093896060543,78.00826664265065,27.062041555580983,85.34666597280943,71.07216729748802,0
45,1,0,0,0,0,0,0,276.733547820107,126.74022447633132,77.6022384828724,28.410346758761484,87.60811566374215,81.67093759467078,0
56,1,1,16,0,0,0,0,138.26572596589455,88.99179322961129,57.07631773126744,30.523291441666046,54.10968372606025,55.34275397644052,0
50,1,1,11,0,0,0,0,233.17233434909716,136.95863680424796,76.43157087103822,23.635959279828374,71.34428143174627,74.0918485522378,0
55,1,0,0,0,0,0,0,158.4169589923548,85.0,63.51199442570447,29.182977075026937,86.91720984733954,60.31479499767801,0
46,1,0,0,0,0,0,0,195.86349606693074,100.04014014428704,54.03203826355129,28.561531065466152,63.91641956834442,62.4148779322075,0
52,0,0,0,0,0,0,0,259.0918029324114,112.57517636203146,78.85224605805612,20.491300234792305,89.63121092618007,80.78527230020968,0
50,1,1,16,0,0,0,0,179.93531086060466,109.83039148905587,78.4462585503537,32.003239776792014,96.7245313816593,68.04088674750002,0
61,0,0,0,0,0,0,0,173.35641597702687,120.00888230284173,79.060557004488,31.158128115516085,89.29505183350993,142.47247864895348,0
54,1,1,10,0,0,1,0,340.80557927028747,109.07450788231567,85.03429895078023,20.536759319945315,82.93908488523857,101.22556547622806,0
54,0,1,17,0,0,0,0,176.19128173751275,101.0690414011152,71.44723812143562,26.62117440999336,69.62992527164582,106.94671799392097,0
48,1,1,19,0,0,0,0,308.6229197358708,165.92038638649703,103.49027216135104,24.85257307865693,78.37961764497446,79.44946106350439,0
47,1,0,0,0,0,1,0,228.42310475851255,117.08081997937829,81.60047190242196,31.615060626696344,58.84686421535252,84.43230010969634,0
48,0,1,14,0,1,0,0,212.90751865668508,85.0,97.43716555673781,20.0164907749137,65.62667202489892,72.11936224990043,0
55,0,1,8,0,0,0,0,260.938601185881,124.05979579379634,61.84120910213546,40.56990159926317,66.47035820986235,142.360760710703,0
48,1,0,0,0,0,0,0,294.81013932395797,107.25591672339382,71.9856441988975,25.084614905575314,75.74367088759136,79.49613217218153,0
54,1,1,12,0,0,0,0,185.57301054723354,112.53071219955811,90.23577766053076,28.82762518134288,70.2938728148605,68.11372701759836,0
69,0,1,19,0,0,0,0,213.54900925194465,147.62753458975467,79.2812286918648,31.488743161211495,78.13919947944078,64.65790292508112,0
59,0,0,0,0,0,0,0,273.2622683261071,122.14053238672521,69.1218473515244,24.99640269300241,85.5339218985271,89.71305061978435,0
49,1,0,0,0,0,0,0,248.671749746788,106.64287477320653,59.93644121627102,25.328738269059357,66.48326948554487,114.68350698304778,0
62,0,0,0,0,0,0,0,284.4843845482208,141.8175772190594,90.79844406688437,23.738393335343627,76.78321311524462,107.00006862033939,0
48,0,1,14,0,0,0,0,258.66492599499827,157.29869827339988,89.81922705938626,22.169590932862416,70.00837212218477,64.60451608598115,0
34,0,0,0,0,0,0,0,315.5618564025625,143.81118757807658,84.91984829703074,26.914622505950156,77.28194992388617,64.03830299721548,0
43,0,1,11,0,0,0,0,243.8578983486806,85.0,76.049125710569,25.245406611282686,83.23407117854183,110.66417570580862,0
36,0,1,11,0,0,0,0,245.7596905265623,107.47023094726569,68.64291966844235,23.711565786865467,86.05482949010654,130.33177159282397,0
49,0,1,15,0,0,1,0,250.15574036869515,133.04386767399652,81.36422152123957,23.951047813061823,83.04364943151646,78.66494232387163,0
52,0,0,0,0,0,0,0,229.73049052403144,126.62541308419166,66.2161767562552,28.162557160961885,79.96782754714792,109.75233839239384,0
66,0,1,16,0,0,0,0,273.3158349872407,124.79994661333768,72.98099103322491,22.52998952966277,57.95744072376564,48.279973570525,0
54,0,0,0,0,0,1,0,246.42981384997316,110.37935275750165,97.13500697679459,24.78744444959186,62.02480884544933,62.59893647762534,0
50,0,0,0,0,0,0,0,270.6799204023863,101.07715017229633,59.789970842422974,29.484536306335336,65.10986064239411,58.77924042039365,0
59,0,1,16,0,0,1,0,277.55799355946306,176.17119779188644,90.13033392280441,26.81362442728413,79.3034424816903,91.48091728840102,0
33,1,0,0,0,0,1,0,254.8520059886544,132.59644096905606,99.93035141738996,21.496807007929704,59.50794105131352,77.88355149311161,0
54,0,1,22,0,0,0,0,258.07551826630464,146.12667935508318,91.79511663259184,25.702128618137422,79.05026793801429,87.47613082759395,0
58,0,0,0,1,0,1,0,191.54548934575251,132.13752581884378,86.77855454111781,27.591788646686176,78.17363108559178,110.03966774355683,1
39,0,0,0,0,0,0,0,211.78444213592786,133.01967137003578,76.43712584594651,29.856015984068595,51.77173073376378,66.97717777232857,0
61,0,0,0,0,0,1,0,273.1088719315922,130.63372520419568,74.24934334679185,22.702947466345908,61.94876613878938,84.16184145209596,0
54,1,1,12,0,0,0,0,298.6397720000146,107.3501911003625,55.02242960724015,23.51002813692535,87.526506898281,51.2275589612848,0
48,1,1,12,0,0,0,0,150.62107007763214,98.68123192324654,82.44408016320777,22.949844046247197,83.36890978073896,108.76707146206277,0
57,1,1,26,0,0,1,0,211.01402152093775,140.4969582223897,77.17311461525088,23.153367182493668,64.7952720336608,107.21751541425363,0
71,1,0,0,0,0,0,0,237.0393065062446,136.13253295996566,73.62358709581711,27.46051933435817,62.5816681750266,90.32342739095427,0
53,1,0,0,0,0,1,0,197.31192366845016,152.64217976611354,81.75902765345184,28.237405432522962,45.59583977905704,84.75853035011035,0
54,0,1,14,0,0,0,0,199.80913565600594,148.17793818612458,82.74843376245586,30.108704320820642,92.65557225265577,70.28959750504674,0
48,0,0,0,0,0,0,0,256.8964744469274,114.21273175950724,74.37331243159535,25.426182872789347,75.49265242117254,49.90236852189671,0
44,0,0,0,0,0,0,0,305.5805426435431,156.91700879628118,101.35696940172144,20.038175885404154,97.6046886641424,89.02746464900702,0
59,0,1,6,0,0,0,0,146.5997635218258,148.8305982933994,90.76723334934908,28.5448276742756,72.69994695633292,99.392618645205,0
44,0,0,0,0,0,0,0,228.49904944480537,147.19851453686138,92.75534270047935,26.452489081471093,78.39107158667503,128.44554705422462,0
52,1,1,17,0,0,0,0,256.38433503877707,181.48518942353377,80.76036659632709,26.045874865195614,85.69558165714315,72.94836113781025,0
47,0,1,14,0,0,0,0,270.3294147768106,176.96709277518013,88.13482878713371,20.53804569792399,94.66611223417092,88.21417721884048,0
56,1,0,0,0,0,1,0,250.0416030950377,147.1781028642075,71.25154479281724,24.9970729592181,81.01225990181308,107.6312969772294,0
54,1,0,0,0,0,0,0,313.5017121971891,144.43433852842566,89.99510248300368,20.906015376884554,75.02888661525951,108.32425621379882,0
60,0,0,0,0,0,1,0,237.27189010633495,155.79641399893296,79.54716871223513,27.776056452627614,75.33549193338436,67.68316799408574,0
47,0,1,9,0,0,0,0,293.7276827772523,119.15301706725184,69.73619757982809,24.037434482314257,62.44997277351678,75.5793339550495,0
49,0,1,23,0,0,0,0,207.55982250477734,119.4637563329969,81.72679994536925,23.66990897490531,70.41740559761219,69.92153498652847,0
43,0,0,0,0,0,0,0,238.55124964990938,146.8152709560221,78.49535163700132,19.49766251933497,75.61463381538107,61.2575749236884,0
48,0,0,0,0,0,1,0,182.64053666485057,113.15752603919341,109.876831926651,30.011093065704575,91.58272650122115,115.84839649953466,0
55,0,1,12,0,0,0,0,275.6380353841557,145.04092868151162,87.22473098175894,24.739885011959643,69.83948167822389,83.44241760660707,0
58,0,1,23,0,1,0,0,230.70051404378825,135.45030766379617,100.95660960937866,26.156621158384805,87.75185574568543,80.29235435716606,0
44,0,0,0,0,0,1,0,251.74412675087552,113.16381769897339,95.57544527630472,22.784490628160526,74.01794386483368,87.69728773733225,0
59,1,0,0,0,0,0,0,222.21178022345674,132.5690632263426,82.45336719756999,19.032642254136718,89.92270271498926,83.23652519903608,0
63,1,0,0,0,0,1,0,261.8028540729967,160.71179502704516,76.67536956483946,23.62033508847326,83.12066992767542,76.91752040007752,0
55,1,1,20,1,0,0,0,253.4870948496531,133.81214991438443,61.11728102559613,24.276680515131876,82.31034435421623,64.4841812612633,0
67,0,1,10,0,0,0,0,192.23533708126692,133.9040482475955,71.54867739202312,27.000316085750857,86.74591991994635,118.00145053622944,0
45,0,0,0,0,0,0,0,194.78223296634755,139.23767613590113,89.95304149305058,24.344367115354558,84.9979189354315,68.88373795342554,0
41,1,1,20,0,0,0,0,234.7781758649805,142.10214750361538,78.37443537855157,22.854769675241158,87.7657607484459,60.598222470327634,0
36,0,0,0,0,0,1,0,265.02125412589294,124.72150974621375,86.5098439088613,19.636308471716433,100.58116751088679,80.1472200288393,0
64,0,0,0,0,0,1,0,317.96740433700927,139.70574305527506,57.63669818383196,25.99865933123327,94.40273653618713,131.62285000103495,0
57,1,0,0,0,0,0,0,249.33159769329208,108.92045208900387,87.44217818916849,22.534103205539445,80.59709080997955,63.10381400006326,0
51,1,1,11,0,0,1,0,280.33138170949576,114.42043674965447,95.15777868639142,31.215306788439364,69.69903769555616,98.32115003075833,0
54,0,0,0,0,0,0,0,165.0345588703766,117.2347196223363,60.69090052232496,26.41560131148622,79.3970134762899,76.33437308691164,0
42,0,1,12,0,0,0,0,324.57005737509525,142.33477917195037,86.45876687628159,28.104621644135264,51.885651292097734,87.63056670692035,0
72,0,0,0,0,0,0,0,262.65019328968447,135.5251222062381,98.12241584330152,24.779966468214397,84.94783935001229,103.21016035411631,0
53,0,0,0,0,0,0,0,233.81740150901368,129.04408930063303,102.16103979207358,26.62524918804844,62.27960166511667,42.44715741156119,0
52,0,0,0,0,0,0,0,228.75337391185127,147.1969397708763,75.95801114970449,22.148067205341963,88.46977531169408,61.384154497785914,0
58,0,1,18,0,0,0,0,187.28320889420408,140.33496582033138,91.3591641353384,20.969302814754617,98.7634684042886,102.88429428332219,0
56,0,0,0,0,0,0,0,199.86338098831249,125.62051084037682,99.15747784006498,25.862037417129084,57.588787887781095,84.24137493387087,0
53,1,1,13,0,0,1,0,320.0591678138702,109.22492145796414,86.81657668936454,28.138605786324412,74.39634724550895,86.87311673045188,0
45,1,0,0,0,0,1,0,192.48380471541543,113.96640637301144,97.42093106796173,17.822171742747535,62.22704576799083,98.36182319204673,0
56,1,0,0,0,0,0,0,191.6362186538808,99.73019176135638,81.5696601599404,23.753675687703435,54.26028043276208,61.539165709239825,0
67,0,0,0,0,0,0,0,205.10229861267453,135.09253010331815,86.73176972524956,33.352700642342406,73.72414018555348,106.26666837002838,0
63,0,0,0,0,0,0,0,183.280046869704,113.03294678601921,74.54068928245357,27.764832961846814,82.62200444518257,100.85502566673264,0
65,0,0,0,0,0,1,0,236.67348929320244,121.10289439635484,80.02479810791489,32.104348738131044,84.05280515182854,87.48129576694252,0
47,0,0,0,0,0,0,1,283.9120625572705,129.193005026165,87.20459403851636,23.200415697666802,76.84710975078413,92.76702985595219,0
43,0,1,16,0,0,0,1,209.1383376440305,154.96789420927507,73.64056809945079,23.922586363522797,55.02921532063725,108.79439688611161,0
50,1,1,12,0,0,1,0,175.57373169052386,152.43339316297002,79.31696352231096,29.76360661341248,76.48054514943965,68.3417016491144,0
52,1,0,0,0,0,0,0,248.84189777264476,130.79641363241257,91.13048417136164,28.356433457051136,57.089423805053556,97.21121142460807,0
61,0,0,0,0,0,0,0,233.54592914208823,159.8410767668066,106.6306903981132,25.41302323815529,57.87614090330564,122.12021642143965,0
37,0,0,0,0,0,0,0,280.1198802035915,87.72833279494105,57.40673810021711,20.623685181999132,63.038161340921285,96.73440373823915,0
65,1,0,0,0,0,0,0,216.0016348307001,173.29885209486326,105.71892000788341,30.543093045130334,87.59773429654103,76.88495576385036,0
50,0,0,0,0,0,1,0,224.5531016964263,147.23499371470086,78.88153882692679,36.09193540486362,81.54306414817853,135.3187308785644,0
48,0,1,20,0,0,0,0,229.42066396009616,134.26167227043845,93.57879842832861,19.355348627983314,78.87108837459121,87.30873355544135,0
43,0,0,0,0,0,0,0,239.9161808643532,112.39008702345461,95.93311239990089,31.554838513972697,64.64862982995798,114.16760679263419,0
37,1,0,0,1,0,0,0,218.72728619626605,122.36251794512978,100.77396128728657,23.87996531510478,70.34669539738329,72.30477748534317,0
58,1,0,0,0,0,0,0,211.5956592459756,145.4057197027169,73.2644576232425,24.432778530743587,58.558529926115256,106.55945745183118,0
52,0,0,0,0,0,0,0,154.583381865199,145.9057464376911,79.29674430258642,26.90552189890717,91.37161592270516,69.43222390655522,0
41,1,1,8,0,0,0,0,211.12296279871484,146.7046541529973,81.35684681256515,20.857354555526012,101.3670960908435,89.4378374798547,0
40,1,0,0,0,0,0,0,267.4698237955971,115.97307184393787,77.71079389003187,25.647732375728022,81.6791809688775,68.04497749055545,0
49,0,0,0,0,0,0,0,273.410802852231,111.54335031366539,97.82513169806967,19.193860126011106,83.78105053212434,125.72658745253203,0
66,0,1,18,1,0,0,0,215.27102696198278,136.29451537575514,81.0780675878624,27.75193820809064,73.09247832946357,76.91397935965945,0
49,0,0,0,0,0,0,0,293.1773839199975,148.9367870709724,62.57742802229957,34.95826035564899,55.56657163609963,56.51756108002047,0
39,1,1,23,0,0,1,0,234.7370208451844,132.07006668910688,74.40383413223483,23.177920894428986,64.87242251247369,84.18772600375146,0
49,0,1,19,0,0,0,0,177.1347596400983,164.59265343147368,63.05919967963744,25.108152313003984,69.41538541279793,94.35318021464988,0
49,1,0,0,0,0,1,0,163.29510151601275,132.72902416818246,79.2599345596799,25.310139478101732,70.37692787384694,81.38817752043614,0
32,0,1,11,0,0,0,0,289.60334859526796,131.9844098356743,90.07059609481524,29.84452123536311,67.6152764571566,63.29363474388189,0
51,1,0,0,0,0,1,0,219.58783608851274,146.75231980623872,74.14627993235574,27.462846713112384,75.57303970285881,105.85828656766951,0
50,0,1,12,0,0,0,0,182.58116098480653,158.82306302702486,77.16360442438507,29.573418642442906,64.79797093761582,110.96114067348135,0
57,1,0,0,0,0,0,0,136.59184845683646,102.31638428430001,78.70281649194166,23.724435125670272,101.01268944743555,44.09698097653136,0
67,1,0,0,0,0,0,0,218.58849112149372,107.40374242321684,83.68890992602294,27.577632919761164,58.61551182004497,61.82838006120542,0
61,1,1,21,0,0,0,0,253.80903779583988,125.10824836963116,88.1929933436263,15.0,85.64771452827061,78.33316412745177,0
49,1,1,11,0,0,1,0,205.301589661967,201.4967192609506,91.68706513522442,28.53659654515502,71.85774347805734,69.7887089653409,0
42,0,1,14,0,0,0,0,189.65721295410964,126.2476916240995,109.06620379523827,20.80704989393942,80.55357714314218,94.09695541240261,0
73,1,1,12,0,0,0,0,211.827466181304,129.3207752537675,83.48195117200086,24.456865085850307,81.0973784061315,124.30797576378698,0
52,0,0,0,0,0,1,0,290.70044884237365,145.6037424557742,90.82951664775658,28.85552954544124,76.88451876144786,73.23898928135787,0
52,0,0,0,0,0,0,0,174.70880882229162,153.49243586189644,62.9493190278607,19.50203168625838,61.39955102880451,118.26461062539192,0
51,0,0,0,0,0,0,0,207.76515466140924,135.73527256200464,77.4498041732136,30.266674472710303,71.0155229955589,48.22834430493181,0
53,0,0,0,0,0,0,0,289.27334054317396,157.61564489088565,78.75499727845512,25.290350273716232,77.02914326639211,92.48374068791965,0
50,0,0,0,0,0,0,0,257.74375673464516,105.73263397342976,69.79222133215475,31.757773493777677,76.27720602340943,68.3216358046489,0
47,1,1,16,0,0,1,0,243.8816238062741,115.14605465566005,75.56808722358957,22.098338947953277,62.722416302615684,92.97996840504807,0
47,0,0,0,0,0,0,0,207.46837004168506,157.57471291275206,80.71018338813246,18.367570330177514,90.4945495084988,41.593373554488394,0
51,1,0,0,0,0,0,0,237.34221183801884,132.24074852523643,75.94403951002231,25.681318467114043,45.07711888898783,52.43601897372956,0
47,0,0,0,0,0,0,0,212.33552098805478,104.22608668980938,113.22201025405792,28.207011878173695,71.99850134682434,92.93218783373288,0
45,0,1,11,0,0,0,0,198.18701023288696,102.90416550442143,88.14730409893275,28.550841449121908,63.94417493777257,67.50997916974778,0
52,0,1,13,0,0,0,0,188.47747108672343,114.15930228241649,106.01227286631203,21.144498642698334,77.18598499631031,74.56829506323808,0
49,1,1,18,0,0,0,0,270.50020624038996,132.04676192747417,99.91181414600806,19.139004412508367,87.20071027205312,124.23455902102921,0
64,1,0,0,0,0,0,0,233.34213018249002,142.28235053398936,74.32904639859537,24.519471707003586,58.11637186587506,85.16414379088367,0
32,1,1,14,0,0,1,0,249.83860472731863,124.76068000122893,82.45072560903773,27.917420360949922,103.24326278746133,102.73487982847757,0
61,1,0,0,0,0,0,0,242.67362017526176,140.4699821632694,76.78210454710508,27.709725806635916,77.42218364349435,64.53674055909669,0
62,0,1,7,0,0,0,0,255.4004284235678,122.38453729274048,80.05812688856402,32.2457179795358,79.58068788114562,51.15231506324652,0
34,0,1,13,0,0,0,0,224.79237324062075,158.9262444355722,70.28279596973523,24.268833674188592,57.72294797583105,80.14308761603684,0
49,1,0,0,0,1,1,0,214.80707215359874,188.14048208059182,76.70157604995732,18.235924603278775,74.4411937399983,47.719203723302975,0
48,0,0,0,0,0,0,0,200.1276655067906,123.36251989414268,86.31422657839886,30.706332396965365,86.6600978582147,65.93243912544149,0
40,0,1,20,0,0,1,0,173.785358130087,142.5585218375768,85.99746468330645,26.600300787854092,77.51905886662414,87.46834702545549,0
45,0,0,0,0,0,1,0,186.63054049259168,140.76503813130248,85.0408439825952,26.956970433053733,76.682346884723,79.44099936757974,0
42,1,1,20,0,0,1,0,219.92162027159026,135.05129937771835,81.28390210139729,28.945070607636993,74.37768517585934,89.6939458663878,0
66,1,0,0,0,0,0,0,165.46626268483897,146.37152079750842,92.32890910284328,30.98093872051151,58.463998900038945,95.80732310804788,0
59,0,0,0,0,0,0,0,175.17942021801468,142.5340661575562,78.91548368705755,25.705618064984172,58.39549594723856,54.49833153645957,0
62,0,0,0,0,0,0,1,281.8541552759478,121.63682145153231,98.69862807713939,30.623861696645086,89.03192551968851,60.33551175710003,0
58,1,0,0,1,0,1,0,245.86389733356685,160.96400699769913,59.82882931578925,28.06375868298132,85.58744047131714,40.0,0
42,1,0,0,0,0,1,0,216.1191839590451,136.43665744470906,89.88173228770907,23.112112195637206,87.3632540696074,73.47796392421375,0
47,0,0,0,0,0,1,0,335.94927619180066,123.534390763732,87.86045334696828,24.843722264109104,65.12615947434456,98.94538702519631,0
56,1,1,16,0,0,0,0,163.47701237662673,185.75045552464283,73.9052013129814,28.328650495933875,73.10918686597297,116.2993678629492,0
41,0,0,0,0,0,0,0,278.92689616432017,129.4433057025768,77.73722767773668,22.89381846660003,89.78160223201374,86.38108298891292,0
58,0,1,21,0,0,0,0,231.0954923577057,137.60876451132248,87.57749126930844,29.434482318759457,60.25613610288432,113.58426386148187,0
49,1,1,14,0,0,0,0,270.5420690081637,135.8596875807674,92.991222965785,26.44855235347355,88.5585888906392,90.82802154684764,0
48,1,1,21,0,0,0,0,240.7939635599155,129.14231855907343,61.00644198002672,27.364634780309252,67.96176488851329,84.47133667152342,0
58,0,0,0,0,0,0,0,153.62121726120867,141.87062351096833,89.53895281185106,31.706071826555625,64.73720039478594,67.94030983854083,0
55,1,0,0,0,0,1,0,240.20026057258846,113.41000199998425,76.50818577330932,27.261924198062413,74.61700440232185,40.0,1
48,1,0,0,0,0,0,0,250.7644576041423,145.12395450350726,95.50347729158264,26.092788601052785,61.59597709065844,110.1333582060507,0
61,1,1,14,0,0,1,0,139.5526468649258,93.31621137536655,59.92869743420587,25.4613873012567,52.23727686603529,80.77582557404322,0
42,1,1,11,0,0,1,0,321.53812492728355,103.44246547234316,111.34358758145449,25.247906464898957,75.91235623978748,113.93082007041187,0
57,1,0,0,0,0,0,0,249.69313414360198,172.16594003770734,71.36632080383083,27.08042739323479,81.41118924457666,60.15843826631948,0
57,0,0,0,0,0,0,1,265.5674605660058,104.3640394121207,99.15953424147614,31.3896242348773,89.58348207165065,137.86286483166398,0
49,0,1,10,0,0,0,0,184.71670685864228,88.88090525518906,81.16978456320601,23.291717332629908,82.28369655805784,76.27789314267557,0
54,0,0,0,0,0,0,0,266.3871709744072,104.90884428054387,72.17599915359844,22.98142573144905,98.58476621799247,66.07965314391473,0
41,0,1,20,0,0,0,0,283.93819622077444,170.28125992232816,85.18136806457693,31.06866357031192,91.3328997088378,77.06599293328333,0
59,1,1,19,0,0,0,0,247.15700203806523,92.57904171400027,94.34950533947642,23.47879754657993,83.85694502023938,85.92049771709186,0
50,0,1,9,0,0,1,0,235.58765142508636,110.97208798298588,63.367542391062855,26.68598895204609,80.62342590427191,80.39225386025142,0
47,0,0,0,0,0,0,0,196.68212250446967,99.91976534502629,90.41906619144412,23.373630394254953,89.76122619687877,70.147400590095,0
60,0,0,0,0,0,1,0,226.48689561753366,125.96915766401982,81.85385801611493,18.91411372073852,48.443734664057615,40.52082120894984,0
46,0,1,18,0,0,1,0,213.47070137259166,122.40754024002379,88.924528990796,26.612723292497044,69.2393155048446,63.50046568015168,0
40,0,1,17,0,0,0,0,261.1678080452781,121.42335685200527,82.13170428806777,30.37218836550681,52.69822743647147,106.71202039794503,0
38,1,0,0,0,0,0,0,198.60545929483428,172.834943586913,75.13757393494416,25.545575107649828,82.9571715886332,61.766377889123945,0
57,0,0,0,0,0,1,0,260.84463174615655,105.62034301197394,68.64252098353745,19.725199890649467,66.08683347106921,42.51018134675779,0
41,1,1,14,0,0,0,0,199.0846352398951,129.75186884622357,90.0717413445643,26.247189390506705,111.23583770805652,57.723505801329004,0
66,1,1,15,0,0,0,0,224.45648761695918,139.44922741905614,90.00726390638602,22.700599306553894,68.78489042195064,79.96113537969987,0
34,0,1,13,0,0,1,0,263.10595346856394,110.43539623441283,89.9472669722897,15.060029158692378,76.27635797859028,64.53791315366983,0
66,0,1,15,0,0,0,0,205.03294432061406,142.70497958742524,87.13115583328688,25.468376740933486,70.172801589748,75.56374718968848,1
53,0,0,0,0,0,0,0,264.6236055150145,123.20416911982723,93.33638646207365,27.922505194940936,69.13402514227347,63.635576293146514,0
51,1,0,0,0,0,0,0,260.3317429375402,140.23479945617683,98.8728313572357,30.628592460340858,60.041737394024416,105.22410961709598,0
47,1,1,23,0,0,0,0,224.07817037141447,129.62401646643562,59.48298583112178,33.003104433844776,59.6382070807083,93.28953874836742,0
55,0,1,13,0,0,1,0,287.11846085965476,86.88831303754131,53.89843067357094,28.46883627728469,48.84608397272417,133.01307003015665,0
51,0,0,0,0,0,1,0,239.42251104699304,160.73417168084632,102.61536831855574,29.627626375282937,81.54554763364126,73.22041017812752,0
61,1,0,0,0,0,0,0,284.5001671697554,177.55008293778957,65.90744182497772,20.53328165467993,69.90423880166423,75.44777896949691,0
52,0,1,13,1,0,1,0,314.91245669459585,128.1114079974341,68.96508055852456,32.44948578633964,98.20353871251176,109.22054654146484,0
53,0,0,0,0,0,1,0,225.3827550451423,112.24505485893471,78.54862825750091,30.996176744443357,60.07031779119305,90.99319285951383,0
48,1,0,0,0,0,0,0,264.37801929720547,165.13227986586514,62.152341055442776,24.294826511637254,92.71577424185935,60.34534635534405,0
51,1,0,0,0,0,0,0,207.94701128579348,173.58842386308436,77.42095963230835,28.594806513680158,93.86711202421824,94.79769033294329,0
54,1,1,9,0,0,0,0,190.55616598163928,128.28650094502007,70.62273587052802,28.182379552139302,90.32451799800577,91.12016463819945,0
37,1,1,18,0,0,0,0,227.39977507499714,127.18902646514867,79.19990956363591,31.827875393256615,77.81756772558622,40.742694573107975,0
40,1,0,0,0,0,0,0,176.04558769102363,130.241955851227,85.35809565888522,25.180458134144477,70.94153129736718,67.01985390200383,0
58,0,1,13,0,0,0,0,194.74525769551838,95.15992443660329,77.87754129484523,22.740446185429953,90.31281236324742,86.3773643713712,0
53,1,1,16,0,0,0,0,262.023034370127,125.59523066874898,77.27143257523423,23.791006684388492,65.50244228594781,115.26443326661308,0
50,1,1,15,0,0,1,0,213.39944332025112,169.7287215260834,85.09594956149975,29.476863531791857,78.24849114534865,98.05396421875325,0
52,1,1,14,0,0,1,0,267.2626198333619,128.28884946304768,94.53150157539937,17.928531318416432,74.47502464773447,69.02697387496411,0
54,0,0,0,0,0,0,0,249.17412527276943,109.11924038681148,101.23557216305998,15.0,64.30299764764777,65.71135619629072,0
47,0,0,0,0,0,1,0,317.4507787288411,142.92708362469855,79.37754095197342,29.466420928568713,78.33656366741164,100.34786460992376,0
45,0,0,0,0,0,0,0,259.07084056534603,117.32162643312952,103.89866982307885,26.926702403036728,83.90205901911615,40.0,0
53,0,0,0,0,0,0,0,285.02559509228985,130.53805327930561,92.52048201713495,25.875699678843027,63.83006148673228,63.42562955873926,0
43,0,0,0,0,0,0,0,253.68292517761205,104.08532682795986,67.21589855232189,20.44725882524733,80.5214422453902,114.41408405462799,0
55,1,1,13,0,0,1,0,249.7013140474352,109.19426845389191,66.8655009326359,18.789451965159323,48.251661751202235,88.82680202236006,0
37,1,1,16,0,0,1,0,287.24825385298584,148.22850360699903,75.07254579276795,23.19843075765744,62.410135907277194,64.55079349875763,0
60,0,1,18,0,0,1,0,265.42708849807167,134.54906914682394,99.33524780031672,27.282949907415695,69.51185132546453,54.3520812134924,0
56,1,0,0,0,0,1,0,245.24279897012684,114.92673748945805,75.98359221321356,23.39840157765446,79.28804684359339,101.3138973637504,0
54,0,0,0,0,0,0,0,245.0488053009076,134.62977286670787,59.29171810592472,29.49041082099229,85.43177699560866,83.78966097163917,0
60,0,0,0,0,0,1,0,259.68208972053833,118.6427724080003,79.25338949334747,21.888356697716805,75.99387469396605,76.96965942632079,0
66,0,0,0,0,0,0,0,206.45956514376508,114.75727627385626,58.23313638927512,23.670685200045707,81.79914881387997,90.60155281841041,0
60,0,0,0,0,0,0,0,204.59282348989728,157.60875673946273,69.34017223675754,28.683124324205913,73.07301716076691,85.78575514187864,0
36,0,1,13,0,0,0,0,298.717861024409,149.22330617015297,74.95565912448896,24.25464843241328,79.85697771489959,84.0218335697121,0
41,0,1,15,0,0,0,0,318.0342012098399,131.5319973081159,83.79602693109629,24.457865162677358,79.2229087995445,51.54369856477366,0
46,0,0,0,0,0,0,0,195.1291718299527,135.17542141949346,94.28994791928254,23.16169734003987,68.89175249238893,58.3922214734732,0
52,1,0,0,0,0,0,1,206.564244972653,131.81524361864444,90.32963132046117,22.401342962708323,70.73544148143273,99.21045003017156,0
56,0,1,23,0,0,0,0,286.27100405818237,142.71420370181787,67.84810241863018,27.252127150974463,82.20152606821462,94.86048297459945,0
45,1,0,0,0,0,0,0,259.47487969826545,114.41096351397472,77.53945285401217,27.783195808042965,96.74505370369681,90.78875829290894,0
53,1,1,12,0,0,0,0,265.76283663412056,150.97510413411015,82.9165070644308,26.73130859396026,89.48182297571184,68.51020875457452,0
45,1,1,12,0,0,0,0,275.45045697353453,139.77844843359787,78.853514506642,23.27364721723089,61.4506073265912,99.5993683615869,0
46,1,1,15,0,0,0,0,225.40778488326066,126.21276056642986,78.76845728958047,24.973883210355172,61.493019129289074,73.47286933349491,0
40,0,0,0,0,0,1,0,250.5186766995682,121.26888330681209,61.327080104148735,32.34333261202682,68.57242381478083,111.93526960489228,0
44,0,1,10,0,0,1,0,247.09645463071604,150.5048807188698,68.16719018632432,19.973558153891776,76.18705605453113,64.82307124369127,0
40,1,0,0,0,0,0,0,198.22636958919975,128.68930104469766,77.16472181032873,33.53215424975742,75.57907508369183,69.91838436387026,0
43,0,1,10,0,0,1,0,249.86400150149097,116.62435189174357,50.0,26.20885136908194,89.88336332314019,78.51667762731937,0
60,1,0,0,0,0,0,0,290.45927063058537,123.53946512656488,89.68773184011826,25.061481801096335,90.54135967016131,101.48791105320734,0
43,1,0,0,0,0,0,0,221.2981374908921,148.92250227556153,65.52785080346716,29.708851189086875,75.06798701298612,81.19320437343983,0
74,1,0,0,0,0,0,0,242.7130469446011,96.56782957258712,90.24205759918165,17.324209116860693,72.26764108366952,82.86669401970666,0
56,1,1,11,0,0,0,0,245.09519230447768,124.1810040772296,89.18699205365093,31.459310255776977,81.2009571874512,72.99340200791691,0
53,1,1,8,0,0,0,0,223.4747597808481,155.5528187328668,75.47568348265139,33.41667589868836,87.75841584061813,88.16611569274535,0
44,1,1,12,0,0,0,0,265.7836544585517,128.29923101372833,94.00657990841844,30.260688756582308,81.62924171973057,80.37319863583674,1
57,0,1,10,0,0,0,0,206.07711222478056,138.0019681101125,90.9183681390992,17.180629987466062,69.8214503593115,63.961045169961466,0
47,1,0,0,0,0,0,1,294.6364028226211,155.90891721981828,78.29246234998432,28.93308797098198,67.65295365951212,84.92770409861274,0
53,0,1,16,0,0,1,0,263.5530447118188,151.63125237473776,76.93888461769961,32.5485940878766,61.67275537841131,85.46860167837549,0
73,0,0,0,0,0,0,0,194.78218157039265,122.31870699312172,95.16679342797228,32.125270029716596,77.32184217114303,136.04541492226028,0
51,1,1,10,0,0,1,0,310.71242613499516,129.1313418515156,84.78416607289196,20.026834086371785,82.47744117983625,67.94640018253283,0
61,0,1,17,0,0,0,0,243.39646429551019,151.9048058380383,94.5363660204177,29.967063009572325,83.81814231755348,62.694357920915934,1
46,0,0,0,0,0,1,0,204.19030924165773,152.66832872024577,53.332311107767154,33.161838651394504,88.82112443705878,88.41778799365355,0
51,0,1,14,0,0,0,0,284.60039909961245,130.0628972430713,83.18182116423354,25.92080944644868,92.76371520794319,59.16476240506398,0
67,1,0,0,0,0,1,0,257.7655468557131,130.82199564956662,63.07109095636753,19.843924986562147,58.50041222787196,57.31984659890206,0
46,0,0,0,0,0,1,0,158.03377301370233,137.88904127974473,81.69053791015884,29.197475630172228,79.85714920117593,48.95133013285627,0
67,1,1,13,0,0,0,0,212.87094604127043,162.07181518038044,90.56584250015061,30.120817671472174,80.27111387256811,64.18480800057398,1
58,0,0,0,0,0,0,0,248.28028283774793,155.48645465447504,102.86968174898924,25.2292465262638,74.11264309898397,64.75258184333678,0
47,1,1,12,0,0,0,0,140.97906618372303,147.2545074835784,70.74199925875376,20.918033830958322,65.05986516066866,52.484970005497914,0
57,1,0,0,0,0,1,0,239.74308375704533,108.26927592659439,75.6915423363762,29.82567554454827,92.33555801684125,76.24347406405043,0
60,0,0,0,0,0,0,0,242.95109239903144,125.95366505593834,80.85360511509354,22.647883650950792,67.93679386743078,40.0,0
57,0,1,14,0,0,0,0,183.9263571754638,127.10969317882214,70.30562678245731,27.429121578809372,48.689173686804736,93.31061297016898,0
38,0,1,21,0,0,0,0,247.9083749954384,163.2066707172764,93.74271674547109,32.18848205555308,75.24086742132282,69.19373849410024,0
45,1,1,17,0,0,0,0,236.32840892150148,126.74498339404796,81.15886545561251,18.998927802496723,72.14563599737089,72.57497541767833,0
49,1,1,16,0,0,0,0,183.58305934105937,159.5757421077075,83.46348428051255,29.52183239167394,97.29236727376164,95.49812523828695,0
51,1,1,14,0,0,1,0,276.4606640619643,119.44462924831615,89.4420775212899,24.95301367568882,80.87632745032501,90.55010991583194,0
57,0,0,0,0,0,0,0,272.8655669697834,121.2005529314633,81.13946180349508,25.059321535663244,71.33684703802521,67.51216101781287,0
53,1,0,0,0,0,1,0,223.25156817849611,142.5919903278891,72.18953046188962,27.90869738158459,72.63773891528311,92.39118738013762,0
40,1,0,0,0,0,0,0,227.26242177075974,166.49922752257865,81.2437571404184,22.637325471201954,72.49915790594699,117.62457599025791,0
55,1,1,20,0,0,0,0,267.9556132541952,127.3409031561067,71.72582368583933,20.982421538592565,101.60560049476061,58.719777634089155,0
57,1,1,12,0,0,0,0,227.17082170308052,85.0,83.29577066939784,18.484801434674225,83.10580641765412,99.33681836119787,0
56,0,0,0,0,0,1,0,151.04003917711321,97.58796514854448,93.96325264962155,30.850227108618782,58.11407793271187,56.398568033027786,0
61,0,1,20,0,0,0,0,257.4252085255968,138.55515423561803,67.90026049273202,24.27614404105325,72.06672062278818,109.03479943397662,0
59,1,1,14,0,0,0,1,200.21658988750562,99.5544874108011,63.61154798269489,28.1367556906652,74.7164106239939,65.62567768637354,0
55,1,0,0,0,0,0,0,218.84690560562586,112.95761781927892,82.5909992310361,23.811368492985217,61.709181558428774,64.74718938954867,0
51,1,0,0,0,0,0,0,300.1463049898649,132.27152291404164,72.78640459907312,21.036781936162683,53.60453451303492,108.4318332474613,0
37,0,1,11,0,0,1,0,230.1049471436129,85.0,82.38094329294363,28.474481700750474,82.14676058144214,98.59622375238258,0
55,0,1,10,0,0,0,0,236.07633717845042,123.64603263484,85.84484224731641,27.144646552271773,65.34440405114515,66.38087094949435,0
53,0,1,11,0,0,0,0,258.4253601203983,106.37421172707408,56.275765252857525,24.828713468651554,89.98525942271978,84.92948099178533,0
54,0,0,0,0,0,0,0,258.23469353045743,99.0180462061835,90.2781931319025,27.037773860110022,75.09833319129402,65.67110628880903,0
41,1,1,11,0,0,0,0,195.55529823537753,114.35194233720267,67.96397796453701,21.862013319399587,69.30877415685917,45.36703155509632,0
42,1,0,0,0,0,0,0,233.34686531648754,108.47740364847252,81.73182459322372,30.148459075676776,45.999196198252854,86.3535577169322,0
60,0,0,0,0,0,0,0,237.59071122873638,142.32856479583066,74.08741197473884,31.09881801799135,89.66781419553519,73.80229014044332,0
51,0,1,18,0,0,0,0,247.96918345166839,158.32358930702344,75.37651582258847,28.913148742481376,78.52232199174362,60.24582820613877,0
57,0,0,0,0,0,0,0,248.72576540033126,123.98260926455661,102.32749527541586,24.274858387715955,69.62166337419166,112.00844683108437,0
52,0,1,14,0,0,0,0,349.8474140662081,118.88523286096961,85.83121024954794,26.043321858201978,64.31650334903757,61.0235358868021,0
52,1,0,0,0,0,0,0,184.26217009416123,122.88748997452623,92.8562608354431,32.23222943735253,94.18909450837506,85.31150837225236,0
59,1,1,13,0,0,0,0,279.12403128871006,107.61988362535382,83.81129625043292,31.052781492205828,62.22936359192573,106.83796612101673,0
47,0,1,10,1,0,0,0,288.0685354566546,103.64767829636708,89.44016289585944,33.97486327108577,70.57623050036817,76.11072698365065,0
52,1,0,0,0,0,0,0,257.6824948526352,95.79780203634658,87.00854034572143,22.59987270141599,81.83694122468475,65.11396463204312,0
48,1,1,15,0,0,0,0,207.3861226255847,102.75053891700018,85.05347373624191,22.232129635652758,92.4091996802805,88.84821100280529,0
48,1,0,0,0,0,1,0,309.2453933317756,167.90380215647784,95.28587090997615,26.350918179086648,72.40416351554664,92.48109364239463,0
49,0,1,9,0,0,0,0,139.55275395143127,116.81073722200392,83.87806544613125,27.46827260491483,66.18219630920949,102.16089602390012,0
53,1,0,0,0,0,0,1,205.93626532241564,85.0,109.42178286661246,25.216614423255795,73.71912949733618,125.03781738435072,0
47,0,0,0,0,0,0,0,287.5540166778037,119.08474735341785,93.52637887374925,24.202293845874838,85.85364795548803,71.48230665597886,0
62,0,0,0,0,0,0,0,219.71508944940922,97.01088019126192,68.32551162712372,30.99632024959943,88.55273862315843,86.50464212691001,0
44,0,0,0,0,0,1,0,306.24443909120816,133.3086686799376,79.88140349220421,25.427998428756727,58.49809021145542,52.80747272479419,0
50,0,1,21,0,0,0,0,169.48059123415038,130.9362195847859,86.76493119388802,20.817633186534874,76.37928144452411,97.3266709895886,0
48,0,0,0,0,0,0,0,187.06751666628764,133.2294840292252,82.53396202854444,21.29127474356435,57.78881509246321,86.22548278200262,0
64,0,0,0,0,0,0,0,212.6079205144131,131.10402626760595,90.24248102766602,26.812963733047358,85.61060605172727,77.89014382778404,0
53,0,0,0,0,0,1,0,254.36556821160727,123.80037329836551,91.56420045800648,38.11087518813792,80.06860680699783,67.7846082105003,0
60,1,0,0,0,0,1,0,226.231113383279,99.97028532612029,65.68495617041242,21.798630650644768,63.94577242859125,73.98617703699863,0
39,1,1,19,0,0,0,0,214.42243288725348,130.3576104166287,97.37293053659793,24.509016318440455,93.40974684061396,87.43565922569228,0
54,0,1,15,0,0,1,0,298.49744296833506,154.41634096098528,76.03819041416747,35.65969957859076,79.02016176008866,59.778081080837794,0
59,1,0,0,0,0,0,0,302.59157891712266,171.90080784349448,74.84914592962292,23.814449007662276,77.70230976559954,74.93624970196817,0
52,1,1,18,0,0,0,0,217.76729030886756,126.76419079926787,74.81053128753351,27.667389449212763,72.85066221184849,82.38359499970116,0
61,1,1,12,0,0,0,0,160.77021647749484,129.1485812037589,91.702916871887,33.49123396262405,74.90354478798412,46.588737097116244,0
47,0,0,0,0,0,0,0,141.0707115157553,143.00939793995565,78.79518762222656,21.89893740829433,70.42220998292655,57.820161061014936,0
63,1,1,17,0,0,0,0,246.52876505033566,164.8513143083863,74.03738026794751,24.5320330897116,66.10549804540496,66.8198956715534,0
71,1,1,10,0,0,1,0,264.8620473776271,121.30147456889996,76.91249011067755,23.814099672098386,89.74956705126472,118.0693298529582,0
48,1,1,13,0,0,0,0,238.771902565456,147.23832897290742,60.46370009300948,19.576629011834516,69.08708892401181,62.89332171732262,0
48,0,1,17,0,0,0,0,232.88004328844661,113.89797615846345,71.89403483258215,32.23440037732337,68.68310354721933,80.71679273898604,0
64,0,0,0,0,0,0,0,200.60012495346038,139.25667778584105,67.12499741616281,23.39984221227355,73.44847091821342,58.06703382220881,0
65,1,1,17,0,0,0,0,264.8191109322089,153.35329188560416,78.7699680340493,22.207392729130245,92.0941737702577,64.14272658060621,0
47,0,1,18,0,0,0,0,309.84015667155205,103.60106665594847,89.97031924328311,23.97782105891127,88.57399072436776,48.85680745440302,0
48,0,0,0,0,0,0,0,138.45738219723555,120.4468161155992,88.64651081119872,29.608208761131834,70.26181956519015,97.41695415749459,0
49,0,1,22,0,0,0,0,232.58994769334052,153.00522812729002,97.081005970559,26.262863501732312,89.72142510670413,51.51243607899402,0
40,1,0,0,0,0,0,0,193.30467262580157,145.5555470713255,94.40770980755946,22.55416814773551,76.29744204514006,102.86125330232736,0
44,1,1,19,1,0,0,0,170.4194962616305,154.7908150869268,75.65683942097948,27.477514364151716,64.87889678390357,92.76163550926448,1
43,0,1,15,0,0,0,0,186.2810616854857,150.66567222198947,82.22885680904456,29.131638260769147,69.28644782395912,80.26575751746834,0
45,1,0,0,0,0,0,0,252.7056056501138,124.49572238583248,81.60932686934298,25.702565189598698,91.47904643140473,103.62059559404298,0
51,0,0,0,0,0,0,0,253.8183366940113,180.3821832646832,56.18736780733735,24.837480191650798,99.99414316282936,153.37362935062424,0
53,1,1,14,0,0,0,0,300.2526614916912,135.0120197965747,67.39288555708308,29.9650913473671,78.83780110503842,92.98308974590702,0
65,1,0,0,0,0,0,0,236.3863880744003,85.0,79.99255987418665,25.06534048929489,68.20155405980377,56.23860569405847,0
43,1,0,0,0,0,0,0,158.63824828573854,125.78837980769941,79.9252427783103,32.3935851757891,73.50099038791264,116.24740617338949,0
60,1,0,0,0,0,1,0,225.52054013545725,121.67823234601478,88.147900650462,22.693697024429724,65.85066981673296,86.28056350008958,0
50,0,0,0,0,0,1,0,174.99932082250552,149.4954816820801,87.56369955443017,22.598254790380754,67.59883945292101,130.55583822623652,0
51,1,0,0,0,0,1,0,182.9009809974318,122.07392306564113,60.75168997480318,22.094433201654184,66.41942642643816,70.36084489530195,0
57,0,0,0,0,0,0,0,261.5445985698858,156.17733990802103,88.22316081349037,24.82072952757107,74.04787503001612,111.48471252188278,0
42,1,0,0,0,0,0,0,244.54395984615448,144.27818619294757,84.14304647744517,25.810266651601907,76.44817243749512,81.99639427511282,0
55,1,1,13,0,0,0,1,261.85288619915457,109.99800984765866,89.48047817973554,20.364892770751464,73.22206631181852,143.10475203767564,0
53,1,1,15,0,0,0,0,220.27031472004396,128.91178661654865,94.80238705169907,26.196704798448163,72.34412478574114,75.52318262360956,0
56,0,0,0,0,0,0,0,270.78330079071566,114.93826422594118,80.28540432654434,28.11795216787242,84.12589948206832,151.03837866917723,0
54,1,0,0,0,0,1,0,217.8102724752351,136.06469023078074,96.94705884376096,19.79148462534858,72.24949290089464,92.1159992155217,0
72,0,1,9,0,0,0,0,285.1340446406589,114.80720092082734,71.32719455328345,23.663197151838368,73.01981027239519,101.48018943664876,0
46,0,0,0,0,0,0,0,251.16411333674787,133.63757507119936,70.65114255553338,28.12669148713282,72.88127674768673,121.10764621052948,0
47,1,0,0,0,0,0,0,226.89213769867683,126.00927347821096,87.14526628162649,21.333381009908727,93.51945279541522,63.881651326808395,0
46,0,0,0,0,0,0,0,245.33209394374825,128.65108839704388,77.57478945633784,24.504488060154802,69.10542450209104,104.28922745861534,0
47,1,1,10,0,0,0,0,235.21412915710363,177.12068835555817,85.13959077542764,30.261552632628568,82.15555328329842,75.26667315997156,0
46,0,1,15,0,0,0,0,306.2286866737686,124.0693250124415,105.9157854381339,33.160249328816676,66.01946767275047,85.47573422438141,0
62,0,1,14,0,0,0,0,246.79925539346672,89.44247207242182,86.7219408820477,27.603652366121423,79.19933797710316,83.91040892044353,0
64,1,1,12,0,0,1,0,235.92904241464163,154.34817518415565,84.54603446636943,25.106061528106785,81.55479830146005,95.16544693793162,0
47,0,1,9,0,0,0,0,225.50640228976482,154.17502983964417,71.56935545617783,23.744268115393517,88.01111144163286,94.19423952679597,0
44,0,0,0,0,0,1,0,273.1001056467805,88.46331617646983,61.600242320507846,29.534091804963346,70.38878196848923,68.77051683964424,0
56,1,1,29,0,0,0,0,267.1481869183542,116.58020833342252,81.12944061671787,30.446966236374244,61.63244922209782,84.87164593288276,0
47,0,0,0,0,0,0,0,223.95096826624436,141.5878322506235,94.80244295929836,21.058613231817645,65.5921761208731,40.0,0
57,1,1,23,0,0,0,0,185.1517733565964,143.53247174677546,78.1247439152719,29.532749945370124,86.57449887764005,104.77399429004231,0
53,0,1,17,0,0,1,0,196.31340191135243,131.89607720404015,86.81754999046443,23.311110162922496,99.98101934984007,120.96065918466572,0
39,1,0,0,0,1,0,0,227.89684826014337,132.39215833653225,99.11796727262299,22.275821326795807,85.01344094415262,86.38444511968714,0
65,1,0,0,0,0,0,0,295.3528102692396,111.35106679216995,98.81819575876432,25.170058765443244,59.85432684253978,45.06148909012662,1
67,1,0,0,0,0,0,0,224.9922283131358,85.0,87.14579065122139,29.865614294505697,84.60783457335405,99.08779563322412,0
46,0,1,25,0,0,0,0,209.85856116151515,177.0891610000378,84.04127774388812,27.068561831842658,63.6745069077415,64.43330111819492,0
48,1,1,20,0,0,0,0,158.52835021705957,110.68931989045228,63.77640341196309,26.95755982564235,70.81028859442513,86.19327592874275,0
54,1,1,11,0,0,1,0,302.5958231665011,135.88312518141862,74.43766426987672,27.245010781398694,77.24677292238353,97.76670993011673,0
54,1,0,0,0,0,0,0,261.03723842318425,128.5053440954946,78.63093030378312,27.717397876630482,79.26442626565158,94.56835872892907,0
57,0,1,14,0,0,0,0,271.02443868025773,151.738346150018,71.77202066279017,25.331980008141496,75.7853051360546,106.85967074678099,0
69,1,1,14,0,0,1,0,278.3142742848925,134.52773869660749,84.98143915543316,28.390743938107143,67.78665423540494,85.36675471377941,0
50,1,1,18,0,0,1,0,228.75186993460562,135.375700968024,104.9397782018332,23.095302996502355,87.71949917609201,85.98731702901178,0
45,0,1,14,0,0,0,0,239.72198788489155,85.0,100.2131391119394,28.469131368876667,68.66920314123288,98.94617861220418,0
40,0,1,15,0,0,0,0,301.49848544588775,113.66654040407043,84.92655834197448,29.313639926119354,90.05415294434387,80.35797090015133,0
45,1,1,18,0,0,0,0,243.90155913004202,148.38192702517793,91.35320886429794,28.666460037724615,58.687441310523994,66.17824436426953,0
51,0,1,20,0,0,1,0,261.8511127628158,146.40270095158243,73.25674821572657,28.879218209945805,77.58636410333307,92.39642377092642,0
67,1,1,12,0,0,1,0,274.3042315568225,111.06363788042134,99.56907220802562,27.705949124943594,60.28618844122162,56.03615151262669,0
47,1,0,0,0,0,1,0,264.2889786265963,97.28337118013532,63.25640084865783,30.61111595290472,64.99100841608836,80.13952661467152,0
53,1,0,0,0,0,0,0,230.36055650827427,134.78474474790448,92.95393793303396,16.48638348568749,68.84385349279898,50.31113377486146,0
51,0,1,20,0,0,0,0,234.50911091618755,85.0,87.9470765223973,29.300358426017162,93.24726545677169,69.23930944549966,0
62,0,1,18,0,0,0,0,270.21617927094144,106.72916644856922,72.92968735894691,33.899375861347295,90.69629599322792,70.19315983502284,0
73,1,1,19,0,0,0,0,270.14412583712794,170.72354365341684,79.49455891914475,23.25022855266868,85.49098515068636,59.3630302479566,0
47,0,0,0,0,0,1,0,287.4022343568563,163.7914812352229,68.38896756212729,22.791707580713737,75.39942900260239,107.31223341123939,0
47,1,0,0,0,0,0,0,260.2482672656329,142.7194858928332,68.90031942637322,31.073907953192595,77.25670739245612,105.4138067953763,0
60,0,1,18,0,0,0,0,262.2506469980504,138.76139891858764,62.907351992512844,22.000368708134943,90.19774994197627,112.22229308392323,0
57,0,1,19,0,0,1,0,216.36573186148433,89.09624274046323,91.21016682640854,23.066430318440645,83.41566343448159,77.6795828746265,0
67,0,0,0,0,0,0,0,210.4294215128363,115.70532079371944,96.46413963312017,26.496788930760967,75.21610108044908,72.02701626401137,0
56,0,0,0,0,0,0,0,270.34774967146575,125.50629084475293,56.058305634238884,22.524300038372452,92.84005896019536,100.48245052086048,0
48,1,1,22,0,0,1,0,210.7358570072795,116.17289751097384,104.05966619381807,29.387600458173594,84.77435443396217,84.95349658752768,0
57,0,0,0,0,0,1,0,235.08915586285806,124.29464663202698,81.85590116035792,22.557711298745566,77.90903839006822,84.8409016344141,0
61,0,1,15,1,0,1,0,296.67702260273677,160.58293733561848,85.47823845852206,27.278596725597392,69.49227863701822,40.0,0
58,0,0,0,0,0,0,0,289.7050928631839,120.0798926520309,64.33104597297908,26.966378098285674,68.40909296048385,99.39983587248402,0
56,0,1,11,0,0,0,0,249.2787085550761,124.49933802775116,97.84990900197838,32.62194109687473,70.96589573759664,96.351424596639,0
61,0,1,16,0,0,0,0,222.96985848731674,148.26968830704254,84.40300111800201,30.577737651812487,80.48389062914383,81.87542226847793,0
61,1,1,7,0,0,1,0,230.57132794488578,100.77153419073832,95.66591487725559,23.62893708004002,85.02939379119368,100.7644988126734,0
63,0,0,0,0,0,0,0,274.177046206447,113.51549926554537,96.65029984777291,20.615581133463795,57.668497853387564,95.83914575782295,0
57,0,1,16,0,0,1,0,234.3940317923687,115.77010306934946,98.01849307265525,29.235672252107488,51.64081586818525,65.97624304853166,0
50,0,0,0,0,0,0,0,211.43557470754837,133.22302722413843,74.22063068977357,23.121097577511364,63.58212232089441,76.94491622842924,0
53,1,0,0,0,0,0,0,289.49408928195083,124.41083451513936,79.50445590528155,24.42372537459462,70.10788063949585,58.82094051488427,1
62,0,1,16,0,0,1,0,243.99040612168838,125.10649999436305,74.65957510324583,21.454706470739094,89.35136640787432,115.63149669122865,0
45,0,1,11,0,0,1,0,210.60074387636317,117.3732122837451,92.7411575528954,28.583948916226017,71.63498198420174,104.47515100736517,0
55,1,1,18,0,0,0,0,257.07336831303576,108.4417342752754,85.99467075236488,23.149378222606217,78.05728018766271,63.27990120647965,0
48,1,0,0,0,0,1,0,278.73361018047035,145.4011443326327,94.82973836815886,25.656329077958567,80.01485414385205,96.23413687938249,0
52,0,0,0,0,0,1,0,191.66238514933855,124.5683093828304,95.35286563668679,25.72003742984089,62.717149677947766,88.40762370125137,0
62,0,0,0,0,0,1,0,227.18002781247088,145.61841756324222,61.272886108733104,26.552598541647036,92.51866598253925,66.22308271351685,0
53,1,1,14,0,0,1,0,225.14593182610986,107.54419872941476,98.20924156664647,28.512717857050557,67.02232936824096,84.85952119845481,0
52,0,1,12,0,0,1,0,255.90063529447295,117.36467252950786,93.41033149318861,24.804436475233693,93.71749747159537,101.74284804099389,0
40,1,1,15,0,0,0,0,263.80836620583375,127.13397338737114,77.56930140177403,22.760146914265178,73.48588798243541,103.6181491316618,0
58,1,1,13,0,0,0,0,211.73514790370263,129.18692519004335,86.19751319835555,18.175867001602672,70.94996042864273,135.63562500959108,0
57,0,0,0,0,0,0,0,170.3189482601349,148.59611197050862,80.51596514100756,26.22078148040745,61.670529796124384,84.16865052295061,0
70,0,0,0,0,0,0,0,281.39914520237363,122.52879562896811,89.39266814357411,25.156303933466084,77.36742349438296,76.53085451543988,0
49,0,0,0,0,0,0,0,186.72240809460263,148.42832934183926,77.54324343154148,22.88706139650393,102.05258872843126,94.92922606919025,0
53,1,0,0,0,0,0,0,247.9321050219306,140.24876818831328,87.7471268940293,26.0564650948254,79.96305948482403,77.7918616014434,0
54,0,0,0,0,0,0,0,230.19284045585,129.64924257817512,82.80766365591222,29.30952895772103,78.24524246338686,68.54719787349379,0
65,0,1,18,0,0,1,0,243.1475318289793,111.07142647707657,76.81367315805633,30.358741148283436,67.0007564905301,60.7069855750716,0
51,1,0,0,0,0,1,0,308.6542947551018,148.65125584019304,84.28163493882471,19.505936584459995,82.10380498334136,40.0,0
54,1,1,15,0,0,0,0,369.68439099936046,111.62057571909969,114.4776348818651,24.32046866583713,76.89141368547538,98.90130689477263,0
57,0,0,0,1,0,0,0,164.12875389846124,131.53183163653986,73.77356044209182,29.74020337083355,74.24598630310233,44.32660416235106,0
53,1,1,10,0,0,1,0,279.29187083464865,130.81331025540624,79.00067690486117,32.343768241544396,80.93753741194212,61.76337080422992,0
48,0,1,14,0,0,1,0,229.12509800218356,127.44390686241978,73.98265120440362,22.44921902205049,53.20984825416129,88.72620259748558,0
53,0,1,10,0,0,1,0,282.1055986033523,123.43496609432309,75.24140337366899,31.45112400985357,73.79370609125786,74.6053437247209,0
61,0,0,0,0,0,1,0,278.1195753518832,113.91431271084323,91.78929224062429,20.264605242838066,60.63566585857555,131.43383673109997,0
43,0,1,14,0,0,1,0,298.0287715167192,96.42739837785828,90.59058951563281,30.507966708791773,75.34678197983932,47.28748061914785,0
53,0,1,13,0,0,0,0,248.53845626715867,162.88370412248773,81.92963796014428,24.6447990379581,66.30960749239975,133.49058520570048,1
46,0,0,0,0,0,0,0,196.85863466197895,121.18208378634051,94.31555902322934,32.20757538913938,67.12992179326555,113.75344600816331,0
62,1,0,0,0,0,1,0,276.8165775032233,129.18153390741568,91.52131954593172,23.897472013353294,58.99870460657159,102.90921685726099,0
39,1,0,0,0,0,0,0,241.19189335033883,129.0469975534533,80.05198976768543,24.52944802028261,88.38797965496185,115.10418005898347,0
47,1,1,13,0,0,1,0,225.71089853409816,156.10329541903246,63.59362309846953,25.253090220264223,66.86704202078546,91.30607597046892,0
55,0,1,17,1,0,0,0,215.04614924898166,174.53027287338807,91.95739609538803,19.49809436563614,67.50913651639495,42.82518106405812,0
65,0,1,15,0,0,1,0,280.2787650406257,135.5166432309511,84.0359754520237,18.573862049889495,93.36738085406901,93.8415886656663,0
51,0,0,0,0,0,0,0,306.5482576483246,128.5459412939478,82.26668156440711,27.89163219146692,81.815489193199,47.944465987288815,0
47,1,0,0,0,0,0,0,183.4044874172161,107.28394584249293,76.40742375988341,29.852695624148765,50.584329143856216,69.84766758263679,0
67,1,1,17,0,1,0,0,263.3658986690729,100.24105411291917,90.93578738939578,28.291067761648524,91.62432206066178,80.20411175253803,0
39,0,0,0,0,0,1,0,219.6149638414036,92.97255154782978,86.18195502914202,20.658699981868057,94.77468770039164,61.04556208820094,0
33,0,1,16,0,0,0,0,171.44001447954702,114.4914108904837,79.15806348637244,27.768773854795374,93.65251305907617,103.75902281838287,0
55,0,1,23,0,0,1,0,242.49905611357235,86.00119445911147,67.29454543337306,21.740163707814816,83.01827091613356,77.08357572901905,0
47,0,0,0,0,0,1,0,199.34193767165934,155.73425898228246,94.81514922256092,27.471376103717027,61.77948288082786,91.41408931310272,0
43,0,1,19,0,0,1,0,166.5788579767913,141.30811736785535,89.25886267787052,30.438326495329996,74.40929391182169,81.78349726571163,0
58,1,0,0,0,0,1,0,201.6034192221205,126.46390867693484,85.06483479934715,27.306614098673577,57.618656371403524,84.90212067248984,0
54,1,1,13,0,0,0,0,190.77794761179044,156.40644757673738,50.11871205863203,31.820988999191922,64.60780733397516,61.60205245818241,0
47,0,0,0,0,0,0,0,207.5457784652108,108.43456629712796,81.54526891460728,25.185051367453745,61.669359312447284,54.997046760360035,0
41,0,1,8,0,0,0,0,177.66110061403768,113.9604167819798,79.10555555829204,24.911737782652104,67.47563453772577,78.4633205817456,0
59,1,0,0,0,0,1,0,218.6138352204466,89.45654783336161,74.57805177934792,26.076140320901203,76.96744668253756,59.77937163019108,0
57,0,0,0,0,0,1,0,204.61703836430522,149.03578129044467,91.05082334277141,20.29517155642516,69.66105661001384,114.05178121402417,0
51,0,1,16,0,0,0,0,252.52701059440892,114.17249170119598,90.57832041000734,24.14790058996982,69.14565893652026,50.341993072786735,0
67,0,0,0,0,0,0,0,262.1157154015259,132.34530349206813,87.24189660630866,24.507954004065734,71.50926666331839,135.75105315401248,0
42,0,1,15,0,0,0,0,247.44653737825143,154.0566808126429,94.45469097721292,24.63560023252379,92.99367215462257,88.94657793312754,0
39,0,0,0,0,0,0,0,225.6404438535656,162.15871662098726,69.73241783159389,26.899993785369993,100.96506602820963,83.59451881271258,0
46,1,1,8,0,0,0,0,224.45318578953817,131.35878026720746,76.55615131876831,19.73065060872451,69.59164584216973,69.5738762679417,0
51,0,0,0,0,0,0,0,199.16870055389992,140.45322359796984,82.89750715822967,21.102982666171947,79.03289042996349,97.10918374411087,0
54,0,1,19,0,0,0,0,200.22823498596279,112.11529458703947,74.53597576926502,30.441485346217732,64.90466444932025,77.30167475341645,0
49,1,0,0,0,0,0,0,266.9585701954644,169.03421354616574,90.7260306604425,17.570282281338383,84.2118156582781,88.91090647276285,0
54,0,0,0,0,0,0,0,158.57308565937956,128.34468767341394,75.73358982241966,28.32712138237866,69.28259925686709,101.36193284191513,0
41,1,0,0,0,0,0,0,232.44810271423054,133.76626894109864,97.58044005336106,24.2684053087295,66.46674164292243,97.39411779145388,0
64,1,1,9,0,0,0,0,221.76472129130715,123.04923241020903,70.82608717899772,26.45650217482015,99.01904718978835,110.51680762179714,0
51,0,0,0,0,0,0,0,262.3618124604953,158.38347796510266,107.58380379400741,32.18820501986915,58.72716908410073,94.37034469419798,0
61,1,1,17,0,0,0,0,173.29947272941658,136.39106630783016,106.35156826722907,25.262150577952177,45.56607174374432,60.12084317110988,0
54,0,1,18,1,0,0,1,236.54915104138135,148.74056070309973,80.86296224421586,28.364090822573655,83.81796295378801,40.0,0
55,1,0,0,0,0,0,0,251.0913110198007,139.7870790795354,95.75404541110898,26.040124567495855,70.5884590685623,86.85377577369185,0
56,0,1,13,0,0,0,0,152.19182638054423,127.15099356924789,77.19486327389671,25.35155770401145,67.24804104895293,87.18565255248122,0
55,1,0,0,0,0,1,0,188.72956919408358,152.448308348591,94.15943797877614,24.843981278854514,107.77990800528772,126.29638574754301,0
57,1,0,0,0,0,0,0,231.9612467402372,139.5969562806584,79.88826002251875,28.67433922887553,83.76271887099234,79.3356658105882,0
63,0,1,18,0,0,0,0,258.6224639359094,110.85846066136085,66.57472121789819,22.800432348902504,74.29783082993428,90.61332297162765,0
53,0,1,16,0,0,0,0,244.0299696889588,110.23734955619364,50.0,21.158704926939823,66.50482032326762,99.87505733261047,0
58,1,1,22,0,0,0,0,260.65998712979155,135.27418803869594,78.77543864715267,26.10534739106746,80.34945418598024,93.80838678271272,1
51,1,0,0,0,0,1,0,188.5076094438112,151.9640738525278,85.34875010422351,26.590414414712832,54.2057684496678,101.41070721179777,0
64,0,0,0,0,0,0,0,166.09498461196682,168.06725206714088,97.9637971124346,18.320951521864266,68.80678273233838,63.18118591310525,0
46,1,0,0,0,0,0,0,239.71825545329872,92.90130393322234,82.43950038581669,25.75700154269628,74.55481236242646,59.54357432334868,0
67,0,1,17,0,0,0,0,181.90845751857896,132.56451668017186,94.03492161661106,20.769804623020505,77.56190198036323,75.54710089719659,0
51,0,0,0,0,0,0,0,197.92581765389667,142.7722485678499,76.55270143334168,28.370056740536064,73.29082395847068,40.0,0
39,0,1,12,0,0,0,0,277.02024761236044,138.5047209698848,77.95265236562265,18.404892090823807,66.68146507525324,81.08966942383678,0
53,0,0,0,0,0,0,0,244.32038049774144,154.2051963107416,94.64842819034303,33.692810902438666,86.04794574793846,66.82958887461113,0
46,1,0,0,0,0,0,0,211.00162416876177,146.42174748281306,52.42390618396874,24.41338649179311,55.18015722961053,89.41090667343789,0
59,0,0,0,0,0,0,0,205.28661379579762,110.31899596123252,82.15580594683499,22.25365601120202,71.66491353581887,75.90341785292551,0
46,1,0,0,0,0,0,0,263.32054850312323,109.67458284880391,77.20046380532962,24.63981291249041,68.78483325214813,58.64504530940338,0
48,0,0,0,0,0,1,0,245.32672116859928,138.87400683533792,98.32733445822741,28.080710520398956,87.14211720051199,112.14970784920848,0
35,0,1,9,0,0,0,0,182.5595077378016,153.79111933729556,75.66104446024215,29.450927365863244,69.49340286804762,83.8979393967836,0
48,0,1,23,0,0,0,0,150.29575574355832,135.1551861649593,88.19901963484114,24.67532362889817,80.25196268132773,101.84575335278139,0
32,0,1,13,0,0,0,0,318.7992806361666,97.28547246949788,93.05820363201633,19.90136929927002,78.99656155391295,86.22083259734411,0
38,0,0,0,0,0,0,0,182.21091408602746,108.962228863042,64.08884807043508,20.82958175214906,52.978579894714564,92.67188801776219,0
58,0,0,0,0,0,1,0,259.2186461452054,147.21334882903727,80.32755630071318,26.974189564837054,74.2122313810845,50.69709833301678,1
58,1,1,16,0,0,0,0,302.47048902287963,124.32980799982309,76.82036279096874,29.848041230992855,54.08717013870297,111.39638059099474,0
55,0,0,0,0,0,0,0,242.49429302865886,134.59506067047235,93.35551896195513,30.381648531494886,79.21542262145078,102.2096779586548,0
43,0,1,17,0,0,0,0,209.580786235443,155.43919686133867,90.10098208974632,26.489179559184205,66.23614159227397,81.56667308453314,0
51,0,0,0,0,0,0,0,173.25384216538868,105.55140095236098,79.20157563928981,29.765928221343835,89.24003492219276,88.62404815908504,0
51,1,0,0,0,0,0,0,172.63953640191866,122.886661570157,69.43110339500738,33.6406317921272,72.83078280146447,105.05993478520386,0
42,1,1,11,0,0,1,1,252.57457334176098,120.49679810577324,94.45776035224108,30.6804256222188,65.75932437354918,73.44399530545938,0
64,0,0,0,0,0,1,0,299.84295820979935,139.81885580361308,81.18816668081462,29.580355395757923,89.398306394339,45.58915046271608,0
59,0,1,21,0,0,0,0,218.59979974500072,149.00353992198382,62.579481211990455,22.493115549321637,64.53731802349976,73.87492858918364,0
50,0,1,13,0,0,1,0,211.54829966542798,99.4341159482268,63.61143521236092,29.746740443754813,85.73634073617168,85.50495831955902,0
52,1,0,0,0,0,0,0,266.68916799569223,131.87820009834206,87.25160116087572,27.691053159343863,80.6103440882176,81.25388478231257,0
53,0,0,0,0,0,1,0,205.81832082819113,151.12524028901666,66.69032568681378,28.46764707630527,70.61482052880474,112.30402161856168,0
34,0,1,17,0,0,1,0,248.07724793565052,91.19469806786162,104.31576992324337,30.9705357436725,58.9682663338363,59.922245054856056,0
49,0,1,13,0,0,0,0,237.83926380376255,130.58336628832865,70.75515658768803,27.270087178309584,89.89995050180812,62.834315499264044,0
46,0,0,0,0,0,0,0,217.98340542256557,105.25274230276898,81.99567129571268,25.379560044288002,81.00556868831232,57.66493046141549,0
43,0,1,7,0,0,1,0,235.3163210155931,117.88552812191028,83.90934359392367,21.41355018859023,65.73662375087797,91.86104518632213,0
49,1,0,0,1,0,0,0,313.57869304459905,85.0,73.24746712915785,24.58428309765417,77.93526821513508,46.901223679301815,0
67,0,0,0,0,0,0,0,262.5994495404421,162.6401506126106,55.12207563306438,26.672694295367005,87.07394278478984,99.10639715476616,0
57,1,0,0,0,0,0,0,284.07003538726303,124.17175919712273,84.29074117139473,26.938239294748367,76.34422553036265,60.54365600988233,0
47,0,0,0,0,0,1,0,195.57744811951733,114.24177899120988,72.9611201187729,26.79989282454833,77.86078599183716,64.21864572564611,0
56,0,0,0,0,0,1,0,284.22119049473326,139.2218750000573,83.39846113139731,29.73399042502028,87.38404492564834,122.71518097979836,0
63,1,1,16,0,0,0,0,264.1169009206353,109.06917488088051,80.53202737313549,29.3479952708902,93.44715329163812,110.34933376000062,0
59,0,0,0,0,0,1,0,170.0177717513878,106.98062036461153,85.15949497686164,25.545438210027953,73.56480990045839,84.74190630840874,0
52,1,0,0,0,0,0,0,259.7507922683284,165.227241735902,100.74244144787272,22.326225359430616,58.95068561605909,51.84612253751806,0
46,0,0,0,0,0,1,0,213.4159379810342,171.79058662318957,75.44580384727453,27.371767540788046,59.36908423708745,128.33171650296975,0
57,0,1,21,0,0,0,0,167.98463824167288,118.9745992097854,76.37386414789005,35.00998394522337,66.70808624592131,77.48460429397504,0
55,1,1,15,0,0,0,0,241.71013222241527,155.48180361815594,62.010432366953324,27.11709537864408,63.78130168297219,87.69436245876913,0
59,0,0,0,0,0,0,0,259.7178740067548,139.8328897677379,79.65779258680847,24.5867117952698,54.810373246791784,102.97447668956352,0
57,1,0,0,0,0,0,0,242.67075502036076,100.89571158237231,86.9184398712996,27.99692822511536,97.17390003757859,40.0,0
60,0,0,0,0,0,0,0,231.19790226678677,111.58109833530473,76.19806146914767,28.24251866092122,81.337191147316,67.27914136787301,0
47,1,0,0,0,0,1,0,221.4542451078334,166.12419558233256,86.99716600486589,28.197067461663682,68.71442883798011,80.43428097922452,0
63,0,0,0,1,0,0,0,344.52987241102846,100.61050927786812,79.8698976941297,31.428808799687374,74.60979789129625,85.0065533693633,0
53,0,0,0,0,0,1,0,183.9669469047396,182.1819854376469,66.37280514437212,27.38298112350923,53.5632109499587,52.017042632397704,0
69,1,0,0,0,0,0,1,274.40856722371694,119.43003212994086,85.74382085419725,31.23419016518243,88.8878627749049,89.5057662102283,0
46,1,1,15,0,0,1,0,236.67861071911528,166.77792793845114,79.53001439721979,26.74395986632379,51.60467530147542,82.77602929058664,0
66,1,0,0,0,0,0,0,198.4034737242506,125.27759651785759,83.4730938569123,32.00124289678638,81.12033337973116,120.34830592759634,0
53,1,1,14,0,0,1,0,233.87044177234253,149.59787901302533,75.19660140147501,30.747614302532376,52.9389341430204,105.00668814713126,0
46,1,1,6,0,0,0,0,174.71096394610083,162.69072908265517,74.13516972410926,29.579377587366892,70.03190285856888,75.80711689266722,0
47,0,1,10,0,0,1,0,209.79842210049844,162.5789839889822,83.88892969063558,29.035661516627894,89.9122664672507,77.49040180011926,0
49,0,0,0,0,0,1,0,233.93488966323335,119.14395832255465,79.23280105549438,35.23622247598871,55.39257490029877,105.33342571742644,0
55,0,0,0,0,0,0,0,167.7508494216383,113.13746180221922,102.69133899003118,30.214132113532372,73.21549319737632,88.52335863896025,0
56,0,0,0,0,0,0,0,258.28083169347457,130.21333578547504,91.58476614593397,22.317800281039503,82.53324810872624,50.463931554216714,0
47,0,1,17,0,0,1,0,193.5945141998926,103.38944833725247,88.54005111361226,26.808192261020118,80.57003400413262,130.1571892116764,0
51,0,0,0,0,0,1,0,172.1242778474037,137.2638118634323,79.87023038198302,24.71466125026823,75.84223199734035,59.23302006294807,0
70,0,1,12,0,0,0,0,188.4616196235517,113.94247364989467,57.68771861828189,34.26435289887159,80.94916214805838,139.01629949818653,0
66,1,1,20,0,0,0,0,331.7419831207614,155.81961501794416,72.30886086858786,30.930893994341375,67.67011253274853,91.8429632078318,0
55,0,0,0,0,0,0,0,148.96517775777104,119.45752684320095,74.23247856898818,34.13099920094645,98.19355026399597,67.3848503375301,0
52,0,1,11,0,0,0,0,255.1894159058708,93.67030267143954,78.70018736452103,22.68402243423739,55.672585765297974,40.0,0
53,0,0,0,0,0,0,0,202.9280040751514,162.82012507572452,81.59968600732056,30.31686618205485,88.9448489319453,99.86558279271242,0
57,1,0,0,0,0,0,0,220.5943604532273,136.034096073301,89.87289958582595,20.20543116955227,77.27393444140219,46.342856530758375,0
43,1,0,0,0,0,0,0,262.57296086193463,132.64096758924163,85.27774673284078,19.272257430034273,82.40531077637219,90.21777484246903,0
49,1,0,0,0,0,0,0,260.4120234529125,156.07668526881662,95.91043829763886,24.172479856856214,84.53455221100488,126.47355215801488,0
37,0,1,20,0,0,1,0,206.0493575568812,151.17468305055945,78.25717631776901,32.00073806373239,81.66754324155892,55.833386099707354,0
55,0,0,0,0,0,1,0,176.25574370813507,115.23922203177064,85.08595533004194,21.73027833208896,65.26773887329234,98.97527447767914,0
57,0,0,0,0,0,1,0,263.37420284282814,122.10480466742447,86.1261307333456,25.731071428024702,71.56476372613463,63.33320885826858,0
47,0,1,14,0,0,1,0,260.3045964924111,107.51498449869456,84.94871541230307,30.674255759644133,57.58092399529402,108.06243934568477,0
65,0,1,11,0,0,0,0,223.46134161331972,99.78205478725405,97.38268297528171,29.270293960753143,71.41805128786292,83.51392163896051,0
41,0,0,0,0,0,1,0,255.44555288756865,144.72903576813857,91.64529187296631,34.886364972722724,78.87022793770132,81.56154184936824,0
39,0,1,11,0,0,1,0,216.38350283707643,140.628054820917,66.16716136598293,25.81382516806043,82.28553930428043,109.76763116393008,0
53,1,1,16,0,0,1,0,199.6103471384693,148.73824265349538,80.62802681128792,23.989318867014262,79.69721213993114,96.38172614645522,0
60,1,0,0,0,0,0,0,236.1743359693273,160.19531971291073,81.83231581324246,21.312627567576193,53.93892310283839,63.4921521139366,0
66,0,0,0,0,0,0,0,258.8374406080268,149.0384454883648,107.81849276434006,24.29120024551866,68.25391281095126,123.1036087003489,0
48,0,0,0,0,0,0,0,249.6070118603071,150.99610847871568,78.04250582505436,21.275244267337794,67.05300612758967,46.67599086755096,0
61,0,1,11,0,0,0,0,258.4031579233736,86.28485232021299,70.21019315996583,18.434574352370582,59.2779848010797,88.34103319989536,0
51,0,1,12,0,0,1,0,202.53452957527847,125.24632467765014,87.25990515371973,33.84990958350256,64.96879918675488,63.07411210954615,0
50,1,1,11,0,0,0,0,305.60276948936314,153.2206828827397,87.96382863548536,26.00051787702911,75.01535016443411,47.7938317261691,0
59,0,0,0,0,0,1,0,220.93524236510052,106.29940780348524,81.1147256352437,36.425014172039425,91.96546224934113,55.9138367746064,0
57,1,0,0,0,0,0,0,230.76771133503,134.0167704224308,79.35686796434932,22.358917409642817,63.563228049492054,80.8674910436655,0
38,0,0,0,0,0,0,0,177.9791399944138,143.42821769349715,93.38684747274502,24.04188470431356,61.453626779931625,90.04371557541707,0
64,1,0,0,0,0,0,0,227.4703731229195,141.7427768644467,71.75682214888215,22.620987051795872,67.80633067626535,106.35543211758662,0
63,0,1,17,0,0,0,0,259.41846042146676,140.11351877508258,77.90855988557757,23.172900133529666,79.04959664503333,115.94883971605452,0
46,1,1,19,0,0,0,0,269.5504669584773,145.17607981900267,75.73420165463935,29.381775351258717,89.68449468430252,88.38680438339284,0
55,0,0,0,0,0,0,0,304.7253924362184,135.97636568842083,95.12673517144705,28.121928261683937,73.96189310772037,71.80655458597141,0
56,1,0,0,0,0,0,0,258.8903354163203,99.8155794373977,85.42593043943613,29.389178644212823,57.64945504857587,105.89739806110556,0
54,0,0,0,0,0,1,0,248.18418061518693,143.15302177887685,69.22007083214476,31.303313527822958,60.203006060639396,67.86324586242814,0
47,0,0,0,0,0,0,0,216.36301509336997,138.26442433218236,70.42592328084677,30.34015568108668,77.25937666391933,45.300865832278966,0
46,1,0,0,0,0,1,0,206.8834220377477,100.10553408118002,104.48098148334581,21.665192047787855,86.94305273611268,103.59726478618144,0
51,1,0,0,0,0,0,0,278.69093464539884,162.35417464390457,94.99861297728448,23.65234388895699,96.78890309809539,112.44997259171033,0
61,1,0,0,0,0,0,0,277.847095476512,143.7444293944569,92.09860337828175,26.298079521293715,60.811189981167175,63.098332094304126,0
56,1,0,0,0,0,0,0,188.611441162654,101.63233693849591,82.14696329168011,41.08411671352907,76.67729257541183,127.098932760477,0
48,1,0,0,0,0,1,0,267.8162190347532,114.02104639261269,100.10167888144491,28.966840582738637,62.64185955305761,95.41020333322506,0
58,0,0,0,0,0,0,0,264.6168824214171,119.59085508158404,68.7591425682609,26.23742411446784,64.21647989298448,91.98112549319254,0
32,0,1,12,0,0,0,0,186.99240905937546,119.57520434638573,91.03561014645389,28.56042635915758,63.20025921270191,70.11621972757845,0
61,0,0,0,0,0,1,0,259.7800994107238,138.44710415400573,76.68071792169324,23.327232376915497,70.9888660227056,105.39764166960194,0
37,1,1,23,0,0,0,0,189.8199557828005,110.52026147671825,79.01328016413724,26.875944595109452,64.41265096833035,46.93930307571593,0
48,0,0,0,0,0,0,0,129.1111094223665,156.81900843668257,90.70947117798865,29.7141149577213,104.74615268320161,74.18481975173579,0
42,0,0,0,0,0,1,0,228.95549379754982,155.00767593009581,80.27730989582192,25.681117693380504,69.48389060057194,65.13724557286886,0
40,1,0,0,0,0,0,0,247.34384703121952,145.62498081119097,76.7836016864649,22.69813165840653,86.8533373303139,51.89454674661009,0
61,1,0,0,0,0,0,0,230.93688458514302,132.9733190586647,76.0581082229449,25.480716384013263,67.08566790438242,101.84871147226009,0
48,0,1,16,0,0,0,0,362.15269995627085,152.6238453333338,58.16385105386651,24.489735904755648,101.79888635841874,89.84618496159068,0
54,0,0,0,1,0,0,0,252.66945408633887,125.9291500983118,91.15844343130787,20.235777579349325,79.06877977702595,100.50790461946562,0
51,0,1,20,0,0,0,0,242.47424004914282,116.0612450495694,69.92043912641448,23.456636143210307,85.04318075433626,75.59909979475904,0
56,0,1,18,0,0,0,0,254.90201734582,158.1824122036343,104.30091286791134,20.08946757604518,67.90706988472874,104.65682969538089,0
52,0,1,14,0,0,1,0,216.58196380639572,138.98594065441821,78.5486494022201,20.7291409489663,86.7172872612285,83.77426039524951,0
41,1,1,18,0,0,0,0,276.8970787321157,116.95073190720939,97.71327756935149,21.122127599747476,79.01866830981501,71.1406343186337,0
60,1,1,16,0,0,0,0,251.88408563179246,122.80966792508525,60.291627607807825,29.709150322726035,70.45226944949755,67.30555839201944,0
47,1,0,0,0,0,1,0,249.86755497126958,115.7985843571641,90.77779625438319,31.905576759773954,62.041302762844424,40.0,0
38,0,1,16,0,0,0,0,208.53871019385468,176.4878468942293,93.86266879014174,19.50207332414327,72.1494778683651,108.78053997858956,0
48,1,0,0,0,0,1,0,167.1694656362399,132.09016562391153,97.6427636123732,32.27875303172541,71.1222782565304,106.17081888549943,0
64,0,0,0,0,0,1,0,213.9390120805992,135.4709688475807,63.66353472656064,21.18096389086176,85.42833931903711,149.32948465901816,0
59,0,0,0,0,0,0,0,248.43588967543525,147.86681905296268,73.56737635495685,28.862208385286667,72.21301361282805,74.30374679288636,0
49,1,1,23,0,0,0,0,216.43322289122236,105.26205838264588,88.91811943307296,26.860090140141853,51.94147556058618,66.66374714767207,0
49,0,1,20,0,0,1,0,248.8359953509643,156.1240398582969,83.78130374612931,28.4069913333227,82.75416058203817,42.86698988040924,0
49,0,0,0,0,0,1,0,225.7760774183226,118.62738512266723,85.52031571076601,21.020453483475055,90.5179989832595,104.07922590737866,0
69,1,1,8,0,0,0,0,254.94549732356703,172.26035829453326,77.67656073028802,18.369335141044367,55.00719017965871,98.78600799455022,0
55,0,0,0,0,0,0,0,193.01973846148618,125.12150793967895,100.6095833806683,22.508075518456458,96.65676736075265,117.69093814386403,0
55,1,0,0,0,0,0,0,244.48716052294358,154.82808032479008,113.30158537935776,27.550161464838695,91.75982163784022,60.91723355329616,0
60,0,0,0,0,0,0,0,207.79801756053854,85.0,83.24775908810906,33.82330711949203,67.42943201840434,98.47640798269903,0
54,1,0,0,0,0,0,0,168.315550546252,106.14707232610866,87.44105494606302,21.578133249487074,61.59408471818824,69.99306674405764,0
49,0,0,0,0,0,0,0,228.7332185867515,125.54064250205222,82.67492494747381,25.39476630474193,87.63572948310261,112.90547246079286,0
50,0,0,0,0,0,1,0,303.59797324799405,87.32277404125239,97.40864078856924,22.728775286110565,58.56420984554319,94.33294779432251,0
51,1,1,12,0,0,0,1,171.82263805477677,145.21945787451088,91.94939541108174,25.72937265061699,66.97991306139113,46.219037286828126,0
51,0,0,0,0,0,1,0,241.25325901734476,138.88507875959746,69.20343315235787,17.88378001977839,59.21844310192457,78.98246808740728,0
58,0,0,0,0,0,0,0,271.09339078362586,110.2017917030827,74.64757587406426,31.941977675098595,75.07089371377087,40.0,0
52,0,1,8,0,0,0,0,337.2013501463559,131.64891014298104,69.88843848392935,25.898547920973854,92.58222172046553,55.24452061782985,0
58,0,1,10,0,0,0,0,214.31094877234574,149.74249905830874,114.33786798634613,29.56037922234295,79.49900201221593,56.635657833645624,0
51,0,0,0,0,0,0,0,208.19197339741024,85.73291062886057,89.62374140298482,24.84797170418666,87.2168939846739,67.25834666692165,0
52,0,0,0,0,0,0,0,184.66554337867228,103.98324164283756,74.8517652866826,26.58157511212047,70.77837029358379,75.95822696789318,0
35,1,1,13,0,0,1,0,286.1827187332336,124.62805741708642,73.89337551250192,30.42837721985166,76.16763395234214,85.78541118674978,0
59,0,1,16,0,0,0,0,197.8337695134807,132.52191978591446,91.66277527560293,26.340038974686323,60.28274682420564,84.63455111826948,0
54,0,0,0,0,0,1,0,219.6937570018846,130.71054872476603,92.8590417959096,26.487595928873368,73.83736885754021,81.45122392379594,0
60,0,0,0,0,0,0,0,154.64673339566477,151.56448527958563,91.57729255701292,22.544841725235457,66.0483586841215,89.64486484510614,0
32,0,1,14,0,0,0,0,274.89476107785515,142.49864740441873,76.89331169620337,23.60886339711569,73.07675641948474,53.25472324915979,0
69,1,0,0,0,0,0,0,286.96336435423314,147.3259664925633,85.67012373297013,21.647455884852164,72.25185512858437,83.6831104336108,0
50,0,1,13,0,0,1,0,273.2141027977121,101.42273387830397,83.33098117160061,22.774127887233373,71.22672146383182,114.99255760992196,0
61,1,0,0,0,0,0,1,165.3656876204364,135.18612480558636,70.76487553073888,30.930039352903087,100.29068399916207,78.18653498212988,0
43,0,1,14,0,0,0,0,262.7146457942895,125.24286479676525,70.88207388548774,33.21529817102927,96.21053583254312,93.37747360802872,0
57,1,0,0,0,0,1,0,162.40250307214396,164.16558139671287,86.94358053451762,20.6861729730195,91.99370857850091,91.23736836894695,0
43,0,0,0,0,0,1,0,238.55377329082657,135.8367040223138,84.3574129725239,27.42020431865078,96.54070760996709,101.83217390385941,0
46,1,1,18,0,0,0,0,245.0234135192871,117.28081343624736,88.64022053010653,24.49746530017818,92.0316317913344,88.60419469395976,0
68,1,0,0,0,0,1,0,249.64806159676365,150.75502807101088,91.49227646432462,31.527571123534628,74.73147199067792,101.44340026008462,0
50,0,1,12,0,0,0,0,259.5240074360486,144.39255150902224,99.99259146997035,26.35292689452947,73.50108473952974,93.6677017210812,0
53,0,0,0,0,0,1,0,235.64652144339203,113.92476320190944,72.68914736660744,25.76934961056244,77.82480300624695,97.1175551999639,0
59,0,0,0,0,0,0,0,149.6531014399437,124.33322653907815,89.56283438470459,22.746445820145084,72.47178097541504,92.16893577240256,0
56,1,0,0,0,0,0,0,259.5453243871794,124.70817788861605,90.99038579834422,19.5197018397211,62.51945542281058,58.84384499992474,0
53,0,1,13,0,0,0,0,240.2947582096209,159.00414403014983,78.25443504969466,28.9198477792729,78.55926306656417,55.072420026070105,0
55,0,0,0,0,0,0,0,196.28472917966573,136.4713212253257,83.46235820283123,27.24721215648092,56.20654699736003,73.87576845440196,0
72,1,0,0,0,0,0,0,166.9465134699892,147.98921452832377,78.56129731964711,27.34752097613376,76.65169968547632,117.68773214805603,0
51,0,0,0,0,0,1,0,303.7609761806718,121.14802213513818,107.3030846002861,23.342758879099748,63.06272537908627,78.05197998967168,0
53,1,1,12,0,0,1,0,290.17722368479,139.3656064050677,83.25823228529327,25.202349373408847,74.0275335555516,89.11986814944926,0
60,1,1,18,0,0,0,0,267.062125921528,160.67393986445248,87.41806130453672,29.043391043065693,77.29444131046962,40.0,0
61,1,0,0,0,0,0,0,206.24280390567307,124.05631116448575,78.83218843699346,29.82666178189756,70.76575834316617,86.45606371536644,0
62,1,0,0,0,0,0,0,125.25219570269323,134.53340568443107,76.24438520499052,20.96826637473403,55.313869645552145,83.9758844235825,0
57,0,1,15,0,0,0,0,269.64588371915033,102.00726236277264,66.37596805957988,23.20327291094427,60.743773998605796,40.0,0
42,0,0,0,0,0,1,0,252.1342180496233,115.1577220219794,95.198423496704,20.101477969504217,80.4989234601606,88.69044566532813,0
65,0,1,17,0,0,0,0,219.51485840082424,124.6422563760479,91.22124996875921,26.6251840916328,68.31069367383735,44.02744719692965,1
42,0,1,16,0,0,0,0,285.49147749470654,108.66153520306214,78.38684266672259,29.425787079623237,81.73019703341276,65.31696920702224,0
54,1,1,15,0,0,0,0,273.3118914943654,161.08342090548064,71.1955611632327,24.657266380097383,75.11641549957882,104.87285630532371,0
45,1,0,0,0,0,0,0,243.74820148215738,113.56384555468672,84.15890231704172,23.08228781290117,72.62601730667427,85.62138511726783,0
51,0,1,22,0,0,0,0,237.542570386329,149.3095690265794,76.02763832443637,24.425262399398306,79.17172305745834,71.68564790769544,0
54,0,1,15,0,0,0,0,238.24257957438599,136.11039722569248,79.33548917641454,35.2558845914036,66.90123513726229,69.7162704150143,0
54,1,1,18,0,0,0,0,265.9173544047288,132.6787428672302,66.83728066476539,30.686905209686547,79.80473901687702,72.3861786264371,0
55,0,0,0,0,0,0,0,198.27104075210852,164.69560018923346,84.60483496777636,28.79708840819161,69.96591501023569,85.70044595328837,0
65,0,0,0,0,0,0,0,254.7432573585416,85.0,84.84403842386499,27.112278371888955,105.43542670847323,54.38521427989519,0
55,0,0,0,0,0,0,0,195.493998443338,127.68349226989169,95.13667461087621,25.7477599950619,61.39277259436699,107.86160176737327,0
49,1,0,0,0,0,0,0,294.8084275570983,108.23163259556027,80.19110117640872,22.082808127208946,70.71301643923148,55.60603538581641,0
60,1,1,10,0,0,1,0,259.4136571493103,88.84875099907318,77.99725027355396,21.44706926033707,71.19711603656934,42.27767674468877,0
62,1,0,0,0,0,0,0,205.7179564878871,105.71590185733079,63.318869606593296,23.471566226295835,58.77761326726956,104.79652203478261,0
41,1,0,0,0,0,1,0,239.546216257309,132.37922577006756,95.21153138035154,21.889502492811662,83.70975106918232,71.95080954663223,0
57,0,0,0,0,0,0,0,198.43339927876622,116.0423631574582,92.71387739868351,23.307966855718636,69.85531102703301,83.62057058515936,0
57,0,1,16,0,0,0,0,302.180964858835,151.72549897615326,82.34486129688162,25.382227932909732,46.44266133989839,97.05651339121853,0
49,1,1,11,0,0,0,0,307.40654331673323,127.29539134529072,66.04922734563553,25.696263486891873,83.341542858544,65.4529501984253,0
63,0,0,0,0,0,0,0,266.6338420327653,124.85575619613925,67.4256756269423,23.256436770923656,67.36597462376572,85.15435230412847,0
50,1,0,0,1,0,1,0,304.4928889768014,124.95381908886597,75.43472885482852,27.830359174024842,73.7411829249628,96.90894457653634,0
53,1,0,0,0,0,0,0,242.67902175039,129.83312306515015,93.58270850639997,25.02507387419163,83.1218709582703,119.79440237512443,0
50,1,1,17,0,0,0,0,269.5945529556911,122.79347223125943,85.48405162289964,26.68026438783054,70.62352097973462,70.24564547252777,0
52,1,1,15,0,0,1,0,289.88787896402926,113.2724186535884,64.0797137334187,22.747179421772348,70.52524032712095,71.35221439174683,0
42,1,1,21,0,0,0,0,235.74728179729965,153.7620674474728,86.85054297520264,28.64077747349103,104.57642381186596,94.95651224448254,0
39,1,0,0,0,0,0,0,239.12856972196317,118.2699088914432,71.93024104994971,23.607130988968507,49.155051022380924,86.79763817335328,0
65,0,1,11,0,0,0,0,277.0808904628715,123.5624144403839,75.73345328185425,32.39507237062849,59.568414160446665,78.8481775316189,0
44,0,0,0,0,0,0,0,264.4459104862237,141.44691176198683,93.66085615026046,24.877535448226215,61.89526878089467,118.63186959769749,0
43,0,1,13,0,0,0,0,202.75972831115368,139.01230741545956,91.18604900536998,25.411795347872452,96.46827289090811,43.303942805833714,0
33,1,0,0,0,0,0,0,139.77950766405536,112.3443626283869,95.11719859390507,28.233712794003132,67.26464032749541,49.29985463946918,0
46,0,1,10,0,0,1,0,228.27676524572988,148.60960277043642,81.72239777098946,29.128585793165445,77.88250649814805,43.569715385626125,0
40,1,1,14,0,0,1,0,143.73577611409212,143.8287474764449,92.59629469439425,29.570334088784456,69.31106156493212,109.6386391029994,0
65,0,1,18,0,0,0,0,192.3952372113559,135.9154463521196,74.96636483484332,33.079910935357276,82.23840410797065,93.83863638807038,0
60,1,1,12,0,0,0,0,197.5313738831831,122.51102928720718,78.90920878473648,28.51373064595654,74.84743742746208,50.47286307106333,0
46,0,0,0,0,0,0,0,210.97973831863445,123.05192480852901,78.08448130714251,25.525355395736668,78.03719035439487,79.1702319989678,0
71,1,0,0,0,0,0,0,272.0992783431958,127.5604637339646,82.28638021869392,23.62845174685255,90.44695645563817,81.36346135320372,0
60,0,1,15,0,0,0,0,281.65789979213145,104.89969729518916,66.56210696425507,25.25130403888132,80.28323576218759,40.0,0
49,0,0,0,0,0,1,0,258.3845916715171,131.13609413086695,79.29994116251966,31.884467610758424,66.17919147052486,86.33037394275144,0
32,0,0,0,0,0,1,0,263.8303069467194,151.62624488983397,99.41988761822486,20.11343815760829,78.7448045890629,54.91644057093392,0
71,1,0,0,0,0,0,0,264.86930008022046,151.28016617634853,68.88966205826279,22.442066722517716,104.02383298017463,98.25337657849308,0
40,0,1,14,0,0,0,0,126.13948038627935,123.62126103191804,66.04814461701962,24.902154351512397,81.77964562804509,55.62035134706461,0
38,0,0,0,0,0,0,0,236.44869800831313,155.4098319999618,67.01574006805326,22.387506574858367,76.82291585974802,87.04067587198367,0
60,1,0,0,0,0,0,0,156.95581626851975,173.9299001996478,113.9423133288957,24.12403486214719,58.55336456687159,111.77511535416659,0
72,1,0,0,0,0,0,0,258.4021369295478,125.04343422421779,87.57822377044454,33.205561607220694,83.69302236797945,104.41488186330422,0
63,1,0,0,0,0,0,0,143.90324151793334,147.2133235415077,78.7568153879034,24.577818537517167,85.46672256218064,93.66479232549445,0
56,0,1,16,0,0,0,0,228.06070444456924,85.0,82.81984495609764,27.487759117168075,78.7526777614476,80.12928174183983,0
57,0,1,17,0,0,0,0,260.10187014486183,104.3207719799962,84.73167279096181,19.001392915017487,76.36912942912558,47.497602547002536,0
59,1,1,12,0,0,0,0,186.81865027408227,134.00466264533745,74.31460029124743,21.2800071957943,108.99047617408722,71.90079567311207,0
58,0,0,0,0,0,1,0,278.3155022625817,109.85187262459546,75.79339901549076,29.624002799450203,85.26513298949288,76.80185810672313,0
54,1,1,12,0,0,0,0,258.29137547787684,176.86244498389385,80.10780241357564,32.638916598034044,89.88033914211556,75.15008609988513,0
52,0,1,12,0,0,0,0,252.75628661686804,145.15335312052417,73.30293894118113,26.70778344888295,75.80258585306186,46.728988426648364,0
51,0,0,0,0,0,0,0,266.7120698504634,153.24829623087888,77.23678471574574,24.545333336502374,73.42086698354333,91.99199913094901,0
45,0,1,10,0,0,0,0,220.19519613826714,131.36141906446707,86.23709892796415,27.83426268664412,82.5851889324257,54.83893953651842,0
49,0,1,10,0,0,1,0,242.6844300052996,109.92942356299966,70.03416184455881,15.150518483503124,73.40948565356483,117.56050570293004,0
37,0,1,22,0,0,0,0,236.44226917830477,120.58617379215264,113.31939305137422,26.739397508423977,74.39479218386282,85.40448726232998,0
51,0,1,18,0,0,1,0,235.44784643688962,137.59637055177993,91.0378793306344,21.510946539559246,80.55846818249235,104.52304044433241,0
43,1,0,0,0,0,0,0,206.4306326275286,117.96586255500175,66.75898313784818,29.055781227118572,68.84628185259203,104.04764222794286,0
42,0,0,0,0,0,0,0,181.32858695220096,146.7662238179984,52.26515789079266,16.81157447645813,77.6449105807154,129.79242775691114,0
53,1,1,13,0,0,0,0,221.17823263126309,147.65112932250204,73.74996057834666,23.22365849877195,75.96100975831261,86.18326312049821,0
63,1,0,0,1,0,1,0,218.75429208345224,132.10958868667095,90.21232779528697,25.63199906375722,86.6043076494484,73.02859125437134,0
59,1,0,0,1,0,0,0,203.58383654925686,91.83602808562601,87.88563873340127,22.67665614988059,67.66422794217512,73.47194059676691,0
38,0,1,11,0,0,1,0,273.49036639964106,169.7252685406511,80.66981787581665,24.260513959228618,51.00081713667048,116.41036075081544,0
43,1,1,20,0,0,0,0,184.42290881435304,127.3211971528306,74.78269046628297,29.508180837773683,71.2723809582879,51.63458543377942,0
59,1,0,0,1,0,0,0,228.45359700878538,191.6040862663628,71.15042351209684,25.699566340479244,79.76743227269696,61.803134701556814,0
43,1,1,14,0,0,0,0,287.3189473086951,146.3557853197483,77.16900314668591,21.984618699645242,86.56928948592284,87.45081049682366,0
50,1,1,8,0,0,0,0,276.0016915143803,127.38098831189475,69.85144031406877,29.655640270631945,66.68588396673822,78.4856585574826,0
56,1,1,11,0,0,0,0,289.51693094428043,141.85208128295608,77.21346692549861,26.829021563191766,81.50519831571468,104.25582252721517,0
43,1,0,0,0,0,0,0,210.005654595534,87.57571862427054,97.97141122987387,26.999198666298486,88.62185238741638,51.210055537973304,0
52,0,0,0,0,0,0,0,270.50867753201914,154.57513287119127,72.74512240900721,22.140704796564776,84.01500795726588,80.46024182443642,0
40,1,0,0,0,0,0,0,189.2293025329622,188.47270722564846,89.33057539662386,15.354812642085587,65.51237875865102,77.69872992207084,0
46,0,0,0,0,0,1,0,223.86154594407222,86.03686357544566,91.16108575581043,22.084861943238874,66.80128350195159,57.33838867468614,0
54,1,0,0,0,0,1,0,228.0027443256715,125.67700178383443,69.044784177569,21.66773883005452,80.22004139609574,102.209182774557,0
38,0,0,0,0,0,0,0,210.66303066328754,129.68256129858642,71.87953750528595,23.285482475559043,94.50408374550119,79.88896133855403,0
55,0,0,0,0,0,1,0,220.0801845242809,151.2550298415874,94.82732124384148,22.34839176943155,75.16998191258907,78.91628395051258,0
51,1,1,16,0,0,1,0,214.29145919011648,178.33146483164182,70.89083152419163,26.262063887092562,73.01606736804511,63.03182048282598,0
56,1,0,0,0,0,0,0,192.7746723115254,140.42340669710242,81.31017100947037,29.411597631287382,58.564590418645004,73.49309159593608,0
53,0,1,24,0,0,0,0,273.6821942642548,179.1194201327416,106.4798058660223,30.212261852146806,70.6285574421096,58.50256545482698,0
63,0,1,16,0,0,0,0,227.97219987353216,135.74951449146258,93.75798708473637,29.232568619290877,66.41714215298654,101.86662686338181,0
53,1,0,0,0,0,0,0,244.86320793236058,141.93132401351704,83.02276542082679,22.119737599172012,75.3263924901949,105.75476792537204,0
48,0,1,16,0,0,1,0,243.2061823324856,139.22118245552562,92.08876689437506,26.04149325261134,56.846112084777985,120.64141507045179,0
53,1,1,9,0,0,1,0,238.40796270484094,158.8465952261119,81.32893497623178,32.21717997749722,71.05691454727548,91.98322766919338,0
56,0,0,0,0,0,1,0,240.08340002648285,122.70893672157553,94.21878199844168,19.302589234811073,62.892787850865766,74.19797235379826,0
52,1,1,17,0,0,0,0,222.56164231863505,150.0023086927532,57.44481482384235,31.32774318214304,86.28275167006618,71.2138458687992,0
52,1,0,0,0,0,0,0,298.40946221465396,104.92247466235861,80.32880804350066,21.715976320802316,64.68993170548221,93.28490500602734,0
46,0,1,15,0,0,0,0,269.4727695119558,125.740909697669,56.96392112088614,27.00443767909474,68.13180914820309,86.61986175490102,0
46,0,0,0,0,0,0,0,236.80880944192486,117.99164029534622,83.93626225878195,27.492418979573017,78.3855183114553,77.9932126341368,0
40,0,1,20,0,0,0,0,216.32960481749322,133.93515428959472,79.16586522072761,26.57864344993483,69.5554130699529,75.97219273185644,0
66,1,0,0,0,0,0,0,230.77188291992047,125.0462455131168,98.32875815970796,34.93673886623057,103.31343146983589,108.93737967776731,0
41,0,1,16,0,0,0,0,254.37534672035682,156.90694123405345,90.54192842317201,24.5665892080677,86.16618188735306,72.06751109220804,0
46,1,0,0,0,0,0,0,301.9973640715977,112.66930190622386,75.6869477495192,19.07809971281307,75.20647893977062,112.97354631722897,0
45,0,1,14,0,0,1,0,175.58590803473805,93.91104941215772,77.12540492102963,27.261432976860064,79.41721662536406,86.18913246200472,0
59,0,1,7,0,0,0,0,265.0300893802382,102.13975596634575,86.56835836275737,25.102836062629716,46.73492174837297,73.53874121859975,0
49,0,0,0,0,0,1,0,285.5758400182599,153.87169701862902,75.12927288936072,28.074684953698608,89.78070208452596,63.938807357890894,0
62,0,1,14,0,0,1,0,170.5843873241698,110.66973844704312,81.61152656338547,29.416590491682303,81.14276003720605,78.44593121154676,0
46,1,0,0,0,0,1,0,228.0293614238239,140.7525771414556,97.80037677417843,25.6618723460117,74.12210612487092,93.57741042268589,0
54,1,1,14,0,0,1,0,189.1612091843463,125.51467492854225,72.05043779763545,27.588872765633422,81.79019619305305,73.32870195693812,0
44,1,0,0,0,0,0,0,254.94330291378952,150.1333692045716,76.62790760852326,26.391375522171824,83.25419092611368,101.55771771855014,0
70,0,1,14,0,0,0,0,220.2325589763557,126.92315448743457,78.3108118546082,33.14673852070632,70.00352979196501,72.17994676214754,0
41,1,1,15,0,0,1,0,230.27388105727448,192.815667354577,119.89688111422748,24.280696813242574,79.56194449394101,79.12995460500396,0
54,1,0,0,0,0,1,0,217.91354447974715,173.7585743480071,89.29891195008601,22.983012188159563,87.5846944978404,52.406028742695575,0
57,1,0,0,0,0,0,0,267.6871910418038,125.06537603107476,95.5848200685741,29.410996702756037,80.45877291842658,94.86796724650031,0
55,0,0,0,0,0,1,0,246.0774502663181,122.0530390399103,91.21750854254061,21.990362757094864,71.96872815315193,75.85495904790001,0
50,0,1,12,0,0,0,0,246.16077761774486,200.91117531778616,92.02472639182359,27.40784700288844,78.55980913989441,118.31402166872549,0
50,0,0,0,0,0,0,0,243.06736030358397,108.26527885077103,87.68288244798745,25.104684469956467,91.58686876347161,98.21063039717052,0
52,1,1,15,0,0,0,0,261.18959873989405,130.78948194579633,86.38323040070911,25.384585193378076,84.40771129218541,83.94349479573586,0
50,0,1,20,0,0,0,0,224.47323838632178,132.49387623351942,64.59106414637756,35.7929489584417,61.043194148735495,110.17904848361889,0
60,0,0,0,0,0,0,0,310.8340906518008,131.94856624807937,86.29437467611527,30.85975565418116,82.04020577054905,91.31750353670846,0
70,0,1,16,0,0,0,0,181.66903094638513,93.74834214832842,80.6998768912845,29.988476086609673,80.44989486230227,105.18998277965973,0
47,1,0,0,0,0,0,0,160.05958828053545,142.92525301287068,88.54548283419395,27.97533962595559,88.96936228453885,62.16545550788264,0
40,1,0,0,0,0,1,0,156.41805498122278,110.65229798936903,81.14969000031464,22.96479210209528,75.3938341551576,92.6073437395457,0
51,0,1,7,0,0,0,0,144.49812275113283,163.59176073171955,91.1579715127359,26.872074915624655,70.56791650321577,93.56260279386922,0
73,0,0,0,0,0,0,0,265.61947185209107,99.96876906643831,93.27919085379017,28.191629633397547,58.58202222651669,46.470955499911696,0
45,1,0,0,0,0,0,0,260.2601787684362,133.30825040226048,50.0,26.615840263571414,66.66486711610455,116.65238567406297,0
65,1,1,15,0,0,0,0,289.1421656381262,85.0,76.7932861820085,26.188476342110242,89.49534683702753,55.312358072791554,0
66,1,0,0,1,0,0,0,189.50791855295702,85.0,59.71135712934248,24.17045787496344,77.37547784039016,52.12386561422064,1
47,1,1,7,0,0,0,0,268.800304008802,113.53425691756209,84.86733465570393,26.92118046369326,73.80254623887629,40.0,0
56,1,1,11,0,0,1,0,238.50025873456946,116.63937818858538,78.39149946575199,23.64515745904054,90.54748539111067,92.89868661601636,0
65,1,0,0,0,0,0,0,243.32980596285782,164.24598108576757,98.26994164703927,28.68403503622577,88.07522960815183,44.20949518096236,0
48,0,0,0,0,0,0,0,263.52740739538274,131.10697960223823,84.48693594161053,17.53533807525369,66.17105335646389,70.11085181378955,0
50,1,1,23,0,0,1,0,202.72360295325248,160.43295182005417,76.17364028243544,31.370848622444765,89.41195600351601,101.27097291188394,0
47,1,0,0,0,0,1,0,349.83896195779744,123.64469491711311,93.26285847814701,20.422169802341653,55.09702763185035,86.41721692293659,0
43,1,0,0,0,0,0,0,294.60273338811555,145.3338740233673,78.18157050607068,21.42425440131482,80.51453930280508,67.654963005918,0
46,0,1,8,0,0,0,0,212.60493802420413,116.03954302778418,76.02402932927598,27.476302161048885,79.0957007687264,45.4143712510373,0
41,0,0,0,0,0,0,0,188.0075254601727,114.54359247983078,86.72350497570227,28.013761504454116,88.79738295166146,79.52490363553545,0
52,0,1,13,0,0,0,0,232.13221688059357,91.94129694380632,101.35565667927366,34.32093970325791,79.57214011494608,101.67133106402025,0
45,0,0,0,0,0,0,0,244.01937151760987,139.38658786472806,92.24262289887787,27.014766570167417,72.06527761436388,98.11923827531193,0
53,0,0,0,0,0,1,0,282.88707142716567,137.7658351234033,88.80317158337772,25.63413545942938,73.01324710739902,123.09595922587295,0
38,1,0,0,0,0,0,0,184.57627989099365,149.10088352028876,115.01138240225995,26.58432745202558,107.31898784091943,66.97045281340296,0
54,0,1,16,0,0,0,0,248.5614255007633,136.72820231711069,73.21107956368608,32.32099982127989,75.99168537577916,51.70822504457281,0
59,0,1,18,0,0,0,0,168.72333892574926,176.57631149826727,72.94338595669471,35.74003996172396,82.16490830337064,89.1288725134217,0
35,0,1,24,0,0,1,0,255.19973411008922,135.8726080069052,83.74683376527692,25.04231877447316,50.74605888041375,86.86268825642097,0
55,1,0,0,0,0,0,0,231.26981429984576,153.82018771543866,100.18031660925658,28.025366906305663,65.07171722214383,81.88822890596991,0
62,0,0,0,0,0,0,0,321.2139095405736,124.86960017401974,70.69976828446477,25.495004343568343,81.2252165355735,64.83284577542467,0
41,0,0,0,0,0,0,0,167.9758880543342,112.01365924536944,103.05487117075671,25.413508000859153,55.62572971774331,40.0,0
66,1,0,0,0,0,0,0,296.3067687855646,147.789293744106,64.73053012709934,33.50410755784554,81.59278600400701,58.84789497051135,0
55,0,1,5,1,0,1,0,161.03142125268639,130.0387442679525,80.54538339134587,22.004499932159693,66.29849574698717,94.81257472478676,0
46,1,1,11,0,0,1,0,177.6027479261138,150.30494701045166,84.0815879880238,16.229447043578354,62.593784280534294,88.53116276322892,1
51,1,0,0,0,0,0,0,162.2078394272247,139.76460392058297,71.40841700418517,27.10152187209087,66.25396495646127,104.20107201347938,0
56,0,1,14,0,0,0,0,247.01551477184637,114.55370681061656,74.54518762081359,30.724126767924503,93.33046629773233,89.93918390774662,0
52,0,0,0,0,0,1,0,184.35725232683572,155.63543330889462,91.55956575202799,26.701576167629227,79.00101505788335,98.92839657941593,0
56,1,1,14,0,0,0,0,176.6734137676563,112.83382101673732,99.29866891013481,27.85903455995285,64.0747634669889,99.58883648324732,0
44,0,0,0,0,0,1,0,244.92177447142873,145.7571777925011,56.62467565004774,28.884812862620265,84.30407822769729,82.47092891755548,0
53,0,0,0,0,0,0,0,255.8781169784864,160.19544445356877,84.16283662551177,26.254735400979385,84.95686012910247,82.6324713358552,0
39,0,0,0,0,0,0,0,237.75336938261432,123.53891355486653,80.64029315661037,28.080861256138135,70.42430279036832,40.0,0
51,1,0,0,0,0,0,0,228.86235744305168,157.43187798079094,83.2887562674874,28.012408784480005,86.5100835011439,66.89856608267083,0
44,0,1,19,0,0,0,0,316.47202382723583,140.74757034917025,78.19880229260558,17.7697211513181,87.08099562717882,67.89173730036715,0
45,1,0,0,0,0,1,0,242.4167957146467,150.74276312471778,66.51415636532407,26.266854264292146,85.21598360816078,79.4975142527572,0
62,1,0,0,0,0,1,0,271.450424852579,113.5913747957431,100.50756373653545,19.35159038486606,66.91497560113132,60.60220680320854,0
61,0,1,16,0,0,0,0,242.28857353035818,136.71460510518244,95.9119551799684,25.64349682905957,60.85137728669014,103.56397231643923,0
57,0,1,21,0,0,0,0,187.6934433167939,101.02221117946092,80.75212973323741,23.76934810975832,54.685592109588455,61.72527081248605,0
42,1,1,14,0,0,0,0,260.19505800368876,169.6486113368302,76.14024145031989,30.039446142908098,67.13382433022943,107.35595075719604,0
49,0,0,0,0,0,1,0,207.14491829532915,87.69203692514085,74.68671245192944,26.80209231276099,70.58626849956438,59.893434188959766,0
62,1,1,19,0,0,0,0,231.9966099262736,124.1954599681653,50.97216130222624,27.740090668961738,71.56276696658794,68.11306469261751,0
53,0,1,12,0,0,0,0,249.43771800331075,111.50241092760831,86.24584089522894,25.015052056354772,74.43355775098152,66.36431587923946,0
71,0,0,0,0,0,0,0,150.5776050569877,146.84340913444925,91.36388308363414,30.113943176686085,95.79586259052118,70.58661778527637,0
55,0,0,0,0,0,0,0,165.18190654876395,174.3268108104582,83.65482539331722,19.250966103856793,70.92507392122111,109.10867275895666,0
53,0,0,0,0,0,1,0,276.01620358989277,146.40813217112557,80.96396278480297,22.12843994630251,74.41471060092391,74.47705355767879,0
49,0,0,0,0,0,1,0,206.79515634964648,197.14824133292973,83.60060210183902,31.073859198596093,53.18889793260511,75.06191670101744,0
53,1,0,0,0,1,0,0,208.88183247921012,101.68531611570552,71.76128823090909,24.013841153558044,101.7356575744565,64.93867755230973,0
50,0,0,0,0,0,0,0,243.3232894843161,103.37394908437156,76.00533727155603,17.00208877879937,59.209111191658664,76.02475009611571,0
58,0,1,13,0,0,0,0,219.03040572663775,112.3514869044612,80.0040036612141,31.75582923411693,66.51774354612772,86.97831571834914,0
60,0,1,11,0,0,1,0,254.37388879228274,134.66738329650994,90.36011889717875,30.21543789257517,83.34866456244198,77.05129991651441,0
45,1,1,11,0,0,0,0,233.75064129574605,109.4077077437685,98.54630047954134,28.714974567104004,77.9543092586181,78.54329139402421,0
40,0,1,18,0,0,0,0,244.73852980793973,115.46341940528944,79.25022588432452,26.187064628501982,94.71823524358885,105.36869905290376,0
36,1,0,0,0,0,0,0,205.1182308293409,145.65063752640035,69.46257354921501,32.609062774450656,83.6401638687301,88.29393740844333,0
56,0,1,26,0,0,0,0,244.51817222436082,104.738218571496,82.42776148916116,30.960335559156256,74.02459138514568,55.52964912301346,0
42,0,1,11,0,0,0,0,284.6239198207595,107.06968771465776,106.13789335106705,32.146209882047245,87.5290064261323,80.03889946545037,0
33,0,0,0,0,0,1,0,211.01907849097526,123.23214743421842,70.50632277839519,28.651551969833648,88.93569535042047,69.61794582664889,0
55,1,1,16,0,0,1,0,276.27400521197467,125.30225244153493,92.63008896559376,26.303462990129436,67.07809486341435,93.98359702345107,0
73,0,1,13,0,0,0,0,233.73134599380344,154.22034577886893,98.03152667344726,24.163424028839323,86.55635263397087,84.36761556983045,0
51,0,1,24,0,0,0,0,268.3171928630293,112.18592554448135,77.67982168209417,20.597412245889927,72.33286604761908,107.99714863775071,0
59,0,1,17,0,0,0,0,241.66593800753688,116.15384034934026,73.59130506737151,27.858387023412014,73.75826510897397,64.97905049732562,0
52,1,0,0,0,0,0,0,234.52991951569123,144.79674255813813,88.89948019399903,28.19996507266198,76.71519939634686,77.57433626756438,0
51,0,0,0,0,0,0,0,251.3881060113601,149.63067512323443,86.23860127364998,24.365896539179975,70.43062953191097,57.52537445469599,0
59,0,0,0,0,1,0,0,289.398292741299,163.43193827678493,90.33729005585064,28.316092215278196,69.78490622608786,81.03853253517667,0
49,0,1,17,0,0,0,0,246.38828094546332,142.32064780702459,106.88451317787766,24.438070890443512,86.8166501789843,46.65863661620376,0
54,0,1,17,0,0,0,0,257.0553565599695,134.8680093191602,84.00455864051877,29.35645353452254,56.652733135799004,89.39414501455137,0
54,1,1,16,0,0,0,0,219.78666380262513,144.6508449484154,67.69330181252677,22.183360098114854,62.26047665448975,80.72442953739038,0
46,1,0,0,0,0,0,0,305.1190048557811,126.11691827045195,82.7996800260211,21.474042706464324,83.09680779732591,85.5692489751024,0
60,0,0,0,0,0,1,0,264.17483288090557,125.95511292373946,84.89868153046457,24.813627218403546,74.12520649009014,100.12709680496579,0
50,0,1,24,1,0,0,0,239.41917224110028,92.96957312986743,97.20602364505899,29.198020121559374,86.8981518242734,87.17045725379937,0
45,0,1,14,0,0,0,0,230.60323842079433,151.65515104716536,79.63882725486756,21.048979594898004,79.29518733748148,52.63411666316995,0
56,0,0,0,0,0,0,0,279.02796384801684,136.65209679113843,77.09118599565538,30.103716777937702,58.99554409147618,69.21492616257322,0
44,0,0,0,0,0,0,0,209.3270206100086,149.09486386010272,65.54567204600092,19.06538864902063,75.75401303133103,80.1558238571044,0
52,1,1,12,0,0,1,0,157.55349928406133,85.0,88.56895350476957,24.78834191006341,81.4145736130706,74.45371218982463,0
51,1,1,11,0,0,0,0,239.18558237467604,130.963762426342,122.1784862264677,20.006387878879174,77.80847590239985,77.26296509483805,0
61,1,0,0,0,0,1,0,288.3602012170311,113.17060685969209,79.32890819195273,15.09941260684875,69.38070991647061,119.2934076874968,0
56,1,0,0,0,0,0,0,306.01758769212563,165.02997510604513,87.42345945426338,27.30245239957854,71.71271615855758,84.30817525999547,1
51,1,1,15,0,0,1,0,231.27906648890928,145.51277214064424,75.42600576022045,25.07097445461243,68.27897813087094,90.79197118061131,0
58,1,1,13,0,0,1,0,237.91785721343848,137.15317903783233,66.62458096004991,20.071894375394997,59.09763502078583,40.0,0
63,0,0,0,0,0,0,0,258.859339030702,122.49747467449747,87.21083127040637,23.681883182262403,57.44712522182717,99.15810700135594,0
56,1,0,0,1,0,1,0,224.36862556999435,140.73858282289623,82.3382594012463,27.61148343041019,79.68025147313242,147.59512322984327,0
52,0,1,15,0,0,0,0,258.72186172921056,111.5799161536817,53.373350283210115,24.290586365344407,64.54249961365316,112.95004513455781,0
40,0,0,0,0,0,1,0,232.2423229529962,129.80604235091315,101.32034458888143,24.985407426169566,81.90718112942471,71.87562577001947,0
42,1,0,0,0,0,1,0,280.5002033163679,119.27600548627676,86.9915725160454,24.166328061675493,67.85919015058164,134.46432074370196,0
49,0,1,18,0,0,1,0,267.81114257630423,181.8627724095972,82.88674660124325,23.412561261137167,59.24221695942062,82.63241643169741,0
46,0,0,0,0,0,0,0,271.650024621307,164.3388506361985,76.93627763089229,23.359117173553383,70.10467637730542,89.0505643599922,0
50,1,1,9,0,0,1,0,226.96602362870811,155.38704464762228,86.8635293259171,23.238740798187486,100.13249966901664,75.84896703688023,0
52,0,0,0,1,0,0,0,320.7408021020995,99.21315751260853,87.41675142899243,22.7121142081004,73.85267064980363,75.25366603127861,0
56,0,1,15,0,0,0,0,257.29212546469677,151.0114564702492,86.81585648472054,21.62909214946771,82.75040001998677,40.0,0
51,1,0,0,0,0,0,0,246.8809383534206,136.12866685312264,94.81591653404188,24.243179497356902,77.02564571908893,100.11236273338851,0
56,1,0,0,0,0,1,0,202.51850885505326,158.9161230693552,97.54325480600015,23.17629580545513,58.13762356600246,75.1690412281313,0
52,0,0,0,0,0,0,0,231.72883991346362,139.09269209279267,106.06711676342076,21.40603561488566,92.38755895227804,77.67460417890462,0
35,0,1,16,0,0,0,0,241.032709470916,131.85221134715732,71.95789381061533,28.940660086963508,72.02613828211278,88.2867658151848,0
44,0,1,13,0,0,0,0,201.3421989573308,137.14325451940428,75.11894183479339,30.853807484858535,59.27384922337566,72.46470061107904,0
50,1,0,0,0,0,0,0,223.13804558616013,92.27606758430402,86.33418600449966,25.79957862412606,68.85319789867998,88.06801587566895,0
41,1,1,15,0,0,1,0,228.70479920346756,115.11712801230846,72.65090969514658,26.072539250516442,72.52507086030963,109.6703917172484,0
57,0,1,16,0,0,1,0,238.4605090806216,140.21338185147198,74.58381913153335,22.96048773993465,83.9937542820147,91.31070713498539,0
65,0,1,17,0,0,0,0,158.4408924381694,157.06654388494482,87.70275497807955,30.17482856284309,66.83084183267664,78.46956585257061,0
62,0,0,0,0,0,0,0,230.04809620901236,119.8891514411334,92.81010825975821,32.926542571812995,106.44414719980719,79.15961261069852,0
50,1,1,19,0,1,0,0,219.396767944483,131.10224864299346,97.31113543334635,25.128445300994787,63.753972209896716,86.61365231878834,0
64,0,0,0,0,0,0,0,235.0810974165044,96.7781662171414,79.68862703490879,23.66206923359066,82.34393954677235,62.86054315381466,0
53,1,0,0,0,0,0,0,281.5521689119313,164.1048378937827,87.55783556245565,27.200048590414866,51.31232710306065,86.78077312934613,1
49,0,1,9,0,0,0,0,326.30540165333304,156.50231810912865,84.91309283072525,26.328617280557395,73.5156160048884,97.7451305269005,0
46,1,1,19,0,0,0,0,265.84859678436356,146.34625760847837,82.21188934215984,23.749362550625115,79.40681135186537,84.0128702105475,0
49,1,0,0,0,0,0,0,181.6854244290812,140.9497361278796,72.20789001750379,27.731902915432638,61.565000954128564,72.24494334753238,0
48,1,0,0,0,0,0,0,220.8020941193685,166.15607943322954,70.68146692956974,29.64644619029858,92.98854577250003,75.39661904391173,0
53,0,1,10,0,0,0,0,262.22238558856805,114.28975819107623,90.00009735947148,22.578144554568404,80.21371981421005,96.99988332712698,0
53,1,1,18,0,0,0,0,257.264781842877,111.9104457608135,72.00616744138958,36.22233931683398,71.18831442184288,56.69594729457589,0
52,1,0,0,0,0,0,0,279.4423323599353,155.35343529764143,60.676974102075675,19.514937155898906,80.0841300195357,63.221485691535314,0
55,0,1,16,0,0,1,0,231.71655625121377,153.87489439757874,81.61886412051774,22.308068022002306,67.8802300567586,45.041276683042575,0
62,1,0,0,0,0,0,0,220.00598924791774,105.74309710603865,99.46288362579699,26.75926892423969,90.01655882889091,82.78197008481547,0
60,1,0,0,0,0,0,0,313.1066561723057,120.31008260530895,50.0,35.01217978534385,87.18358322186612,101.82341654204812,0
39,1,1,11,0,0,0,0,238.58150654826406,169.16004888370256,78.54003672215785,23.493378164109437,79.48068080528985,112.62408200852303,0
32,1,0,0,0,0,1,0,191.26632745507095,141.05668122074988,90.10257838391479,21.430440118358096,82.34030456997507,117.6193143934786,0
59,0,0,0,0,1,1,0,300.9058809094485,149.31755339639977,60.11804280142238,28.051890061557856,57.27364547878538,66.11909472960198,0
40,0,1,18,0,0,1,0,170.17179837864444,106.50097606435415,79.44000500558701,24.78076292835591,92.60334128093358,87.75071220676794,0
50,0,1,17,0,0,0,0,100.0,146.44617953981793,68.3265130653695,28.52754834931317,73.8077061448164,72.74681615276718,0
42,1,0,0,0,0,0,0,269.85301735365323,100.77008599304064,69.91386263191737,25.50979974540828,87.30054779311321,119.89581090117775,0
36,1,1,11,0,0,1,0,276.07084272508376,88.44392995678493,77.17098150757576,22.285617177267184,83.99810668229637,111.97926490243353,0
56,1,1,11,0,0,0,0,254.2165694455664,147.9901271239791,68.52222531841396,35.43039147869834,87.11657721052646,85.865643096477,0
58,0,0,0,0,0,1,0,178.6919323043498,163.55779373195875,67.52439156217825,15.0,62.42684459689255,67.75481783714108,0
47,0,1,15,0,0,0,0,233.40972636933787,126.4167063335183,81.28921898149595,33.26297887643406,63.95400789220906,40.0,1
32,1,0,0,0,0,0,0,223.76058276362966,119.97588499920192,108.72566872642824,29.6263738073591,101.97929722584685,49.02720419711799,0
47,0,0,0,0,0,1,0,212.35928352073486,169.63867043742016,91.09291980937428,22.74308390473842,56.767895118091715,40.0,0
55,0,1,16,0,0,0,0,298.1310549556083,127.71476587947863,94.12639320446026,33.47692242981844,61.828675757895496,48.736650892203386,0
39,1,1,20,0,0,0,0,189.9466934202057,130.5530880817403,91.56714926102615,20.177181283098534,75.51892795917792,125.21349521197436,0
53,0,0,0,0,0,0,0,249.9085959366816,169.2670589816874,73.6298366478494,29.933254944230853,75.53975672794331,52.21404749153033,0
51,0,0,0,0,0,1,0,288.5380672811533,124.22113411337938,85.72998674939393,17.26115503650685,68.5197830744103,57.598311118717895,0
56,0,0,0,0,0,0,0,252.78342711403766,117.61139259441295,95.17233113130801,21.101899408821463,82.39294646303127,60.82794495673075,0
53,0,0,0,1,0,0,0,290.60920838979644,149.94118093101594,91.94004961338149,21.091716514843704,85.825001251206,141.76652876645568,0
43,1,0,0,0,0,0,0,260.8034477868729,116.33916460365946,84.33461208842063,22.722307692241927,74.78198840509441,80.56359876080367,0
62,0,0,0,1,0,1,0,254.89138550164927,128.818766161312,88.24055793032673,25.8474825730525,71.77812168373924,104.86669812039801,0
50,0,1,15,0,0,1,0,252.14073422861446,102.97851076233161,111.55448758202982,22.413496907156553,74.73285372461824,86.03409446501809,1
51,0,0,0,0,0,0,0,262.9915037326066,136.0787359442833,92.07331860587615,17.45071509803907,69.03167049630699,40.0,0
44,1,0,0,0,0,0,0,219.03627971386055,133.49814471846804,78.21808771362822,27.70014815167278,54.6211566937338,117.25070775593937,0
48,0,1,22,0,0,0,0,178.71755051759737,153.29644604390916,81.11155592482484,26.000698784002665,78.61109324409055,91.2252252808348,0
44,1,1,13,0,0,0,0,277.9779101043856,150.85964380655807,69.35018324090264,27.476602097682537,84.19002856497649,79.20060148264962,0
50,0,0,0,0,0,1,0,287.1166612222537,144.1333961863308,110.16443137535556,26.504863427990507,73.15287266011312,122.48293167993332,0
66,0,0,0,1,0,0,0,247.08706767986592,140.6736252411823,101.24643670532252,29.71236465613918,47.819061817133175,74.02937443267525,0
40,0,1,11,0,0,0,0,211.8714727360877,130.3884094974485,82.99855643526537,25.490522352039477,68.13941945613897,78.67845121059395,0
38,1,0,0,0,0,0,0,167.4604468726959,145.41023131790766,108.16984142520133,29.95133460272227,85.86866486241516,74.06263742630917,0
64,1,0,0,0,0,0,0,239.77551239662907,107.52869217928229,89.58880053945973,22.619643742784966,57.74101784955829,106.75469956219912,0
50,0,1,16,0,0,0,0,176.64618483240926,85.0,76.82984298861018,22.853451444710704,83.35060826524465,100.71792743654132,0
46,0,0,0,0,0,0,0,170.48454988393127,157.56218876668365,92.87743048623757,31.44176152113259,69.65500645956273,88.40823382282372,0
60,1,0,0,0,0,1,0,235.08781276730952,146.8315301694541,86.78372166155981,31.358241498731886,74.77469819190071,57.80934640721297,0
46,0,0,0,0,0,0,0,202.39414194772735,129.20629844584187,92.05428133931679,28.152342785401416,66.76920587059354,73.48462732705522,0
67,1,0,0,0,0,0,0,251.19362047124991,155.64028938581168,65.5708976841254,22.15465755727479,61.37300988458463,57.80206185360112,0
57,0,0,0,0,0,0,0,228.99099348727754,115.9070568271764,72.27623011363276,21.8245070152874,92.21095761924445,108.68845989949423,0
47,1,1,20,0,0,1,0,209.30807908620517,116.47916429417069,99.86164996147811,31.24506224568121,84.79006839085788,45.781270757430114,0
70,1,0,0,0,0,0,0,160.9837364479255,113.42897007872831,102.31764989876868,31.017926203070452,82.73665235402447,118.67053732778243,0
46,1,0,0,0,0,1,0,198.47292246346427,144.48768345254948,98.98135272361665,25.53932463355249,85.90266578642294,111.61601618018148,0
58,1,0,0,0,0,1,0,200.089994437752,97.17492230127544,108.62376284304229,35.4017282005764,81.03257846762996,60.87383551539441,0
54,0,1,16,0,0,1,0,182.08646236534167,115.12684465079509,88.92841957856636,27.68149029497917,86.32957506936282,72.42086193628322,0
63,1,1,15,0,0,0,0,221.52205100933506,138.373730511195,88.08500035396517,21.26048256647241,67.03319104823503,65.61410069801218,0
65,0,0,0,0,0,0,1,185.5209123883153,105.50867632970255,71.04151718531425,24.669912491361647,91.53224264734854,91.89537734706366,0
52,0,1,21,0,0,0,0,228.79531911918653,117.47317107545392,75.03362270984434,25.822429369822032,90.46117271444795,114.48630921380845,0
45,1,0,0,0,0,0,0,246.57809340142086,85.0,58.14086893228538,26.154234410671368,79.56578361021528,109.26924427580062,0
55,1,0,0,0,0,1,1,199.6485220068762,145.32774628683381,78.14216785158752,30.925013193192,71.54406542537942,72.0425991114437,0
46,1,0,0,1,0,0,0,254.71797969441772,116.86762574646987,57.29768693400102,21.87921545807613,60.31764937620312,110.86056255812261,0
69,0,0,0,0,0,0,0,176.10025366510104,107.81581249689461,94.97159405036433,20.340799573639913,77.74389329045033,108.95190679260924,0
53,1,0,0,0,0,0,0,187.06419447056322,103.50950002891135,86.66078642260543,28.269527100320893,95.21898215601678,77.65682009866046,0
48,1,1,19,0,0,1,0,231.01843890451016,122.79930273148781,57.68596904324692,23.721363513404,61.06995391978802,81.7824550077729,0
53,0,0,0,0,0,0,0,266.2298080431001,97.23657708838833,79.72163569403821,35.736375106213984,87.21690178230727,117.45942394687576,0
40,0,1,14,0,0,0,0,274.16557982552774,174.7323528972707,105.611867468182,29.667203564050094,69.34273351312132,106.3423232456662,0
43,0,0,0,0,0,0,0,306.94518737493263,85.0,80.49200618997108,23.645874545405015,70.36682658221666,110.1700316437124,0
62,0,0,0,0,0,1,0,219.43008950802954,122.08637870469722,70.01954867634409,30.772700329015244,60.894492104845575,141.46383457715234,0
46,1,0,0,0,0,0,0,230.3899419781546,134.3519524444076,60.573972768337114,28.794684259840324,65.97008488119634,94.58714137518456,0
43,1,1,14,0,0,0,0,190.56227672320858,114.9416619089958,60.932240650673336,28.39815830459944,82.76138502673376,89.49028858094815,0
56,1,0,0,0,0,0,0,180.83428139239498,136.66689822044853,88.42695961427202,25.29879988048718,84.25353082508123,113.23256161049018,0
62,1,1,16,0,0,1,0,246.0571717984111,114.40876535118446,76.79352853210307,27.52384849171771,77.83029697291926,127.71988096374113,0
58,0,0,0,0,0,0,0,201.86165402436532,165.66207820080928,77.78807030080674,17.177872607570077,68.99024562288177,67.93793959813519,0
60,1,0,0,0,0,1,0,290.22468480076077,107.3847056895849,76.84304003867237,31.200066557310407,61.75731357321313,77.35725401270757,0
45,0,0,0,0,0,0,0,171.6550277978348,85.0,80.31712060642307,15.0,75.74110160172272,58.572875727416964,0
39,1,0,0,0,0,0,0,257.39954105628664,103.43300329002693,67.27404401556342,23.98729531449375,70.62054834940058,89.88324941145684,0
64,0,0,0,0,0,0,0,191.74747349205072,140.50288504590168,85.79325992427255,19.25758673190446,77.53417706924917,102.45294788795367,0
49,1,0,0,0,0,0,0,199.90026746202832,129.40566364992497,64.92752507491967,23.746510320950755,71.14514760215603,60.175822453404884,0
49,0,1,12,0,0,0,0,259.72093087108937,148.54692397560657,72.92989050350495,25.49611918311037,71.45202255977445,108.07729696509841,0
63,0,0,0,0,0,0,0,206.26126081125204,143.03838156764127,94.12993237198148,20.893146510943534,76.90752823334955,71.57348101087072,0
56,1,1,10,0,0,0,0,213.3055010291244,118.00183230604551,86.51445999670227,15.0,79.22630957572467,69.69981266188563,0
55,0,0,0,0,0,0,0,200.265032003731,121.24016313649797,90.22818215441659,26.64896946897834,89.68705548117282,107.98857982414667,0
70,1,0,0,0,0,0,0,314.54131083099145,123.52276693562902,107.80466071381463,34.35440310631437,70.95613999110368,67.6217671605519,0
46,0,1,20,0,0,1,0,208.83060231247958,173.45561383692637,81.28415187634603,24.359751315914973,81.54593420462732,49.71953502386849,0
59,1,0,0,0,0,1,0,238.26829756704157,147.19809092312212,82.25752312029974,29.73325692052578,96.6434647083849,99.10411352790817,0
52,0,0,0,0,0,0,0,227.11580158763275,173.61711178192712,78.82814852979591,31.967977833983234,81.86491589073074,78.97084717145759,0
54,0,1,13,0,0,0,0,245.74235071586747,150.4971461915199,76.67903023129423,18.009844509362228,88.97101192277975,109.55535316307154,0
64,0,1,12,0,0,1,0,208.95157433349885,130.60116531172588,69.87291007127456,23.925171878938883,67.55247192877532,101.1587854275598,0
56,0,0,0,0,0,1,0,227.1640416801674,109.57404728631538,83.00877773435023,20.566818992075916,66.35573231581988,41.789137702022416,0
56,0,0,0,0,0,1,0,253.33388839573314,136.43343276527236,86.26058327915388,22.494264144289527,73.08751045938075,112.25729173794515,0
61,0,1,13,0,0,0,0,198.02768592786836,130.66087821124293,86.92924407031475,32.77824797470118,74.36472137743513,125.69424891547996,0
48,0,0,0,0,0,0,0,283.9301396916388,129.9397597225593,82.77236592240493,26.71708589433919,87.84989420539134,105.77288071307734,0
44,0,1,13,0,0,0,1,288.16114283783185,127.3998203082165,93.11404965783979,29.034176764285213,66.24379260982374,106.69878974158183,0
43,1,0,0,0,0,0,0,262.6856755509845,86.84582043332311,82.35324028890865,25.62001366554848,73.93646507762897,76.30354213912165,0
35,1,0,0,0,0,0,0,239.07456087824528,159.73847596376243,77.08837734119246,20.836734152484272,87.89790296415852,71.03600686640422,0
69,0,1,14,1,0,0,0,104.41353627900043,130.89002323721903,70.87614181630579,28.580274358596697,77.5865230007841,86.88622798560236,0
42,1,1,19,0,0,0,0,254.66880983679636,100.88643144736989,63.41229746106485,30.93555902291557,74.87019635634502,103.15782323447209,0
50,1,0,0,0,0,1,0,218.78146216992997,142.5987795996202,99.52498213523782,27.101234286291493,77.86197145760318,102.57887298675192,0
49,0,0,0,0,0,0,0,225.16392589762825,113.17160429065638,73.61134449415204,27.805409883215734,61.46936998186965,71.93099910508107,0
54,1,1,14,0,0,0,0,152.51539745699608,144.36709370535723,70.89199428055248,20.737314315896185,61.27496262909648,69.59934073460099,0
58,0,1,28,0,0,1,0,257.71789337846445,151.39644213127414,76.98954126007632,28.698140895911827,55.94143498039671,47.72647073317474,0
59,0,0,0,0,0,1,0,172.262433939614,154.432002794725,78.65933456159445,31.31865667399803,77.48018144843523,96.87915828317632,0
47,0,1,17,1,0,0,0,241.21068002362136,128.45983201359394,101.66214923083328,27.45880044451296,86.0262569981162,73.03503069703383,0
50,1,1,15,0,0,1,0,275.804929204033,122.89688998359262,78.06223476290594,18.433188691904743,84.18703781524644,75.0759696663897,0
54,1,1,12,0,0,0,0,215.3495600220277,118.23815607417725,113.60060278481973,32.50608095317865,88.72353591077778,121.74112913488263,0
49,0,1,10,0,0,0,0,289.5062759100514,116.10376605386907,82.76436645583819,21.92622203606057,92.4506666286465,95.76294485604095,0
65,0,0,0,0,0,1,0,203.13242335888407,131.62093858735983,106.68433898765508,27.38992599024864,76.73576861385796,89.42666978189024,0
56,1,1,15,0,0,0,1,262.41905537616407,127.39445262738172,92.72715137716865,29.707202701099767,74.22470738671741,101.09453768094073,0
58,0,1,9,0,0,0,0,178.5894269358248,113.84331605191235,86.33244903813714,30.22643512040908,92.71157633810952,114.67412217117706,0
57,0,0,0,0,0,0,0,281.36973912594306,106.8367354163361,100.93417759884986,18.419767071702633,66.58781763987496,44.797942516203484,0
61,1,0,0,0,0,0,0,274.54357683348877,129.60736597031118,95.46675752728359,26.280590749899044,60.85760855540102,68.99054595018579,0
53,1,0,0,0,0,0,0,256.6077486104041,122.44765240523573,89.61614901023307,26.009188604618696,70.93344656917078,76.66089963273613,0
40,1,1,15,0,0,0,0,218.69549798899232,106.88992658779895,109.8111281172603,31.700015569678698,69.53108028798941,59.498135557018585,0
55,1,0,0,0,0,0,0,174.31197256916306,150.27256229527097,76.01928745655653,27.68076652388358,75.57992094985225,75.89990382113835,0
46,1,1,20,0,0,1,0,218.81182613034386,170.98604051815548,70.06103588845922,31.737282410284337,64.79976370628256,46.3238972684063,0
47,0,1,12,0,0,0,0,284.8535157329174,153.17694070765293,73.88523109825655,28.01366215952913,79.43679773715999,103.21012298687802,0
56,0,1,18,0,0,0,0,241.71832234904107,116.15586374312703,103.02727828100265,25.49591856129901,68.1706555153142,70.09739441310808,0
62,0,1,22,0,0,0,0,167.66637510145222,130.8949469390214,99.40912025303315,26.594823628306454,89.73844591627048,86.62199715138198,0
52,1,1,13,0,0,1,0,186.51198386552258,165.88943693712415,75.69685720623538,32.0467473601201,60.66521395872351,83.18009825211543,0
54,1,0,0,0,0,1,0,291.1386616375003,106.17860785889515,53.744184548873605,20.482579474444883,73.32632620737478,94.82064622585266,0
66,0,1,10,0,0,1,0,257.468161093627,149.21709278707496,79.52985956345533,29.51441349149418,70.98102850106986,40.0,0
54,1,0,0,0,0,0,0,181.70399468744318,100.14216942083223,69.84082829690473,23.226774435994773,77.77067907204561,92.35606558433327,0
74,0,1,16,0,0,0,0,158.3034141683179,169.04882780348925,76.07276834212655,22.345835754580317,86.12045379392049,75.67289043587581,0
56,0,0,0,0,0,0,0,208.49814607759708,122.53308045547823,69.34709142704898,29.99604810312631,78.19453087666732,91.35787032593795,0
37,0,1,18,0,0,0,0,154.54021684844355,181.0389619395239,62.68554307625172,22.179342254454927,73.45690561978543,54.8725762220181,0
58,0,1,15,0,0,0,0,229.14328243969197,170.01740357012028,104.59845241997081,27.34600633939383,83.29506045318354,91.51450361781555,0
55,1,1,12,0,0,1,0,343.8715163607974,129.65852878920947,73.79598155267898,23.795340169144964,85.11629723299382,111.8657727736569,0
62,0,0,0,0,0,0,0,165.73393266923642,116.17308179157097,98.95201363911,16.136559546824458,78.23039756045212,86.3646239753809,0
57,1,0,0,1,0,1,0,227.81487081892652,136.2850603816001,79.34354908183771,27.75863551842783,79.65110192767794,65.50346098746515,0
50,1,1,16,0,0,0,0,293.72476931457504,128.0365027337756,68.43034954537067,26.317917219122837,82.75962655554737,66.5087779625338,0
41,0,0,0,0,0,1,0,268.9598657652042,123.16552680111695,88.10882067914804,17.968669890899246,55.272879289809,95.25354992059053,0
50,1,1,15,0,0,0,0,229.4554085488379,95.52150839927747,77.30731771680485,22.935782879690667,70.79033746252252,95.10181918044086,0
44,0,0,0,0,0,1,0,229.56065851259933,120.67982115959909,79.51478673204103,18.391332321479553,79.51480717450397,90.20046560271531,0
47,0,1,14,1,0,0,0,185.13996957331852,107.56945932136273,83.73887121207721,28.799928537915292,71.5007101947075,81.13692431013212,0
57,0,0,0,0,0,1,0,224.22314611975565,144.1362495413552,72.25344597101574,31.490772131111395,71.54223732434173,86.6680794330751,0
66,1,1,13,0,0,0,0,246.7113914265657,153.80356896514334,62.54636375055569,29.28291148068936,79.4988185135992,80.5070910863146,1
55,0,1,19,0,0,0,0,284.62499590406,148.29504808631913,81.38476462318795,29.855433642880374,79.77173968818516,73.23973609687218,0
41,0,0,0,0,0,0,0,208.71227256535073,139.53225197180515,93.56701243160603,23.676895336766062,80.60471225485064,99.42196893353237,0
55,0,0,0,0,0,0,0,227.64725436520766,113.23604452290016,71.18090489305894,28.042404845552536,65.49331845935633,89.13268734624545,0
62,0,0,0,0,0,0,0,194.23460684670596,136.51881699724203,83.84754719518762,25.762818616417142,57.98635967334982,111.68245822421218,0
46,1,1,20,0,0,1,0,245.91430789978222,149.44083316017628,100.06608578259036,26.559789515964162,84.65264138823012,107.68790374423274,0
50,0,1,13,0,0,0,0,270.4862958135944,119.10281736320594,80.92282135271383,29.725468987863543,66.091013910138,88.38205224391302,0
52,0,1,19,0,0,1,0,263.7045125909154,134.61770127069013,83.03313246155031,30.619498424653667,65.26169572473269,95.6937545635152,0
45,0,0,0,0,0,0,0,184.51176868053636,128.7998450360617,82.66254824320464,24.201998802482088,64.17898169505571,59.98469291107473,0
57,0,0,0,0,0,0,0,242.46198121608225,168.57206673143065,73.81186688928328,20.0286562734443,88.81236169602647,80.21544200689128,0
50,1,0,0,0,0,0,0,206.19824875699172,150.73405897581955,70.07974577879949,25.03164140775929,77.54432174503756,89.88124509193901,0
55,0,0,0,0,0,1,0,280.4862006887247,145.4015114584646,70.1288515681471,24.900979530213075,79.11028078061442,45.59707072869689,0
44,1,0,0,0,0,0,0,228.90224019796432,94.23273785276044,86.41819836408727,26.96685130805804,83.27461419872962,91.87670738734016,0
48,0,1,14,0,0,0,0,169.1414131173923,135.80242118888683,91.09446834319293,29.215283265702904,74.49155363501345,59.93777958459248,0
58,0,1,11,0,0,0,0,226.32868095325975,128.58970456365947,91.66098686125423,17.950213941515365,87.1522615519885,62.45957051784453,0
48,1,0,0,0,0,0,0,256.1727930447508,128.39954356746279,77.45748575493445,23.04925444011495,60.638362128245305,69.8218321851983,0
66,0,1,22,0,0,0,0,246.73626677828318,97.60490359968391,95.11970249116776,21.848058423798495,61.97271593095192,81.29834667646487,0
48,1,1,15,0,0,0,0,213.48097539931285,108.06909030945347,85.68836583412512,30.928664533636343,61.31076641200754,51.45534318827641,0
53,1,0,0,0,0,0,0,210.24797084566956,130.50361526607279,82.84890666149222,24.94567933725521,80.06002197084399,101.70279991611804,0
59,0,0,0,0,0,0,0,192.54980647848208,156.51582712019015,50.0,23.69717736479667,81.07701235438428,86.08061950533018,0
39,0,0,0,0,0,1,0,218.6310167052465,119.00845946353269,72.1910846607234,28.007036939030968,69.32901555943796,126.27451770289177,0
37,1,1,12,0,0,0,0,198.35012547286468,123.20134800370612,63.74682517315269,23.36867396124431,72.2107398145347,88.90185047695807,0
39,0,1,23,0,0,1,0,278.68378339180185,171.18402389629657,89.52488208476932,25.737701415132918,90.21684720954278,95.12851909176888,0
62,0,1,12,0,0,0,0,196.3499548078089,125.4699074383076,83.14039998316039,33.237691920459305,66.66676564856289,62.36112184168948,0
47,0,0,0,0,0,0,0,241.38051634393685,129.1666304752212,69.1361633633787,33.12379032793524,78.54519349503943,54.818363304394495,0
73,0,0,0,0,0,0,0,238.38937174635865,129.4646147948617,85.65235070161194,24.12972427544244,66.77140954776156,96.24059081559484,0
47,1,1,11,0,0,0,0,277.6093677069361,102.39888677910076,64.91809160552383,25.052316611145734,88.15169189928203,56.854330793344666,0
53,0,1,15,0,0,0,0,283.93220471416834,144.57955871513252,69.474842820789,23.261983147003697,82.54111421127202,96.76253816770324,0
65,0,1,13,0,0,0,0,266.62267750437843,117.63672539114455,73.47734402962072,17.903952372335304,58.212942887944955,121.25006286086449,0
69,1,1,12,0,0,0,0,251.5288471047657,131.33844642512577,88.48163586213838,30.048376314896544,71.87038764422465,103.7526797836058,1
69,0,0,0,0,0,0,0,189.85956957186144,141.77620521719155,98.79330015044684,35.727502678354234,50.05191850724495,95.12027217341361,0
62,0,1,15,0,0,0,0,188.96971613951666,174.73626695877863,74.96789861987278,23.98185730563183,85.80546697212996,88.19843352561666,0
60,1,1,9,0,0,0,0,198.78960393034225,103.00905901998264,97.86950369929933,22.451145718113988,99.56770741105723,73.16892093813053,0
57,0,0,0,0,0,1,0,269.0845239836283,151.02960807145692,82.56884260733753,24.681328135005973,48.8347065599934,79.36509380269757,0
58,1,1,20,0,0,1,0,239.22651684302798,151.11191163582728,84.83365793110268,26.1486887960972,57.87481570875543,68.99514050425394,0
47,1,0,0,0,0,0,0,274.22091859236474,117.95927499885599,81.23434530727067,21.144326548151792,77.00784100283823,51.74570299442243,0
45,0,0,0,0,0,1,0,280.12332031008367,145.18908465714358,79.63223495936721,23.92023830996506,74.77849427652656,82.81482887937679,0
51,0,0,0,0,0,1,0,204.0581163868331,168.1555953284216,87.2716004408671,29.961078741145876,70.06985793833854,107.48144841577192,0
50,0,0,0,0,0,0,0,237.41127041251625,115.17063339732627,90.88385423418454,26.322260601315815,54.14855979298639,52.35763417636505,0
48,0,0,0,0,0,0,0,235.42827813792204,137.31233553697342,71.38466435636975,31.008582715328817,78.88136195970155,114.1654179544765,0
57,1,0,0,0,0,1,0,221.57734165653454,140.90563000667527,79.72839436516593,27.295548196732156,85.65016622336374,109.99523735581629,0
60,1,0,0,0,0,0,0,212.46691440091269,143.7519348089781,102.03130116667919,21.335439198031033,109.16382538505077,91.13097295227361,0
52,0,0,0,0,0,0,0,288.1292421500865,148.92441873575228,84.12626385182227,23.438342695448988,90.68745506564186,91.31604301031115,0
64,1,0,0,0,0,0,0,238.28675597548204,135.65870622154782,85.44032625314978,26.818489460573375,59.41540809670516,77.71633281126508,0
42,1,0,0,0,0,1,0,236.57837069662978,143.29559609965605,96.00722246760913,21.19738396855946,74.85730306605878,82.96638187671158,0
50,1,1,15,0,0,1,0,200.6777823057818,111.94757969727809,75.98506600858406,20.665489095066512,82.10493265738458,71.33753410648093,0
45,0,0,0,0,0,0,0,265.7093469381942,135.60807686007027,81.59247253718497,20.911977731200526,66.74086262972044,82.72767578432097,0
36,0,0,0,0,0,1,0,191.77526996312733,121.52049215502869,91.80213875918295,27.914797990036647,84.36014401851467,85.21600170616267,0
51,0,1,11,0,0,0,0,256.015843269166,104.94376408661007,96.8668267753401,24.298415936767597,83.44053347924321,125.26861200808233,0
50,1,1,18,0,0,0,0,257.21809184242716,120.79881991238818,53.61828047793504,30.648010687481083,89.84831658882999,95.00916902071008,0
64,0,1,16,0,0,0,0,217.849337829763,137.92804062835728,73.15997450925552,22.12467642991879,84.62691303921024,77.1837294246362,0
57,1,0,0,0,0,1,0,249.9766915720599,141.58754008014424,70.0196163238087,15.724658901389224,78.42172380129311,79.72514620428188,0
43,0,0,0,0,0,0,0,244.16946059795742,104.09389933969904,80.51409875929542,25.264109012906818,67.34481903589338,65.59505982871097,0
67,0,1,10,0,0,0,0,234.2681325083534,111.37111223205284,70.92792668087839,32.55497562461466,59.48305686608211,69.38613014527067,0
62,0,0,0,0,0,0,0,236.56953512639024,147.94243815325086,89.9692659941189,25.941734609489284,77.62819365784742,102.94600091008705,0
56,1,0,0,0,0,0,0,238.71840022051492,143.179258037549,84.06892409258681,20.174417703155235,70.15399089947579,70.6387566808952,0
50,0,0,0,0,0,0,0,241.71611359757011,151.51625856501977,92.67028203224997,19.140465955552344,71.31363314792229,67.79667322556398,0
43,1,1,20,0,0,0,0,238.65064937912308,162.09226939788434,93.43609548848282,30.71139784708631,88.46148588863242,68.37221029130757,0
48,0,0,0,0,0,1,0,187.42997563066575,143.83351641099318,90.14903222099018,22.489509237088164,91.42708816567033,65.22888179993686,0
61,0,1,12,0,0,0,0,229.30271815575338,122.87423220224082,77.9705133866797,32.12136084339177,60.17560060496035,107.92525673290093,0
68,0,1,15,0,0,0,0,247.6577384526624,134.52668807780216,83.25133046507948,28.481783140290265,72.47483272901775,85.28217074482565,0
65,0,0,0,0,0,0,0,240.28070405572882,168.5177362204024,76.46951313616238,22.644768270940794,69.8015379564412,75.50676363646531,0
47,0,1,16,0,0,0,0,277.9650114133861,192.81787795127852,65.62317623236251,30.585261061677727,78.77890370403206,82.67347771670423,0
42,0,1,23,0,0,0,0,263.283809937976,142.1881200463319,93.44545416505258,22.012021671620598,47.80466773228606,86.99768172366754,0
53,0,1,11,0,0,1,0,197.70198045766202,143.78219105384875,80.99122447276844,19.86591783897551,57.46994417948663,64.8122490152393,0
36,0,0,0,0,0,0,0,228.66840724560663,147.96558407394315,63.96865643050465,22.246343887287775,73.59006080353913,50.039301030623065,0
54,1,1,18,0,0,1,0,222.30118724832374,132.523442608026,88.44339485305122,28.9518202715199,84.43338245166379,112.78556251718766,0
50,1,0,0,0,0,1,0,235.8086665884039,157.6047858515377,79.31261298852702,30.46566465490548,75.9034888494429,104.7245460948985,0
48,0,1,16,0,0,0,0,235.86881840709722,154.1769964401227,57.28235232854945,24.176288222241563,83.05808487669242,90.68945965886363,0
38,1,0,0,0,0,0,0,262.90695344655336,139.79628183727397,65.51524873042385,18.139923624329505,77.36770053224384,103.14146054322836,0
56,1,0,0,0,0,0,0,243.80244797821032,125.00356206787646,73.59266609606685,19.41725750937497,90.31547488492939,126.03037311391134,0
47,0,1,11,0,0,0,0,290.14398022917624,98.544679477703,84.52614470132663,21.42265315537661,92.83065058598616,69.68571482740789,0
42,1,1,16,0,0,0,0,246.60413805714384,148.11309804751352,91.45623982060673,20.49461279507449,65.87444535401409,56.23921667821157,0
32,1,1,13,0,0,0,0,199.45401710515983,136.6828829349743,91.04522716837067,26.88826454186472,85.60374407745061,97.21488228938588,0
51,0,0,0,0,0,0,0,215.43965271259833,115.76910992560977,89.23435545916362,33.746274963370254,81.09743458160466,48.26300269141289,0
67,0,0,0,0,0,1,0,262.56671911219735,107.1417541701182,81.58765153969625,29.06268395350491,105.05601774100165,82.87337103908312,0
66,1,1,11,0,0,0,0,164.97659636174984,146.55152268643153,102.6667877271786,21.17425353553797,65.4259797718306,75.13607742370259,0
48,0,1,13,0,0,0,0,176.78126175055803,96.77280092442678,90.39845492799864,22.953059360767124,73.59917362761819,97.49941904140155,0
46,0,1,18,0,0,0,1,236.47067711351013,138.5921061237637,84.66526443090748,23.752908214874893,62.61271640020959,70.90767965158375,0
55,0,0,0,0,0,1,0,277.8405732149313,150.55810900171565,88.79905726876433,27.395778084671655,63.32476521477599,109.59470488718009,0
43,0,0,0,0,0,0,0,293.5095590060146,144.09764350116572,77.21157996213276,32.24214441699324,79.62676825974121,64.82167937278172,0
54,1,1,17,0,0,1,0,226.44734713104205,123.40372496411432,81.31307678758056,23.8836584442515,77.46652104646932,98.23341521155683,0
58,1,1,9,0,0,1,0,282.6764622273789,104.51376134155188,57.01655152538126,32.10898689337957,81.49741312689814,66.67248465478738,0
62,1,0,0,0,0,0,0,239.1797880298315,144.9144232754942,77.35902805026878,34.426034929531134,81.23704472938878,94.61445339017207,0
51,0,1,8,0,0,0,0,168.61774078129787,158.41150802297526,103.11865618920129,24.365381848216227,72.17233496610707,58.66314690602948,0
50,0,1,12,0,0,0,0,235.64463239495174,119.3998661956531,83.78050332744515,24.259857053648638,72.08953117562204,81.44538160705739,0
44,0,0,0,0,0,1,0,208.76804251665175,143.1519804064429,83.28087732833934,24.321460593696422,63.35041521033702,112.40810657369906,0
44,0,0,0,0,0,1,0,276.40215874102057,166.7933326120998,93.98324914179138,26.056208941320335,66.58614834858486,84.64511960326004,0
50,0,0,0,0,0,1,0,234.87028854440257,139.45463612171542,86.29390498746852,24.331465703194514,74.31837868130471,109.21077516570591,0
55,1,1,19,0,0,0,0,179.7718233115153,123.26863681268867,72.56219434892085,29.425127591696153,77.36435570210497,81.3956869616694,0
59,1,0,0,0,0,0,0,170.0125483200234,154.8987778813895,82.28389014628388,19.449791750389593,83.52945469906307,70.38386701286669,0
45,0,0,0,0,0,0,0,235.07688187376417,115.77365856852813,68.37737050385783,23.608049409285943,82.30632791750608,85.95559737493636,0
64,1,1,16,0,0,0,0,129.51043125577297,103.43977566883349,84.2033460474434,27.149616159596167,93.68492118678878,96.22312308531595,0
49,0,0,0,0,0,0,0,213.20072724757236,149.87106620521155,71.94700057115271,29.367346479358098,63.32774289002917,40.0,0
51,0,0,0,0,0,0,0,246.16533433268503,123.06443020336161,93.13953534440492,34.80066876109104,72.20897507227117,94.01255602024962,0
45,1,0,0,0,0,0,0,189.49127382156425,125.03653769191894,75.87711253874406,20.514996566713144,64.37634532562674,60.38379102495601,0
32,0,1,12,0,0,0,0,279.7354349038345,118.20730601787643,72.10355309038546,23.12662610183225,90.32744483234484,54.66593099190389,0
59,1,1,17,0,0,0,0,288.40428818903047,121.59801729781016,80.64601614026226,16.50773304976792,68.97031334164292,94.38726333705401,0
58,1,0,0,0,0,0,0,191.2651580789141,162.86673540559104,86.38470182955656,21.249537069853258,88.86032942933564,112.78556733202785,0
49,0,1,12,0,0,0,0,222.8860563353546,168.57497284724067,67.5120160379219,18.547406282570428,92.43343360471272,86.97734225069482,0
52,1,1,16,1,0,0,0,279.76649865814477,171.48952999518139,75.74480083211697,23.662680680236253,79.96124356152939,50.82563090737874,0
56,0,0,0,0,0,0,0,235.94246849277607,155.98265366590527,83.26194766832083,24.863701070169313,78.51670593270036,66.57710826335233,0
38,0,0,0,0,0,1,0,174.64294256364312,142.25796771501123,98.06042259443834,27.724762383334003,75.46374174581496,72.37985497824033,0
47,0,0,0,1,0,0,0,229.69387298316846,100.48971697747152,51.6554108284747,24.575741925688323,71.19472756600292,86.51022962526092,0
58,0,0,0,0,0,1,0,198.47115381898305,127.87445653619231,89.38195844419886,27.72674202968983,69.75138283406321,80.34676348826524,0
41,1,1,14,0,0,0,0,284.760707442739,179.44859874972113,77.39721322712671,26.267704085085168,73.2309993154283,93.39028547920063,1
54,0,1,12,0,0,0,0,262.6610121502819,122.41632526744161,76.06467583725198,21.56337485642425,96.8925406857492,104.99937510478748,0
40,1,0,0,0,0,0,0,222.19469440831236,165.31117844499005,73.82647647837089,18.8862778060524,62.497737420405834,89.92912529839197,0
55,1,0,0,0,0,0,0,242.2545125513218,133.210788018672,77.63325299638893,28.19309619957387,77.45531068531189,102.65585592929638,0
51,0,0,0,0,0,0,0,178.44265061321062,85.0,89.44980641094394,32.55066223855948,83.53567157024881,75.79666284643166,0
38,1,1,12,0,0,1,0,202.8337918234651,146.09068240071718,75.5585623461367,36.195078547896266,71.58748990389172,157.80580257833367,0
61,0,0,0,0,0,0,0,304.34428425846966,159.85760331592286,101.90310418976347,29.635364275061946,79.99298845489895,94.72315365823384,0
45,0,1,11,0,0,0,0,238.35464471350537,130.92208868990804,89.48640141150885,31.775812368970655,56.94477824779872,97.73311852343372,0
45,0,0,0,0,0,0,0,276.92377541082004,159.1271220986791,84.37566550183445,27.691984786559633,90.90051775578216,122.42665863892023,0
53,0,1,15,0,0,0,0,246.20857588995324,95.30779468282408,80.00732658620052,27.03823848091987,88.57378453729308,84.02811246575185,0
61,0,1,14,0,0,1,0,293.8284010932991,101.51758619421386,96.27825044593723,26.255104197545265,73.81888920751621,67.15330883779342,0
43,1,0,0,0,0,1,0,148.05114856563432,136.50701477788513,98.03223624109978,25.366180459514457,64.44196961633918,112.04798305613559,0
52,0,0,0,0,0,0,0,227.7184263031637,142.49652401198568,68.06341423294907,28.289013877259453,84.51477777104289,113.39828823182901,0
55,0,1,10,0,0,0,0,308.37039243352115,161.84473510903013,73.57722273521092,23.665551966404635,61.22256640437524,85.53064501633204,0
57,1,0,0,0,0,0,0,278.07163116466836,146.05633826846832,89.61556247670433,25.195485948492514,62.94451120908478,122.47143337041666,0
53,1,1,14,0,0,1,0,294.3163793867684,105.74016003396906,93.24017133332826,20.970338239846008,74.3566861071758,80.08442638736217,0
48,1,0,0,0,0,0,0,235.7023578791144,136.68700368563648,78.39591342028878,27.747199343166127,93.21649880385618,103.44250782983241,1
44,0,1,15,0,0,1,0,212.36731772181113,145.2160037963393,73.09066168344997,21.867700081299347,82.68698227122383,116.85724512533444,0
52,1,0,0,0,0,0,0,190.80476377373117,90.76685202866315,82.94335151159854,25.938354460968874,67.23605796012858,84.26156735472475,0
42,1,1,15,0,0,1,0,187.73516396689354,131.04006366576365,99.72032116895181,27.85201348393376,54.81482470181397,92.5063565262329,0
32,1,1,13,0,0,0,0,271.51066473717486,124.61718403335905,82.4924111206257,28.202154868616233,75.49824496358177,105.59834755423648,0
55,1,1,13,0,0,0,0,258.5812862185175,117.5967523775936,66.83271076209843,28.963185005043282,78.01706143081917,73.57774711111907,0
59,0,1,18,0,0,0,1,233.07076822946416,142.9730951385588,83.31499873092905,24.925504746892972,74.12663902093436,63.27451054307467,0
32,0,1,19,0,0,1,0,258.36038881347395,106.70700641572567,91.39297685475825,27.792861495497718,96.67670016278011,112.65858163408355,0
43,0,0,0,0,0,1,0,242.26787739829066,141.17134926408028,80.7834722638029,23.804836421239965,73.41687732469865,89.05561419722814,0
57,0,1,18,0,0,1,0,278.3375788615773,144.3088048425957,97.09800174980693,17.719417776658087,47.614555509890764,70.37144058005647,0
69,1,1,14,0,0,1,0,277.9182172159595,155.8427928257414,92.39018842620983,27.974268022340397,70.11432530188334,84.1646857486569,0
52,0,0,0,0,0,0,0,189.10153957866692,107.2847762185627,81.25889291564374,27.023801238142983,80.45573494256915,93.69624280723049,0
45,1,1,15,0,0,1,0,248.04042344867077,98.88484719619996,82.51772823568554,29.954626361886458,79.64276770502367,45.90611522073411,0
50,1,1,17,0,0,1,0,162.56986299146038,138.13587936145825,59.89888353780131,25.696316277226437,72.87986056517963,98.46783664443419,0
63,0,1,17,0,0,0,0,241.85291247598624,125.70203285491056,96.52272069894596,19.227030200558616,70.89338176712613,91.3942626883639,0
46,0,0,0,0,0,0,0,262.58938830686975,195.85830577486186,78.04579181595626,25.424313784106687,51.004525382421185,120.06727886552028,0
45,1,0,0,0,0,0,0,178.19634882910094,142.0869664773445,77.20051912868381,29.434980315432885,76.02924907465841,76.96319970535187,0
47,1,0,0,0,0,0,0,217.67563963972339,133.279557657492,75.40175672167099,27.75174271606535,70.93652668705245,113.67370097068994,0
43,0,0,0,0,0,1,0,236.4191605976713,128.19778497511885,87.48037074988115,25.198347251131175,77.9909985845215,80.97315254936831,0
53,0,0,0,0,0,0,0,246.29225632042915,105.20263940033212,68.45568399084809,18.97940716555595,80.89547128824348,85.20100403916594,0
65,0,0,0,0,0,0,0,223.74143705810727,144.40539416500116,70.18992661944947,21.59333048489392,89.89282046453569,88.46187872373389,0
54,1,0,0,0,0,0,0,184.41932129419445,130.25880942204245,81.36969877960776,27.75667933359061,63.53321878423358,130.1448264848468,0
49,0,1,22,0,0,0,0,233.62368311555264,130.27709896455244,74.48184002098158,18.972855676495456,59.47221414581142,53.49171625456542,0
49,1,0,0,0,0,0,0,163.30128305459698,134.07775316097042,86.02280288047699,24.495195849496977,68.1123992265072,93.38672911310996,0
38,0,0,0,0,0,1,0,225.7637767859856,136.8666756581794,74.9213286476058,25.95753093380333,66.17288105932431,82.97132305691625,0
59,0,0,0,0,0,0,0,216.57956099733508,93.73637578981453,101.14043517250704,30.514742338944252,65.09508510340467,81.34369129297563,0
51,0,0,0,0,0,1,0,230.0923103686655,150.41450614016048,90.32149008141285,28.31941125963522,92.33887729041902,95.40924746321666,0
50,0,1,22,0,0,0,0,211.38983299106997,113.3782237540497,90.17063454854738,29.747526054578252,76.78099045845953,107.43802463995186,0
75,0,1,11,0,0,1,0,169.66204312112717,128.9632916556902,74.7404589541443,27.0375986285337,98.66872155153698,94.22753799138344,0
54,0,1,12,0,0,0,0,219.88089389406147,160.28990825463637,110.86815609327338,22.33381497293288,74.96315492370285,110.4097081229088,0
45,0,0,0,0,0,0,0,276.95608550164206,171.1478690299425,76.73186782870806,23.283992081574958,60.937482611208466,76.22789256952822,0
48,0,1,5,0,0,0,0,291.5042753755074,94.58912235021938,73.4342766725186,21.976095479110757,65.30190498962676,80.88329897010634,0
61,0,0,0,0,0,1,0,343.3307082636477,132.66538620884228,90.48091116346417,28.222201451897444,87.29346416452749,58.97996349459803,0
52,1,0,0,0,0,0,0,310.4326179694972,138.0040900736528,84.34273759528398,22.954918902417514,61.39377915647371,127.60683087210536,0
39,0,0,0,0,0,0,0,183.33473122660342,98.83433942378818,72.17938828910587,24.18459871658322,81.69451973116654,77.70561321123917,0
59,0,0,0,1,0,1,0,218.028745544003,149.65701001719964,108.35016594506297,25.892214076566077,70.71896965016808,75.16405783969049,0
46,1,0,0,0,0,0,0,234.99743206713782,134.5577789031118,93.70719397831405,32.529381030983245,63.84209312802287,95.95324264341788,0
67,1,0,0,0,0,0,0,232.23536729371722,136.27151110528993,82.04806361521527,28.494249022567246,91.63823678577869,107.46282759663,0
61,0,1,9,0,0,0,0,239.05946651543394,111.81383579647743,110.81332157299914,22.63130095913545,67.93720756415976,66.0821316842865,0
48,1,0,0,0,0,0,0,341.93402254809257,141.08350615438965,91.72936173145904,26.422575394654864,65.0691477047956,109.29381197624323,0
62,1,0,0,0,0,0,0,188.38973198513452,150.44092704057863,81.85718836248527,32.570378218032936,74.05328304536613,75.02405808941441,0
52,1,0,0,0,0,0,0,204.60463000657086,134.80055344197055,109.37725174212312,28.32223524655866,68.90114768589763,114.90424974723108,0
59,0,1,8,0,0,1,0,308.3283409239201,120.69341017881283,89.90781680169047,19.247165326053853,101.57983080719842,69.55909291527821,0
56,1,0,0,0,0,0,0,208.89682090426652,122.40647500297999,89.38294314784443,22.047518342585168,87.72428752050695,98.91528846875305,0
44,0,1,12,0,0,0,0,253.31754861477148,136.84870555677125,77.36382847407397,21.73306443973721,67.91169093053804,82.98232585803264,0
46,1,1,22,0,0,0,0,281.52492427420117,133.07354232437385,82.59296182839576,31.70699228397587,69.29595466489882,56.093309595016315,0
60,1,0,0,0,0,0,0,257.4059567362093,151.9060866206267,77.07168404962943,30.95075306704099,50.766620699187136,49.432817589437455,0
49,0,0,0,0,0,0,0,244.43768785650965,121.43431767446835,99.27682895249743,23.23734839107898,76.64884381309734,64.91208420568003,0
48,1,0,0,0,0,1,0,277.2988738665353,105.19562673970185,62.68703027899044,23.14902109878995,66.03528788473432,104.82880851401814,0
43,0,1,19,0,0,1,0,196.70498351378131,139.90649370105106,98.39044519677817,25.983236308915362,76.0561365859192,40.0,0
55,1,0,0,1,0,1,0,214.16002230217595,121.49434323402852,71.47188965562468,26.10614308898319,51.40471086114924,89.68075738419603,0
69,0,0,0,0,0,0,0,259.5680538924672,149.24100287880006,81.30494556203786,21.854463689775713,74.67892396813271,87.67848201782164,0
42,0,0,0,0,0,1,0,144.94467259457295,132.1658498700672,78.45740334610925,24.778564232915976,95.38405567480193,43.30720047482744,0
52,0,1,10,0,0,1,0,298.32968822716646,146.4058904960261,75.75817016205752,19.84022659360184,75.64969393478792,63.671411687507046,0
64,1,0,0,0,0,0,0,249.34926450870236,109.68502497192267,90.27740977762592,31.016514890135248,65.70381375539351,63.627948319213544,0
51,0,0,0,1,0,0,0,242.7333971223706,135.15449779105606,81.9377294400543,18.582644897390114,74.7543993010821,83.21190383543204,0
55,0,1,20,0,0,0,0,164.25743338379348,116.61620943755383,73.98761487821336,18.537098370239736,74.22901516576697,115.7257230029673,0
42,0,1,21,0,0,0,0,179.38919848241153,105.15177963232316,83.84794636213353,27.583661763498913,101.30199768907549,106.72412432784998,0
55,1,1,14,0,0,1,0,218.4623187707621,113.05562668243766,73.64695928000188,20.72880742488038,71.00589684935176,73.71290568606301,0
50,0,0,0,0,0,0,0,271.52691341300635,120.0215039809311,75.54669401198294,23.746043671648387,60.560480361325716,62.92339774578032,0
60,0,1,17,0,0,0,1,144.62889546326227,159.38327959452474,64.03284293153433,26.059008730520727,75.25749809072926,46.15740185757437,0
62,0,1,14,0,0,0,0,270.68805123420367,119.4393112111615,76.59629207818284,28.568733402454033,77.3463988540716,73.29200487839063,0
74,0,0,0,0,0,0,0,220.15862173923188,104.02611449387909,87.93045431673441,24.893563316409615,81.74755159624988,61.327893952433044,0
56,0,1,12,0,0,0,0,226.16936719936731,134.8925032949267,82.44549901549645,33.09460436884716,84.06914220277663,81.16859642077318,0
54,0,0,0,0,0,1,0,247.1580894343955,132.64197453490885,103.78076402767772,25.798200146494374,98.46631302611755,82.0401088507818,0
53,1,1,26,0,0,0,0,247.8499584652421,121.17483373577565,113.35380968465566,30.682258303860845,67.85203557992953,71.0615235533302,0
48,0,0,0,0,0,1,0,204.65314204278974,128.4530837513852,76.42937924415132,26.942078699502623,66.76140306986179,71.54318384872411,0
54,0,1,13,1,0,0,0,263.4960438926291,153.47699589192456,72.00018690754854,34.53796000783006,52.75036227414422,66.04271911618974,0
49,0,0,0,0,0,0,0,133.9464818445567,146.7555268387819,95.55779855630733,30.139290366089174,82.93984520058868,70.21297157949721,0
53,1,1,17,0,0,0,0,216.1815689910232,144.85306455122208,86.02249890439055,25.978226079437714,64.35222761473027,115.0260530662245,0
63,1,0,0,0,0,1,0,242.76199757978378,105.95906674055493,95.63049132417967,28.378205939320672,85.70117135897544,93.90958496223459,0
43,1,1,14,0,0,0,0,220.8222301305631,195.5040573577371,86.7859687744541,24.73065499232318,69.10038103696985,94.22105633522845,0
61,0,1,21,0,0,0,0,155.6159466254968,155.12754862603288,79.6677058398907,24.689310662744017,95.71149566112442,105.27468688384656,0
63,0,0,0,0,0,0,0,269.35320466546074,143.37462839019918,79.73577942137466,20.4560156050541,57.79791733223918,103.24101978164488,0
50,0,1,12,0,0,1,0,181.07093626640972,106.38514096326139,87.1933213403926,22.486127429884775,87.27510604023233,114.76958101537679,0
33,0,1,15,0,0,0,0,233.02938366875526,152.85006248015037,79.46663325142168,34.249982679138455,85.84611075375344,95.53361651888048,0
46,0,0,0,0,0,0,0,242.7335222709754,120.97517277341478,96.63401491837443,20.863471377757826,81.31891726157063,86.71832213641375,0
63,1,0,0,0,0,0,0,236.87239476567615,127.72604229800876,66.37195312598566,23.112479877587084,61.59283561214952,68.41226014875302,0
51,1,1,8,0,0,0,0,287.43648073800784,95.02285592669577,96.56972363273316,25.41575342446768,81.37380984370265,63.04450418901513,0
43,1,0,0,0,0,1,0,233.65644736027778,104.6873721093088,59.51919102500756,25.552321891514463,76.52249688956046,102.29191701978492,0
47,0,0,0,0,0,1,0,254.80803780666537,141.64802297419698,83.74122743633467,27.37327586089694,53.036925475048015,79.44573551509492,0
59,1,0,0,0,1,0,0,233.5402225413454,154.13716285595078,78.02748723251742,23.87660509673234,93.69927587681595,50.72276572548617,0
56,0,0,0,0,0,1,0,262.9700677033161,147.06789723549076,63.803731556185824,27.626043104684985,70.8526630089961,40.0,0
49,0,0,0,0,0,1,0,297.31379307009104,146.3180179283449,57.279766999855156,30.483780308701572,92.77461235229262,131.39543983197404,0
48,1,0,0,0,0,0,0,242.05184049677652,130.57513794688646,68.82982395873798,30.99319261032415,74.1880625987762,59.32346685557158,0
48,0,1,19,0,0,1,0,270.40141573365196,123.05244566194334,82.54821191872408,24.703201617388956,86.78791275958486,66.216509501653,0
44,0,1,15,0,0,0,0,300.03447313481666,138.35569315843867,74.77379045464338,28.306508058502153,64.68569865911661,110.24579222813341,0
65,0,0,0,0,0,0,0,295.71610686686796,150.070983108206,69.50861318594586,21.100852149221126,77.57321945194181,54.20278343340577,0
49,1,1,16,0,0,0,0,219.04726624110674,132.106969608539,98.22737299506863,22.840964214383447,76.72730391753213,94.22243005509603,0
62,1,1,13,0,0,0,0,281.6030236527874,158.6255444380949,67.21378386485726,20.987693065368777,71.1167876712884,123.90546713712149,0
64,0,1,11,0,0,0,0,246.9459310420765,127.26847619604783,90.14940797859336,25.61244677608543,64.569326233024,130.618096618047,0
60,1,0,0,0,0,1,0,285.1581199002922,110.43386342348688,71.33203589941354,22.27720096692423,45.0,71.7086894561147,0
48,0,0,0,0,0,1,0,261.0199216767698,131.772030675098,68.52632880209727,19.565156408900343,64.85088709807698,81.72315146500381,0
55,0,1,18,0,0,1,0,248.1293953455923,134.3313901217105,74.7539364769253,24.217378587417283,83.40610936290881,72.8831709205035,0
51,1,1,24,0,0,0,0,255.0947715352396,130.195338519919,89.43899256644934,18.7128065192981,58.25724541331804,81.58714322221904,0
44,1,1,17,0,0,1,0,247.23047006571298,160.17442233940974,65.54241092082304,31.241491724949185,60.74239632205658,111.86024603892677,0
54,1,1,17,0,0,0,0,248.95065398600644,149.71664357592886,85.44946312608042,23.514155448902578,57.78164629962352,49.815813091792855,0
41,0,0,0,0,0,0,0,229.01137613439602,100.51929825032238,70.47088002794337,29.83979590191633,77.50665739572668,96.90300630858053,0
62,1,1,19,0,0,0,0,224.92412901326924,165.75607431236227,72.63079755704737,23.782523290856616,64.27912097888091,77.50355443894766,0
48,1,0,0,0,0,0,0,313.57969689239746,85.0,86.80769906849278,20.90075491360254,89.64411572640164,113.4755248406484,0
53,1,0,0,0,0,0,1,257.0112280888921,179.32253620275495,108.08179395933374,30.619648282559268,83.81543648543129,112.25465773240772,0
54,0,1,19,0,0,0,0,210.77458342181842,125.67927870174871,71.06779612014881,26.16368469074173,77.40148876741155,72.63597552021572,0
49,1,0,0,0,0,1,0,223.7936330170957,127.829509793667,90.63856700388402,33.536328072240416,78.64739599891024,79.45203581008643,0
56,1,0,0,0,0,1,0,282.47537195170986,130.67964274257992,78.24745147320448,23.88725600244382,65.84462312820358,102.53354309896216,0
47,0,1,13,0,0,1,0,203.60778475610073,140.47451952248397,76.30307854243844,23.975785771777627,65.84768848806308,104.61638286078521,0
59,0,0,0,0,0,0,0,170.79078200031552,131.99420957212945,94.85651211700184,29.919642453098348,83.53231855898416,40.0,0
40,0,1,17,0,0,1,0,174.02823781351003,129.06530584558013,71.87772626968132,29.948185867046085,85.9607042836445,102.45966141151123,0
53,1,1,17,0,0,1,0,159.92507359098934,160.7962028058361,68.15064127846294,26.429064584710073,83.42714846296255,119.8690835207745,0
68,1,1,17,0,0,0,0,178.85214623636384,144.4431137545187,87.52210954262902,39.474599578213386,69.35300812291922,87.87901542061799,0
43,1,0,0,0,0,1,0,184.04189864876435,110.90631520384325,101.13740555784096,24.64970075148656,70.3041350697566,103.85405772107806,0
46,1,0,0,1,0,0,0,296.9504447027581,148.29482611538594,90.99993646349382,20.59520072842703,63.81891861833965,111.41139091796893,0
56,0,0,0,0,0,0,0,233.9681146429922,143.53035407003347,65.1157914311616,21.68952433361907,84.21904604709462,87.09665531562,0
53,0,0,0,0,0,0,0,220.01640427798444,120.00397803721319,74.61600347237298,24.67356809362717,51.46253325551639,100.72730862713368,0
54,0,0,0,0,0,0,0,172.48982522718276,149.42704537996755,93.75517889892171,32.02697752251577,48.54916434171557,82.29178943935456,0
56,0,1,13,0,0,1,0,229.70243851126105,128.53340277309312,100.9733226149032,25.035990165198612,50.94168753058987,80.80013251312171,0
57,0,0,0,0,0,0,0,159.55756524717555,127.12318361324779,84.74453590329306,32.22081360330117,49.28772860766804,66.78454716683727,0
61,0,1,15,0,0,0,0,219.74564446339994,126.52391141647544,75.04992959070648,27.581142973050312,91.28569081797775,85.97951627948682,0
55,0,0,0,0,0,1,0,326.8377531531217,85.0,101.75222607242343,30.241814115078117,84.44166436284328,125.39770720751858,0
49,0,1,10,1,0,1,0,265.20735746308003,120.41261467543876,81.10487697813798,27.387391369169897,60.616840779803354,61.2426171146685,0
57,0,1,14,0,0,0,1,226.76888094440065,147.68981132676322,74.73029711014767,27.354916827149943,73.72880511975065,96.18807726544809,0
68,0,0,0,0,0,0,0,266.7174386378797,131.50695265611722,72.7008095418996,28.88611346453491,92.58948448618037,89.38196678132952,0
50,0,0,0,0,0,0,0,213.052100162387,103.72589854317351,67.65977983613374,23.476495223448445,81.00238345094908,115.92103868689807,0
43,1,1,9,1,0,0,0,200.77017931331574,153.2218876142248,116.00296515347918,23.5215744673553,100.37251521564967,120.24654613497219,0
61,1,1,18,0,0,0,0,310.98170369944506,125.4307964900453,99.05149438552708,27.23314264327484,73.62880639088618,60.741617418268035,0
50,1,1,15,0,0,0,0,185.73991522750796,105.1253392054465,74.12448020739667,33.75855704957469,67.13809264352922,68.79304460615504,0
33,0,0,0,0,0,1,0,220.41866563019659,180.53227415676233,102.781911120663,19.482911776405384,62.02668999975463,70.04951596257743,0
59,1,0,0,0,0,1,0,249.46546442399443,108.83020292126938,88.3996260808378,17.48033896029589,75.28373586959334,70.86341408342149,0
47,1,1,18,0,0,0,0,194.80569494667228,151.34881324828564,87.68929601582977,24.71865027146269,86.23277269904361,72.83568480549654,0
51,1,1,17,0,0,0,0,264.62661795978204,115.0750897811987,73.38499563860765,30.026473030024352,76.18950039923148,89.98248394091831,0
54,0,0,0,0,0,0,0,222.50984091574088,134.9881903606241,75.83047386224865,26.010641951288743,70.70166000428384,62.418099578584155,0
53,1,1,13,0,0,0,0,265.2120544129417,112.15201880590013,81.49091158500111,21.005747628058316,90.07824522380656,65.65179563100398,0
58,1,0,0,0,0,0,0,261.78330390902283,104.73530801197951,58.41341206671853,26.124283337152193,81.34670515359605,63.8164228581921,0
48,1,0,0,0,0,0,0,225.30746625246348,143.488455982771,76.15815827921116,18.69480982717905,73.6387620405611,93.33036333208916,0
56,1,0,0,0,0,0,0,311.2689815940033,140.91639199295682,82.05387557480113,28.37855994958412,65.80090471865894,80.53332814155935,0
49,0,0,0,1,0,0,0,206.7252246489286,157.18228777281942,97.71422687760685,24.532657132542326,71.94668650161846,76.45006653092523,0
58,0,1,12,0,0,0,0,295.35030070414444,131.24359753349103,74.60142944717714,25.463666751863737,80.67296667308287,62.63676694976189,0
57,0,0,0,0,0,0,1,287.6970626756338,180.8477394707828,91.74565733337369,27.551460429095684,65.6358134866189,45.10675635150379,0
44,1,0,0,0,0,0,0,313.91881713705936,137.9036266836148,57.27407415914598,26.64332456124205,60.19616473479009,119.5252757288909,0
61,0,1,9,0,0,0,0,243.65846573109292,144.46904298721867,96.00436210567283,23.580835747702444,69.23818492077982,75.35926318026,0
47,0,1,18,0,0,0,0,201.30222867516844,102.11455660764098,71.19583639465883,30.03781263435053,74.40948369506714,144.34132621850978,0
58,0,1,15,0,0,0,0,327.37904975450004,118.49014506730433,83.56327562889712,29.06742351502012,91.35948198198932,99.77420199072264,0
55,0,1,19,0,0,0,0,221.27313540903998,143.4329534113515,86.87611743015063,18.525434811880515,61.079551561649765,124.07281515940417,0
67,0,0,0,0,0,0,0,200.20412680095643,130.14698922690118,84.52215468827032,24.856005046962345,77.72097716319419,104.85020742882455,0
50,1,1,22,0,0,0,0,227.64938318018824,136.129028970762,80.71864289615242,21.370824145845265,71.66914232031323,85.64587162680027,0
49,1,1,14,0,0,1,0,192.80560848908857,114.03713737428774,67.10180457552052,20.60096179329877,72.26471056892727,68.25387616462046,0
51,0,1,8,0,0,0,0,259.1505483054272,134.68283341637567,71.32550898052608,27.99404785639764,93.47239563461108,59.53268194588095,0
49,0,0,0,0,0,0,0,209.35059120262545,134.6080096150182,93.95718331865925,24.081028749272516,75.9745456479044,107.75197339067651,0
58,0,0,0,0,0,1,0,223.35069652418562,106.03042956252474,74.83147049447903,25.21463623931972,64.03734105941065,88.09578312793523,0
38,1,1,15,1,0,1,0,278.58226991325836,146.13609658297298,80.7604528796381,23.054291771514052,85.66496065854727,96.17952393801986,0
43,0,0,0,0,0,0,0,263.44250124775243,94.59857116780469,64.09496491491302,27.317719356561295,84.78288819968235,100.73634061382094,0
42,0,1,9,0,0,1,0,236.68572119306498,136.05323777314905,92.3028803382991,28.58122222980803,62.98594665694064,90.18741091769336,0
60,0,1,23,0,0,0,0,243.5184352648672,170.843039264161,66.16620351831892,34.69804493820293,60.684759243755465,71.14727638906777,0
66,1,1,15,0,0,1,0,236.53923894778782,146.9721118320198,92.99155370322529,25.05800551555758,79.92623669648485,105.2921568333588,0
51,1,1,20,0,0,0,0,217.02917707763595,146.8345834128163,69.24745887227877,19.861488353420405,74.60437297510053,77.44170251204669,0
50,1,1,18,0,0,1,0,235.88882692269735,112.25661315112893,94.1740963639333,23.734035869230777,69.35300754349286,84.0830930885057,0
52,1,0,0,0,0,1,0,257.59703152168953,170.91936516936295,82.1223149836759,29.272945677664794,87.67558209586043,98.4999839526675,0
61,0,1,10,0,0,0,0,230.44886632493106,162.28779808125034,75.29491124263491,22.63215472046574,67.89263164757091,80.64384164247437,0
44,0,1,14,0,0,1,0,254.46977573013206,113.44101949629751,101.20482106537749,19.723276842234583,80.05875483004066,40.18949925841324,0
54,0,0,0,0,0,0,0,199.18657374938593,121.55520868007271,81.17374008618121,22.717547486218912,89.09573241540946,105.93351260473159,0
60,0,0,0,0,0,0,0,209.428679349589,159.60243298838714,77.65825248092825,23.613199737227813,70.93042967822177,110.86336308804619,0
56,0,0,0,0,0,0,0,203.68989785594508,171.51524232296867,92.90941513117612,21.36105485334491,53.050815183249306,40.0,0
53,0,1,21,0,0,1,0,211.1342196411341,104.17690722801366,64.23451466176004,26.691653707877396,70.1631865992618,58.00430226978463,0
60,0,0,0,0,0,0,0,292.635966055068,109.91836306605931,51.67401275180088,25.47600864705245,77.27140489890526,128.54923120216674,0
32,1,1,11,0,0,0,0,267.9457068968558,128.83669135871227,95.89575968364252,29.03779148735707,87.03607131315368,87.33679760558998,0
57,1,0,0,0,0,0,0,188.61538277788878,85.0,71.96437505617561,23.971974676805086,68.74607171716922,82.0816792852184,0
46,1,0,0,0,0,0,0,255.249925041972,132.41899352460732,92.37546910463799,28.088065551130857,95.67712135755858,72.19318163785988,0
36,1,1,19,0,0,0,0,218.81437824346293,158.08635730865967,82.55394846133625,23.78168974450297,59.414131455195104,58.293839030297406,0
56,0,0,0,0,0,1,0,205.9750782392511,100.34998564281352,68.03212643047026,21.168589316584182,76.96972397456786,77.52839422695318,0
63,1,1,17,0,0,1,0,170.6274635082097,134.7963532294519,89.28738903609036,23.573621545491676,72.13004359548954,104.41172300081135,0
50,0,1,14,0,0,0,0,278.76442252809073,119.20104449010311,77.07795771722706,19.16510452489378,91.16509071767975,81.63940693423702,0
60,1,1,18,0,0,0,0,175.99002141464592,168.0788108725862,69.07191596432186,33.131684123930214,57.316233830616696,96.03653397554011,0
65,0,0,0,1,0,0,1,233.71362016756552,119.46457903307288,69.38444353363897,26.38424896592261,80.10761709763108,122.61126441565095,0
63,1,1,11,1,0,0,1,194.36230518810578,165.41784793046884,61.20593494993926,22.5388317496451,72.06922041726347,68.64900184973756,0
65,0,1,18,0,0,0,0,270.1371336710767,118.855988442153,86.83629858619285,24.251658934643554,93.34969139623189,88.96612271514417,0
58,0,1,19,0,0,0,0,221.28851964218617,148.96586771735085,70.77519106665768,15.753097668715718,65.05729582532902,105.10105190152059,0
52,1,0,0,0,0,0,0,230.08364315710483,137.54280360397937,81.58333446754175,31.680848222794452,79.98381914993324,60.543216430268274,0
38,0,1,10,0,0,0,0,231.56769243107857,128.95800133668536,79.81933006585153,31.279846981278357,64.94170151474582,86.09521504551351,0
49,1,1,8,0,0,1,0,249.31309473717448,114.60837148081254,70.70131982584395,26.240921807056395,77.25674612907419,125.0634640664063,0
44,1,1,15,0,0,1,1,236.57220961526562,139.10809926899364,63.72520343033415,27.109795413859967,70.56762152723073,74.17424124942424,0
70,1,0,0,0,0,0,0,234.0959796857109,122.30822422533194,112.40452994956155,20.602525214604796,70.3772429369109,106.57197037408716,0
50,1,0,0,0,0,0,0,213.19031308878976,116.82514305422096,81.41760968826101,20.90062342943188,51.15077634275222,78.75385182417524,0
53,1,0,0,0,0,0,0,166.7119075729479,164.39990031026585,103.88059543312357,18.8410857883303,79.97500877229716,123.39050139829077,0
56,0,0,0,0,0,1,0,186.78375778015837,144.045665004851,95.97924140472148,25.139620848328278,62.013130356577804,44.15423855674658,0
52,1,0,0,0,0,0,0,267.61310850194843,146.16005694195846,78.14601638211509,30.150245159950323,61.59984461937731,83.49399239323654,0
66,1,0,0,0,0,1,0,222.5439436136429,123.38483259053022,84.1715756480777,24.228820022320384,56.336599133294705,47.98634201164453,0
46,1,1,20,0,0,0,0,206.78356978021088,127.9084763641673,83.82298938360577,27.22555290372823,62.32740769921215,65.87983322553944,0
53,0,0,0,0,0,0,0,174.14796164560602,126.53131331827554,104.13040826718928,29.81321896906362,81.00575719595024,65.74316793821052,0
45,1,1,16,0,0,0,0,160.3355258360245,139.4192560750215,91.95800429972095,19.141187220290043,80.4140794618369,75.86000493592135,0
40,1,0,0,1,0,0,0,205.05889727435925,146.11967594053513,72.31272704768475,33.36681824405503,82.96453152649475,54.66929893400764,0
46,1,0,0,0,0,0,0,275.0743255779913,131.33446985314544,86.21942603865669,30.545013588468198,62.67622928586227,80.34999017613121,0
51,0,0,0,0,0,0,0,211.488911480618,114.5618101280259,91.65177209704304,27.90696014281775,77.57737950687269,92.59072960306709,0
48,0,0,0,0,0,1,0,253.6213631106237,148.73255005458407,67.89617141313911,29.588787575197898,67.61539760395056,46.76622794970398,0
46,0,1,13,0,0,0,0,209.46536750648986,132.7348851005834,87.92979213766422,29.781412843427788,86.45675626005979,67.39655272932215,0
40,1,1,13,0,0,0,0,264.1101346252693,100.30159966703843,98.14586747446145,26.99982353501823,80.11216745813162,140.44281905354953,0
51,1,0,0,0,0,0,0,220.52296472041857,85.02351549824687,71.71032818049825,31.655939606859533,67.12178007943666,89.57245419391452,0
39,0,0,0,0,0,0,0,181.79709319577816,138.5537378601304,73.36817718898588,23.94409257066844,87.48690642381885,40.191952303819356,0
58,0,0,0,0,0,0,0,224.16606501242447,113.75157642469051,95.92567006416807,27.693425941301133,81.0881320876959,49.78928511052489,0
52,0,1,10,0,0,0,0,316.6960184043379,141.48336684672196,77.74916424512209,31.218735485125244,58.355966077034104,87.19579764357582,0
39,0,1,12,1,0,0,0,314.7549098842376,114.93639720499344,70.21589903897082,15.0,54.94173382402109,84.31531888720747,0
49,1,1,9,0,0,0,0,257.40746532229207,134.93008699489016,92.5872765164089,27.595649718494048,58.82777015368059,68.48881556087976,0
45,1,1,8,0,0,0,0,229.9694121217971,123.67516638483399,88.92225084071008,28.770880411617753,94.79018059831967,132.44624400842343,0
54,0,1,20,0,0,0,0,249.37167929218367,170.5422578260127,83.13272688995293,18.79539039987379,62.814448487562835,142.23076287997904,0
63,0,0,0,0,0,1,0,249.94150290426475,152.90694447201017,95.49499154138445,26.955462352667993,97.51368249218186,75.91918272345636,0
36,0,0,0,0,0,0,0,234.24498289584753,161.64053180413225,96.34762291833466,22.54580548052548,62.19217700334728,102.07800791631499,0
52,1,1,22,0,1,1,0,255.40153687659515,132.52905092061945,81.00612509412665,27.42690575452407,60.91361933667187,103.23282194038305,0
50,0,1,12,0,0,0,0,245.1619819347568,150.09194066052737,105.69191665063244,25.41050288471592,85.55942977275915,106.28508220798427,0
57,0,1,19,0,0,0,0,222.0972150439702,134.01630170722513,101.00067944112396,21.920054506401797,86.10627973082923,67.27803759920022,0
53,0,1,13,0,0,0,0,183.4087008271197,164.33101008354197,58.18841860131269,30.349621020765948,81.66990208360343,126.60733199607236,0
45,1,0,0,0,0,0,0,215.7573933423127,130.403634564362,69.63859091880182,24.08470340164303,83.11332352549974,80.42226448660858,0
49,1,1,15,0,0,0,0,271.17882935923825,101.25523451206254,54.936498164293134,26.90685155548849,65.3805386957,91.70581786357755,0
45,1,1,22,0,0,0,0,234.61566212220396,88.03032644441335,78.10342006330295,31.1875952562848,84.9960383457678,82.04700073525113,0
61,0,0,0,0,0,0,0,249.21262322985024,168.70284463041932,67.46538162039924,22.04155257302896,77.87996006062322,78.78721803712855,0
52,0,1,15,0,0,0,0,223.54731678100586,142.5270984313189,72.2281792151239,25.83300191668859,70.61669532499329,88.40330257857077,0
68,0,1,19,0,0,1,0,189.3777097795325,143.9736507009183,95.08681776139447,23.769158705322308,76.1354387734172,54.72463180274911,0
51,1,0,0,0,0,1,0,225.5002925456398,164.7722525304148,60.94205128317904,24.684063457395332,87.72774981779133,40.0,0
45,0,0,0,0,0,0,0,191.01194036702853,95.66183123802898,83.55682889236975,34.63994935241648,79.7022072354938,77.09224905168429,0
39,1,0,0,0,0,0,0,188.20327636144373,124.11077326490023,83.48411730976497,27.672781124688147,49.106374887595834,61.750164350764805,0
36,1,1,18,0,0,0,0,289.048010790254,126.80646374846927,81.01132854937427,27.085729974151047,85.69473445550253,94.59258459369272,0
38,1,0,0,1,0,0,0,217.51621578289448,148.33005513055434,83.56934418375728,27.948758069118988,84.77566456155058,91.97717365036792,0
54,0,1,24,0,0,1,0,203.3746720797585,116.76191504778058,55.21261947501087,27.564064473088113,70.45122384431335,82.31004045302414,0
56,0,1,17,0,0,0,0,307.19022611275983,105.56977764267462,72.2853458104277,18.31416449016075,76.40097951862947,116.07622018275086,0
38,0,0,0,0,0,0,0,271.85934155778665,105.37232967806364,100.51601038308868,35.21671936414105,76.35287701391198,81.8567633861517,0
59,1,1,17,0,0,0,0,219.65359407791914,157.28719767798444,67.63754697388383,19.796084946931558,51.24648508827878,48.46253061224438,0
47,1,1,15,0,0,1,0,254.8159983243042,115.66429393633142,101.9993297627704,32.903636490707754,70.17995629087069,76.85618244194843,0
53,0,0,0,0,0,0,0,225.6253139965291,119.85561534492015,65.11813105865912,28.333862996591233,70.6442750646371,108.93225863766523,0
65,0,0,0,0,0,0,0,205.5220941116976,145.9589593160139,63.675512411052146,26.541193974351334,73.09527757376046,40.0,0
59,1,1,17,0,0,0,0,256.8864138773402,116.6232010188322,70.57865419283084,24.54751159808577,68.68982683358827,79.83716447785055,0
49,1,1,13,0,0,0,0,221.73071704591106,94.49113469937589,95.54899561944302,36.48115825948252,82.95410123068058,95.23562679485597,0
44,0,0,0,0,0,0,0,239.32191239597375,97.20257417805223,75.44655004300746,28.278407196715147,65.29045321722411,143.001573694139,0
33,1,0,0,1,0,1,0,280.93998233558557,130.7502372722599,86.14488386126972,25.872521066165437,85.92092599228263,109.78992564933493,0
45,0,0,0,0,0,0,0,276.09337656699654,142.94122546803487,82.88364306420645,23.605422911507606,82.38890500076519,85.05017681738317,0
50,0,1,13,0,0,1,0,211.79589515833263,127.55060463529075,81.34645380723616,23.11389209813695,91.3250206536191,93.97746220597978,0
43,1,0,0,0,0,0,0,257.3853905006318,141.46973948379951,97.28941711129089,26.00750447340608,95.80558840964464,40.0,0
50,1,0,0,0,0,0,0,186.37432516958674,96.51757442783202,91.25821529184446,21.984527570188902,95.88542185698671,57.85638972416287,0
52,1,1,13,0,0,1,0,255.818223097891,98.00332209870162,68.28516163405149,28.586569296573458,60.77258442758366,96.9719804355445,0
50,0,0,0,0,0,0,0,242.53379345524866,181.5865901584733,78.69315059690003,23.15286629433102,79.13023002714154,85.70685012309531,0
46,1,1,9,0,0,1,0,252.67509194399096,159.12125398700695,102.92127784036998,29.92031760922788,66.3865649242391,88.64104729174004,0
53,0,0,0,0,0,1,0,222.91243079565376,148.9173816217674,85.83474147001523,29.828608263376275,114.3635950762694,82.7846370345793,0
55,0,1,12,0,0,0,0,327.69913604070956,117.48605724384234,63.905848430904165,25.57271371559081,82.36885630781748,81.88290935562517,0
42,0,0,0,0,0,1,0,196.34281286470616,126.76386380393008,64.75553317147852,28.179239142405407,91.99574387632552,84.36740491501234,0
63,0,1,8,0,0,1,0,278.7482752826123,131.9630990230608,92.68174370279469,28.38449202905987,80.22443404198187,57.71119076190948,0
51,1,1,11,0,0,0,0,190.60527393019342,160.9156145017635,90.42924780611276,19.80444040250632,45.0,76.73467963606656,0
52,1,0,0,1,0,0,0,258.19114368369014,140.86122086179202,70.94361309835202,32.89994125347986,65.59721962060532,53.385593477136645,0
58,0,0,0,0,0,0,0,261.3347589990784,143.57010362833162,90.97156214769217,24.751450771422668,66.7730047117643,67.74928149502045,0
53,0,0,0,1,0,0,0,238.41893834874054,128.311591427415,101.19270564063099,28.651851405004372,70.31837666923649,109.50581521170426,0
60,0,0,0,1,0,0,0,214.20572593607702,149.43863147048185,99.49430607592721,28.76685639531658,79.31481960304116,77.84269685855604,0
54,0,1,13,1,0,0,0,242.20993519279315,138.65110044348802,101.25133644186948,15.592897924704827,81.01599269297238,95.70430793145859,0
46,1,1,20,0,0,0,0,247.74845467092769,132.96850012040497,88.66586530075365,23.106590301527177,45.0,84.65177474458865,0
55,1,0,0,0,0,0,0,314.7572053974764,115.65214821190203,79.86808217044134,29.24551216374683,72.15696522988725,73.1474916614547,0
42,0,1,22,0,0,0,0,197.61702744678698,129.5014216737641,77.17023903439797,26.055235083684334,69.16948654337209,58.80291974800626,0
52,0,1,9,0,0,0,0,211.53980616218394,108.25028051684097,81.79135733664587,28.624774278986088,91.57245988442989,72.79871999458476,0
51,1,1,14,0,0,0,1,248.5283645110508,131.116941868287,71.4877203465176,26.178702901925256,82.10693524896519,86.21310425755206,0
50,1,0,0,0,0,1,0,224.73363322260892,133.9560498752278,77.68841530577163,30.840465354592894,72.80306973115435,95.34352921485798,0
50,0,0,0,0,0,0,0,231.5981943398536,85.0,97.3014369795712,26.267538942622085,77.68416988635218,84.81374788481759,0
36,0,0,0,0,0,0,0,283.0954807560055,126.93253013978892,62.69114789875008,31.638765296799953,54.755723547375275,96.93804731275135,0
47,1,1,15,0,0,0,0,111.90827384911367,106.13063549869896,63.51196329170298,21.78188283343062,82.93622453798169,47.03608764112676,0
52,0,0,0,0,0,0,0,209.69022881921632,142.97006516136727,91.96636725302115,25.276675715136328,70.25353295288673,101.93323882442054,0
53,0,0,0,0,0,0,0,159.33575404494502,146.0175143581219,77.7979249037983,23.367061768813645,65.31145472685891,56.050104163855075,0
43,1,0,0,0,0,1,0,183.3840767762209,122.62052401136302,58.89228370529999,27.393407862655287,90.77078207803508,104.62060619463449,0
62,1,1,18,0,0,0,0,341.8034776511887,144.07848591668215,81.26399012391471,24.657461425981438,78.28296987213112,93.55533439849539,0
44,1,0,0,0,0,1,0,262.3193978939213,145.00347259937135,79.55054098223671,24.85899183291609,67.01482883783166,40.0,0
60,1,0,0,0,0,0,0,277.86885670255657,126.9462515329411,76.82698628210399,22.91045791067399,67.74728224500625,98.95014495625338,0
55,1,0,0,1,0,0,0,232.456695409397,165.75431345668048,90.2284723177778,23.91098438059297,79.39087607568592,104.88723881615697,0
46,0,0,0,0,0,1,0,269.38340829260403,116.04835138585696,66.00165317450083,25.757864037941623,78.45805555768754,110.93120458795582,0
67,0,1,14,0,0,1,0,158.27116166910903,164.37004547156965,82.15582497831514,17.512484880148993,75.35310061709333,64.32223946556147,0
41,0,0,0,0,0,0,0,281.68513011786246,127.04561255796948,79.46833006465076,16.362768190272178,60.55972333684855,86.1264493676221,0
59,0,0,0,0,0,1,0,199.9268587833644,113.44682022902872,82.45390273494046,26.04249836346068,62.33443175868886,97.9723358101203,0
60,1,1,13,0,0,0,0,212.62210394965982,124.26593353230359,61.21376610235936,15.0,66.0202322620049,98.93551795047782,0
46,1,0,0,0,0,1,0,258.2266471000047,107.81343698995488,75.72821334231989,25.00811666508691,72.64624283096717,91.41897752284828,0
63,1,0,0,0,0,0,0,249.92365737761747,149.26027308256246,82.23723029244672,24.253628579116025,74.50426724270592,72.18736640049768,0
49,1,1,17,0,0,1,0,239.72328212931615,96.73908248234392,88.49391563557475,28.02235526642958,73.08034769118143,104.72270634451039,0
54,0,0,0,0,0,0,0,176.02376924246596,162.57138818291418,104.15675806495,23.04472464588709,73.6290604671542,104.85785923673387,0
54,0,0,0,0,0,0,0,240.39180142815223,111.41092156157788,91.67138066486825,32.23501055409706,97.57494717505284,78.45159895977814,0
50,1,0,0,0,0,0,0,278.26469955326206,150.406374180611,87.53386240760098,29.27746778024478,85.19100103911805,63.97823950705559,0
58,1,0,0,0,0,0,0,212.57056777160906,132.5329689433303,97.25769750736453,19.599594470228794,89.25860107857883,65.25822319844269,0
58,1,1,15,0,0,0,0,293.857229994973,137.95793622709112,78.35413064148119,24.634179934355195,80.57116789876775,113.39080745264087,0
37,1,1,13,1,0,0,0,197.6015548197836,119.019045831898,100.64713796361826,32.061459091153885,75.86883206779497,103.8656028531238,0
63,1,1,10,0,0,0,0,236.28810723560844,139.7617760073289,95.43127348074539,22.93970918786191,79.91949887537055,81.53908499743932,0
37,1,0,0,0,0,1,0,303.554420268571,134.96943434811902,76.64946651229046,25.583141467395816,77.70984207138528,77.41901622701707,0
60,0,0,0,0,0,0,0,206.01840384121718,99.9259565002748,105.08746210879949,31.556923061004586,84.69573850333863,41.33170450031941,0
61,1,1,18,0,0,1,0,282.37536126859123,110.82499993546833,87.36322377888014,23.58355797414261,63.29831440021879,80.05877459930389,0
42,1,1,16,0,0,0,0,322.8847039377596,120.09993355778425,108.31562771274085,30.404217754339857,83.69696513539712,54.604351445254,0
48,0,0,0,0,0,0,0,243.52593903266262,115.39007660121811,85.63818705139967,22.069001629284163,77.00470402532763,85.65698795931044,0
42,1,0,0,0,0,0,0,212.8112525551345,159.56184079844033,75.25684168587237,15.0,53.314955548210335,109.26068667551314,0
50,0,0,0,0,0,0,0,201.99949267019895,132.154312044645,72.78956027975912,30.836970197406572,76.02866023957311,59.449614281633856,0
49,1,0,0,0,0,0,0,293.4025189472823,114.8692303519226,77.73107854320473,27.59881366423565,59.32538638932979,87.48749548892478,0
58,0,0,0,0,0,0,0,292.1745447709446,121.20306387193313,75.144460695644,27.86871352887131,68.5800279193674,104.9489345262283,0
63,1,0,0,0,0,0,0,299.76960140622174,120.90181216196453,97.25666268350433,21.318852555648377,73.08971208294071,87.06679409126178,0
63,0,1,14,0,0,0,0,234.55511257113832,125.66291161588855,81.65230906539698,21.645254272362862,56.91477757389993,69.9483918774441,0
47,1,1,17,0,0,0,0,281.6635054271926,108.3427530961688,62.63172792925109,30.516789730918173,74.35510580512535,82.2388873212586,0
50,0,0,0,0,0,1,0,233.8510667904529,114.09351556685898,84.55605179046026,26.79714996035748,75.8216169248461,104.01672038124116,0
37,0,0,0,0,0,1,0,197.1455746492322,148.86535204561264,83.50615651732343,25.318430164915185,84.06088478156262,88.03929077764117,0
45,0,1,18,0,0,1,0,285.4637785449435,136.0775482740721,76.37670854597187,26.705799314668074,69.55481579658954,81.92247660111211,0
60,1,0,0,0,0,1,0,307.890292244241,128.64857397611559,85.21110426381125,31.984872673050432,78.29370005183387,108.5912919028674,0
65,0,1,13,0,0,0,0,191.09351319762192,132.0577019809322,81.47068680245323,28.767121730915537,73.85504701063427,93.84311100885974,0
41,0,0,0,0,0,0,0,190.26503763237054,130.99766335534096,89.6051844085188,23.853954690720855,69.98075116558027,54.33324413415122,0
46,1,1,13,0,0,1,0,237.75920510612548,127.39911569590383,88.89974726419865,20.04569976940779,54.95307245831557,96.52249122558588,0
51,0,0,0,0,0,0,0,278.069658652604,143.37630645156455,86.37883427678887,28.21102042349392,73.66079631204603,103.83985135999211,0
54,1,0,0,0,0,1,0,186.11195547482606,141.74951968865437,66.41372915475922,22.011731156399662,83.93414996883004,53.54172309698778,0
45,0,0,0,0,0,0,0,245.98869242605986,97.42121458900127,107.42820073770774,20.952254555763062,63.7953985129786,40.0,0
55,1,0,0,0,0,0,0,210.02121402137092,129.10563190999665,63.32817156001227,31.194571666183677,72.38659366442072,58.03554861809792,0
47,0,0,0,0,0,0,0,266.8364803923001,98.87197321450316,80.45548987821891,29.3768635617084,74.15415208286838,79.64250718327686,0
51,0,1,17,0,0,1,0,200.89297985418082,145.98269847602555,68.86679978381437,27.381312299390043,88.22928758138116,105.22513193610251,0
56,1,0,0,0,0,1,1,269.9593320120639,148.88866425070623,86.7560579399215,20.72257205015728,75.36129388627249,61.50810321378804,0
52,1,0,0,0,0,1,0,229.03854832402084,118.56286425188269,83.6608686976877,33.13599084914504,78.4570485037571,94.76776613305275,0
48,1,1,19,0,0,1,0,194.76581695803412,129.43130298263625,79.97480698455749,30.018360090334983,74.89612743523753,40.0,0
51,0,1,20,0,0,0,1,238.8023580387831,85.54831346331059,100.21327340725423,24.554479035644185,69.09233010031828,86.14705456828185,0
51,0,1,19,0,0,0,1,150.7291741625125,153.40137591002457,95.30195100612539,23.68735176154045,61.38631298930988,72.6449695606351,0
48,0,1,11,0,0,1,0,211.39983882738264,147.61282228553085,78.07461588290163,26.121807939366633,71.57913483114461,130.26777197770616,0
49,1,0,0,0,0,0,0,250.8456470942851,157.30187575822558,91.64961570299505,23.83848346719153,79.72031165351048,40.0,0
65,0,1,15,0,0,0,0,158.0427897225966,164.7039710874162,100.77616309406145,34.868601222818945,76.47691641599492,81.66646589550274,0
56,0,1,17,0,0,0,0,122.8699784633619,105.06959555451095,95.21614047451556,24.219333663710056,92.75420315656984,40.0,0
49,0,1,19,0,0,0,0,133.06783792822063,151.53697243604572,80.36537697438995,21.42168022668507,86.35022443940616,69.35672213726363,0
57,1,0,0,0,0,0,0,294.39365644201627,164.54469777720612,62.916389182845805,32.31250501916562,89.88669480625771,42.87343579110891,0
49,0,0,0,0,0,0,0,232.6226034384399,99.11928683735681,85.89577485903833,23.466846483522865,50.612680684184575,134.91814102208903,0
61,1,0,0,0,0,1,0,212.57152266368377,128.2333533393943,90.02332402472788,29.024363443278588,93.95201102860744,73.82239903459727,0
55,0,0,0,0,0,1,0,277.58680836934053,124.00515636895267,72.76459719659775,28.56908918495289,78.20173914392575,77.1463216538696,0
51,1,1,15,0,0,0,0,218.2042139713591,150.82016101221296,82.2705432046965,25.55989559276528,79.90710554906161,81.01712432257801,0
55,0,0,0,0,0,0,0,247.81232359413622,85.0,81.0053462948077,21.810713265456947,85.75232814793416,55.95763376588557,0
38,1,0,0,0,0,0,0,237.13323544062357,171.95106931710828,98.65252762966291,25.6024499993886,75.25580770096352,106.27049087419785,0
42,1,1,14,0,0,1,0,215.27602548686897,129.52418458771893,104.24579410708108,21.003569464037902,62.15543342996018,96.72446534618587,0
41,0,1,15,1,0,0,0,248.94241889112067,152.15407684437722,96.10257364360842,25.702757173598698,92.36889159755607,103.11258234145096,0
53,1,0,0,0,0,0,0,270.0234937424864,130.674780770785,80.97333180188667,28.968404012484598,65.78133527851335,53.98687671316533,0
66,0,1,19,0,0,0,0,227.86410885125252,142.82675112155283,95.7725949633738,32.84289827138719,63.17139144620985,108.11224995061318,0
70,1,0,0,0,0,0,1,215.73555478119695,85.0,89.78545846996323,21.339818624628418,72.18838901992994,105.45634942450508,0
57,1,1,24,0,0,1,0,220.92945404802407,123.53258779838438,81.10120508341912,24.7731197236167,70.36795278544159,76.6549601952112,0
56,0,1,19,0,0,1,0,134.8918485574278,150.65074664956092,107.1086834680396,23.648274554676348,75.04568201073751,102.58548473750197,0
36,0,1,19,0,0,0,0,248.45462004639214,138.35211162770128,73.14377872140999,26.922331447780703,73.82150064433368,88.27144733576861,0
47,0,1,11,0,0,0,0,182.79910328450376,95.98949596001134,89.2469077073145,19.56058565712564,91.1655572108309,45.33801076075756,0
45,0,1,10,0,0,0,0,263.70762386123266,133.3513476652855,92.07472774664708,21.99248302378764,80.51187118862653,77.79546425602308,0
46,0,0,0,0,0,1,0,232.02133957028707,113.98766883104689,78.5500139257152,18.862732111918596,64.70643625040486,70.9252691310681,0
50,0,0,0,0,0,1,0,240.62532824733938,112.08077647418436,88.7096582545521,19.902951383273074,66.35394889850886,83.96464362510157,0
47,0,1,21,0,0,0,0,266.8144835066729,98.54472598703221,93.34596700265374,23.09220504496045,70.34173622810303,105.48590461786608,0
35,1,0,0,0,0,0,0,195.23295428099885,145.61145768195686,84.93561304633496,32.65061871258614,70.38958794275409,44.249149282797454,0
58,0,0,0,0,0,1,0,252.2469315074421,156.48631776658397,87.66994676011338,27.225161955423797,68.82307035823851,71.79770811506995,0
42,0,1,14,0,0,0,0,247.77532631275724,178.6431489515826,83.26517347538825,26.066483081759205,61.779095783476876,63.097739041889184,0
54,1,1,16,0,0,0,0,227.8696433637171,99.57093538165557,91.57024133832053,31.322232616516786,78.48482564923383,64.08549997785374,0
69,0,0,0,0,0,0,0,195.15980716640433,148.88218754698246,79.25225596967434,27.372751312852017,69.53274596953425,63.06849187682795,0
44,0,0,0,0,0,0,0,262.19048801842723,150.32977014925999,78.25842659928574,27.75806205672773,63.578382491459486,83.56791817605006,0
32,0,0,0,0,0,1,0,266.9519999544499,119.22889710120381,82.24672184618981,23.860599692762815,80.82570234111228,94.03303541525881,0
49,1,0,0,0,0,0,0,240.9984891430269,111.81327552099472,96.20402649037972,23.186953742002764,85.1738639852795,90.01147405445909,0
61,1,0,0,0,0,0,0,188.90669370855562,108.11366893872753,61.03164221594819,20.424379506101182,72.05235482639726,86.2703687738606,0
68,0,1,21,0,0,0,0,212.79224255128003,120.39822864387527,71.0875681994702,23.335532779230295,96.37783637422218,96.30012321998979,0
41,1,0,0,0,0,0,0,233.34536021351707,136.4576751088309,109.3092405794253,24.649854002193887,101.58624838837409,136.74750107073893,0
56,0,0,0,0,0,1,0,266.2937601992121,161.9224642311499,85.3022610012916,27.213347684819375,80.9626818403353,85.1255025292194,0
48,1,0,0,0,0,0,0,166.32646635102287,156.31744343622256,77.11556743644758,25.649290498316716,69.37427136966778,105.48618326470529,0
51,1,1,15,0,0,1,0,211.19264757060742,96.46082722608942,91.53822202585945,24.303215189942478,78.22744265252109,104.1762189951373,0
74,1,0,0,0,0,1,0,218.2824073625431,114.64544853078874,72.57967599757569,22.06212531722333,60.30668321703273,122.8892657497042,0
39,0,0,0,0,0,1,0,232.33825050626672,160.59208823480836,56.766533053660154,27.436419912616362,64.53763670921606,94.89193389385166,0
54,0,0,0,0,0,1,0,178.74168750290676,115.9159576829085,86.25759937296867,23.759159043161254,54.80773033918919,62.58072783759951,0
55,0,1,9,0,0,0,0,226.42855775157335,130.74788840497612,73.23059399146206,27.250565682767157,67.45842020998242,89.01228418350321,0
61,1,1,14,0,0,1,0,222.33872317024606,94.48364343849012,83.21667733755879,17.955584350666502,60.2097569977053,87.77619109860359,0
52,1,0,0,0,0,0,0,190.3459576544551,157.36673514128486,85.95280947806162,27.179326768176566,82.48868078298824,100.74920000211885,0
54,1,0,0,0,0,0,0,230.8094262965779,89.91953947126946,83.70539403478932,28.86231830146458,66.01009769291629,61.91187660151331,0
48,1,0,0,0,0,0,0,212.18855974143793,95.85816722269438,61.492055054656205,28.340076523391367,78.31945549819896,111.12538470107123,0
54,0,1,15,0,0,0,0,257.8057902704271,155.11797533840746,82.3153701110489,24.993446256062153,83.97487728868118,82.12045443022276,0
49,1,0,0,0,0,0,0,197.0455873158091,174.24135695046425,87.33522329637289,29.552805093239947,89.05610893810226,101.30572284042984,0
57,1,0,0,0,0,0,0,239.95270137365202,125.60655613605188,65.19928884130906,20.580868579881027,70.75890550426763,89.12248263569356,0
48,1,0,0,0,0,0,0,200.4308911619122,130.96901813901786,63.769917293841594,25.434255132653227,78.72764998727753,84.81958790136005,0
55,1,0,0,0,0,0,0,209.61081352101223,151.98215031522574,69.17170496974724,25.007077215241136,79.11001800676206,87.37869744112672,0
51,1,0,0,0,0,0,0,249.08083161903784,138.3678519233424,90.96117686512284,30.049238725068456,90.26509657826618,97.45581626176813,0
61,0,1,19,0,0,1,0,246.32758024505483,123.78920005371339,58.02021104214915,17.515978000849355,84.40269694900735,127.04906026364264,0
51,1,0,0,0,0,0,0,217.65102396655215,121.32002032951476,91.95728621373225,21.46166815649807,90.64013986544053,40.0,0
36,0,0,0,0,0,0,0,224.14593279336262,97.53044493533037,86.70466897948276,32.96372831538511,55.02418250063262,94.42006782525327,0
62,1,0,0,0,1,0,0,172.04131641518094,137.12471898664484,78.90997659361703,15.834678892235656,67.0287478791378,83.01125930801719,0
44,1,1,14,0,0,0,0,297.72162966555084,129.97782991447153,64.23244405119505,29.139138283918754,87.38180201068712,77.9265489542941,0
46,0,1,18,0,0,0,0,266.24808150663324,122.36738405952103,72.44238946130538,22.928658631588718,81.9684220427739,40.0,0
46,1,0,0,0,0,0,0,264.6637142383287,109.96007449762745,91.38284862412762,26.84428067494901,73.49945345132964,95.3447766688654,0
63,0,0,0,0,0,0,0,165.81858245392652,112.18832122754452,97.08070242212032,31.59650785582335,69.31140139967985,79.12567535172978,0
33,0,0,0,0,0,0,0,209.79844033047138,145.6042922511474,69.62364618830483,27.002148171423205,84.46421453554714,62.80814524344342,0
75,0,0,0,0,0,0,0,221.2799747273606,151.39660026499905,95.70236212340535,31.681586844720172,51.24507514273053,82.97703937250216,0
60,1,0,0,0,0,1,0,151.03329435050347,124.80344456160643,90.23050279249755,23.781368358774113,84.50629422375282,75.26582468550775,0
53,1,1,23,0,0,0,0,275.1578042273478,122.48544938857965,81.91795362682258,24.32327735104408,76.08825919248979,41.924957158582366,0
51,1,1,8,0,0,1,0,299.970917496118,113.21974297448753,73.14573844431519,29.026053220275674,69.13392578889282,84.02824854063688,0
54,0,1,12,0,0,1,0,326.725138064159,152.61004095863368,75.02331974464012,23.99833511284244,81.02929082283774,95.34169118310032,0
56,1,0,0,0,0,0,0,189.9811115892196,132.68190693242994,103.8750713938516,28.24912016225581,70.3674110125786,69.3676314623433,0
57,1,1,15,0,0,1,0,241.16223386070806,140.09382154519983,84.1413017705567,30.653597287968502,75.34822481671044,88.01939515175783,0
56,0,1,16,0,0,1,0,294.20400384261853,139.88634286205618,97.95842010413091,29.360181266578294,74.44505038931571,84.48657541488377,0
52,0,0,0,0,0,0,0,224.84078692633403,125.2305643482534,84.8986957994577,19.326462581669013,83.93435908780157,106.04632111912784,0
50,0,0,0,0,0,0,0,211.0525317909222,106.36207780344472,76.5676248929028,24.400338814096962,76.91018185419915,79.6150749456205,0
50,1,0,0,0,0,0,0,153.8952223640424,110.08507057490978,89.00908216522163,26.95551318462477,52.0905641866407,100.4251123006853,0
50,1,0,0,0,0,0,0,285.83538814195697,156.81348171824393,107.8940208649587,24.800036487519492,58.29487436996132,74.79288661616627,0
61,1,0,0,0,0,0,0,235.15252673277195,116.03494507328742,74.27060007416684,26.125400654905288,61.990005561612875,127.24840511438934,0
57,0,1,16,0,0,1,0,203.90895820562525,122.97202896553628,92.96642684136823,27.009790051503966,80.47853600134297,71.9526432312826,0
32,1,0,0,0,0,1,0,248.48972075246985,107.04340822183337,84.28610778745151,23.641070705057967,81.68222905827305,66.24502014035707,0
57,0,1,19,0,0,0,0,242.73223641986127,105.24653658361905,64.60578380353225,25.006900590130957,95.04428621705046,79.68868125278944,0
53,0,0,0,0,0,1,0,243.40340050360203,115.07837006536809,64.337513885921,20.957757615171893,62.82683506838926,65.25556517325683,0
51,1,1,14,0,0,1,0,226.4476852576263,169.1449580533781,76.57619503673745,23.840848673679982,90.7110356386538,53.2809020204418,0
48,0,0,0,0,0,0,0,307.3837589855881,146.47682260623344,86.16986300969103,19.54061772866016,51.74545602027864,98.73485414793112,0
61,1,1,11,0,0,0,0,230.11897173645343,120.41064482868029,92.54047563626216,26.277636452340033,75.21309548989346,40.0,0
60,0,0,0,0,0,0,0,307.25017135822543,155.8232894801439,63.149043352225185,25.007788962129947,77.94244080053633,65.49673281201392,0
45,1,0,0,0,0,1,0,260.8211447616087,128.64942478747818,89.83237024188564,22.045239630600623,77.89908307883316,51.13942996530968,0
55,0,1,19,0,0,1,0,251.45148628151617,161.79548103382044,80.57943693363754,33.119565216198275,71.28485378691545,85.26989620445882,0
43,1,0,0,0,0,0,0,231.01591085576118,180.6580677087167,82.03976537839058,24.793812919507953,76.41474710232539,40.0,0
40,0,1,15,0,0,0,0,278.8540945160205,154.61955826385622,89.06334215239414,26.974867070726443,60.17736515237641,94.60056943373317,0
46,0,1,15,0,0,1,0,240.97163777343178,134.0801210148967,102.95326384140789,23.181604024133605,85.38193784155706,97.09006831703302,0
59,1,0,0,0,0,1,0,194.98622653500462,147.3848172173599,85.64370160487317,24.10117311497707,77.9974852014413,44.44978495959328,0
60,0,0,0,0,0,0,0,193.51834359608642,132.33156682420866,65.71915620749152,27.130095230478997,79.34680096178242,86.38386216515711,0
56,1,1,10,1,0,0,0,254.58932336510796,91.60803599254906,79.75488984484932,24.437770695791762,71.65180246135102,93.8693635278645,0
58,1,0,0,0,0,1,0,196.0753290526742,117.59824088733502,92.22560827775777,25.8135437632419,71.064244503014,103.62690861157232,0
56,0,1,17,0,0,0,0,233.26183349321002,111.06498489562922,92.62052076299857,29.107980922949206,81.29677072998322,48.21462525782138,0
46,0,1,10,0,0,0,0,282.516119696248,117.1105970797208,89.98989248908369,23.676092663972707,94.0796861994889,44.97932322242537,0
55,1,0,0,0,0,1,0,249.37468782735067,171.46077151806776,75.87962613593118,20.338139148724665,58.27642691280926,116.56093209841211,0
58,1,0,0,0,0,0,0,204.2260657055351,156.6872943428025,65.58609642859247,19.542316412318506,57.67115790247331,63.09653677764876,0
58,1,1,18,0,0,1,0,298.03945051111015,141.69946563171624,89.07409306988714,31.69760004918614,78.19446374866708,69.86970397480326,0
62,0,0,0,0,0,0,0,260.10651042776686,149.87154490992987,67.42915768482482,29.617701472359837,71.0135989637482,96.56117404631618,0
58,1,0,0,0,0,0,0,280.7828914369799,90.37350331007117,90.3161321971022,28.488778635469732,76.48926926006993,55.108376464801935,0
54,0,0,0,0,0,0,0,136.2274328987907,148.02004168796964,90.31947230433562,24.01218349592475,74.71452822480794,75.88546349901911,0
61,1,0,0,0,0,0,0,250.55752664356083,152.6717349564477,76.38768475922764,20.33437195494988,82.46411241424433,102.51011873332034,0
51,1,0,0,0,0,0,0,273.0549448007153,85.0,80.65044052019017,24.642563384665795,71.56603883736067,49.314649001122014,0
44,0,0,0,1,0,1,0,310.8127002611117,148.83520858314677,84.38413440543464,25.417247077727215,60.50145852120879,70.49990042390328,0
50,0,1,9,0,0,0,0,171.59198229735415,100.67037986132412,74.6222239201467,21.160638166336156,65.52175246689634,56.08535674025081,0
45,0,0,0,0,0,1,0,289.06904192455943,88.65988215818729,65.41983959067936,19.77440911650066,73.07458014126604,64.19948536549009,0
46,0,0,0,1,0,0,0,308.35273257085476,161.17900077091073,81.52936867543715,18.70571831374388,59.94035437354323,109.26991734300546,0
50,1,1,10,0,0,0,0,147.23928499972493,109.84492095252847,82.78039132575813,28.495312068929763,74.55775311898819,114.31646358121955,0
45,0,1,8,0,0,0,0,257.05800883426866,116.2491717335437,98.33256836383663,20.858030907667644,75.72905586857402,87.93018497678565,0
49,0,1,14,0,0,1,0,263.1753158309909,153.7712999406616,72.61609514046569,27.068582314935348,70.70635680154622,94.24082274643186,0
35,0,0,0,0,0,0,0,221.61166284331614,125.28475801044718,94.82195408537333,24.169020601030283,77.51066560550153,93.61166272838412,0
53,1,1,12,1,0,0,0,214.43584375708326,128.0363617779602,68.23516625288276,28.21751542598216,55.628657029652274,66.53627254994889,0
52,1,0,0,0,0,1,0,265.38557218466417,127.55408805836555,65.86477360361475,27.176880499072972,63.561787937241135,87.47746159622072,0
45,0,0,0,0,0,0,0,208.9408028499322,139.64717296144528,78.3896506634887,24.849056586645727,61.287613364356744,52.20790702676635,0
57,0,0,0,0,0,0,0,226.44102954960368,127.02064283940513,70.70909187268333,26.334859043357792,85.55828085536908,59.95290173196378,0
59,1,0,0,0,0,0,0,271.74713563625255,134.51077363590022,65.69661031145867,25.347621955655477,102.67396803096761,80.00356443255224,0
38,1,1,22,0,0,0,0,313.17789421438204,120.92172124092048,105.33196378977729,23.277076682404406,64.43016504033271,57.597667146110695,0
45,0,0,0,0,0,0,0,259.6713079918488,139.74003097734595,76.5802283637287,29.81833942037724,72.17709315639075,52.72727708710843,0
45,0,1,22,0,0,1,0,241.8733177982385,138.90454670190047,109.73564304107498,24.06539761170781,66.67884908861423,65.62634996849017,0
44,0,1,10,0,0,0,0,213.2785106749261,173.75348842905203,70.06319441321709,25.443914400368932,77.65470288969532,108.36567567941357,0
59,0,1,10,0,0,0,0,191.53359821135354,123.61247910717854,61.49744120040402,19.997987091404227,67.69909620695813,117.81420053955547,0
50,1,0,0,0,0,0,0,284.82144262604174,127.94835860829045,97.4954766271399,26.923582875763735,78.39335852096625,81.25111938005192,0
49,1,1,13,0,0,1,0,229.24820655041708,137.25413517061492,73.28012041287701,23.29661545170361,82.98031940065904,95.39057526453082,0
34,0,0,0,0,0,0,0,286.63094408533607,153.21758417492384,83.66638957838583,23.844920497452602,60.31410074531091,69.039635190671,0
57,1,0,0,0,0,0,0,221.4997173681997,107.98512663010158,65.7323981798454,22.35780047037379,78.25817178629963,40.0,0
41,0,1,14,0,0,0,0,207.4312989001155,134.2786834790515,81.54264229683947,25.29161456365777,53.47132772137144,61.44898294539372,0
52,1,0,0,0,0,1,0,254.5151511084107,85.0,65.54048716171489,17.57346227834833,71.92159242671457,74.90808724849337,0
54,1,0,0,0,0,0,0,232.6324186721904,126.0262978321073,81.11311122746842,28.597663752944364,71.11583489423076,85.2422934859877,0
63,0,1,16,0,0,0,0,182.95674139712753,155.59999466218594,76.31280952613824,25.641474423815165,72.2503553938189,79.67754958688174,0
40,0,0,0,0,0,1,0,315.9642065104013,116.024866400359,84.76321276463324,23.884129035070952,71.25527452330542,75.52215086609826,0
32,1,1,15,0,0,0,0,208.41271395404794,135.89042753627686,89.50829645330575,19.45225427025724,69.06087455320333,68.78344026387374,0
53,0,0,0,0,0,0,0,276.8140269316654,120.36407736356074,84.89295999039065,27.575573414567877,71.81061385926138,89.90883852838209,0
67,0,0,0,1,0,0,0,273.04169169344516,113.09315164985898,87.41255850594578,23.19925700279019,77.8576523013222,50.6304890974063,0
62,0,0,0,0,0,1,0,180.5836383437683,153.37269196189823,80.6916078952057,31.15495616801809,78.19508648865299,100.44744236062424,0
53,1,0,0,0,0,0,0,191.89494363687467,109.00430882339562,76.77617558121236,27.793907745552108,76.3823921363956,68.51392955837271,0
47,0,0,0,0,0,0,0,222.73358905319438,138.44523646498806,87.64142419347482,32.092088323617205,68.1168309162423,129.54325981196075,0
58,1,1,15,0,0,1,0,197.91155203855408,138.7837356568555,80.66262620946178,26.361577167233143,87.96403977905739,74.74774258552652,0
43,0,1,17,0,0,0,0,311.9640803626623,113.26041062515029,81.12028261463027,30.21907332076484,93.3042610038984,70.95595836241226,0
56,1,1,12,0,0,0,0,227.19227198086548,135.42507565306784,86.77293958536234,27.69736128572269,59.53902821945698,69.05821765049518,0
56,1,0,0,0,0,1,0,275.148957883819,111.4311475757045,69.60141282372979,23.950976209964434,76.97122987139905,71.18533998789098,0
61,1,0,0,0,0,0,0,258.60004511600897,143.47942124800147,99.1553331291332,26.56756107578495,69.38229680970609,95.96624534376885,0
75,0,1,12,0,0,0,0,247.61698775583955,103.07119427785634,79.00772103332484,22.380656307518365,86.10717663474,81.02764736801915,0
55,1,1,18,0,0,0,0,237.77413327254186,124.5286789297795,83.49017939164085,34.28199567519492,74.84886958549791,104.70287831711433,0
47,1,0,0,0,0,0,0,290.43375114270265,126.4390234875262,81.46576662483307,25.386453050207805,75.63813537483763,92.68169373947693,0
51,0,1,17,0,0,1,0,199.69590917325928,156.48501744063475,89.83291784682544,25.90746219522647,80.93961388069732,82.72432656813088,0
36,0,1,15,0,0,0,0,311.95875366008977,135.08094757766162,86.07018005165007,27.398942032697427,71.42953249763693,90.57794971876913,0
46,0,0,0,0,0,0,0,179.3621800578198,153.0102967824653,81.40091263756607,21.343524170301418,95.12977292877599,109.51597842776557,0
48,0,1,11,0,0,1,0,270.38651592738665,144.20320306677735,99.38504939364246,31.217621533232958,81.11687673979861,97.10400715017289,0
47,1,0,0,0,0,0,0,174.17279016264956,144.06266601970668,50.0,21.59614884185099,86.17928993969795,88.45281084913256,0
53,0,1,15,0,0,0,0,222.10895570201376,124.6974698149385,96.91209256560336,20.668970694318286,72.35333284843041,91.72307876519763,0
45,0,1,8,0,0,0,0,240.10563727468255,154.45992943754752,93.0425848622915,25.117251547917594,73.52573206096875,55.488248780008135,0
61,1,1,15,0,0,0,0,214.5854046515014,124.16425099535594,59.97020040637065,20.554880259062706,84.73949831476806,141.14901228386415,0
52,0,0,0,0,0,0,1,228.0065389368568,93.94383944153763,93.15139861260703,32.203956198384645,83.53418721911503,94.14689157451632,0
51,0,0,0,0,0,0,0,174.9733002910451,127.27468229372836,94.70160934671446,24.854116594299473,60.01597761200848,96.44203792876509,0
49,0,1,13,0,0,0,0,192.55217937616374,141.9764809021695,88.74116187857268,15.0,76.53159115779383,81.34007507497374,0
53,1,0,0,0,0,0,0,257.92364711661884,96.6542341883181,63.290950675822984,26.619788924312672,80.68605534679712,40.0,0
59,1,0,0,0,0,0,0,237.30556029900757,112.52774810815151,90.1918326107707,28.069374546101567,73.43639250003963,75.89709753892664,0
44,1,1,14,0,0,0,0,205.61676686385368,104.92705431609818,94.08636227202314,24.07212778160011,79.54713078819991,83.74678412941026,0
46,0,0,0,0,0,0,0,294.26822157770556,149.3077763035972,75.13352206262954,20.240838594379046,73.94406902585165,63.07473009661787,0
49,1,0,0,0,0,0,0,182.3230404004305,168.8029780142749,87.29360627183269,25.376441231667357,48.03898867253227,62.874276212914786,0
40,0,0,0,0,0,0,0,220.09001950198123,127.38661860730925,77.76150525376659,23.82500758436994,59.269302720334004,74.19720486113648,0
45,0,0,0,0,0,1,0,213.75112376014724,143.6936679875017,92.62452388620211,21.800155128577952,86.69981321031383,99.74516340160511,0
47,0,1,10,0,0,0,0,263.06165562148595,143.1214260497939,78.23791977726708,21.438317212611523,72.06743699493202,110.88234832593884,0
59,1,1,13,0,0,0,0,238.11920241003656,166.18353282167914,75.03859044584784,26.440566570643277,77.27629194290918,85.93214796361292,0
54,0,0,0,1,0,0,0,231.24072915247774,117.64383611304265,81.52844148796336,29.502389381597588,74.95611836410563,68.95028930427843,0
53,0,1,10,0,0,0,0,154.8544650298415,127.16266277531686,65.90017455419971,27.6923297357881,65.09642041405633,73.66515557664711,0
59,0,1,12,0,0,0,0,274.0615171478121,124.50308971267071,80.33701620121167,18.715208779787645,69.39505833812329,84.28928205198102,0
50,0,1,9,0,0,1,0,226.41566414740356,133.65807928088577,86.34511284829885,28.323459818679527,78.94739372205801,87.01469285987844,0
55,1,0,0,0,0,1,0,241.08908477485846,187.09496964656978,92.43951123239621,28.967143449310903,80.17195362836615,92.00406128200429,0
51,0,1,22,0,0,0,0,203.0632183158694,132.6778445343409,84.98748086365839,31.514156678475842,101.2609136457638,71.89472266992124,0
54,1,0,0,0,0,0,0,196.1435344360488,113.19636564264468,64.80878035496323,21.90546020002323,69.26709385466866,94.17369604761038,0
47,0,1,22,0,0,0,0,301.9686613729302,106.60106100835138,98.22725365875715,25.567929178605027,95.0476698999107,92.35545639944192,0
32,1,1,6,0,0,1,0,157.97750255645383,159.55819016088702,99.23390207649086,28.126849426245712,64.67502140519356,72.91286659960032,0
50,1,0,0,0,0,1,0,189.61524277755805,113.09640091248227,83.35080706324939,23.637029837627594,80.8632023249443,42.45170648841121,0
64,0,1,17,0,0,0,0,301.14165471743956,146.5989131023801,72.97670054621614,28.062830386421176,77.13447143438202,61.64645632476538,0
59,0,0,0,0,0,1,0,264.19284076394075,117.04679075631019,75.62058476246145,25.701492062506578,73.48961338589777,118.05469250093026,0
60,1,1,12,0,0,0,0,221.67964860333353,104.13275979517022,79.55773122738297,22.32953525171226,74.93209857764752,43.04785335988474,0
62,1,0,0,0,0,0,0,290.85023782870076,145.31439120664007,85.34402147437191,22.678906821368763,67.52862009712932,112.30301156538411,0
52,0,1,16,0,0,1,0,255.6618451214244,118.1236129312023,78.34617662188312,30.92208636072691,85.84685466556616,42.24263929924296,0
53,0,0,0,0,0,0,0,246.23704404687444,141.35936406325567,71.69934959318589,21.714683484173648,64.8886195129331,64.21754477694192,0
46,1,0,0,0,0,1,0,245.92472875250638,142.98422469861296,94.27611861059725,21.011198834904583,78.81031104377873,73.38146331636,0
49,1,0,0,0,0,0,0,256.4704815574377,144.0178353902743,85.08743065688921,27.21195334540042,84.07030000292856,122.99297090792145,0
57,0,0,0,0,0,0,0,258.2504700570879,126.1007289532499,69.37153573076861,25.674651584195775,91.61043712065262,82.60101202710416,0
62,0,0,0,0,0,0,0,332.62281432742213,147.09603824310358,85.49572547542948,20.422352352550373,86.66123362677573,77.07788130248098,0
50,0,1,15,0,0,0,0,227.42471628640243,111.70398077414218,83.94244994534898,23.67037728623295,81.86915335677269,60.487041235778854,0
48,1,0,0,0,0,0,1,228.78192372147902,85.0,73.3833650566673,22.451195939131733,67.34721644220008,94.0051017753861,0
52,0,0,0,0,0,0,0,181.5766997468886,147.55162780864237,96.34059711533183,23.1691630603877,65.57069817232302,70.20747577486766,0
57,1,0,0,0,0,0,0,233.7165149798752,135.64299110642435,83.6186704771278,36.15237862690725,61.33705337844384,76.7329104737979,0
39,0,1,18,0,0,0,0,317.967023579972,118.57827863169264,79.40054029501398,24.55942239083648,60.18881316687906,73.75784638534012,0
32,0,1,21,0,0,1,0,279.3173401071249,99.634639236549,80.99821902309495,22.186871128894193,74.98315154226788,98.55683001547523,0
47,1,1,7,0,0,0,0,212.07861926948559,87.19527742562245,87.32700155025792,34.089328712278565,66.27099957160173,99.52111370705347,0
41,1,1,16,1,0,0,0,237.32182003893655,133.13835366059737,81.13379902563875,29.44184467258882,89.3907076138752,61.52106481822027,0
47,1,0,0,0,0,0,0,178.95671147426023,168.27329124605896,81.0334759235335,28.77178479840018,68.05246090127486,67.57306619763398,0
50,0,0,0,0,0,0,0,193.35874885087452,128.95173683851846,94.79158081990455,22.384313393364398,76.13107004846019,65.30479161708544,0
48,1,0,0,0,0,0,0,242.57541071500358,124.05062149278601,64.97914807015282,30.685081766514674,71.82427477871794,86.21709686834392,0
64,1,1,20,0,0,0,0,214.24399747590007,131.46390746509147,66.98136232486047,29.14672581175464,58.15371075139019,102.85398160653911,0
54,0,1,21,0,0,0,0,190.03760926734958,179.94251246199292,91.32356031990324,26.40306728553586,88.07328997896383,86.52330250007238,0
54,0,0,0,0,0,0,0,257.55299364846724,148.54189298636894,110.99019744500362,18.763157196223787,83.34578501573992,40.0,1
57,0,0,0,0,0,0,0,232.38099618725374,111.46134446259144,92.51794540182462,25.718327989840905,84.72626506707658,99.47432328413993,0
42,0,0,0,0,0,1,0,167.02778364559427,132.61828588584626,104.37050555287269,32.892715928078054,82.13935992298744,50.97321003859648,0
60,1,0,0,0,0,0,0,144.69353348861733,139.3136120454087,76.78754063541126,26.703569560942366,65.88617958005855,65.54947101955891,0
51,0,1,23,0,0,1,0,210.9194940627328,108.76054493526541,74.35502585994618,24.25648723896436,66.11941241715867,86.56392139615969,0
57,1,0,0,0,0,0,0,166.11633368857278,148.70100569153632,87.47839807895262,24.863324893336458,80.42385169431739,80.07062528357446,0
42,0,1,24,0,0,0,0,153.76789811529125,114.00820646282422,93.44378751792436,25.147065542063352,93.51503479181042,102.07290961596493,0
38,1,0,0,0,0,0,0,285.6746448616918,98.75919311851844,66.26138918461174,22.52158172351455,79.63174677411838,67.95268945712466,0
58,0,1,12,0,0,1,0,231.70072084592712,133.6749381844751,79.441379526042,25.630896199612458,86.74160012221168,59.76788299352903,0
55,0,1,12,0,0,0,0,224.32035935807787,130.1925710912122,81.67579398827137,31.715211571136756,68.68953201242503,74.83221732302775,0
44,0,1,14,0,0,0,0,227.71014408936705,131.97751815154072,73.85355741177551,31.250765003535015,88.17421091963978,104.47144471978471,0
44,0,1,14,0,0,0,0,185.9353853651093,115.17781841141867,75.25333808145108,22.70722276767134,69.9663792943827,96.48247603488954,0
61,1,1,12,0,0,0,0,254.08295126062342,118.24752240683709,92.11683161271031,31.031179276657845,77.88191125495439,84.0044041822156,0
41,0,1,6,0,0,1,0,230.24918562376823,156.82582652812044,87.63621377308988,28.920679381876276,70.60606685545423,112.49715332406572,0
65,1,1,16,0,1,1,0,202.67401913690588,141.70388353001647,91.58141706231345,28.396688004207814,85.66987408412272,108.33169358451862,0
44,0,1,11,0,0,1,0,209.2643378809,110.95158631529974,86.04249628447329,27.57083871472455,85.83314387142168,100.13509143128363,0
57,0,1,18,0,0,0,0,181.99181661865902,89.08466832275764,71.52091987776954,21.985456847004233,57.27862703828197,54.906372062982555,0
49,0,1,13,0,0,1,0,218.12531359231926,111.88283915353138,87.07723662207006,24.137129441675828,90.90357401066616,100.01449785808104,0
57,1,1,15,0,0,0,0,225.45637324556938,135.4605795875242,70.5748851714699,29.214965452797436,103.51691031311032,77.34576033146189,0
47,1,1,9,1,0,0,0,216.97953351828158,118.09750219620229,78.2589599315879,20.851831590112717,70.73600780362452,72.91628269369106,0
50,0,0,0,0,0,1,0,238.42680052302978,116.38769548610995,69.56501614218129,21.53282206787691,73.47838114004134,66.30131616062425,0
52,0,0,0,0,0,0,0,232.54548499048275,119.03847034352542,74.6693464951496,27.055409441540213,89.87315753088183,78.05051903066011,0
43,0,0,0,0,0,0,0,246.1538157012427,130.40043361980167,83.08574616825419,22.562916091297677,75.80120946366858,67.60766363153354,0
58,1,1,30,0,0,0,0,277.49626962455017,149.26181408508367,76.51011274605614,29.177966850173142,74.95230827960286,85.90434889887464,0
47,1,1,12,0,1,0,0,262.09303299737553,131.99077751319476,71.40205107970625,22.707706379348167,97.76362480664895,78.02230729672391,0
50,0,0,0,0,0,0,0,278.0019529824548,133.3626144733883,95.65356965898496,26.801958593938902,58.74843406310367,87.07238533083644,0
43,1,1,11,0,0,0,0,198.69969388764594,127.05307199457795,80.56489939146569,27.145093415067997,65.53244243839525,94.72524537372557,0
32,0,1,17,1,0,1,0,213.62094466009907,121.01414969259574,75.66486344280491,23.823411820620347,80.0138759226703,75.22960105499824,0
50,1,0,0,0,0,1,0,264.75825409362255,151.67329916903844,69.0112106715763,24.817448818416167,55.56546487349159,65.04225575486456,0
72,0,1,15,0,0,1,0,265.5450175430118,148.33284549257232,59.53606137828221,23.011952931836184,70.52388979916324,40.0,0
58,1,1,10,0,1,0,0,206.1406928283772,176.9961581886531,79.33543583522655,25.72372070682583,70.41401243909728,99.72503548105254,0
51,0,0,0,0,0,1,0,262.9096927343967,145.43241456456357,65.46137555776035,21.857082315639502,86.54128584266779,83.81160105085118,0
49,1,1,20,0,0,1,0,194.48458686757857,121.03488492023581,90.54443751233143,24.88361821886206,83.31423641402303,77.94794325053284,0
52,1,1,15,0,0,0,0,257.16645186223894,112.09767119957583,82.35389433518235,28.868813131960387,54.801273014048135,108.9540767981281,0
56,1,0,0,0,0,0,0,234.8429671619118,152.96479573565557,100.70032934965762,21.13932057585125,66.6825198997854,52.36401255213754,0
41,1,0,0,0,0,0,0,175.0848334281212,114.07028854517758,84.67689127884557,23.803015410890637,66.7193245908768,83.29351452396345,0
61,1,1,10,0,0,0,0,216.9007518425861,149.81420710348556,73.2801064328842,27.92487588093829,72.40108947899591,59.82665126917624,0
58,0,0,0,0,0,0,0,332.0197836266017,115.2818921343625,59.43990877157861,17.281656395109287,61.82943372468783,97.08813464605296,0
58,0,0,0,0,0,0,0,244.92233596341978,139.68148444332016,91.67852636490107,33.407894549237284,80.41977530365999,40.0,0
55,0,0,0,0,0,0,0,337.21979897560345,108.68547327294003,66.41262087357532,30.085557447526828,66.66975516835507,100.49236024292489,0
52,1,1,13,0,0,0,0,172.4672326854984,149.1574777953058,77.10226572772287,19.492824121026988,82.06346323204468,99.54118430482428,0
57,0,1,14,0,0,0,0,269.0326388772091,104.85922357879652,102.08905895865897,17.17279722027982,74.96574907401964,60.770714037885575,0
57,1,1,10,0,0,1,0,124.4892075604869,138.00506124914745,89.33180018858472,25.921432108069652,63.32309833187533,83.52581330859707,0
48,1,0,0,0,0,1,0,235.98963866374953,127.64752144700574,86.67838545441928,21.20699879680133,91.65932763294596,61.264963179546314,0
47,0,1,19,0,0,0,0,263.7735646166581,134.23974161897772,93.3318693174413,29.74212248981349,92.01271961139652,91.83471859407759,0
52,0,0,0,0,0,0,0,272.86716417983615,123.29231564844406,92.88459782686633,27.41540886473992,78.48414378251735,100.86526947739137,0
65,0,0,0,0,0,0,0,200.83213211846183,122.7762811578382,100.97135718345004,26.30585396698281,72.12952544587179,58.88546768573514,0
41,0,0,0,0,0,0,0,281.7199785669764,135.40518648821498,74.77384779437358,23.461948821403233,62.32448623950265,52.174780891833144,0
39,0,0,0,0,0,0,0,212.51655055803343,109.95295568202326,77.47979015883082,32.36003132313635,87.85336043846917,107.21805446610546,0
53,0,1,16,0,0,1,0,228.77972095105454,109.82351464333311,70.93138445125976,28.88915361295891,84.87167442027759,126.6469236047636,0
52,1,1,17,0,0,0,0,216.93382234830813,124.11191100795494,81.60762836339232,28.27297981698465,65.2320486598437,93.37228230184812,0
53,1,0,0,0,0,1,0,185.9988685677774,123.25565692618184,80.41320724995767,30.720229454972515,66.75824719583021,95.07415423531879,0
54,0,1,12,0,0,1,0,305.0676618465178,109.88127779630376,60.94057315197311,21.622670459679238,80.48304557010854,74.36306667934649,0
50,0,1,13,0,0,0,0,238.11278395495538,152.33272324412263,74.15319091486545,31.067425263060272,60.894675031785994,86.14064413524444,0
64,0,1,13,0,0,0,0,283.8420086609796,124.6415847945047,99.2693984103876,24.715105984913187,67.4917629150073,90.0665895605101,0
38,1,0,0,0,0,0,0,281.96729463764245,127.01343153408556,84.93050313864502,27.172391756070045,62.513212020328425,77.80082247671922,0
44,1,1,22,0,0,0,0,193.41063057198875,102.79437682866998,90.58478341704055,25.158501660345074,62.899991884387774,113.04679200633362,0
51,0,0,0,0,0,0,0,289.50959889755046,177.57598880146662,80.55346398579182,18.1007510138683,66.35922606962758,86.06512938879341,1
38,0,1,15,0,0,1,0,258.1502267161702,185.39548270220808,59.354877709625896,29.725127869986217,85.87204985406652,89.02880023341068,0
50,1,0,0,0,0,1,0,190.20031796319287,114.83123127510434,80.45636893804553,18.319618376079433,53.94544223591556,78.27484984218353,0
66,1,1,17,0,0,1,0,255.7494365790262,158.97390038572016,94.50035869025174,21.837265539948444,80.20181135974765,80.61219666501546,0
52,0,0,0,0,0,0,0,190.98941306580502,129.98010555777302,67.77179450507309,23.943419015244704,78.09536799372238,110.03033623627293,0
53,1,0,0,0,0,0,0,306.68416819106017,167.28293104188833,90.96446712092364,17.790176261361957,86.62012516901916,85.35583871364909,0
41,0,1,16,0,0,0,0,271.80661677657224,139.3971279008085,61.57801996848788,21.287447246504797,78.08458784556599,85.89378620777461,0
46,0,1,12,0,0,0,0,232.86946326359444,134.19476771288276,82.24229485878797,26.80376237221453,70.45392810400641,86.19064779153312,0
48,1,1,17,0,0,0,0,291.6513592015561,85.0,88.53422140175955,24.3787301147043,65.21628329472162,73.61620935097403,0
49,1,1,20,0,0,0,0,166.39254363304434,112.67066858461297,78.25464970876729,24.71697321772688,86.88494008691342,49.61737963996058,0
62,0,0,0,0,0,0,0,203.02898279471816,132.45145473064875,111.66965848544021,22.04847355094678,80.96337701106351,118.16920538356715,0
56,1,1,11,0,0,1,0,224.89353224342366,136.37065755948754,76.08171475493677,25.98934342740735,69.08237209420543,106.57076227370062,0
42,0,0,0,0,0,1,0,334.3701259827228,105.27365829337754,75.05900514786157,24.466483096693945,85.90694068999993,110.72800400255245,0
54,1,0,0,0,0,0,0,188.89875236157016,115.96702636912187,84.45390450226006,19.072041855824697,69.64946141752664,57.33206601179145,0
56,0,1,17,0,0,1,0,160.87853856341036,144.17583437951802,72.94032236995349,24.976233454759196,74.98869761407205,115.23316585677985,1
61,1,1,16,0,0,0,0,172.4470373620761,101.56936394586613,64.70394887421627,20.708161509635623,67.74619549746444,127.23802810158142,0
65,1,1,15,0,0,0,0,275.87349824504645,134.94205392191787,68.8279627009334,29.480558158964516,81.40610285280275,106.03091552827419,0
43,0,1,15,0,0,1,0,209.8555400962903,159.23497769275923,91.09584111457474,24.194822387735723,63.06970379772144,119.89991548796719,0
45,1,1,17,0,0,0,0,229.000186767781,140.48033184046005,78.34072529349574,36.138250165996226,71.41693574320618,100.35051798997473,0
41,1,0,0,0,0,1,0,269.56463623367733,139.38070834965148,102.42425140602312,29.764300399737955,67.14535460098662,62.52802512226119,0
50,1,0,0,0,0,0,0,229.0442763698519,87.55666811808919,76.70516505912958,25.26589638132261,78.1645435399442,93.6755330199408,0
55,0,1,12,0,0,1,0,244.98245059835443,113.91791891880628,90.52612425678757,28.175863216218065,79.6618550188924,58.53211790516964,0
60,1,0,0,0,0,1,0,259.54946649482656,177.19244033900287,88.13010375354244,17.231823326282324,61.750068874899895,68.26039481450657,0
51,1,0,0,0,0,0,0,217.05023875375053,118.81843781398949,76.52619031383975,29.745755568329997,79.87717666589694,89.27444985755318,0
49,0,0,0,0,0,0,0,228.6820493630939,159.8184766100355,71.45429285000908,22.436808961654283,57.279319395707574,86.18642483024226,0
53,1,1,10,0,0,0,0,246.64603770212452,118.56150043416179,61.21835561288863,26.16790545188185,101.30367805726753,92.65073434572945,0
44,0,0,0,1,0,0,0,274.1998880143417,125.88794896679181,88.63744935616111,22.816747697314952,68.86232316863881,40.781953144337045,0
69,0,1,20,0,0,0,0,201.13575237605144,143.3429105977774,96.37911679060174,23.252594661502215,87.59112797962732,78.45252722457668,0
38,0,1,11,0,0,1,0,103.0946594394897,134.21524635186822,62.92083193894919,25.057358431084356,77.41399671079,94.62696544630738,0
53,1,0,0,0,0,0,0,265.9016585729685,140.39327392202375,77.55466078003991,26.115014377527135,77.90154601223004,99.21259446886256,0
69,1,1,19,0,0,1,0,276.81950042500375,113.99541439600628,73.99698003768701,25.6896448887639,61.00711288984491,100.71677855341515,0
52,0,1,19,0,0,1,0,244.80150313372758,107.00205583168736,88.6164298038425,25.791863041034084,85.12129030897965,87.77894000430236,0
50,1,1,21,0,0,0,0,247.80490163408757,112.51082448340898,78.05616774456799,19.134700899326084,75.5837655829728,73.27784455051852,0
48,0,1,23,0,0,0,0,211.1703646578325,120.28900088782794,97.8757668450138,35.361403377482844,80.64167626421268,93.53383035904888,0
50,0,0,0,0,0,0,0,258.00807054753665,126.95580959473695,77.38728170839781,26.751119349178843,73.91142812585859,75.10659834832502,0
63,0,1,15,0,0,0,0,273.5393400661043,154.82005837407604,67.16339848556915,27.594026117112243,76.5605167549995,102.72429689867505,0
33,1,0,0,0,0,0,0,238.4858390224133,133.92151203255105,76.37433609747025,24.406036445740252,64.35394086921877,91.8280829257727,0
65,1,1,22,0,0,0,0,345.6149265203197,142.66113625518886,77.69662479809496,22.215965752313753,73.16530707803132,80.5803906238835,0
39,1,1,13,0,0,0,0,167.1953921424593,135.11522227676292,88.31319934593594,26.419246496977717,69.96132950016786,64.3131122915771,0
49,1,1,15,0,0,0,0,243.17031351767926,107.46044642236693,77.51777133561419,26.986035333628212,66.53314562692663,107.74793513237606,0
48,0,0,0,0,0,1,1,184.32846965803816,132.37992957212427,87.28115816080452,31.137416397564404,76.61430887633895,94.85813726586278,0
57,0,0,0,0,0,1,0,274.71322065410317,134.8772064242138,72.51418873493178,34.31823250241067,79.3606434698222,130.36830256165564,0
38,0,0,0,0,0,0,0,166.41508116614403,148.71831086950877,78.46387984246412,31.855791856359883,78.00926411675816,94.10304307183772,0
55,0,0,0,0,0,0,0,177.30745212042126,108.49106246784378,72.57958867944974,18.55723141397817,73.77287046196241,96.02808848801868,0
69,0,0,0,0,0,1,0,208.139774615835,87.11096096673606,71.84030092388635,23.91228562267985,79.93330866036305,48.298817245869,0
40,1,1,18,0,0,1,0,247.69661547363756,135.87780393375095,97.29800268740814,27.176850191812907,77.90597054378131,89.14114072914539,0
53,0,0,0,0,0,0,0,209.79925889888884,139.78470003494436,73.41844514248878,24.158828825109023,76.17032645393975,74.71985017353744,0
46,1,1,17,0,0,0,0,210.2405844456399,128.05353426102494,77.82874261422681,25.620310051342482,76.9938122396275,101.00794263340956,0
55,0,0,0,0,0,0,0,228.04081998325225,132.6164598159894,94.53525351939315,17.00494139921796,89.19603587721522,89.6977421926589,0
52,0,1,15,0,0,0,0,225.34143300129372,151.33299232882172,91.00001675525836,29.54827330403155,60.539117263168194,104.66128316359622,0
46,1,1,13,0,0,0,0,301.44777308601505,121.9062773163948,101.69448659993841,18.110633520893522,71.17684596218528,131.04968762112475,0
56,0,1,11,0,0,0,0,266.1800892654346,125.86990147251126,87.79362237405013,19.352792950995934,79.05809530347446,63.637666974598666,0
67,1,1,22,0,0,0,0,221.71862344947567,133.7388017815043,74.7952073237673,21.639849784404255,56.00716917020801,103.7742508690839,0
50,1,0,0,0,0,0,0,328.26852409339904,105.16407705827446,106.68573578747079,25.400110789547924,91.59101379991284,97.72264283663826,0
58,0,1,20,0,0,0,0,257.6330916936644,128.6582610489494,88.98496893466321,19.14682604376668,78.05781450869378,127.52378012129054,0
41,1,0,0,0,0,0,0,193.36566956620385,130.59764701864748,80.14365593438,21.452391840334197,86.48282117308489,98.22384511072688,0
43,0,0,0,0,0,1,0,247.28660455964115,168.01492871504604,82.68958659640624,30.510674673469133,88.43714254265859,95.83243907910602,0
56,0,1,19,0,1,0,0,259.5625519740738,125.44145553217386,84.15137895340858,25.33932255259576,79.94943514692783,101.58342431366661,0
64,1,0,0,0,0,1,0,205.74451236130068,136.40024727877827,79.1582575025281,27.577542612662054,48.2088755346714,103.18912050624101,1
55,0,1,20,0,0,0,0,189.68960792453427,152.20958731857434,65.48973277699399,20.731404584576048,76.77233066076252,115.45051350199924,0
49,1,0,0,0,0,0,0,239.80419996186745,113.57533604317058,101.52065262695898,25.57927229931536,77.54264296234318,63.154293824110795,0
51,1,0,0,0,0,0,0,220.15024206253443,162.26628851127566,81.73799108590275,25.24294691412339,61.957598933143146,72.97620811231751,0
41,1,0,0,0,0,1,0,301.08162709203947,170.80514510526012,84.20195815243171,22.539391069283802,53.5239185189662,121.91158074805159,0
57,0,0,0,0,0,0,1,268.61085625973624,131.36428167172915,106.93772871273376,25.59058387311678,80.54003163361625,40.0,0
59,0,0,0,0,0,0,0,207.80588794019044,120.13262664789363,73.80057684138897,18.04228629942604,60.00971595338477,80.0512273834431,0
48,1,0,0,0,0,1,0,254.7412768817379,167.79662733658853,89.86582389656925,27.59829585177814,99.73700650760142,85.43987968683584,0
48,0,0,0,0,0,1,0,291.75363827988855,149.50387920089926,72.4924157971602,24.162079858032115,78.15764738175787,77.93102676602989,0
54,0,1,17,0,0,0,0,174.6726043804154,133.8033225026044,85.85225395054526,24.745400493523743,91.21814061005891,118.36180476222735,0
48,0,0,0,0,0,1,0,190.9977573965389,163.39056403154547,84.4180689550163,29.292239788678813,75.37396079241337,92.94656898603633,0
51,0,1,13,0,1,0,0,235.50858083970064,161.06182814808503,91.4872131656838,27.571337257577838,84.0184659357154,73.09177559315954,0
69,0,0,0,1,0,0,0,237.56648658782152,124.6023470129191,96.498024612284,24.49480932484944,75.63916717475662,67.40858584706405,0
49,1,1,21,0,0,0,0,233.70330975963415,137.4720567725813,75.04574690560393,21.221997280640664,87.06687516450808,88.48198830534102,0
48,1,0,0,0,0,0,0,222.3258041333422,144.68943473437105,99.00009808868703,31.247511759629123,50.54001718157584,108.81694285566363,0
46,0,0,0,0,0,0,0,221.65334581211113,132.63206065753272,99.84977126273574,20.30549979209649,85.65777412667305,85.1833865614543,0
58,0,1,18,0,0,0,0,252.90735802015166,101.40084700010583,79.00017538367788,28.380404300664722,83.0251699312106,78.90833231206985,0
50,0,0,0,0,0,0,0,285.8934723601236,111.35829091863857,81.92100902316244,19.250684828753904,73.15018010300375,66.008475156572,0
46,1,1,16,0,0,0,0,214.83807989370922,102.118218719875,76.06779856060673,29.563280542895015,70.09003338402248,90.6028932760539,0
63,0,0,0,0,0,0,0,343.2895711875088,142.84433466652808,78.33470543387635,29.94346349682263,71.41077299388276,89.32712201453123,0
64,1,1,20,0,0,0,0,322.27042317257394,105.94424902327762,67.55829213699919,17.95829554292728,78.39320362058399,65.34297297978772,0
46,0,0,0,0,0,0,0,294.4872477015236,136.23319755798346,91.33042926795028,27.642273716020533,89.5684723758716,105.6075720478418,0
36,1,0,0,0,0,0,0,263.38926672070875,172.30188417805346,57.39647328970274,27.302664955774404,68.58972950666985,121.23899611283693,0
60,0,1,16,0,0,1,0,324.3514766846869,163.4109440680672,73.63486179084776,28.68250214921271,54.57879490609429,83.12695326090368,0
46,1,0,0,0,0,0,0,223.23492394002602,91.57683376745247,81.44605538716519,27.297485127575108,104.81497181094076,88.94916579159103,0
58,0,1,14,0,0,0,0,199.36540587242968,103.86856764303786,97.59756796513527,21.85450565956009,83.05889477416427,56.586503723573294,0
35,1,0,0,0,0,0,0,212.8572293862247,114.9166386680431,75.45706516837713,24.90934483337353,70.30546063149617,98.95535908359642,0
59,0,1,15,0,0,1,0,191.87051666403642,106.2814788371739,87.13422005323093,32.625050799379274,89.26616062796458,92.67600698933164,0
41,1,0,0,0,0,0,0,241.35925818178828,95.61608369892187,81.02819062659724,21.257964748606753,86.20432682178125,74.49959697198321,0
58,1,1,15,0,0,0,0,249.1925404216207,131.7615125260447,93.34142680566801,27.123717629239806,80.90738848403879,64.899672064104,0
52,0,1,7,0,0,0,0,244.83695290196871,147.51221208716441,86.50702898748845,30.520140883215706,69.27537969606607,124.49411560329818,0
43,1,0,0,0,0,1,0,235.45302050400082,152.98874885190352,91.96251265647666,21.737913483671356,83.00787022781205,90.80371542967902,0
48,1,0,0,0,0,0,0,241.85879923955108,121.5615242436362,75.39238101814492,19.991174746825166,88.07470588431252,60.8935601947432,0
57,0,0,0,0,0,0,0,312.3982475893951,126.01811859305698,69.83170127009997,20.608980432030393,54.359127212509854,101.677518725552,0
52,0,1,15,0,0,0,0,263.2822821761197,139.8248993927446,86.40553982864036,27.41938258246324,77.69393978366534,87.28211819457931,0
56,0,0,0,0,0,0,0,276.59038705061215,129.6133176395387,76.14726377152887,20.574124530734053,78.57810843332963,83.35452359752234,0
68,1,0,0,0,0,0,0,244.39475721421866,149.83334907410764,82.36388646219966,25.24502383340849,78.19291993714647,104.50681779736712,0
38,1,0,0,0,0,1,0,164.9140972674046,141.4680269823593,85.80729928316909,31.422212724843202,75.55420339819413,40.0,0
65,0,0,0,0,0,0,0,156.18917129934152,123.72130268269136,96.9028903678567,25.589636689924614,89.23287690424682,40.43808894429327,0
52,0,1,14,0,0,0,0,327.64363956917464,91.15400114362424,91.43884772067999,22.610967568540705,72.46419680307403,113.72203066434243,0
44,1,1,18,0,0,0,0,212.59981988982625,164.97869532060386,73.82788392671236,26.314179658124882,74.96657460853235,79.03479132171897,0
40,1,1,17,0,0,0,0,208.86294085731498,116.90618963222492,68.25973314690931,25.518441298319868,78.78798381694148,72.18423753979069,0
50,0,1,15,0,0,0,0,246.80918262059896,139.86629020606574,102.48857325705337,27.655896319093294,72.86316567234219,51.231589268348486,0
59,1,1,9,0,0,0,0,260.2177310465168,89.83498328817986,63.00808393630786,32.4384926706573,58.367984918986146,86.45853503043399,0
50,0,0,0,0,0,0,0,265.78193404271417,131.7510351655123,76.56996582770739,27.4267523212316,77.56956052426719,89.29688353056088,0
64,0,0,0,0,0,0,0,314.0744154467202,134.20576313896836,89.7429378438654,34.138508298240204,77.7054765284575,115.13873676588874,0
39,1,1,19,0,0,0,0,302.0324008369494,135.26924559604856,101.66513496340039,27.666737804257924,70.61801902301461,90.5662390293542,0
51,0,1,12,0,0,1,0,200.31893811589185,198.30345221979593,79.72406169850966,22.653941699897022,73.41222100164838,75.03541830647647,0
41,0,1,15,0,0,0,0,278.62432123055873,118.11539577654447,82.32811593125072,35.18204227633726,45.0,91.3305652930012,0
55,0,0,0,0,0,1,0,219.09999959872485,150.05461299304724,71.4996709408309,25.288246128884612,89.50087259200961,107.518236931626,0
59,1,0,0,0,0,0,0,229.94961524504583,143.5111139486063,83.51939334562245,21.474941849246882,85.8123621103272,102.4980526519382,0
48,1,0,0,0,0,0,0,187.86447493814006,117.06994216131311,68.19815224838945,35.327287520882734,58.94602583420979,96.29300020040013,0
32,0,1,11,0,0,0,0,161.50479443141796,149.72472686998046,72.99658056137616,22.794220766660036,66.89439305966926,88.31538253418871,0
53,0,1,15,0,0,0,0,234.61128464417928,128.38493938752234,91.16668664966177,22.63320332865283,92.38225633249908,68.62947412053961,0
55,0,1,23,0,0,0,0,193.9367956911052,151.2553507866878,76.79707819765689,23.538970917017924,61.14179187214857,58.24562731261145,0
55,1,0,0,0,0,1,0,276.8238018571696,175.1411777152777,93.00698706463683,26.474968294621043,80.7415042708336,54.6068603353132,0
62,0,0,0,1,0,1,0,223.63255728511467,135.3175755939502,80.15791448021068,29.616531729540437,69.09579922703466,91.06122462112633,0
42,1,0,0,0,0,0,0,249.57796963379442,125.81524496049407,65.57391888555023,15.0,79.92170348022199,93.46044160850674,0
57,0,0,0,0,0,1,0,296.171133172279,155.13423604382908,96.02038330853561,29.598651989777157,75.60165630188477,107.16900309988965,0
62,0,0,0,0,0,0,0,170.64701200158726,162.7263696505555,66.21608697937734,23.526408130448516,71.6012180486749,94.91983260174682,0
36,0,0,0,0,0,1,1,204.11683490381375,112.56833413337492,74.77854989367262,24.107132783043454,79.66226247901744,106.17004333035705,0
54,0,0,0,0,0,0,0,243.9588794808974,122.03494403016234,79.60361101674228,32.8322864247774,69.08343376981863,78.99742749523585,0
47,1,1,10,1,0,1,0,249.75109189622347,146.85931198050775,94.06994344791049,26.6745634554629,53.58920552453431,99.72937665903535,0
51,0,1,18,0,0,0,0,284.5538900559823,129.09529577087616,75.68218212771708,27.635575526246917,63.86733277495519,58.966178225601894,0
54,0,0,0,0,0,1,0,274.15473767778633,111.00469571429069,70.879394050359,25.600903529239794,62.42569650142865,80.61572540685373,0
47,0,1,12,0,0,0,0,240.26507953215253,143.89528621369868,83.95207685872475,28.930934593917577,55.75057010494953,40.0,0
46,0,0,0,0,0,0,0,249.34980550627924,146.772773745549,79.43241132128057,32.433843349115,79.43280079617246,82.7264470904304,0
52,0,1,16,0,0,0,0,250.56733920358155,124.64351337026655,76.39131281153007,15.65223233940054,72.92679971267391,110.17008913294373,0
42,0,1,12,0,0,1,0,171.33265595435475,133.34967283728722,84.59782427785414,30.246933762018596,79.24729278971783,83.61484495190378,0
42,0,1,20,1,0,0,0,229.1194789963817,119.31539248318538,67.55684541528241,32.142835561888944,81.2490162672405,98.60197481998415,0
57,1,1,15,0,0,0,0,246.93282159187206,107.9047766299366,61.33791350841183,27.85435931639243,84.0776260411229,88.28325992410039,0
42,0,0,0,0,0,0,0,256.1762377865447,121.0645786541799,107.66476128721908,23.02281406691012,79.88306089378537,68.88020630929469,0
57,0,0,0,0,0,1,0,195.328008637177,133.62651170386994,83.25023312033893,21.075682963609275,63.24469683846937,77.70710036192152,0
55,1,0,0,0,0,0,0,180.1728918487288,99.54803712767549,84.09017058354723,35.48356731634438,81.9543063030117,109.1327433539696,0
37,0,0,0,0,0,0,0,225.68056592920445,122.67171551245251,72.61612743187507,22.089566884846256,77.66165687049248,98.48350328358106,0
46,0,1,14,0,0,1,0,322.5641088880257,133.93226287304026,92.77238612192814,32.02233044133063,101.28125734949793,67.79529658957225,0
62,0,0,0,0,0,0,0,199.95310943993857,158.28251802274707,75.59817687824984,27.401096430350663,75.09502007847607,50.088154444334144,0
43,0,0,0,0,0,0,0,287.6528428836116,125.1229681943883,50.0,34.187906304660764,79.59479742879519,86.75747142198288,0
48,1,0,0,0,0,0,0,305.7285442939853,104.59014829759711,75.19559991389642,24.49513332632955,73.86209269422838,68.61676405329568,0
55,0,1,14,0,0,1,0,238.0005271542605,127.38747972064996,78.6230430649066,19.20891821317076,75.58675020835858,77.9189947754445,0
58,1,0,0,0,0,0,0,206.08669087524817,119.53547531001801,79.95899674798585,25.808900473503364,74.77663975100285,48.548280588827,0
49,0,1,11,1,0,0,0,258.5640608009619,144.14792821126198,79.61186004706501,19.70556468460829,69.78451708559217,105.93731572275978,0
46,0,0,0,0,0,1,0,244.57957285237782,124.56608282003096,74.26102459628467,36.77594817795115,77.128243893059,79.7695104328549,0
64,1,0,0,0,0,0,0,198.19942487162643,85.0,73.10174728355959,28.38094271873159,82.46112530547731,83.25717933609937,0
66,0,0,0,0,0,1,0,207.01267563964186,213.21573902635168,78.42425599849564,28.990334842353278,69.9659198475521,62.842605045911135,0
60,1,1,13,0,0,0,0,255.95751349439456,135.13199241500044,62.25428695556902,28.992958160406825,85.02687946212272,75.62015176522877,0
52,0,1,15,0,0,0,0,277.0713779594161,133.96221322678875,58.508844474273495,22.95628230944436,83.57172395519754,84.81657485552716,0
45,1,1,17,0,0,0,0,221.79723114212294,98.0889806160653,83.17666587903567,25.258674980680073,64.43685297808024,67.89508379102872,0
44,0,0,0,0,0,1,0,232.95812314492565,99.77947614884454,83.37681849117989,26.252494988575066,63.43572329258227,77.03517974846659,0
56,1,0,0,0,0,0,0,265.42009710248755,129.9771229311933,92.55280696064796,33.76994270001977,80.37784080128313,113.88470276472647,0
55,0,1,16,0,0,0,0,228.41057709634683,139.39576931085608,78.93321627555073,21.05592362581244,67.94957058025024,41.74903469838783,1
63,1,0,0,0,0,1,0,222.8296131749811,147.44651106188854,67.67647344270965,22.812806052005325,62.45147223276608,86.24491912441069,0
57,0,1,21,0,0,0,0,202.76500393200206,137.22362846100174,58.7242382176244,24.31198246447334,95.60276935384084,63.934280460115716,0
39,1,1,13,0,0,1,0,202.00187657154262,105.90927153030104,71.3176470885176,23.03804869764637,63.40406922841578,112.7392697661908,0
60,0,0,0,0,0,0,0,353.43084136182324,85.0,87.07023692869024,19.818401536478042,56.71685462208913,77.84327208074264,0
43,1,1,19,0,0,0,0,227.3671269565204,129.7951083136795,99.29738684090707,15.0,65.59567933894662,57.91544478899462,0
48,0,0,0,0,0,1,0,296.06256614653785,120.25255724659918,82.64902495325816,18.309937690747944,77.77977832467076,77.04096913322974,0
54,0,0,0,0,0,0,0,310.0957068508391,104.22342206952973,67.43692131596666,30.30602272358411,75.88262492801056,90.04158792791222,0
68,0,0,0,0,0,1,0,227.92237926230098,150.21728093032377,71.44095276993916,25.766302505985198,97.64656116197798,145.83931652427,0
75,0,1,11,0,0,0,0,252.21091157112983,97.33731151804025,71.81552891122818,29.225709556641686,65.77928462672682,40.0,0
57,0,0,0,0,0,0,0,240.5090532094534,145.57331446804483,77.12813678122227,23.411694256775718,77.83387688385508,54.42032889535805,0
50,1,1,12,0,0,0,0,165.0639765710182,100.97696454961542,95.45074509993844,25.396823792937717,88.5418666606698,112.02003425076511,0
56,1,1,16,0,0,0,0,167.71318746108085,134.94995108283328,96.38691340188137,32.41394575393142,67.09180981807982,47.29392821944734,0
59,0,1,12,0,0,0,0,238.149332543788,152.54743508440967,79.93292926270136,32.16616268319541,83.44469049682766,82.22153422552978,0
49,1,1,14,0,0,1,0,217.30380430122176,124.56546705674997,84.19684132136317,29.662085743628325,53.01394678969231,70.88260778212023,0
67,0,0,0,0,0,0,1,319.22953488931796,169.17823635915008,72.42930528551841,26.629912927890718,96.10505447292886,67.2702469241787,0
53,0,0,0,0,0,0,0,225.59079069743677,174.19349916305708,61.48109866775552,27.923674652951888,86.93709313808658,78.03956984100479,0
56,1,0,0,0,0,1,0,321.8408758709975,137.2178500004324,103.46006024155295,27.31961702444611,66.83190003349235,74.34829741333787,0
57,1,1,13,0,0,1,0,215.03877857003604,143.910478152986,54.130155392877526,25.115600146018117,84.9578133340046,106.31241712705808,0
55,1,1,14,0,0,0,0,320.1368185067931,155.3355950589634,59.969916188025365,24.14208378129437,90.7581947935192,112.55077827118973,0
59,0,1,18,0,0,0,0,258.28267786568324,143.97738019468076,103.55687026191575,30.401708575734617,59.53597699419926,91.8049911641973,0
46,1,1,22,0,0,1,0,260.78484341393266,141.61935078716795,82.19938485604536,20.487927049525844,67.80146521230263,76.57033162971756,0
47,0,1,15,0,0,0,0,213.48238590371943,120.47047313892607,68.48902111494348,31.898168936719433,91.15300096611519,87.9448070285936,0
42,0,0,0,0,0,0,0,261.3843559377623,94.87816414609034,90.19244357307173,24.67068449233396,75.80967467327956,100.51558803512201,0
55,0,1,18,0,0,1,0,310.47939105557504,101.41790090851151,91.27663967255174,20.412380630739502,80.2339939883938,105.03906104729614,0
58,1,1,22,0,0,0,0,229.62759026135396,184.4120818927534,66.00777225822706,23.56343008344389,75.84236674327549,90.51107748065529,0
55,1,0,0,0,0,0,1,221.0665401238688,139.09409707171002,75.6058554823651,22.214927662925778,85.69786612398973,117.13621569698176,0
66,1,1,12,0,0,1,0,225.14244829015612,126.5949634093907,92.51495036446865,23.439735156374216,81.1551796865764,67.82022275972855,0
51,0,0,0,0,0,0,0,307.2849106202832,159.79319970059402,72.19713104355411,23.364790573382624,76.27460716706403,108.21899480304936,0
57,0,1,14,1,0,1,0,273.6354531080478,115.51192459703975,85.38596486336598,23.201851437361587,49.779688226192164,98.20027684349466,0
42,0,1,15,0,0,0,0,299.6979195807292,144.82838188309015,99.09774623639528,24.537376020626677,82.68012756617931,67.96999133508646,0
48,0,1,17,0,0,0,0,249.79939926130785,133.69822473832085,53.29018202150658,25.534429338549604,83.75089171991053,87.3517753015934,0
57,0,0,0,0,0,1,0,237.7300516982246,142.12060502427926,77.90502016805485,28.931824504241966,60.125533526915675,88.93288030083866,0
59,1,1,14,0,0,0,0,254.65353771910782,124.59898287553516,85.13963198280987,24.795694208852893,60.940813101172765,78.73325387179631,0
49,0,1,13,0,0,1,0,283.08697551415173,110.77672523961164,60.4954073686791,27.13668530717314,81.21118314803516,78.48248350142894,0
51,0,0,0,0,0,0,0,225.12679732613395,113.89683639092787,75.64466331697038,25.830878379399007,77.33190081761123,46.92896447123131,0
39,0,1,17,0,0,1,0,296.2217877076986,114.75454755027346,94.53398372970176,28.016381159021133,51.302477016940074,66.14685410097384,0
48,0,1,9,0,0,0,0,252.09654451089858,131.93465312891257,73.54821821507332,25.991368892589026,65.13573955025306,76.51744095964091,0
59,0,1,9,0,0,0,0,130.12376192667216,97.76502602957325,64.1880827693709,23.148030721200424,78.76611718682442,68.83092703774179,0
56,1,0,0,0,0,0,0,274.8737107926286,104.55657046951396,95.56998187794713,22.035381424173597,83.12012243002641,62.319726426277136,0
56,1,0,0,0,0,1,0,180.0185794164728,134.98153454564246,87.33402032236518,26.66194135386728,67.98816936209037,106.40510112173735,0
52,1,1,16,0,0,0,0,273.80360146965546,129.19114902289388,81.17372450194455,31.020851808592617,73.23052213801965,79.60972300717236,0
52,0,0,0,0,0,0,0,275.6667919224793,136.18509375364738,80.81929807470374,24.860589029260087,64.44777473166454,131.83505957233797,0
46,0,0,0,0,0,0,0,250.51527428477317,131.0090422446716,94.3393896532593,22.92645901930437,90.88708408993837,87.12319247852405,0
57,0,1,21,0,0,0,0,259.9219595505745,187.4169045515407,85.53433990011075,24.749700231386566,77.09505933031211,105.92356943174802,0
55,1,1,9,0,0,1,0,284.35031466513544,134.78824554779922,89.74734575522251,23.498282505299795,66.98774060622304,77.21319296572985,0
56,1,1,12,0,0,0,0,214.192382352328,123.66024771127994,73.68920326231498,23.065379871641152,61.12438281390219,66.78148038379463,0
47,0,0,0,0,0,0,0,270.91090502690906,134.22489927795323,58.99173989431906,19.88126221584897,59.797351574412374,88.04553171812326,0
33,0,0,0,0,0,0,0,287.17302533010957,154.43901093522726,89.46296440250146,24.79792602632626,96.73865663102796,111.7968696275064,0
61,0,0,0,0,0,0,0,313.44363429169306,130.90817543369576,95.21113505999418,26.76668633075789,72.9178578696586,79.95133398454898,0
47,1,0,0,0,0,1,0,187.34566741337306,147.0640238899974,79.3052563879302,21.364192955487987,70.20574691786102,92.27589822696744,0
44,1,1,10,1,0,0,0,253.9747068594618,140.71301121684877,92.65307900552216,22.1988070239018,72.44107422561959,87.92388992340503,0
57,1,1,13,0,0,0,0,193.69447524129555,125.61085730946182,77.977446481877,21.912945822598328,67.43748256635813,79.74597878802433,0
48,0,0,0,0,0,0,0,191.8274312211341,134.43926757540294,80.91161006417833,20.114620335110573,73.71587408305709,80.92303729554158,0
61,0,0,0,0,0,1,0,251.79722198586313,167.17628651222566,103.02914546064727,21.882072375079005,75.41914084325963,59.035083539434446,0
57,0,0,0,0,0,0,0,239.4080558510301,137.34772249083522,78.50175935552284,24.98878864181357,75.18004238570626,81.74496372942534,0
57,0,0,0,0,0,1,0,286.3800650549673,110.30753746823646,77.79316728935926,20.29756299521616,59.84882641588254,97.02576115806961,0
40,0,0,0,0,0,0,0,220.7682362178548,124.97077060307674,59.56024572151223,25.23607588339417,85.70917176057833,88.80137871730508,0
62,1,1,9,1,0,1,0,230.10173680733152,85.48656050587829,90.28087791977191,22.9157861509123,68.3644868023132,86.23615213563843,0
54,1,1,16,0,0,0,0,245.30618754288014,135.02277154856336,73.48190361454832,21.991173558836792,67.09603983347023,98.67526326307984,0
48,0,1,13,0,0,1,0,198.07953053679594,160.8653715632219,83.76670013215231,27.346556147129846,66.55408780160948,86.48350293809331,0
53,1,0,0,0,0,0,0,204.18492681929905,102.48907310105521,78.21953095080738,23.175485018213003,62.37033968242683,82.32006659359187,0
36,0,1,19,0,0,0,0,285.10834129399234,135.29412015917708,76.65048741409669,23.872943149122634,78.21357198344775,98.90868936010372,0
55,0,1,8,0,0,1,0,211.84597818363122,153.6794997291243,80.58724612166027,31.12182792100089,85.73978366808001,85.14179122202626,0
43,0,1,12,0,0,0,0,288.0289689237862,156.00504993032266,81.5097719252871,22.027771901657918,66.32412937639424,76.55830823472384,0
40,0,0,0,0,0,0,0,262.721753549405,160.15562579006829,96.1129487156227,32.22008564512869,52.88249057541874,92.7702158683795,0
39,0,1,18,0,0,1,0,167.90863487848685,90.89841571039892,100.24254228031094,24.37405637088409,62.67462482869892,81.1899766719539,0
61,0,1,14,0,0,0,0,259.33666244086265,143.1084810014598,89.80858122929905,21.141848005224944,69.62056860847137,75.52519048469433,0
46,0,1,19,0,0,0,0,258.9891122161416,98.87756592791868,97.25867096165028,23.52881180164573,60.222776262824965,85.57471117961711,0
65,1,0,0,0,0,0,0,254.60885877449655,110.03669299540563,92.24976964896058,26.08197711715172,67.81521973197515,85.84308945617683,0
47,0,0,0,0,0,0,0,229.75742403914754,150.06468971138713,87.93536922322984,30.943465825346923,68.38167810863119,56.61663134949535,0
37,0,0,0,0,0,1,0,194.63703196275853,135.47703668073558,99.46171522352134,29.07518171510945,74.81411973459687,89.66430074790283,0
42,0,0,0,0,0,0,0,295.2333617089553,147.97939363326623,66.29830442889612,26.062018084326404,57.5405464049725,124.46979552895891,0
62,1,1,12,0,0,0,0,231.53049809619523,111.55943469436264,73.78645358500916,30.96581952410541,81.96136047590767,59.4689425884044,0
50,0,0,0,0,0,0,0,197.13012894524383,164.41926842358328,72.14918167772689,18.08774810374331,94.93126582439747,70.44075835631477,0
47,1,0,0,0,0,0,0,256.12862218787234,147.14334654450312,78.3833450003265,26.822710273245402,92.14940646576122,145.9406031344958,0
53,0,0,0,0,0,1,0,203.3176812877367,151.5645586244561,90.23080429701153,27.070752879164964,67.99147023242091,63.09094816860481,0
56,0,0,0,0,0,1,0,194.24021475545467,108.236330925467,68.61875857375902,27.120784117073836,83.0238619339003,111.58697177474902,0
61,1,0,0,0,0,0,0,219.4792050630927,157.7708272846776,88.03359036173327,19.198380219446292,81.60304567082413,76.73975841911313,0
64,0,1,17,0,0,0,0,206.72249837000473,125.04444531391114,74.95526897914914,21.63065915311826,74.47769804484923,83.38321982312361,0
48,0,1,14,0,0,1,0,195.8613409126787,118.55302205680141,77.83523136175668,25.117454869153324,77.12406769410148,78.98314043776963,0
40,0,0,0,1,0,0,0,271.4821175395174,145.76019788100456,84.40498796120627,30.37064517034206,83.19652556230852,91.79111429405532,0
48,1,0,0,0,0,0,0,230.99157616365443,144.83065904533467,102.174977668738,33.65258443244241,85.60050965248129,45.66567694052356,0
54,0,0,0,0,0,0,0,291.10031760269925,113.36998534933858,73.45183537295047,23.07581546850797,65.25993283917927,86.2839905201584,0
43,0,0,0,0,0,0,0,198.40158297988285,177.23862222423543,81.03887927807877,20.429628152918507,83.9722966797922,72.72267746461503,0
43,1,1,17,0,0,1,0,159.98731434400122,171.91571268057504,69.06129729283533,29.144621889343,94.99755028182534,40.0,0
54,0,1,20,0,0,0,0,242.54589536697432,145.31077309785894,73.33662740386333,36.51891704633362,85.58617970421048,107.7804476368521,0
51,1,1,12,0,0,1,1,317.6630725594823,141.46887530009715,68.9519027809063,30.338456596534854,93.43755498347832,40.0,0
52,1,1,5,0,0,0,0,259.3634204919281,139.25529697772652,84.93742105559886,22.730605831624494,45.0,131.41426329903237,0
45,0,0,0,0,0,0,0,377.4764646333646,97.90007422758923,87.10370523386534,37.53067110219057,82.14850875153714,96.18992325854678,0
50,0,1,12,0,0,1,0,250.6106013217599,134.48176253427218,90.24459216068593,28.615878443922547,78.17101523889846,50.697096858112516,0
44,0,1,11,0,0,1,0,246.36429729667597,134.18991480170646,72.9562034691239,22.556845824274056,87.32501636668279,112.77615390439571,0
59,1,1,22,0,0,1,0,141.16404247345162,119.32774290275562,88.09531694254031,33.73063888198462,61.49248610905917,64.74127224308945,0
60,1,0,0,0,0,0,0,254.82968738589526,125.19431821596514,83.35720093897622,22.233033573264755,68.92630689873938,65.78905069375617,0
36,1,1,22,0,0,1,0,243.42138144084882,85.0,81.30697003298407,23.253537073486033,85.80644079576777,40.577682806307095,0
44,1,1,19,0,0,0,0,218.07346727900037,107.8599955372502,67.10292606990748,28.77914537159861,62.28397731050602,62.12885330245933,0
39,1,1,19,0,0,0,0,229.9817298494009,152.28017841316037,83.83904199181738,25.697888196654056,77.90777108941657,64.8381182463354,0
46,0,0,0,0,0,0,0,233.00357472894413,170.08633183606594,84.21947943893397,25.951729241219546,74.79673700513341,100.81735996937981,0
51,0,1,12,0,0,0,0,228.0831172709892,111.24562492349304,83.22074133450681,25.95863515673547,72.64883199760783,108.84545892097292,0
39,1,1,13,0,0,1,0,327.94745837754226,136.02267040947066,86.8006090873265,30.36936769606766,81.87238370516268,53.46185809118239,0
44,0,1,21,0,0,0,0,219.68207077657962,156.16441124674097,90.33514790883316,16.269998377182347,61.6139905514476,88.2224192952312,0
43,0,1,14,0,0,0,0,243.44980384956972,120.5552694303154,68.82372029250737,26.96650693213453,65.63859862043849,40.0,0
53,1,1,13,0,1,0,0,218.2283523310069,146.87745989916155,79.39964696285978,24.610166153969878,73.32901445463648,88.30992982243991,0
52,0,0,0,0,0,0,0,270.4709722123307,131.25662669723647,88.18921121877092,22.714766266624476,60.585811617949034,131.72784415704115,0
45,1,1,14,1,0,0,0,243.7776027987771,158.18884374535767,78.77926214949997,22.70394068647333,89.7710616279965,41.06431413750345,1
53,1,0,0,0,0,0,0,223.68393478049882,103.78608372729029,93.51308268474213,15.0,65.41479435083949,58.66266953016283,0
47,0,1,12,0,0,0,0,151.25741038008397,107.69931416711162,83.08214196031078,22.526485775235106,84.43595520049072,98.7273299351933,0
49,1,0,0,0,0,0,0,246.705561912705,138.14986171674184,58.54092830651739,31.09089717225128,64.49396031663221,101.4394729243137,0
66,0,0,0,0,0,1,0,222.37864396249097,134.1165341978096,92.07314703037233,29.211424999912914,83.45036647371302,60.35431486329787,0
63,0,1,23,0,0,0,0,233.32741109696755,130.76087427714674,80.59476127773604,25.01533477418258,55.693815906637255,115.8923799132362,0
40,0,1,13,0,0,0,0,183.97185032120532,144.66835152449863,60.76347000249656,20.01385154045331,91.9033848125341,63.24169605312852,0
59,0,1,18,0,0,1,0,299.06441559968863,111.5257095797298,78.97252167655843,29.169666066262426,88.6215960612796,120.48975497486896,0
58,0,1,15,0,0,0,0,273.69669973713036,101.87241654432857,66.77962745662464,31.170378487807714,68.36899790252937,92.77898882494125,0
42,0,1,16,0,0,1,0,298.9510638961878,120.99762162336803,91.03757542712984,30.040198150270424,65.09231241507439,111.2379461968517,0
58,0,0,0,0,0,0,0,286.467089234362,123.45787170864183,81.56990823824601,21.828225224555887,80.49363015000145,90.52904690410561,0
65,0,0,0,0,0,1,0,262.0619612936083,125.75756201672596,70.91505562237882,22.253997408462986,56.68672533835501,97.11017440014959,0
42,1,0,0,0,0,0,0,185.73956961603653,159.91900564978528,91.73017668355432,32.589236161261276,75.41702504153102,98.33304811132244,0
44,1,0,0,0,0,0,0,317.1090352191618,148.9491794295826,87.50230799195498,20.841988729862464,65.30893878098593,108.33009048056806,0
60,0,1,20,0,0,0,0,195.18405336094955,143.73127712141945,79.1708231556957,27.76067479861384,71.94827861666431,81.24496059637907,0
54,0,1,22,0,0,0,0,224.19006454070168,136.88399108184484,67.05283072556367,18.511281796999903,67.27381474711598,61.30221179303469,0
56,0,1,17,0,0,1,0,267.10370034758455,122.44785397425778,71.89031447756088,24.56870699376695,65.41957640527463,80.18440007893108,0
54,0,0,0,0,0,0,0,269.28779463624585,113.21320655076421,71.71050508352754,28.19911664301086,95.45752989149503,66.64777988145853,0
55,1,0,0,0,0,0,0,261.17841598556055,105.66253674477554,90.95796643917267,25.677139575717337,84.36652180004366,68.15234151973601,0
40,1,1,21,0,0,0,0,218.38730682152004,116.72084928964514,61.82923257226928,27.94804461632594,57.24164421393425,120.05987651540939,0
60,0,1,15,0,0,1,0,209.2950083963591,131.05571625605825,81.433182201243,20.772559189819646,64.4902391427911,96.32274148739596,0
61,0,0,0,0,0,1,0,347.51943301867,106.59034759598134,78.99658731073497,22.437991945567813,85.28938835201895,95.26496209135703,0
50,0,1,16,0,0,0,0,234.27018670600734,135.7294346702054,94.426468213305,27.775455351845363,86.62424212565409,106.67080147568589,0
51,1,1,25,0,0,0,0,228.88205907589122,127.72236120081581,84.79283869210384,28.65724138241474,58.379007652165846,96.20274133360407,0
38,0,0,0,0,0,0,0,204.60351439869484,123.25943494604954,88.42252342172402,26.70123269755774,83.38325818429564,124.94278238117683,0
56,1,1,16,0,0,0,0,246.76549535912213,157.553723826656,75.69567995523977,29.682936740799082,78.18034939359626,40.0,0
56,1,0,0,0,0,0,0,244.7130032254351,85.0,67.22802174993686,19.00544745185777,51.69996041921277,59.05536992867411,0
51,0,1,15,0,0,0,0,235.286046817011,123.55795000373155,78.0942882894821,23.888588403577877,70.16162737928029,65.88454749201706,0
61,1,0,0,0,0,1,0,252.795972458667,85.0,91.32594863111719,33.27300347022735,73.36604020379397,50.35852101816936,0
49,1,0,0,0,0,1,0,313.59565010746354,137.24837880444773,91.29868757382123,31.062222198874252,75.58190166440818,84.59722374038974,0
56,1,1,11,0,0,0,0,209.81768092320047,148.76799483037638,76.83294914661164,28.39791647653093,59.153006552159724,85.6784519948892,0
43,0,0,0,0,0,0,0,237.89568465689328,102.27566350729637,71.6710743442173,25.162995409242438,65.84381394978352,127.43273348823422,0
51,0,1,9,0,0,1,0,207.49466808777555,105.0927331543894,69.31985050111376,30.04274407623487,67.52467513621903,102.78715026261224,0
50,1,0,0,0,0,0,0,248.96672787632764,94.63740370236998,80.36048076728126,27.55948023061259,68.57189140008299,70.32689207577425,0
53,1,0,0,0,0,0,0,210.98734193952555,133.40012383968968,83.638614060632,19.578494505110363,68.7720306329662,93.37026805144053,0
48,1,0,0,0,0,1,0,212.88050837689565,124.50265792351139,99.6782981557091,29.88262603293013,73.4084050690262,40.0,0
50,1,0,0,0,0,0,0,171.78097154155245,125.86959593138495,83.4799690914265,22.249222001278845,78.715639381325,85.27187020940957,0
59,1,1,20,0,0,0,0,240.3029704440657,123.90462393131061,89.36519192568566,28.91472182507453,96.29070869417495,84.04210823607536,0
48,1,0,0,0,0,0,0,254.909863363819,110.58082058390534,72.63438414514937,19.174511566148375,85.4506650425588,61.25175986060574,0
38,0,1,14,0,0,0,0,317.86095954046095,156.9012285257128,82.50041205914948,32.355979261610855,90.80236067411704,77.37246051923404,0
66,0,1,16,0,0,0,0,256.6581091723532,137.9914949628958,83.68094146644239,24.67292484691131,69.2309317797158,66.0716377466401,0
63,1,1,13,0,0,0,0,216.21389857491795,105.93740219089271,80.31363366586746,21.251721037893176,62.952922197084845,60.55145768088797,0
41,1,0,0,0,0,0,0,176.17412014181204,116.58797005168496,81.73817443756089,22.977128544409826,84.61710330656798,97.51348023214115,0
57,1,1,16,0,0,1,0,182.26337175071896,112.81448696171553,83.51462161144127,24.41891870101381,74.80546872138288,105.77995745774508,0
47,0,0,0,0,0,0,0,178.99235306323322,162.93041387640736,87.77244175713179,25.776344162648197,83.76381360155445,93.72989744257401,0
54,1,0,0,0,0,0,0,318.6338495597728,147.64682399902304,96.02941652096514,31.20439710899263,64.41239730497949,71.92359260334958,0
54,1,0,0,0,0,0,0,248.6636618647603,129.21723194770385,54.81342650032348,26.087584727557374,82.78292518521171,66.76126727823024,0
50,0,0,0,0,0,0,0,210.34948635247673,169.5588660689849,95.36485016966425,16.899241129337668,72.8970061630813,72.63900039821206,0
45,0,0,0,0,0,1,0,193.76617737325637,163.94495909438206,61.470302604184276,20.758072100107466,69.46918818638076,76.93981843366008,0
46,0,1,10,0,0,0,0,198.33125502266745,126.92436032888106,85.70515385244103,37.105892648906014,70.59893081219985,61.94192406158882,0
44,0,0,0,0,0,0,0,209.19082664171935,122.9675629132762,110.26754762906168,26.355094062217997,80.88520100697453,106.23795170504849,0
44,0,0,0,0,0,0,0,293.9152295152267,124.02799297025832,81.48951653889061,29.69823946744299,84.28969579613268,77.3477041780204,0
51,0,1,12,0,0,0,0,234.68248832945903,111.03957488868352,84.1602296729757,24.53578082807526,70.60303010734971,99.59225954950332,0
45,0,0,0,0,0,0,0,172.31147763994625,170.14743786627758,78.27688343295439,21.681093611751866,79.13171794107996,49.80182062467146,0
57,1,0,0,0,0,0,0,337.66020808813636,109.8589249327047,90.00714816717924,23.826742888234605,79.08979673199813,66.16816869945625,0
64,1,0,0,0,0,0,0,185.83290986790053,151.10269493940368,86.3465026316769,26.326136944639448,83.86004232037952,101.76604813450908,1
47,1,1,16,1,0,1,0,210.00324636334983,147.19194887999424,73.88743306265116,23.913031017369025,86.84298231939785,102.09155745759932,0
54,0,0,0,0,0,1,0,293.6463530558908,125.29294847908155,80.62776333778214,33.66571784277203,96.73465664727254,54.3418112693966,0
56,0,0,0,0,0,1,0,254.26658383479892,171.8209922806179,68.57876195467344,23.27336354367084,69.41795536172386,88.97058414794125,0
56,1,0,0,0,0,1,0,215.32338801653478,97.69988093620637,80.57270294521223,21.475173997973933,92.52011879592222,89.57422840669167,0
52,0,1,15,0,0,1,0,181.81985525187127,130.24679137846442,76.96753375699916,29.116091314779506,76.40489250073608,65.71109228982834,0
58,1,1,15,0,0,1,0,193.46563520729882,121.2411163713089,83.6384914190886,29.62121026576428,61.862385535059616,90.21095383967966,0
56,1,1,17,0,0,0,0,196.1141707606355,153.13304930595876,73.48103323429673,25.922906198307793,67.19418616743273,45.649610907102385,1
41,0,0,0,0,0,0,0,236.30939910538018,139.7784490162537,79.4268197189656,23.33121114758302,80.59152144259457,60.68148738167542,0
59,1,0,0,0,0,1,0,244.40671996037736,93.99950606933717,82.10527330225773,18.007298861890636,83.68512854310569,95.77603275009163,0
59,0,0,0,0,0,0,0,229.45919634022093,159.26854776242197,82.94101237547989,30.804958242020852,62.80478571926604,82.67850595010665,0
45,0,0,0,0,0,0,0,234.27459218732952,142.6801579043405,85.2914045884701,29.361099730679012,65.83338892058124,83.87266753446232,0
52,1,0,0,0,0,0,0,189.7681794114499,109.21917903681552,79.90998801662816,23.996457889028708,68.60260011769304,77.97309824993062,0
57,0,0,0,0,0,0,0,248.89798867385113,124.30705969469936,72.55967609281964,26.04424716156188,64.63958373722323,94.34875937524558,0
50,1,1,12,1,0,0,0,292.34282002082784,103.4025318706142,82.98487927179494,24.870623551661392,52.438980117030155,95.45722854849932,0
61,0,1,19,0,0,0,0,228.83716600301898,128.24156343643745,79.85370609285084,32.47779398927399,48.36823544444034,100.20445659338752,0
72,0,0,0,0,0,0,0,227.97938491710318,135.3025952819161,94.29574770528652,21.544534957887674,70.41831461401954,84.89039160602239,0
45,1,1,15,0,0,1,0,239.65204629032533,124.63776251005314,95.80889801092431,23.25774787451833,78.0249514755164,73.06652767009781,0
40,1,0,0,0,0,1,0,285.2010138294132,122.08978100279721,65.53503477475574,22.861422419837687,82.8670272811038,69.1886225810479,0
54,0,0,0,0,0,1,0,196.63218802469981,96.51971188087407,89.40585458101302,27.071661274413323,58.65199111230667,57.6925268647053,0
58,0,1,21,0,0,1,0,299.83728277221394,139.41931215307056,91.81292993307889,26.03013076015882,58.85593059128762,72.73583410852402,0
50,1,0,0,0,0,0,0,254.53377853515045,89.66199886901504,65.85002444963033,26.620279470197545,68.66485676274773,68.0531605700149,0
64,0,0,0,0,0,0,0,237.26195061075018,132.68374940121976,88.95367382695257,22.189510785281218,75.04010943466287,118.83631134793016,0
40,1,0,0,0,0,0,0,289.38250881323006,92.41857187128585,92.75145901319561,31.888077004682618,87.10537920476158,57.920435402836915,0
57,1,1,14,0,0,1,0,183.98926874943595,133.1111075906983,70.60424034545692,23.93841506039293,83.61266483028264,105.85932870211812,0
46,1,1,15,0,0,0,0,258.97000359476715,131.86538189906952,79.16390052254754,30.669118792525754,70.58606194623525,75.84202730352911,0
66,1,0,0,0,0,1,1,254.93362083829118,140.8735892889279,84.23583922984265,38.670367388853506,79.32186365541317,77.25112205591829,0
68,0,1,16,0,0,0,0,194.83997716667312,150.97028576963504,88.84549672119134,22.21932217936105,64.87752913043795,91.22732608406201,0
45,1,1,16,0,0,1,0,256.2680774099681,155.04694528952064,70.13872707462876,27.203778089472316,75.89214906779787,49.37363630116852,0
47,1,1,13,0,0,0,0,248.4654278927414,96.57906281372954,95.88408037378734,25.26042508315073,74.25092048359748,63.600573429556675,0
59,0,1,12,0,0,1,0,228.1355227336429,130.71946683107222,57.64782243921277,34.12661437518361,91.85162747793586,53.45380806112044,0
48,1,0,0,0,0,0,0,273.9639724301346,176.2406994603212,97.884946587106,24.64931889731109,80.9226610059055,73.25405903459851,0
51,0,0,0,0,0,0,0,210.84281289626276,134.62021250694957,88.60320961347902,26.819635057824154,65.75057944796757,61.08851173906346,0
52,0,1,14,0,0,0,0,247.89413481710824,113.71034091337111,74.53874186628634,26.73016010999644,65.87334209024782,112.29429307803323,0
35,0,1,14,0,0,1,0,230.20635357196596,130.2465752183346,92.37287011248496,25.388365043213852,71.00290160526241,68.58310009798248,0
51,1,1,16,0,0,0,0,208.95333978766263,123.55934931309065,69.42641147677445,28.897442448254065,56.226407946683075,40.0,0
46,0,1,16,0,0,1,0,258.1269261452259,106.11792054309261,83.3792326527265,26.182925241865682,72.23975546223852,74.30804581624504,0
47,1,1,14,0,0,1,0,226.85962711663734,151.12029214055417,84.86205848570314,27.775592125984833,73.27608948421964,100.571474704316,0
64,1,1,10,0,0,1,0,171.18771581677993,144.85575628205797,84.83361776750817,26.675771089913553,80.59832254759647,119.49617438349225,0
41,0,1,13,0,0,0,0,156.7530913924087,102.64080041353319,71.92338931461585,23.321395324586383,82.34550422578621,76.72165593342109,0
58,0,1,17,0,0,0,0,270.71852859566087,129.94795915602816,76.04707393170908,24.697255555126638,76.18699691265647,70.11129843515936,0
49,1,1,16,0,0,0,0,182.29359528201945,119.5377997179933,83.52093839380979,28.077233696246136,55.44008776032527,81.66760488318788,0
49,0,0,0,0,0,1,0,248.29291770962666,96.76496468045073,73.27907508440106,28.06057723780372,60.347441626227166,91.54629120930738,0
58,1,0,0,0,0,1,0,238.4178833196386,100.87397193552832,85.2574335313193,30.90453710012795,67.73874091680696,56.035667834259016,0
54,0,0,0,0,0,1,0,219.7846018132804,104.14888387639269,74.63048838128105,33.422901006138545,82.82749738361866,76.37764168585684,0
56,0,1,18,0,0,0,1,322.09341211747494,130.71454542425846,94.00000031292691,23.663617603311863,82.4222876528959,80.86070503524019,0
60,1,0,0,0,0,0,0,243.90565681225962,121.92503399552615,100.75221940685122,26.35298404894652,72.00674072286279,83.05347488553274,0
49,0,1,17,0,0,1,0,269.24787323801087,110.89786483388991,78.43042990411288,25.007036180837595,103.31676491720248,78.67551135192915,0
46,0,0,0,0,0,0,0,248.5319134749516,123.37857334833907,93.04310513164127,21.260038686664608,93.73881102078828,60.47701387359537,0
42,0,0,0,0,0,1,0,225.81226538283084,148.4457693806005,79.4523455010808,28.11467606909813,89.87903277422285,89.79108114405109,0
44,0,1,13,0,0,0,0,235.16009498961859,139.84731413998523,70.76282563910388,28.98913237242401,83.40789785511159,80.97482638089127,0
75,0,0,0,0,0,0,0,300.17588168906127,154.04111376768185,76.89138711333806,21.384335972635288,80.50250104610058,80.91889534780283,0
62,1,0,0,0,0,1,0,283.87663287441893,126.97711697617652,83.02683688907456,24.264552709381192,79.62691243333288,57.1018526445455,0
40,0,0,0,0,0,0,0,321.88740299429844,167.25625819499618,60.556508026875136,23.864432958039693,53.3396504596504,96.72431991727719,0
40,0,0,0,0,0,0,0,245.7522520908069,139.6577574413668,89.50788113734596,19.615458716776814,62.38458771846351,60.1974883410917,0
56,1,1,18,0,0,1,0,197.41476910916708,121.24381668648941,83.03225018723637,25.650852946322996,72.33435855901682,119.17807171604007,0
56,0,0,0,0,0,1,0,216.61725444816827,134.04493981318814,94.00652748962986,21.10450912660187,76.53446994493089,54.8771448936963,0
56,0,1,14,0,0,1,0,183.737759560862,104.54232904302401,89.2976506452563,26.451874134146838,73.50652172588889,99.5309667009641,0
49,1,0,0,0,0,1,0,269.7499416705122,125.26392700254908,83.43937980596667,26.90339825233514,78.26732137453197,40.0,0
50,1,1,13,0,0,0,0,210.2196820926011,141.45943306498538,77.72998077580644,27.411393411549376,49.76039340308833,40.0,0
54,1,0,0,0,0,0,0,101.56601036194155,145.45672917816896,100.27434066043585,27.609420928692508,81.067971633832,69.24035683014726,0
52,1,1,14,0,0,0,0,344.40613072651695,122.97643109771367,108.0384722420324,32.07685693804989,75.74565066974395,40.0,0
33,0,1,17,0,0,0,0,210.89354990651412,192.14558940549796,77.93020713928226,22.48455082265608,72.75060049490034,98.78363246335752,0
50,1,0,0,0,0,0,0,210.62999927862438,128.21142965058365,94.50752168443061,22.69022455432933,86.12774441432313,81.49852044043877,0
44,0,1,9,0,0,1,0,309.55091447705615,95.07533107285062,73.51900409241637,28.48617197842218,62.45359939956532,114.22370444517651,0
53,0,1,18,0,0,0,0,182.83693616490933,158.69187822418695,74.94776855573127,25.25887574620557,72.1572617684641,78.15455184541887,0
75,0,0,0,0,0,0,0,286.01065900745937,145.3568006846929,77.36506058201802,30.413839088938936,78.41302093678185,87.59245569633204,0
55,0,0,0,0,0,0,0,210.15253248934306,137.0971540610155,90.2161922512762,28.102924048700782,64.7638642966843,75.8315254247712,0
49,0,1,11,0,0,0,0,177.7530004377382,121.77174039598088,69.1010404679313,33.664256446000735,50.95987226301409,61.8995974885447,0
59,1,1,24,0,0,0,0,311.051581500638,140.65362335258172,100.5995707240508,25.425553355931967,61.16351867585522,72.6441899299044,0
56,0,0,0,0,0,1,0,276.6162656707512,167.61835741194787,93.25446708847636,19.723637754855005,74.2233529530733,54.30909191943902,0
55,0,0,0,0,0,0,0,276.4800433186619,136.43592462148322,89.93818246514657,27.1967118219145,72.01176307604553,90.91062757704276,0
57,0,1,22,0,0,0,0,252.17684405870608,99.65926109015963,78.47422400796773,25.506135952552278,74.78080740999948,74.91950941813847,0
69,0,1,19,0,0,0,0,262.3604718554179,85.0,91.95385107828089,27.99139869470974,67.08867787051847,79.69430543233139,0
42,1,1,11,0,0,0,0,181.7850469110861,140.4603103340445,50.0,28.516689465368337,59.252834009362466,146.94579630841446,0
56,0,0,0,0,0,0,0,240.91087771876505,110.30990209227762,87.29081636190999,23.608351088106716,76.64409909849513,72.72985485634757,0
44,0,1,12,1,0,1,0,195.13442798016283,129.80632021729232,83.92146481195294,21.663076800046866,73.00172406616333,89.2164522146152,0
56,0,0,0,0,0,0,0,174.88661716122562,114.20029229370522,59.36541321738527,25.201632264949218,82.65401859313995,80.75488633932939,0
44,1,0,0,0,0,0,0,254.08194655115338,112.62000234767484,86.87503579278602,16.037114703324733,66.02778260486654,108.62466790263615,0
48,0,1,5,0,0,0,0,286.95858044901996,115.16396906770213,89.09070071051288,26.130735761023494,50.74977610985617,87.48454166539165,0
49,0,1,13,0,0,0,0,219.1317717339652,117.15274208183556,59.75520706198986,24.12950389194173,45.0,75.75727764256125,0
60,0,0,0,0,0,0,0,226.67143273728016,149.0771917466224,67.75874298817503,29.33286768241999,70.18236942622704,134.72788119732402,0
59,0,0,0,0,0,0,0,185.92137161634625,144.62016344900485,106.77266982221141,17.658021012473228,76.53490994541356,62.227253159359265,0
41,0,1,15,0,0,0,0,236.3175544278675,105.4242458981542,79.7637574467704,25.826015770182615,72.21224973645803,77.54169901537813,0
52,1,1,14,0,0,0,0,269.44334894509024,108.42183601992582,93.70751271398065,32.26251956734027,68.21819457214502,103.07909596880951,0
45,1,1,14,0,0,0,0,270.827220416022,140.34068189832618,95.5216230914761,28.569145444599176,55.90341104210287,63.18291831632264,0
41,1,1,17,0,0,0,0,259.987751727761,155.15505203958148,86.72724176794321,29.820755182320237,52.32765354351339,99.60907811451423,0
50,0,0,0,0,0,0,0,208.78902864344045,154.81710991811076,94.20689621427135,27.192907442782786,79.40729737193519,70.9721559101069,0
49,0,1,13,0,0,1,0,207.39432208920533,109.9360055028349,56.64533970202338,18.987710313407298,72.26878524252618,105.0744340063361,1
72,0,1,16,0,0,0,0,270.99779682260106,153.76485150180494,79.23364705983211,26.482769609720158,70.63778022287929,104.47126502544086,0
55,1,1,5,0,0,1,0,271.72795301753615,92.92206804498531,50.0,27.474806376262418,56.498988540994574,79.92807885619503,0
40,1,1,11,0,0,0,0,228.43222064099672,127.53654282577914,61.04687602519302,21.379279368817826,63.40492080107987,58.98911526833342,0
47,1,1,14,0,0,0,0,217.24843606710982,142.71458173739035,75.44782603618063,25.281129242226733,75.5412521941169,72.99606000942131,0
60,0,0,0,0,0,0,0,287.3588721116108,86.26628971308367,74.01538673204583,15.0,78.41539144158067,81.65922527340861,0
69,0,0,0,0,0,1,0,220.16225874821714,178.04285232988016,82.49692346970976,24.430197478638586,73.02911841509805,102.43023786898577,0
38,0,1,21,0,0,0,0,268.8210178790464,161.18729402548556,81.75219386076412,24.01085863445316,91.55099311394869,89.37334178506289,0
36,1,0,0,0,0,0,0,229.97890030624367,146.23408739193297,83.60490915977478,31.549181358014728,68.0940732497244,94.3718734659509,0
67,1,0,0,0,0,0,0,189.908557634372,110.76937943357173,84.09651578356815,23.32678527922236,90.44246305811764,90.03456491800539,0
55,1,1,13,0,0,0,0,306.9417341610429,130.50172025930308,85.99507269523565,24.707936059758538,77.602401135504,101.46303734587036,0
44,0,1,15,0,0,0,0,241.28281141218494,149.38924373478648,70.49146387105645,25.475162013165086,76.2976013074496,77.39054740201304,0
56,0,0,0,0,0,0,0,204.72726488492432,107.3014455260041,73.30249216763438,23.379687901885443,86.19027259775278,85.79246909320169,0
32,1,1,13,0,0,0,0,174.804550617891,128.0295669127636,81.55746328846297,28.75114482951185,67.51047183018983,82.65262642752528,0
52,1,1,13,0,0,0,0,179.23996487757933,152.0284446958416,81.74388459192491,17.631192743186794,71.04955848990045,71.92702038241322,0
54,0,1,16,0,0,0,0,219.59189821983756,99.11890996099291,69.01687161644442,30.459964486990934,60.3175012074977,105.26926808124078,0
59,0,1,7,0,0,0,0,320.70567087547806,139.31334364245,94.97871257215661,25.75129971490494,86.22255025806484,104.7847654024486,0
43,0,0,0,0,0,0,0,210.27487733833334,93.39506814833403,90.69760813060991,31.136753252661247,79.02606529482155,109.73314249160899,0
52,0,0,0,0,0,0,0,299.688012623233,111.23537137726962,71.68339977564246,15.0,88.17352022285542,64.43491251346202,0
44,0,0,0,0,0,0,0,230.2463985814643,120.89896267512593,79.49960784499977,15.811459785494462,77.45836083776051,90.0686104747832,0
54,1,0,0,0,0,0,0,184.02938279152596,143.29822347981312,106.11447580956539,24.60288790569945,88.2365065822958,107.12444202159314,0
44,0,1,14,0,0,0,0,215.17870770818257,116.58263974486351,83.92692445401138,27.8742530908023,66.03253050864262,116.5666177348474,0
48,0,1,16,0,0,0,0,179.6365313555525,134.76206460924132,86.74823146240078,23.524775864386985,86.8468758836458,47.30147361690778,0
43,0,1,14,0,0,0,0,198.3373881135904,116.88098096821888,74.69277338642644,28.193767903338312,70.22622087055632,81.93361785679005,1
57,1,1,9,0,0,0,0,197.02708527745963,120.32643101346665,78.2426546976599,29.82337000551615,75.03038323620292,77.64802685181118,0
59,1,1,10,0,0,0,0,152.2326298308243,159.5145531712953,100.13591182940083,28.53059814278761,83.74026615992416,118.58933309643459,1
50,0,0,0,0,0,0,0,302.56302702784797,106.69498007867075,83.35953312751043,26.223400867958333,102.93409491537432,40.0,0
52,1,0,0,0,0,0,0,245.2847493297804,148.70138742683807,81.14886137352542,26.19197168358163,84.84063448453259,57.911717570644385,0
39,1,1,20,0,0,0,0,205.80375015280353,131.9765945195504,82.09169303123758,23.279340145807627,85.97215361943086,114.95975026221647,0
49,0,0,0,0,0,1,0,245.75734084306913,119.33781884402421,112.54459346098221,25.572965270764513,68.45546454558065,71.19644218018283,0
51,0,0,0,0,0,0,0,199.23886267974927,105.21449768697741,82.47769003777462,21.60065336233762,76.88397589151505,52.06642276706019,0
74,1,1,16,0,0,0,0,118.47327352373075,106.78280124381999,72.03907960943678,22.582609183819663,73.8495927919816,116.77685425523956,0
42,1,0,0,0,0,0,0,366.0944318619682,115.74980945532518,74.13578918061714,27.908893218141696,91.8919936146435,49.06826196381494,0
64,1,1,16,0,0,0,0,244.3423945737906,128.69880304113488,91.36907202865724,23.90218736072147,73.24878965754496,105.50682928009371,0
60,1,0,0,0,0,1,0,210.08342627015034,145.27721199544084,64.85822648023867,22.775996233905737,90.94250222819232,46.11410902129765,0
54,1,0,0,0,0,1,0,150.90774828619294,125.39473628170802,87.40699577757076,27.64184715405847,59.38023951936732,48.82177986838133,0
66,0,0,0,0,0,1,0,170.25740901372737,126.86716125859118,73.3141896682067,27.35758859341471,91.7853279005981,86.60325042853026,0
55,0,1,13,0,0,1,0,308.79764490041583,130.15221508690928,59.694765322575904,24.917271699660695,64.66318984178173,62.48889184470016,0
55,0,0,0,0,0,0,0,302.08529614713257,142.48910921165202,70.23913339703687,25.189364734041288,85.24660988904964,88.26370653552121,0
51,0,1,16,0,0,0,0,269.1414615839537,146.1856620223232,82.33040571614391,27.50538634850762,64.62803445036951,123.44703289055468,0
62,1,1,18,0,0,1,0,186.9366103099682,101.48675953741935,98.7420087219138,29.772724177173952,82.42016708796804,78.4346805124364,0
61,1,1,17,0,0,0,0,302.43885547098847,125.79435638564713,92.95995294335965,26.624451202530423,63.44895407379245,119.43910836906157,0
46,1,0,0,0,0,1,0,255.79043518955152,159.00288838165426,78.47571728595096,20.91266096745384,87.43777129707928,89.45871034937751,0
40,0,0,0,0,0,0,0,264.8166757274675,103.045361018161,93.66624483781712,24.89214727966985,85.14294559124554,103.98506576175282,0
50,1,1,12,0,0,0,0,255.63152155550284,133.6348835898771,77.71864204913135,24.130685665046993,67.79175090881402,40.0,0
45,0,1,14,0,0,1,0,169.69256387645143,128.24143191647082,64.40186098304933,21.482756963864773,81.93701410787413,96.6350080160235,0
51,0,1,12,0,0,0,0,183.28091816713695,119.53313702139455,82.25305162759211,27.841524338968615,86.3691917798695,93.10356246571557,0
62,1,0,0,0,0,1,0,213.55040067803208,166.99721832295387,63.928792059918585,28.15689557552087,63.92017135651603,73.71840720432763,0
48,1,1,13,0,0,0,0,264.32014713145696,132.81038779509325,91.49689968982075,28.777454528994436,62.5919658688984,125.59721084295089,0
51,1,0,0,0,0,1,0,175.26098838130156,165.2451915827749,91.67056106808253,21.73725688826343,62.14434322837346,70.65620716064458,0
52,0,0,0,0,0,1,0,228.2847577424556,132.12379851537702,71.44036072563685,26.44554884202461,60.443967595492836,44.995892897327415,0
59,0,0,0,0,0,0,0,228.22918155282576,142.1256295649901,83.74717008190794,25.77427154533908,62.08688584783695,99.98501200617504,0
32,0,0,0,0,0,0,0,270.88054633041344,119.30112680360642,83.63259081029729,27.060352682701733,86.09745850983984,49.25544481399532,0
46,0,0,0,0,0,0,0,265.6855475667371,119.54593914344942,92.46356058120689,26.331878615142593,81.69419785516794,83.76149656821832,0
53,1,0,0,0,0,1,0,191.55005912170614,141.00564566547493,67.05918095219383,25.74856162584315,54.647973753700654,112.81687804709291,0
62,1,1,17,0,0,1,0,299.65419145744124,141.409344067939,89.19385028281816,25.255832586154355,68.87799617512498,93.4650012358001,0
47,1,0,0,0,0,0,0,184.81744753498725,145.1557154650208,66.19876898793387,30.338046501104632,61.105960935320596,76.3100718130758,0
36,0,1,11,0,0,0,0,284.058535443633,140.28692231300067,91.32626485207444,22.26656256917093,85.33836235810617,73.9240963653474,0
57,1,0,0,0,0,1,0,211.79362447267047,102.59873960591014,94.75236881599776,25.0899994298633,69.60425116576701,111.10288045927152,0
46,0,0,0,0,0,1,0,243.21274195106838,114.25988911232685,73.9649032763213,30.233619733904437,56.466870926153405,53.941955531506395,0
41,1,0,0,0,0,0,0,245.94344824458943,150.6987434952713,96.62954639849848,22.474670711471223,77.04198081324695,99.82626667320389,0
46,0,0,0,0,0,0,0,244.699127391187,88.91376196112657,63.11160444377454,22.683639496249654,82.27790529757638,132.45300176974715,0
50,0,1,12,0,0,1,0,265.6779647311211,138.43735931312327,95.19500134252658,28.80915787225242,63.55561880113878,94.49904536317649,0
46,0,0,0,0,0,0,0,253.22421790907543,129.53863782047802,99.2614748579517,19.961953253347126,71.82100899982296,76.52557727874084,0
33,1,0,0,0,0,1,0,270.4805617143037,150.69080108439192,86.14978232981838,28.508587604408625,64.17125418431706,78.31849571846082,0
59,0,0,0,0,0,0,0,256.443278255186,141.1656660935566,79.65369062764766,23.79249822508745,89.92856870542539,70.95125129186648,0
62,0,1,13,0,0,0,0,180.36396860726288,117.39243384641384,85.74903784119907,27.481002523633734,69.82370235753682,67.02596348400019,0
57,1,1,14,0,0,0,0,247.87115928055147,116.3942991573634,74.75489957522647,20.794988275071933,66.33794163285118,84.70884104156599,0
42,0,0,0,0,0,1,0,211.18972428976534,120.49876359406778,113.49552014995292,30.65881269288931,74.38409407381029,97.62814428184653,0
50,0,0,0,0,0,0,0,187.19245097207954,144.7613870421538,74.9616245147885,20.809321535452874,72.5094080403971,119.04779032210388,0
51,0,0,0,0,0,0,0,223.2470447221988,85.0,97.80881403588782,28.77229644954128,83.26192072639205,40.0,0
57,0,1,13,0,0,0,0,244.062366357544,135.46234777585536,73.1052709909103,20.980604226518462,89.59256671114666,40.0,0
57,1,0,0,0,0,1,0,246.9857012314625,112.57323908099792,101.16169935404379,33.21403357146516,89.68347901227,119.49182693815087,0
45,1,1,12,0,0,0,0,282.4650887861718,136.19837655175965,106.14794298106203,25.507334694393972,70.4171116728903,83.31414549341883,0
52,0,1,16,0,0,0,0,293.5216012347494,139.57895130307412,86.63188973223212,33.79851408948763,78.66136359777185,84.51870154566166,0
55,1,1,11,0,0,0,0,250.79635655332365,95.42881517556887,85.43988722280581,22.442561301616294,92.86199892348539,93.5298031386844,0
64,0,1,20,0,0,0,0,258.752680588414,127.00893860598612,70.52105170258505,23.985132146199938,93.32398570050006,77.70222731820749,0
57,0,1,16,0,0,0,0,240.19359745972884,135.42254784960542,69.09198868518058,30.763948735301895,64.48912614367757,127.42860154652885,0
58,0,0,0,0,0,0,0,269.7579204005817,133.93490209605324,85.57497526198753,19.952596310722026,82.10694259972013,93.31206050533544,0
52,0,1,15,0,0,0,0,257.4274781088308,129.3115790314488,99.49830972617345,22.93300671093324,80.07846687326193,71.70519499978217,0
63,0,1,18,0,0,1,0,233.60252387025662,105.14047456409175,75.42157013021163,27.829780561726263,86.1166505333364,73.76180008412425,0
55,1,0,0,0,0,1,0,330.6872329481892,108.49018332577609,108.49515061353023,21.622999635545035,89.92341081405345,78.6987862068019,0
44,1,1,19,0,0,1,0,211.96793200855996,101.6829588994153,74.67824872444194,27.939451430278083,62.50828788846953,64.12656632980733,0
63,0,0,0,0,0,0,0,299.99610609516685,144.18900255847458,84.75270328899965,26.498657978589044,66.7118603395851,120.85820952084168,0
57,1,1,14,0,0,1,0,176.41111124161478,129.45744148025477,84.78419759684387,19.594052942657047,85.89130507569111,84.85104334155535,0
48,1,1,18,0,0,0,0,271.799127603864,130.8614287355603,80.7815874971738,29.76785203073221,76.77636905819983,55.078486194741224,0
47,1,0,0,0,0,0,0,299.20900747598085,94.47914423541232,57.47406980408524,20.62402431790227,48.27310550933022,91.3196474773072,0
54,1,1,14,0,0,0,0,152.08236087565155,131.2607384602535,74.57112279482925,28.96224429758904,55.0046106942504,115.09798864532223,1
55,0,0,0,0,0,0,0,242.11382521442414,145.94001558361902,84.39567150763446,26.326749132801552,82.95087769558774,106.39877659561355,0
53,1,0,0,0,0,0,0,267.47821781473795,91.47952935936586,80.84817884823744,23.93444889470646,85.06933107085983,64.52435883331347,0
54,1,0,0,0,0,0,0,247.0863985816349,120.22106230761065,89.63443191283339,21.267849647660377,58.80614754863683,56.49136018881178,1
66,1,1,17,0,0,0,0,252.6388611667064,97.45231910601427,91.08203094390223,27.150004234173412,88.1900107455341,114.82841255909483,0
61,0,0,0,0,0,0,0,241.9938191445732,122.75379435594249,79.11905846585309,22.22264834674214,72.63423202690018,44.640861770410375,0
53,0,0,0,0,0,0,0,187.85309564008995,112.1781782534397,70.45083553221464,30.752609251815564,62.73031044254362,90.53110386281286,0
60,0,1,23,0,0,0,0,340.19400605483946,140.37999434011527,100.57981246460096,30.902247498143936,68.27644931941771,68.92391817376185,0
43,0,0,0,0,0,0,0,213.84433401410485,135.7232703953806,65.73445203381218,32.53233948604259,60.32708128741436,112.21379005500933,0
55,0,0,0,0,0,0,0,255.10309450627182,160.41309692394898,74.85631331881422,26.951679492008765,67.60906819942724,57.7411127606515,0
67,1,0,0,0,0,0,0,207.5390542082412,130.81028731538913,71.80048091231438,24.142329797456657,52.57322434933651,63.681214385263374,0
50,0,0,0,0,0,0,0,135.86201963908928,139.446731646294,90.9574914616253,24.582699419250307,74.11400461202261,96.19165542799861,0
44,1,0,0,0,0,0,0,195.32143355504536,119.7304354037335,97.8042636937671,24.282640910510757,82.04542425513598,100.2968648783665,0
46,0,0,0,0,0,1,0,172.30530553989394,107.73257767297126,79.91567949386867,26.81682270714934,58.83090039049568,113.27072641160653,0
42,1,1,17,0,0,0,0,284.02897172587757,150.3647735631819,84.75732112401894,27.59008974791327,75.20424324747536,92.87732414570117,1
45,0,1,13,0,0,0,1,209.297807294044,159.35161117803574,87.14526185186979,30.849413900669283,65.34417566188297,90.03814597509147,0
48,0,0,0,0,0,1,0,213.37998107608163,147.52442538324158,103.64804918306633,25.882506003943732,83.02561002437086,106.12967120375933,0
40,1,0,0,0,0,0,0,189.1694486454356,134.88701870884972,60.71711869344187,20.046767944812412,47.22711490441316,50.47598660471684,0
52,1,0,0,0,0,0,0,240.1375575434645,110.56994180132392,90.93066278952314,24.129574201506202,83.54266617658797,61.76801783769811,0
59,1,1,17,0,0,0,0,204.47582528010363,157.11581981539283,86.51829697527404,32.17899229823175,53.18692083056376,52.40367936415845,0
44,0,0,0,0,0,0,0,279.6636081748587,144.74920494401425,77.54992569705016,19.418027861064743,72.48071584531928,40.0,0
64,0,0,0,0,0,0,0,249.28973021592307,176.5473294052478,85.91472082864355,28.830514837645666,66.49298260220762,101.36962796367872,0
56,1,1,17,0,0,1,0,210.83966542812428,106.60267309472206,90.88994770995902,24.198650234307895,70.67156487829367,114.88275765414244,0
60,0,0,0,0,0,0,0,273.41025428082884,150.97646302744238,88.99795254979364,22.177796327361968,56.64731091867079,94.78788418066814,0
46,1,0,0,0,0,0,0,236.34938301302248,144.08034310724557,107.90200727099558,27.422005301359714,94.92165168616538,90.741705231492,0
59,0,1,11,0,0,0,0,236.94586385035785,124.47540159454277,83.52977905352422,32.19990740505334,59.56124306867596,83.95413608341516,0
42,0,1,13,0,0,1,0,171.64406423579527,162.0043673644683,82.32286219948392,27.195821124811,60.50815672829129,83.26830845732867,0
59,0,0,0,0,0,1,0,232.8722101574462,140.85159326534006,79.8244145719627,24.72356873883092,96.53784702102621,120.99013893087657,0
53,0,1,16,0,0,0,0,250.14796412999192,111.38835337384361,88.63574604575066,20.48619811761389,78.87241963290796,117.63125421523048,0
56,1,0,0,0,0,0,1,294.67694017672716,129.39654164196298,81.61530086216862,25.39471843947878,59.94892171847282,68.54429674388248,0
42,1,1,16,0,0,0,0,202.9166802842538,111.12510624373152,82.1585097407772,20.338185736813294,73.45454788915386,107.5024538809561,0
44,0,0,0,0,0,0,0,336.2367794289625,121.6926542615187,82.21395832007508,24.52931069217706,72.17124636857041,110.27683179924277,0
57,1,1,15,0,0,0,0,260.5022059404754,147.48417537787412,80.38469716611888,25.541463641594426,54.74818994910443,96.95904658414965,0
43,0,1,15,0,0,0,0,169.14587745451246,153.76402899515276,74.69592637417111,16.121779888087055,65.90084887178125,90.91435639400639,0
55,0,1,16,0,0,1,0,198.81128298023552,136.86667134336602,87.01727845836292,31.492121038810335,74.6834314574964,90.12527793022946,0
40,0,1,10,0,0,0,0,298.52396322554,115.4983527150303,78.57942921980057,20.722061960206204,90.19701487005062,47.91366968391092,0
59,1,1,15,0,0,0,0,290.70208229034534,140.39538524869786,89.36415403384532,25.03756727520015,72.73404188128764,45.874283050265355,0
41,1,0,0,0,0,0,0,236.7961131886621,147.91479203506802,83.32921154713597,27.988716307831318,73.63625750863191,100.01570191963827,0
56,1,0,0,0,0,0,0,242.5963789345455,88.61354160472621,77.36110148405145,31.165053844534633,65.21799994847761,56.69127648114921,0
57,1,1,13,0,0,0,0,184.75714795605728,134.56253305068017,100.77796486042078,22.55217267387139,88.15068937449881,50.046436573750356,0
46,1,1,17,0,0,1,0,294.14348057035505,127.81582443521472,80.77224897343629,15.51234043001113,85.82786101801142,40.0,0
56,1,0,0,0,0,0,0,192.53824818192345,152.9816476190106,89.47387617474168,30.222521235646276,84.47201727577821,71.05873758016251,0
54,1,1,23,0,0,1,0,273.16860888943035,140.485161626953,73.60020512809479,20.67707096565254,76.34206638083498,90.6097320643882,0
47,1,1,10,0,0,0,0,295.4898642212661,142.65573743240128,57.693528026425845,27.273717298693285,55.817117257155886,92.46317870621957,0
43,0,1,4,0,0,0,0,238.1188443856584,121.39795873961883,75.19600998787544,27.52851777055615,88.04003878611643,101.56368747385935,0
35,0,1,14,0,0,0,0,278.57490010937676,132.0363377769136,56.35061552320248,15.0,75.68795697525339,72.99553051655425,0
54,0,0,0,0,0,1,0,317.29614715313056,152.76106933568553,79.15764559816903,19.1791692366678,71.29690174216387,84.46741959712458,0
38,0,0,0,0,0,0,0,247.79062716527247,130.57264587465392,99.62376417446865,23.910674052459747,80.38150874271157,101.45381527013632,0
52,1,0,0,0,0,0,0,228.28672007699436,135.84273022609463,71.13657973508019,15.20507553234914,77.69027644593619,92.67149468600388,0
49,0,0,0,0,0,0,0,233.05847426773326,98.20893943427455,56.72747370886974,20.31398976734461,62.169624077257204,68.54801056180972,0
57,1,1,20,0,0,1,0,203.3085322824281,130.49211920080126,100.00308389215033,26.303802096519338,71.15042566216746,88.89183446310443,0
49,0,1,12,0,0,0,0,202.31431311957758,87.7360007016656,76.29574284010897,25.4372170264258,52.150886491012045,40.0,0
49,0,1,16,0,0,0,0,255.46589760833092,120.64481287411836,81.81113941397575,27.040883165641517,76.03231961518749,82.0028302620315,0
58,0,1,18,0,0,0,0,228.7862078254315,133.39734226999178,91.45935962957293,27.641806012788294,90.96153320761368,67.77675375309528,0
54,1,0,0,1,0,0,0,250.41304378145568,148.87467747866054,88.27807317986979,18.904498775383587,53.4526183503783,116.92726439863333,0
54,0,0,0,0,0,0,0,170.44280940648684,110.01848124405653,91.00614903534243,20.532122120008182,76.54353683773772,59.523845352531325,0
55,0,0,0,0,0,0,0,231.92477169176584,140.22105115634224,92.80514787454509,28.921601376999405,83.02174240553427,84.68360746447237,0
38,1,0,0,0,0,1,0,281.3251854039804,164.3068548959668,61.04662440892655,32.049753988110986,84.7962838046936,72.13684671232855,0
58,1,0,0,0,0,0,0,186.7673318130552,117.9036349542563,65.02782711831978,21.83362699966493,66.04572287014946,69.16082317178146,0
57,0,0,0,0,0,1,0,236.72716222192025,97.96483572210154,96.0540359515461,26.861512935797524,61.773231244019954,90.67863313699425,0
43,0,0,0,0,0,1,0,154.39719032046992,138.37647905525594,72.61913028289976,29.10903986258697,67.9553764185296,72.3813234949877,0
49,0,0,0,0,0,0,0,178.55967101998036,105.77606585620155,73.92824986043729,26.77397803047607,89.29045235951342,124.59578160699444,0
51,1,1,18,0,0,0,0,271.53707905783415,113.98203138358257,66.84588973402819,24.78005814777398,54.485332256112436,40.0,0
50,0,0,0,0,0,1,0,222.39149109423022,152.3134127174547,77.14062532783022,23.17333502275913,60.408396059378276,96.51692821972858,0
54,0,0,0,0,0,0,0,316.1712060836959,173.291784058287,77.80820723578634,33.93960373953872,69.49476618569062,80.04972052790976,0
64,0,0,0,0,0,0,0,255.02749685866976,109.98481744048732,70.7504717477781,26.194457070260597,63.29194538505436,80.84273555129808,0
61,0,1,10,0,0,1,0,259.3462092551303,115.7767657196609,69.36300706149106,27.394662327990826,74.49992717503154,88.94881768238415,0
40,1,0,0,1,0,0,0,188.63478980462443,122.32288282700597,85.82395710610847,27.12971233106234,91.97431127314505,104.94831326121471,0
57,0,1,16,0,0,1,0,219.05536341884408,119.94822282244061,72.30796879733884,22.469084531296673,60.55417863830108,88.09668016684249,0
63,0,1,18,0,0,0,0,203.76400798990505,174.53243530386476,74.72425291626087,26.008366195588653,73.2436058820268,105.03058930328444,0
55,0,1,15,0,0,0,0,189.12056345977422,120.32750774686869,55.76465983871103,24.478804979699785,74.90098836719429,83.06724670038862,0
61,0,1,12,0,0,0,0,265.21129754822994,123.46945788042517,105.2584029103723,24.405394876207573,70.98496501718446,58.21547689325825,0
69,0,0,0,0,0,1,0,274.0386980938219,167.55590440984616,93.30188835369641,27.099532478176933,56.05890028702534,79.94969002995401,0
60,1,0,0,0,0,0,0,253.55323654336775,144.6868788538646,76.0623273600767,22.045863809735106,67.34609373387731,108.51729695325372,0
54,1,0,0,0,0,0,0,199.56504349805658,153.68978312488338,71.21102877210735,20.860367474704635,67.38196378140245,72.55433175074994,0
60,1,1,4,0,0,1,0,250.55212154428835,112.06551679350738,82.1306655667975,27.861172747662224,82.60204746765093,57.095517041075034,0
53,1,0,0,0,0,1,0,151.84215033551112,120.33604697013381,81.80159692482815,23.620396570222454,80.03495157238206,96.24745327843473,0
52,1,0,0,0,0,1,0,294.21240782315374,109.12619613106287,66.68840116582423,24.38543554686538,56.37725100563043,89.74206497845876,0
49,0,1,12,0,0,0,0,178.8813922719528,149.62775401278793,51.39356525293168,17.89193413402569,70.35436370379865,64.26990515856438,0
65,1,1,15,0,0,1,0,186.6998047727076,158.95535057123575,75.68708910979997,29.748639406924198,68.99693750179492,76.63967421469991,0
45,1,0,0,0,0,0,0,241.07285986108846,118.80496387800672,63.23950562920584,27.948466468854345,98.45634340460695,77.82156866255048,0
65,1,1,15,0,0,0,0,244.98302065065002,123.98669089610593,84.0565593606825,28.703082019778503,78.50775816361947,82.14678451846765,0
56,0,1,11,0,0,1,0,232.79906166812148,124.94921856914952,84.13697879992809,27.38803504363075,62.07073897163358,96.87101132584192,0
40,0,0,0,0,0,0,0,187.15437059677896,97.96107214788013,70.3214476198971,19.584576489869917,65.67842492878019,72.68032490029259,0
55,1,0,0,0,0,0,0,285.86731171854484,117.17591428928762,75.58498878813457,26.738895755184522,70.45745520965532,98.05961877040747,0
34,1,1,19,0,0,0,0,161.81823515295298,149.01185672479923,103.156500303737,23.30255264038571,79.34841090469851,69.72974701008893,0
57,1,1,11,0,0,1,0,170.73616442026844,112.74079290220793,91.30154231525155,21.85228586854249,80.81905135394686,120.3250705000811,0
59,0,0,0,0,0,0,0,231.29275803400282,134.04560096850975,76.57296675149315,27.850197789927456,77.40579171229734,120.82063706491488,0
46,0,0,0,0,0,0,0,180.37370479884694,103.22358256178856,109.50351192323174,32.59988655868599,72.48281705236482,62.30265453325769,0
53,0,1,15,0,0,0,0,289.7955121561407,128.8319799551649,67.63675105634026,31.922691617721,73.36799610971589,53.813452585825644,0
68,1,1,11,0,0,0,0,184.15855604183173,119.60693459910783,72.24766330220135,28.350794575893527,73.45236928303058,104.49877971814345,0
47,0,1,19,0,0,1,0,304.50919469725375,105.12322735675713,80.67382995150487,25.676064546217294,53.605081232569376,87.93131980505085,0
42,0,0,0,0,0,0,0,281.54537529394923,149.38849411541247,63.627915215484215,24.91627648423246,74.26450054027583,94.68836876333867,0
64,1,0,0,0,0,1,0,290.3424523623337,150.62580194642243,103.48370997553417,22.09153529558277,68.07295133046753,66.940630464474,1
68,0,1,17,0,0,1,0,319.0326632499428,110.67014833080854,84.19782446451137,24.694093946802628,55.166037350583224,78.95355831840587,0
52,1,0,0,0,0,0,0,239.57402866021368,127.243963787738,72.52061371720247,29.524948234311392,104.01459093643781,74.0688140253611,0
60,0,1,14,0,0,0,0,191.42911778392187,132.9750110275939,87.37344341685714,33.27487044130224,78.73564327184543,88.99662266768392,0
63,1,1,14,0,0,0,1,231.46765346617977,92.0752406831873,83.7526701795747,22.452426641447442,75.15723909933956,53.348439655144986,0
45,1,0,0,0,0,1,0,211.06671336200563,101.2639600193313,78.34418699048985,17.620444712846037,70.54646411285053,79.71530774144473,0
47,1,1,15,0,0,0,0,204.7955840093962,160.29825760006918,67.49781799814224,23.62341661593955,83.76266950378424,53.11709599863901,0
62,1,0,0,0,0,0,0,242.6375512195006,108.56720827694345,64.76545689365071,29.506211862771654,61.052396889515826,70.14203312668293,0
66,0,1,16,0,0,0,0,222.28501457485916,159.6800283815373,108.24161196931871,34.29633689170218,71.24754849668625,79.76100031778445,0
56,0,0,0,0,0,0,0,202.90277389005215,102.40089916356672,65.76718137868004,31.171168947292895,63.573949407911115,93.67097578488298,0
44,0,0,0,1,0,1,0,225.20229472616063,146.49421109708885,102.3755862322165,31.06966937075135,83.65875424405624,95.5773657885331,0
68,1,1,15,0,0,1,0,260.155052424963,125.15133163477262,71.86289022860853,22.316802549933566,65.07910624976816,99.50104079469983,0
47,1,1,18,0,0,0,0,278.08235709007863,128.24314207860394,91.48039081048387,22.432303568449065,88.21593373960437,47.89582855459169,0
49,0,0,0,0,0,0,0,165.47134781959647,172.8305900977472,87.58519708096935,20.37238048720855,73.80869534875453,111.07398711083817,0
54,1,1,21,0,0,1,0,222.65915220154415,104.407894044989,89.985024403557,23.071533081885736,84.29388116192467,67.16961259271538,0
65,0,0,0,0,0,0,0,229.780898959113,145.08556031774356,90.78417126688228,29.547800911985778,79.79830661245049,68.8487932420326,0
59,1,0,0,0,0,0,0,183.9691190219842,144.1767725982721,62.66121253194987,32.46039746643319,87.71093800794623,88.18119361704582,0
55,1,0,0,0,0,1,0,230.73294774620925,205.80061456166032,73.88384809030987,27.216620812259738,63.77788084765772,74.24896654971522,0
55,0,0,0,0,0,0,0,242.5118068197612,108.30312195489851,65.58342448938743,24.754004063959336,85.86747821935968,90.32199385344492,0
52,0,0,0,0,0,0,0,258.8287199923636,118.22833454292439,84.27161273017117,21.426428247538972,52.64893616124884,94.59002901815765,0
56,0,0,0,1,0,0,0,239.39495312779349,149.95029028831618,66.11986801450928,25.3386878603455,75.51752114536423,64.44695974710189,0
32,1,0,0,0,0,1,0,197.23822596010757,127.59419509755901,58.22743387512135,26.632817943367275,68.44893681236383,77.77430080058676,0
49,0,0,0,0,0,0,0,324.52932121316127,121.81287895190151,79.1502719614771,19.801404501629897,58.14550339205955,78.45531001709516,0
54,0,0,0,0,0,1,0,272.48157795135035,153.06525274310962,55.49105137015065,29.578039006877834,64.27773450007992,104.04026939324103,0
42,0,1,16,0,0,1,0,260.31966876459416,126.13549440131814,85.10485833665147,24.061952615134498,67.31213128464799,71.30125405427533,0
55,0,0,0,0,0,1,0,280.2125753084812,112.3791004516088,66.9084457194671,29.33180494851492,72.6413798147536,70.30000426365756,0
50,0,1,16,0,0,1,0,246.762803559661,147.9766234047636,71.91304302303726,25.755228155590967,68.70180417780969,58.50278704635845,0
66,1,1,19,0,0,0,0,292.597238962966,140.25633617661293,54.635008322107595,27.01858844083796,75.96031168247586,61.081178171293345,1
65,0,1,17,0,0,1,0,238.50236581257363,125.11737489666852,101.80122656570255,22.922008238666642,65.03810021293717,50.93606790284757,0
48,1,1,19,0,0,0,0,236.0768882520641,124.07336658727952,64.44502135626306,24.387077328156657,69.277707587984,65.82953254220125,0
50,1,1,13,0,0,1,0,263.950053066813,111.87205469130761,77.63198518542526,28.432372705784022,71.53120721950965,118.65199526125042,0
51,0,0,0,0,0,0,0,305.35973203680066,147.95213081253752,60.499136890465046,25.26085723757267,77.18515466796909,97.8908688776002,0
48,0,0,0,0,0,0,0,302.5301390727295,124.07762802040375,71.97198629943074,21.269606535641607,85.18616738205075,111.37896587164005,0
53,1,1,19,0,0,0,0,262.0852943234398,115.06339012137926,103.02186137229052,26.257453625714348,85.24395608478454,60.146533047372344,1
45,1,1,14,0,0,1,0,258.7309217773792,103.7177863217792,85.56972082318417,27.381267569037444,77.84980790162598,40.0,0
42,0,1,12,0,0,0,0,266.6258660882454,140.6273958739944,73.31642804427304,31.428842955255327,80.16303619926718,89.27678597652293,0
57,0,0,0,0,0,0,0,279.3673201868103,120.81117446391406,81.58991824413444,30.525468401503836,78.7424029901457,124.63275156622191,0
57,0,1,19,0,0,1,0,293.14420533418263,87.72114309224042,75.27329131976066,25.53499425994914,71.22429388963744,70.83727831728513,0
45,1,1,11,0,0,1,0,225.59030030383062,105.52808662783099,80.89095304206896,23.555925824876596,85.80699603141454,84.34177617149365,0
59,0,0,0,0,0,0,0,293.99469675284524,126.86086741550238,90.92642462839554,24.86396426261707,64.02622689019485,45.90069140686544,0
46,0,0,0,0,0,0,0,251.09178501913746,127.47817137182231,78.02682412111552,23.652692619750514,50.422254380353856,82.64874774602349,0
54,1,1,12,0,0,0,0,264.6409913899978,126.64207049184569,84.63989768710125,27.875261025386184,62.502127358947725,79.12528093778128,0
58,1,1,15,0,0,0,0,296.80577014749576,123.57936554551365,84.83794597177906,30.070827002724165,91.83744978125145,40.0,0
51,0,0,0,0,0,1,0,268.87073900398985,99.53121809979896,78.08625223242709,30.883320873105767,71.45480233802786,58.14126371313188,0
55,0,1,15,0,0,0,0,276.30380477872495,112.75993246872088,73.16888812395933,24.109953544759573,78.28954807420521,56.31520694867118,0
47,1,0,0,0,0,0,0,218.86558453557348,158.04309370265022,75.69779972074647,23.700691762402116,71.71259980115755,45.66629010593954,0
50,0,0,0,0,0,0,0,301.92570792498594,154.79701879076745,90.39022301842093,24.076382859309614,81.7399839459163,65.32834227811804,0
50,0,0,0,0,0,1,0,266.6102152873495,144.71493921156912,91.38900045970541,17.878648504646748,75.84855199207652,93.70171843328968,0
45,1,0,0,0,0,0,0,241.5468915849819,142.76905728889471,68.34646802477835,20.868469329957634,74.17689588921297,67.43680346063464,0
50,0,0,0,0,0,0,0,284.44727302329653,151.9046299774408,78.8681279873439,25.658332675651398,82.36534002060534,108.41525321111189,0
38,1,0,0,0,0,0,0,349.86454190146196,107.3425157751738,72.96493757077198,27.355014135820277,69.41186473657412,73.6565277497945,0
47,1,1,14,0,0,1,0,184.56732191983485,132.72442406865287,91.59942915659369,27.81380953731844,79.46493339236461,89.50301787080588,0
49,0,1,13,0,0,1,0,200.6357645913756,107.35412268576687,76.34556352264119,22.59997287033081,72.90334006706621,93.44203268698679,0
49,0,0,0,0,0,0,0,354.1534335887789,107.73588166516399,108.4110858108564,23.78644839394065,73.7108849614453,117.27923910819733,0
49,1,0,0,0,0,0,0,254.77457306139246,140.09742863043272,84.61476867876463,24.69503439277821,65.1768300081207,65.52947126315215,0
51,1,0,0,0,0,0,0,244.39826585978898,152.82850966098925,96.18395745067866,24.23738381477421,72.40853220736473,92.17426867223142,0
56,1,1,14,0,0,0,0,230.92302736686474,127.73531904270416,69.8246700783596,28.620872654725122,68.50508939703383,60.22758469119039,0
59,1,0,0,0,0,0,0,289.17118404274333,168.27800950860905,82.1406657890304,20.436486149156096,88.55904214513313,121.60820082617138,0
46,0,0,0,0,0,0,0,350.89488158765266,136.6592551950018,89.39407718044268,21.08788801932394,54.79114003369486,58.08715428475744,0
41,1,1,14,0,0,0,0,206.7317042077328,114.91071828683675,69.6003970981384,24.57641528784547,85.67111869733355,90.82455327060289,0
43,0,1,11,0,0,1,0,231.7374240036693,108.09197185877922,82.24411254172692,20.201024816315538,54.06890783173222,117.8675884348257,0
47,0,0,0,0,0,0,0,220.5680063430139,154.39889265206375,94.62230838640643,18.00807185627769,81.44658765131953,54.48000098809696,0
49,0,0,0,0,0,0,0,268.24605898004825,134.82610054627594,78.07059990491817,19.676743645559007,64.94723718945086,95.6872357550323,0
45,0,0,0,0,0,0,0,289.7853112566253,146.8730423197286,71.7789699451285,24.804870187360056,81.79586717002009,59.1660607506649,0
40,1,1,12,1,0,0,0,307.32104255465714,85.0,103.63551346567021,28.38517634693445,73.54369190380604,135.55238238999425,0
48,0,1,20,0,0,0,0,269.7356044352923,137.38278475563266,67.93905638024441,28.470602791010588,57.81175972933451,40.0,0
53,0,0,0,0,0,0,0,346.85064281471915,120.74096785308278,83.87068754057906,32.310453273410275,91.30342247812581,47.10188509786902,0
57,0,1,13,0,0,1,0,210.71086873887384,101.33729020982898,73.50068393995832,26.21682698204053,84.31975571826771,56.205004351165215,0
47,1,0,0,0,0,1,0,199.280215692961,130.62098845513464,70.75798913370937,26.768422100548197,81.03810548398627,56.945648078933075,0
48,1,0,0,0,0,1,0,300.6511489059132,156.01989774039802,90.89988499243911,24.77333114818379,67.31556306734562,93.98000921983916,0
44,0,0,0,0,0,0,0,241.40462206223881,181.8570223012338,79.53356906004954,24.972511490482365,84.7330153614296,123.39264627538722,0
51,0,0,0,0,0,1,0,175.45862576972763,137.32735296109522,86.87063758503638,34.33023585954037,59.60098054082109,108.56796896672876,0
44,0,0,0,0,0,0,0,222.09322924795222,116.3987750208465,54.938251346497665,26.87154089274563,48.268246529912034,87.37975259534544,0
56,1,0,0,0,0,0,0,247.24898078028005,115.07094375659372,88.03743738354473,27.227924503285898,56.25208956969359,82.220406600557,0
36,1,0,0,0,0,0,0,207.56507753207637,153.1889119654344,73.352849058204,21.10503135804044,63.936143564083025,68.05366736058447,0
48,0,0,0,0,0,0,0,191.3549297678381,110.06876937863638,59.45377658610077,27.48273132711078,65.94195739091361,90.99467878231508,0
54,1,1,18,0,0,1,0,226.86431799286146,145.69340234961078,104.6168746574461,28.499161115226205,69.78187717384692,77.19751206526105,0
53,0,0,0,0,0,0,0,189.1605295040847,138.4609861791116,89.21216231793552,30.352271524545248,70.31480118456436,86.3564508381093,0
74,1,0,0,0,0,0,0,263.9457657151302,136.02823062142335,84.72732895215518,28.383346552096157,67.20194061250761,64.9591865773456,0
54,0,1,12,0,0,0,0,150.47258673671476,97.50139102262257,96.99302619687839,25.28037326485567,49.60422273400589,54.35794214776246,0
43,0,1,9,0,0,1,0,239.97869683047858,124.14691955102086,84.97083137666243,25.105364417260844,77.30548041132778,82.5857949073277,0
51,0,1,19,0,0,1,0,258.8584350767653,99.92052859013252,72.41663187827673,25.5044692170475,71.82390295858397,82.07750598687534,0
36,0,0,0,0,0,0,0,232.01618545107144,119.05855717103115,79.90038867421147,26.239466878599703,66.6438769854314,68.29354416590242,0
51,1,0,0,0,0,0,0,284.10180747111843,152.17705055345127,73.85960544169538,30.997366807305333,91.77625549647233,64.37026786521147,0
44,0,1,8,0,0,1,1,175.69530569501802,159.08327387382244,75.99576528610349,30.19782215172495,72.09401562533563,94.84334464870514,0
59,1,1,15,0,0,0,0,205.15206193945096,136.70687028879948,66.9075560096891,28.8869349102757,75.7023807894741,92.46380850235062,0
47,1,0,0,0,0,0,0,221.47847556496086,119.45250872645232,70.35975309039617,34.119760919928225,84.5502018213976,125.16065360271591,0
51,0,1,15,0,0,0,0,267.35988105400946,166.9381853119292,92.73502639202411,15.0,57.12166989327007,113.76138600846176,0
46,0,0,0,0,0,0,0,245.6143337860293,119.16100605736403,85.98490526563897,23.913759845263275,74.72867935598518,54.541623038630334,0
66,0,1,19,0,0,0,0,330.30810324066636,107.0148971802019,75.9638433696219,25.75378226163103,84.51057424819952,77.61100600453302,0
49,1,1,21,0,0,0,0,200.5454205331487,147.32262529416923,69.66361762644237,23.04385915676001,73.90405316761306,50.610319528830374,0
67,0,1,14,0,0,0,0,174.62048846245133,142.07014893653354,77.1352362543048,21.988022028925197,59.3598889597729,40.0,0
58,0,1,22,0,0,1,0,314.7199152490547,120.0633299596315,61.79380236439518,18.759645474510855,69.21029466065671,132.4962490157979,0
56,0,1,22,0,0,0,0,173.04222230697516,134.2049550505305,83.51956719309223,24.523552690454526,77.26783974892378,116.0468195869052,0
55,1,0,0,0,0,0,0,266.05475930155797,141.727519754739,93.34565778391078,29.46551092075151,49.7174653182104,67.51450994512194,0
55,0,0,0,0,0,0,0,192.93851815103335,136.48093450313996,110.40367192070828,28.97313900344752,58.768068058785076,110.59765119591005,0
35,0,0,0,0,0,0,0,144.94999256270182,142.09665700922076,68.76089532923058,22.716267466413125,98.68244275122132,114.00956719083749,0
49,0,0,0,0,0,0,0,219.5095130722178,120.87427304568057,92.84562935140731,26.703004821979917,80.81508273221894,40.0,0
59,0,1,15,0,0,1,0,275.57799834899504,143.57739097327118,73.51346265162549,31.366159242385976,92.80164672859537,101.56388411139676,0
51,1,0,0,0,0,0,0,182.24207210718475,132.3862724268322,68.45852451938785,19.567725114084546,85.3958124180946,70.6919671733526,0
40,0,0,0,0,0,0,0,261.3481680383726,121.62016852620023,68.45322245372827,25.14877248047263,79.72780371808956,90.81118565268584,0
51,1,1,15,0,0,0,0,269.5659966922039,126.59053523086796,83.6888287171236,26.974634792316653,71.29104913267793,151.22683050312207,0
66,1,1,13,0,0,0,0,180.04563377315063,129.8461596096628,70.83047651568077,25.84106289415084,79.5745664926178,118.46333532469292,0
62,1,0,0,0,0,1,0,225.9785032966557,100.20167658465186,74.71785074447818,29.287596915471315,92.39957029034827,79.05112103277766,0
51,1,0,0,0,0,0,0,305.3912921823952,117.99349657546158,76.71518403115286,19.65891327838635,84.90646707800916,114.69849059189818,0
60,0,0,0,0,0,1,0,264.6260752784047,133.42792134304128,73.12038592121307,21.676143490730606,77.00172365816135,40.0,0
48,0,1,11,0,0,1,0,224.4943315586551,102.27819722144525,72.24898536761025,28.59636950505358,72.93183516960427,93.582175114763,0
37,1,0,0,0,0,0,0,254.27300117517245,118.36167944007923,52.850082849778296,18.82088134951044,80.97988304965035,94.13196462965924,0
44,0,1,15,0,0,0,0,205.8484144273003,184.46218952418118,83.04343948134243,29.128248148236434,68.61548871251316,98.2309397196817,0
65,1,0,0,0,0,0,0,285.0026098489411,107.15631597393373,82.81205787470142,27.644254440550846,80.98169292497343,70.30480484528428,0
49,0,0,0,1,0,1,0,284.9834428424941,123.55609392169055,72.43186180317386,28.841870932791977,66.62453410804741,90.78539671279717,0
49,1,1,15,0,0,0,0,241.3198602637864,113.65821987236791,86.32461124466045,23.875912423685214,70.75294935017492,101.6873720262719,0
49,1,0,0,0,0,0,0,246.1510708841385,129.4288599130266,98.76289038478824,27.890337590525153,62.667534405401994,40.0,0
68,0,0,0,0,0,0,0,192.0529374997504,114.07179645103044,82.28295799401141,20.993620962381776,69.72284347086806,74.72793424100135,0
65,0,0,0,0,0,0,1,176.5103972090155,126.64865128756648,97.96309334987473,24.10052973588809,66.79526809816505,61.223817850961,0
70,1,0,0,0,0,1,0,219.42939126657265,116.19196522670235,108.85758304512544,25.948989655137886,95.30298469330928,97.229209661354,0
50,1,0,0,0,0,0,0,232.15432477358817,155.21281196013615,112.36629626944328,22.11512735931667,64.26605091326654,113.6902813486105,0
54,0,0,0,0,0,0,0,282.7556098850715,133.79601482983003,67.74116696187998,26.694238158940472,79.61802354729468,67.92738799623096,0
39,1,0,0,0,0,0,0,276.58682102720564,109.93460154680916,67.80324392297595,21.108750361947614,63.63741216775701,56.9600486921527,0
64,0,0,0,0,0,0,0,244.13264708780008,150.49752352431926,76.66684003929147,26.901468320323545,75.56275244011339,84.69477074498914,0
42,0,1,10,0,0,0,0,288.3837153124026,110.91813444733751,83.54458241511809,32.94158624798784,78.47898482345268,55.47614672875386,0
53,1,1,14,0,0,0,0,194.48660813216625,97.59023584394367,101.03982399812297,20.64767088166883,52.786755912915595,76.79204152868346,0
42,1,1,16,0,0,0,0,283.4028230402483,131.93306527647823,89.52689465309146,25.707503523268706,58.22758214013358,74.36670885433496,0
46,1,1,19,0,0,0,0,201.22113656862342,173.95981733547953,67.56055444393,19.166359662014894,63.5439217051442,95.34236317183877,0
44,1,0,0,0,0,0,0,290.5465593228267,91.79138916385048,74.66011109830806,22.38488852582929,59.36115751141757,89.24949844936964,0
46,0,0,0,0,0,0,0,235.41275555012083,102.71826572547987,81.49599750441382,28.67799160413173,76.0090224233462,85.71212901230427,0
47,1,0,0,0,0,1,0,148.07538623233955,148.55556458953856,64.13008026225405,24.03442273266045,77.9109625050584,119.64756175968066,0
47,0,0,0,0,0,1,0,268.12691521738344,117.86892920853687,82.16402149049097,28.8438815689507,62.243136535589585,88.20377912301161,0
59,0,0,0,0,0,0,0,271.6200134180343,145.46286847942395,67.73877290728905,27.259121770574705,76.49038124319065,72.38973114941975,0
42,0,1,18,0,0,0,0,215.9104776025024,113.57524404727717,62.191346397311534,25.535475087506033,69.91105663474342,75.21062053696188,0
53,0,1,14,0,0,1,0,219.66457855066326,135.12316790300187,70.63617664636463,21.57940836163379,73.80628759717337,64.42099074020713,0
62,0,1,17,1,0,0,0,228.98000768507742,170.37842635848074,86.93225265870802,28.610501695839904,67.458920524729,58.57136536072646,0
47,0,0,0,0,0,1,0,151.29332024444406,105.71902776551885,86.84938853183823,27.04694828665113,80.85188078954576,50.045124328841496,0
45,0,1,15,0,0,1,0,131.95196038381368,154.5227378230207,83.15984700024927,19.535034327161647,94.61915108325212,108.08734627425507,0
50,0,1,11,0,0,0,0,293.2715280777371,146.9535495259059,93.89936392649052,21.845445067538392,84.29201058742294,65.47893768240397,0
62,1,1,11,0,0,0,0,199.74102263393462,99.23662647582401,92.62699881056122,15.0,91.7206901841494,89.26605592898521,0
53,0,0,0,0,0,0,0,317.63162082136,144.295811522319,84.45257610484333,20.20093009423659,58.16610260272449,75.10307661905598,1
47,0,0,0,0,0,0,0,296.2976792501122,133.60173483497732,82.79658220030845,24.515157329816468,66.89149077272229,81.32784810911434,0
56,1,0,0,0,0,1,0,304.9565938278685,134.00406821810205,83.55456046264116,21.470991874574462,81.78282999357619,108.5374257154702,0
42,1,0,0,0,0,1,0,207.3868460914452,139.40338646193746,80.22825784075502,22.390166956179883,93.0995300986013,86.06309785232713,0
57,1,1,16,0,0,0,0,165.23034777505444,124.29195142285229,55.90788728046789,31.501337646060687,82.80528512287889,60.77848075278688,0
55,0,0,0,0,0,0,0,188.17717850984837,133.54217709673276,95.62581813783783,30.018134628556073,62.68531097551364,69.02541160789922,0
49,1,0,0,0,0,0,0,216.3559920052719,137.31195335088634,86.77027398272412,22.951860430181533,69.78411198217343,101.77875864292793,0
44,0,1,18,0,0,0,0,131.57789175457185,148.41327465548162,67.40407065007527,29.053504301050314,79.00085323905769,93.11310636100433,0
44,0,1,13,0,0,0,0,215.08126967853664,98.40245726568222,99.13379943126924,30.780978696907116,73.02408574043103,103.21550637853204,0
56,0,0,0,0,0,1,0,227.12616678951113,160.3994897228043,74.92024158144675,28.3360488155016,65.41473050737955,76.51446703078899,0
62,1,1,19,0,0,0,0,179.04547725018546,106.58361245269731,80.70677196809653,27.02560268047177,71.51694667986683,49.89099224546876,0
46,0,0,0,0,0,0,0,190.21865567718336,148.75582621122052,94.28290714681904,30.30312461864546,74.82676777488506,93.6529037398987,0
55,0,0,0,0,0,0,0,226.29366506804473,133.74779218400116,84.64167230067507,28.95502371782539,61.980944334269054,87.81483481366557,0
34,0,0,0,0,0,0,0,251.67660812565327,103.81456045842864,98.02451010299079,20.826313519414615,86.81410887044082,88.4172044046907,0
47,1,1,19,0,1,0,0,196.80380260798924,143.6192003334881,77.77478201148652,25.025377758850237,69.72462212929152,50.21989624989777,0
51,1,1,14,1,0,0,0,248.85911482135586,111.20105393770623,102.29407853536404,23.53651676765586,74.12908528427047,67.27502127661205,1
44,0,0,0,0,0,0,0,242.02122435146563,155.5135022134681,72.66636520200973,30.525141284101025,87.42063244468784,60.41753022835126,0
44,1,0,0,0,0,1,0,238.0629777968092,116.36163355297263,97.81146795171541,23.420269591779757,73.50001600672853,91.18543279107449,0
46,0,0,0,1,0,0,0,207.31137855031062,99.1103058526817,54.81868937320723,22.716041617629642,86.76430594129907,91.97726370706336,0
54,1,0,0,0,0,0,0,177.33129777444316,165.7445923107985,68.7976953839902,30.009396505333722,62.64958966899928,80.9997785016593,0
50,0,0,0,0,0,1,0,310.64388711563254,135.989120767212,85.57559366187184,26.864651165320257,80.1954709753954,104.25444852888472,0
32,1,0,0,0,0,1,0,263.7334603241267,151.07820476674894,77.1946548862827,34.458307637589726,85.07186826856744,116.28636810110876,0
33,0,1,9,0,0,0,0,280.25219273467246,113.26761866742592,81.10301656116924,22.264809756493534,65.04158401825141,90.12029657159715,0
46,1,1,9,0,0,0,0,232.32029386708743,90.38016819241957,82.49981104192854,23.672772689189404,72.85956489160314,97.4346336882587,0
55,0,0,0,0,0,1,0,228.78288054055395,168.8544533299311,67.70916870247535,30.400067723454086,73.10789298443304,69.54434908403374,0
32,0,0,0,0,0,0,0,257.58902595191705,131.85861013206312,68.6088446215292,20.55568847782981,77.51567060579647,65.31514492274749,0
47,0,0,0,0,0,0,0,155.27371258010118,142.80974167159803,84.78546458570105,31.210738667496138,80.69761940807722,105.2241093720115,0
47,0,0,0,0,0,0,0,186.95568734846165,146.44510717316192,74.00400457813865,20.849432933043257,64.06552561653227,61.88092808896235,0
63,0,1,18,0,0,0,0,200.8979053667516,124.62139683365483,98.09240630753402,28.30191660916524,74.2793417003842,98.03245714195847,0
48,1,1,16,0,0,0,0,215.99907740816246,136.97705004754135,79.69663413480659,18.243490791492363,94.09581808289495,121.54783683039571,0
55,0,0,0,0,0,0,0,197.29339010331321,167.06695703511977,90.62501491728196,25.98503234395208,87.64652149949765,97.0300831963812,0
53,1,0,0,0,0,1,0,250.64351351103284,131.28629296465473,87.31422003168528,20.184924993522202,84.52612614292605,80.13855345499087,0
33,1,1,22,0,0,1,0,239.58367831636477,152.72622896123065,74.78606731392776,33.6977284717471,72.68664482478441,51.17254196504885,0
58,1,0,0,0,0,1,0,297.2860463490606,88.19256643932633,58.23605455657153,21.40631489753839,100.54596989672548,85.75596419636447,0
53,1,1,16,0,0,0,0,344.84540291295275,156.72273386702273,96.21929641145256,22.401686263178547,87.35777026207512,105.20921109102513,0
56,1,0,0,0,0,0,0,180.43458943346894,98.51590544386858,70.25309107963429,27.995246420841777,75.44902641515318,77.88392131385775,0
75,0,1,16,0,0,1,0,242.4814294146116,154.20699412873702,77.15490333425507,23.336073721523373,77.64492858708842,105.49436034059087,1
34,1,1,18,0,0,0,0,242.40313864110686,140.59388684992797,80.18989070120111,28.669808763778725,69.49380414313151,90.39555267229329,0
66,0,1,11,0,0,0,0,235.37528493035487,129.8897451263747,81.38786118275583,22.885350267470272,79.72046029389966,88.70083261749129,0
49,1,1,8,0,0,0,0,188.26771887751792,129.80905913342554,93.54350395046822,22.569401077929523,82.11690040472297,74.71386997896758,0
54,1,0,0,0,0,0,0,195.6433123917278,126.43991594613864,82.06988869507933,25.687009305069754,83.43129701456516,48.51099189582035,0
51,0,1,15,0,0,0,0,246.57784692430926,113.94527057224161,80.47175091688803,20.810584921463416,72.83179329371463,72.22245073379828,0
48,0,1,11,0,0,0,0,194.4045967744816,127.46852187013899,94.22147147854015,27.425102095136683,57.31560794846794,72.03975054480684,0
47,0,0,0,0,0,1,0,243.00796677534834,180.57729970519995,89.20782846264142,29.396923931466,77.90146015415789,95.2351389999789,0
54,1,0,0,0,0,0,0,225.17820947999337,160.65074763726406,73.17315464823214,28.067286223968996,83.48152207116728,81.64983360034229,0
39,1,0,0,0,0,1,0,242.23294773733642,112.83793007250645,68.234135470254,28.437451572650843,63.257359915737624,106.91286448817269,0
58,0,0,0,0,0,1,0,194.0547793008849,137.88912285120034,72.11560269760096,17.908093598142134,73.91000906405553,88.47111954048846,0
48,1,0,0,0,0,0,0,242.92864666271961,134.1115415912015,81.40936299774143,23.907244241977864,91.09758990288472,70.3999540677999,0
42,1,1,12,0,0,1,0,197.23808632703003,128.8695442537872,67.04735469795493,24.86903282086078,60.558299303159465,63.25785714088204,0
48,0,0,0,0,0,0,0,243.0706067809044,109.93889375397546,83.08903656594961,31.763255954361956,71.59518780253843,68.12238212610463,0
62,0,1,15,0,0,0,0,294.9334293873229,141.80975566574637,80.44962028251591,23.416639707806162,92.84566977526019,85.69768552783597,0
47,1,0,0,0,0,0,0,247.4832894007071,150.613575858122,51.48977161227325,16.362888579560334,76.89258424936524,73.42575620862985,0
55,1,0,0,0,0,0,0,250.1622968248545,113.65422892853084,65.12589776479246,21.683725021313016,68.68785806111713,57.24189640526318,0
45,1,0,0,0,0,0,0,271.9570867698921,175.02191118036257,50.0,23.08910780871006,74.91562088267511,105.15446468851036,0
58,0,0,0,0,0,0,0,174.24343284317644,165.4840714831822,77.87316326746829,16.958423250896622,84.91100558733937,85.50316122939992,0
57,0,0,0,0,0,0,0,311.63254924381255,144.0596422969271,94.88816374415201,29.771680334894086,72.55793357779491,88.31854838408246,0
67,0,0,0,0,0,0,0,189.55404032505572,104.9021665412861,59.31210453486395,19.36472186804126,82.1709853792689,63.0796534149041,0
50,0,0,0,0,0,0,0,274.7050838842332,140.83098977166037,66.13255816247963,27.628688347751563,77.81988190410894,58.04325200401689,0
57,0,1,16,0,0,0,1,268.8640394392782,138.20351603441824,80.03514559272182,21.321173424644208,78.80494092418368,78.26857223409492,0
52,1,1,18,0,0,0,0,196.30468009379052,143.28941607680693,69.23496365375887,31.978635905950817,82.93849813209759,40.0,1
63,0,0,0,0,0,1,0,280.3909900177375,166.9902139903742,69.17592679519849,24.667769839109564,71.46206300432048,99.93570612917986,0
45,1,1,12,0,0,0,0,257.9037617221856,128.12857079843434,88.49912927407792,23.835642216199748,63.665870965532555,65.80746240080182,0
58,0,1,16,0,0,1,1,319.1590603536993,177.05218475242634,76.06125466512495,27.9658432312923,80.69274726536526,75.84279088809866,0
50,1,0,0,0,0,0,0,244.5086650590169,140.9430956118625,64.15930135122423,21.67006801346496,73.41115064667876,91.81914385980984,0
51,0,1,14,0,0,0,0,231.2240934130057,125.60981013545218,56.947409319314794,28.159740542966226,69.62266528903939,76.83339321506038,0
52,0,1,7,0,0,0,0,213.35044877159902,184.78629854754104,108.50089324076478,23.825158638170382,81.31662347169657,55.12738751724779,0
54,0,0,0,0,0,0,0,159.29236806054837,150.25762180044197,95.53970865475205,23.36213242889875,90.32816497432435,116.63110827564813,0
51,1,0,0,0,0,1,0,221.99798715094897,121.9958544869356,76.5803998472558,25.44096828783582,73.14505940377458,46.75061380367134,1
53,1,0,0,0,0,0,0,223.86047065260942,133.85276495682174,83.05429613996725,21.332351212454647,75.10139446269731,40.0,0
65,0,0,0,0,0,0,0,247.53056003252712,145.97512648079976,76.13762725483615,25.017344093194662,60.81879337048345,102.11580773079193,0
60,0,1,15,0,0,0,0,173.3834631211715,128.68105741072247,88.12548076949501,27.19188869320269,72.32766469905754,48.43308261740715,0
59,1,0,0,0,0,0,0,225.48346270777733,134.94597311898892,71.74942758738544,16.334160265257175,77.6554853622102,110.8140061142856,0
48,0,1,21,0,0,1,0,261.3550612489731,114.02152071942012,75.48192140227812,30.27436087110416,74.75467081574715,90.66842870070138,0
44,0,1,14,0,0,0,0,265.72242572167073,94.92572032222603,87.46481008233395,29.145510333524385,70.65413000575077,88.50908569435822,0
60,1,1,16,0,0,1,0,154.1681322499576,134.34122510038367,99.44630925335689,18.196233584277877,83.7101000416028,68.91234907782079,0
59,1,1,15,0,0,0,0,267.08189078074184,135.08061208896953,90.89698113594525,17.557227587676543,75.69609214293948,63.015789616386215,0
64,0,0,0,0,0,0,0,225.15074782265435,143.5966310142728,96.80696653109113,29.251817164964898,106.0656374205798,73.34615403414014,0
46,0,0,0,0,0,0,0,227.85952139006363,119.32382644366368,78.25099194986585,28.934527524915826,77.49263117827324,61.82398872538789,0
50,1,1,18,0,0,0,0,131.96132372634315,102.50780552010536,74.52387511147668,28.354442491364715,45.0,109.77636411331783,0
38,0,0,0,0,0,1,0,301.7171311525467,110.76286166555833,58.739426331016915,19.949612405640497,61.65562069517827,64.91677848514762,0
48,0,0,0,0,0,0,0,243.77915094049698,155.22394265047615,82.8663802880954,33.29743311734828,81.38543135123643,93.64598699313719,0
60,1,1,18,0,0,0,0,168.6157412330009,117.33455113143343,86.54856437627728,22.70449644605634,67.28028240070644,105.11977774702176,0
48,1,1,19,0,0,1,0,252.50886929632452,122.27421831231723,78.39993525127353,26.781853818174824,68.02523678604545,61.73275557953775,0
57,0,0,0,0,0,0,0,251.15705139726907,125.12690159571554,72.67958408680319,26.832293989539235,60.12924187256726,90.66160262357951,0
50,1,1,14,0,0,0,0,289.7919427290515,118.37592427569061,96.92084127811758,32.33101772646916,69.27921035219606,61.44076425253482,0
54,1,1,17,0,0,0,0,222.37369415120136,116.74936179427766,89.58165132635985,26.31318592976935,77.32713307049141,78.00890835183827,0
42,0,0,0,0,0,0,1,236.5278270332978,112.83528157805617,97.75390540622814,27.504949558265576,79.63002857265504,71.45139646163547,0
52,1,0,0,0,0,0,0,207.71645678953206,162.8144446405004,70.55705085980554,25.48378390243826,62.76125218202673,66.00486839711067,0
32,0,1,12,0,0,0,0,262.30973901568046,146.96221503354445,73.50119048142372,20.893942506282038,84.66487335979782,85.62908655406217,0
50,0,0,0,0,0,1,0,201.5264249662978,159.45205700930524,96.43812691901915,16.29349155460838,60.70357092234093,54.07531278831874,0
38,1,0,0,0,0,0,0,196.70841724846989,163.88547464213843,81.43183504293052,25.933577486655338,80.25547330789497,103.37219598234402,0
62,0,0,0,0,0,1,0,233.0169083376835,85.0,75.17075065985735,20.00931132888941,79.04456129564038,57.124632860247566,0
58,0,1,22,0,0,0,0,182.06199406263153,139.5560021246177,76.00581971484593,27.235726582786874,63.78770177958615,52.8569632216107,0
55,0,0,0,0,0,0,0,306.4937736157263,119.10407005423698,81.86703368638835,26.40987535745504,62.360213686992516,76.19717968085668,0
64,0,0,0,0,0,1,0,320.7997360206425,156.56981217577368,94.03542179002491,26.310178153794176,79.58748528725859,73.43244585760931,0
43,1,0,0,0,0,1,0,216.04203624144012,115.68763352866365,80.07384577490093,21.48300906020389,68.28140977676772,90.17781574388923,0
66,1,1,13,0,0,0,0,174.98981971148473,108.80870535999838,91.48639396213333,30.049830713081604,72.71400785628126,83.95114579010918,0
59,1,0,0,0,0,0,0,250.8100497116907,100.45099106563175,87.60853332215258,27.74656149864142,83.24802981497749,44.57070887654071,0
49,0,1,11,0,0,1,0,214.78748920936735,125.34115195846636,71.45993151782831,20.95503088943521,80.74964593477173,104.69103696535437,0
61,0,1,13,0,0,1,0,287.6859698312334,152.12879577562285,71.45044758415452,34.28104509408128,64.00866581886514,75.62119249956916,0
42,0,0,0,0,0,1,0,201.36554979668423,137.63567877094886,76.59680089682226,24.935755597902286,74.35704971643808,87.55356386780235,0
44,0,1,18,0,0,0,0,259.9585817868515,105.54173816700484,65.95794814405278,20.32942534729889,63.783417577285945,132.64957005238307,0
46,0,1,20,0,0,0,0,241.0157179332345,179.35849998796158,75.83033373040729,22.690756864526506,85.43926739947604,111.58817243671213,0
47,1,1,14,0,0,0,0,206.24449353300997,146.2898500688145,100.16120100077661,19.613547467576915,93.43820237138041,86.84217305385303,0
43,1,0,0,0,0,1,0,246.56219245364542,149.1030225466691,81.62331597007156,31.373650362516305,64.85885621767929,50.41939382467473,0
62,1,1,8,0,0,0,0,274.65543257289335,160.27063420164848,72.80256800695057,30.229838139999668,74.62599475240364,50.80429568760561,0
49,0,1,18,0,0,0,0,239.82133483843745,95.91525705023284,104.98893582184573,28.83186625641912,86.00953213597332,108.72701976267984,0
54,1,1,12,0,0,1,0,240.28052526555538,111.94844895106658,70.83259216328555,28.05968179759669,75.29053209993961,72.75823781163558,0
47,0,0,0,0,0,0,0,197.5975291744383,150.106249852334,70.45740439833534,30.918202859347126,81.73806344856511,78.12645826917239,0
36,0,1,12,0,0,1,0,286.345011107782,114.1637567835275,96.75382818168039,24.807823729070055,75.61927597813131,55.65422523288795,0
54,1,0,0,0,0,0,0,281.9600494383001,125.94970361038894,89.93581671520384,27.53291478826413,62.31835550535469,92.25457824098487,0
35,1,0,0,0,0,0,0,217.93539569779415,130.2897056377114,80.43929376968336,22.47124472542561,76.42710020613445,108.25249486980445,0
51,0,0,0,0,0,0,0,230.5313077827482,103.89708145014181,91.98290679986994,25.170860934991325,88.52740367079662,117.04165289389056,0
40,0,1,22,0,0,0,0,298.22570959837435,124.06202199305991,85.60720001475,27.6453164099863,78.77150483769096,71.69255415769699,0
68,0,0,0,0,0,0,0,186.12288387391197,152.1190707817403,67.7656910111341,15.0,94.48409140547032,96.83220471522012,0
59,1,1,10,0,0,0,0,262.5886892197864,148.0479855759925,53.22898351582833,23.259185819897663,53.74195369174288,79.81300316791211,0
52,0,1,16,0,0,0,0,211.42099398223036,156.4863225632843,75.19185817951252,26.47644727307415,79.54856939568248,102.2464070604599,1
62,1,0,0,0,0,1,0,314.2354265770722,154.21726922339752,95.01909803077936,25.482184129640366,67.22390417780186,81.90875438634346,0
44,0,1,14,0,0,0,0,238.79165606127484,140.92922636545686,76.85835893984061,23.945175064443326,64.49242606649074,63.04509978779424,0
56,0,0,0,1,0,0,0,291.4566547981619,139.1869269628134,87.52116638019093,28.21552294911066,91.01302330286074,112.3636246388679,0
53,0,0,0,0,0,0,0,202.50159666771034,137.57327672234558,84.21382538134081,22.898379269846977,71.93994026772745,84.26640054839926,0
54,0,1,21,0,0,0,0,181.06473797773222,118.20496232041286,61.677996464627206,20.790179414055203,70.78145686400039,73.91642568689767,0
62,0,1,12,0,0,1,0,225.6925838831511,109.3412160781465,77.1232516755242,30.65344103578718,79.12291062142661,86.0889430795143,0
58,1,1,10,0,0,0,0,247.5580721496608,116.8288583853622,86.30655196535893,30.07485895634251,49.16977856344439,65.0572729877383,0
54,1,1,13,0,0,0,0,213.5278059912778,124.82735503573568,72.5542449339476,23.343488699829237,91.25839127860402,91.5507989107206,0
37,1,0,0,0,0,1,0,269.3655267560986,117.57182921565892,77.64954211566457,25.518352264284545,97.85316376936962,77.48510591567886,0
43,1,0,0,0,0,0,0,226.76204301634112,141.10429824664615,86.70096510516534,29.268557718163883,85.98136134026679,63.71971714822964,0
50,1,0,0,0,0,0,0,144.41676488226935,136.44169475341351,82.87155998971576,25.98054073959607,79.94387688685677,136.66868465799857,0
52,1,0,0,0,0,1,0,260.323727084492,138.8051169718448,94.56291689109658,27.973851188172524,72.40109487430242,58.83227646193745,0
42,1,0,0,0,0,1,0,197.16836939752508,139.73097745014715,86.60405095796175,27.749823854279654,62.097452174613814,90.12552444255702,0
72,0,1,16,0,0,0,0,220.0897152062332,158.30460663125973,70.5298000191758,24.49140210966529,89.32876578879316,83.30632039403984,0
64,0,0,0,0,0,0,0,304.3377729557317,131.81139636748378,76.26943943284557,27.915288410993764,85.99609947922646,58.41126264405719,0
57,0,0,0,0,0,1,0,314.003715861328,154.18412754436144,82.24355541071533,21.843731133299066,80.40139505900862,74.24139412781507,0
52,0,1,18,0,0,0,0,210.6782888559163,143.36487787554168,98.0609809181685,27.416524704122075,79.0035466733801,51.1213141549657,0
50,0,1,15,0,0,1,0,261.42261174780094,156.8519378059719,76.31769243661233,25.49619960871214,78.60710896638368,129.52925205861249,0
43,1,1,13,0,0,1,0,211.69992242140364,167.5218563565046,61.20917437122366,24.321046229147438,68.68875936252806,75.83697462875395,0
52,0,1,13,0,0,1,0,223.37758892846145,144.68629075953953,87.28680284189426,20.688382935200288,105.01402593518173,77.79529442727741,0
54,0,0,0,0,0,0,0,209.34588174446367,134.28290149278396,72.93282101987201,26.339802969932684,71.57251751373217,126.73966895082049,0
41,0,1,16,0,0,0,0,160.1288780625547,134.14077198375278,66.57638416510038,25.957974138391425,69.87954967825874,63.048532348609136,0
54,0,1,17,0,0,0,0,240.1824298442832,121.65634624963955,82.22563615391006,22.357490505161365,88.4472757445418,111.77140751889638,0
50,0,0,0,0,0,0,0,248.67927702563134,120.91701277532677,93.67441170169964,19.25282553710293,74.64953073090783,95.62810901522684,0
