age,gender,height,weight,bmi,ap_hi,ap_lo,cholesterol,gluc,smoke,alco,active,cardio
65,1,163.63076721130986,76.00815730021816,28.387704155607814,133.80468659925302,78.8987373587453,1,1,0,0,1,0
57,1,155.92864654399514,60.995500419174135,25.086841169700726,130.27261052404643,62.996416143256056,1,1,0,1,1,0
59,2,169.03931274971401,59.54097051854112,20.83725337397149,108.20875617294203,78.76342559084253,1,1,0,0,1,0
56,2,175.5901985727199,103.31938095514452,33.51052682117093,126.65454690635153,91.97744556884038,1,1,0,0,1,0
57,2,163.93377371213145,99.28765432047288,36.945230282400544,125.32340512082193,66.18502501849348,1,1,0,0,0,0
50,1,161.21131186400657,83.0296691468662,31.947897559433827,143.09595969875915,76.12368248657,1,1,0,0,1,0
47,1,169.51110559170186,69.36134641472735,24.139107121105276,132.5930486078464,70.35197640453616,2,1,0,0,1,0
57,2,149.74998986095483,81.480021897274,36.33436157902608,117.31583205194363,93.06969962836816,1,1,1,1,1,0
39,1,168.22456141973188,63.50837299181369,22.441515261330014,111.28829200844487,91.34240210778434,3,1,0,0,1,0
57,1,158.0098544848588,72.63233557847231,29.09120182888719,119.58650440238767,74.76282897564906,1,2,0,0,1,0
56,2,169.5397655616378,87.30589283408098,30.373888996044926,117.54269936413262,80.80611886655566,1,1,0,0,1,0
49,2,155.87521537329246,91.57507703704601,37.689741568027166,117.95162851745533,69.29868074218325,2,3,0,0,1,0
54,2,160.38527095716165,93.76757494423538,36.45219794086472,90.0,80.31472150230806,1,3,1,0,1,0
47,1,172.53416533467419,77.80304493672949,26.136436803053755,121.97020177265453,105.52350126173246,1,1,0,0,1,0
46,1,155.7688155096348,66.02083756696506,27.209464503402916,132.5364785793017,65.0624654456014,1,1,0,0,1,0
59,2,162.71118707456458,68.6758132096756,25.939940983457547,117.89501446474658,96.0192022921571,1,1,0,0,0,0
54,2,166.31741662651677,87.43237147269035,31.60798401190052,90.0,88.86854642087515,2,1,0,0,1,0
65,1,147.37932084470472,55.080947318903746,25.35877668364947,113.26859038025378,60.0,1,1,0,0,1,0
65,2,166.582851167202,64.85082146567146,23.369794829701146,122.81320809711154,76.18362791039206,2,1,0,0,1,0
57,1,164.11450563352003,63.73269288915005,23.662919775983685,125.40609062435533,88.10678206663769,1,1,1,0,0,0
55,1,170.4623088386769,65.3510515977048,22.490331015026552,127.95732213320505,76.35475010092674,1,1,0,0,1,0
64,1,170.48573530288348,99.19958014828957,34.129799737407566,130.56129419479868,79.47295979652152,3,1,0,0,1,0
41,1,164.18528894726487,81.02232029906415,30.056346794745764,146.370743396057,75.19541319642893,1,1,0,0,1,0
45,1,175.07390057377827,81.02055211597327,26.433360738463538,132.77725289111052,91.06920472985908,2,1,0,0,0,0
52,2,166.88663539108717,48.2166162321967,17.31225383458166,125.63512657051012,91.85208208596993,2,1,0,0,1,0
55,1,166.9219964360638,73.66907845105932,26.439795785747812,90.0,98.18133918636093,1,1,0,0,1,0
54,2,161.486739270876,86.6467495496694,33.226037014865554,120.78426032375783,78.5133444657292,1,2,1,0,1,0
54,1,161.12740317063685,97.39907129833597,37.51595448636879,130.44474022353577,60.0,1,3,0,0,0,0
58,1,173.21661032764985,73.60914745426233,24.533116232832477,130.1957679012482,98.53046947039326,1,1,0,0,0,0
53,1,160.54030671802818,67.13790839583476,26.049514314884902,142.9393226111511,60.57276540143489,1,1,0,0,0,0
57,1,157.46910503155465,68.31897443193834,27.55184077381072,128.6104719439539,83.24882273977256,3,1,0,0,1,0
55,1,167.94324884199736,78.118249186801,27.696660053710023,117.54634965663583,60.0,3,3,0,0,1,0
49,2,181.3723867543836,79.44806350525897,24.15132598125884,107.09789216603053,77.81067203336075,1,1,0,0,1,0
47,1,152.94904395464542,59.55651545409017,25.458672051381473,145.45437367701757,80.33407041260463,3,1,0,0,1,0
46,1,170.91863694792127,61.79400370461604,21.15278197709491,147.17271499309516,84.66321199402512,1,1,0,0,1,0
56,1,160.3947099430709,101.28694536282676,39.37072323177012,143.6719220811645,75.45529192583734,1,1,0,0,1,0
52,2,160.42197628976285,85.82756447958607,33.35024773053557,156.4626242126179,82.90954246632535,3,1,0,0,1,0
65,1,162.2145244193225,69.32978698114216,26.34755929520995,123.41768405921302,78.8719294768478,1,1,0,1,0,0
54,1,169.05943633202727,60.89814949854178,21.3071450665129,122.95845095177967,80.92355164654734,2,1,0,0,1,0
65,1,161.4478190163426,87.45740413931908,33.553066502078416,154.48998892568937,93.33125335631854,1,1,0,0,0,0
46,1,160.9531024762603,78.18181571700771,30.1791530521492,100.23040773186102,91.28557239688442,1,1,1,0,1,0
54,2,166.34109981008027,74.73568838589107,27.010268532446,147.68393300154466,69.14996807326102,1,1,0,0,1,0
45,1,162.67708755764102,66.08173246642677,24.970580766277887,108.1839419801897,68.6265723280904,3,1,0,0,1,0
53,2,164.86384136707238,68.11480294572983,25.06055443268628,97.23335676555442,61.74068277490397,1,1,0,0,1,0
59,2,171.4783850444944,62.94093906334683,21.404961385569,106.40959582295666,100.07447003984325,2,1,0,0,1,0
51,1,156.66666247830528,77.5466026701603,31.59436221584922,111.14348101250454,83.2757235672912,2,1,0,0,0,0
52,1,160.9758199187106,62.70673724190698,24.198748867511792,132.92820996312403,84.70252549092965,1,1,1,0,1,0
57,2,157.65958340274906,61.45716658389942,24.724742906193885,162.03859029393007,81.75366751046441,2,1,0,0,0,0
65,1,161.31579576841625,89.57161360717907,34.42045510796765,125.29701988480463,83.06199116821941,1,1,1,0,1,0
48,1,164.2711700208911,68.68107495583786,25.451558615734186,129.7500904777642,86.22510087238227,3,1,0,0,1,0
47,2,164.4947542562162,68.33396910551595,25.25413753405938,151.2918838619964,85.04394984989182,2,1,0,0,1,0
50,1,156.13421494635435,79.85751920200659,32.75817108149959,119.08520661254812,74.39257252785876,2,1,0,0,1,0
53,1,169.90759563319457,77.50250254263109,26.84665226579759,95.00174135568858,88.64136261785835,1,1,0,0,1,0
49,2,158.80090980514458,71.17932832356118,28.225907436289134,114.43789355934341,61.02058800976264,1,1,0,0,0,0
56,2,165.5681470602986,72.68209890225104,26.513916449942176,124.18900932305782,89.61873835714553,1,1,0,0,0,0
59,1,175.19783796524447,60.98040689372024,19.867024758557772,103.56470951771885,83.16038070421232,1,2,0,0,1,0
46,1,173.59110665807012,101.22243979370464,33.590916809425636,111.95738620496718,60.0,3,1,0,0,1,0
65,2,169.05493875276468,58.43157896649049,20.44522511358397,123.65398014335602,83.89039153624175,1,1,0,0,1,0
45,1,167.7481487595973,71.5646736889177,25.43215859917794,136.23687620714009,66.48371034229719,1,2,0,0,1,0
57,2,178.76443062107955,78.14669465283136,24.45391473374826,130.8909693109391,68.38977941022982,2,1,1,0,1,0
55,1,157.23377077934114,65.87773869979732,26.646920344713628,104.97333243825537,67.88521428587612,1,1,1,0,1,0
65,1,162.39264998160942,79.68495135497189,30.2164593613856,121.11297022373299,93.2035683000716,2,3,0,0,1,0
50,1,166.86225087327796,47.48777604576425,17.055546343036248,124.63023402577294,97.57553943428346,1,3,0,0,1,0
54,1,168.67429796206372,66.95732027196226,23.534243451572944,118.10204905000965,81.64701180583826,1,1,0,0,1,0
57,1,159.48770154595107,88.84982985163111,34.930290857562625,163.54233736390518,94.51974442391935,2,3,0,0,0,1
59,1,158.13123776125323,56.56384196654781,22.620570796885914,117.85617489651426,67.7805629224401,1,1,1,0,1,0
52,1,164.69663233417552,54.90924213428538,20.24305297654803,130.17113211179887,77.78739436212688,1,1,0,0,0,0
65,1,157.6757101351871,121.01993732992744,48.677395423965656,148.05092083021327,78.61393344322563,1,1,1,0,1,0
46,1,160.50578475713198,102.88654556116205,39.937162670264925,123.58322079584511,89.28978025113571,1,1,0,0,1,0
48,1,161.23938011312887,102.56088193021111,39.44931868450964,150.65774521877051,74.25873407810698,1,2,0,0,1,0
54,1,168.50576294588416,56.75112942348347,19.986879405381913,136.0845998549854,74.47483610998377,1,1,0,0,1,0
48,1,177.04065753085698,62.234302479259576,19.8556358151231,128.12565782039022,85.47471328093229,3,1,0,0,1,0
43,1,169.135288839803,65.62892822575175,22.94176638762942,131.40870087817316,60.0,1,3,1,0,0,0
62,1,167.9581897409722,81.04617295267902,28.729637200437423,97.48970406735754,89.23528932141379,2,1,0,0,0,0
59,1,170.4148475788446,97.85971591096353,33.69683332284921,137.73320318498685,87.03538587289684,2,1,1,0,1,0
38,1,171.32341820111634,62.515952719494656,21.298910693968196,152.1879961901791,75.98019472468103,1,1,0,0,1,0
59,1,156.21068005167749,94.15318999506985,38.58456360955717,141.86084755633885,61.12622932510603,3,1,0,0,1,0
60,1,165.03094392876454,66.78533197086955,24.521685697742452,99.72394306452641,90.40317564765382,1,1,0,0,1,0
45,1,154.53885117054506,78.96464083928215,33.064145663738906,130.7539007111793,80.11315452277087,1,1,0,0,1,0
61,1,176.47138900403985,98.07422697382984,31.492438188465435,130.08775947856137,91.59379576646822,1,1,0,0,1,0
43,1,172.09542942617577,58.20718272903993,19.653409668414863,143.83920252232213,93.97366350257457,1,1,0,0,1,0
49,1,160.49796862705298,83.47912058383113,32.40699672395033,123.662814154615,77.84831479600346,1,1,0,0,0,0
51,1,160.23100460666055,73.47443975404325,28.618256510640713,123.0415199849535,93.41891248781843,3,1,0,0,1,0
56,2,172.93413479520305,100.31531851364586,33.543301480835865,108.26376090785683,93.92453956487978,1,1,0,0,1,0
55,1,170.13226200586143,74.03257670771791,25.576994660301327,105.57257841112195,86.61300749242868,1,1,0,0,1,0
54,2,164.08568042402356,116.42581970477269,43.242215789212224,139.3894735926418,90.88268718126145,2,3,0,0,1,0
47,1,162.36438582153113,93.75790056704453,35.56528767601409,138.40665861928193,71.24795277684717,3,1,0,0,1,0
63,1,159.35963473142237,64.41549719647675,25.364932563236255,159.8358935284541,86.9919081099159,2,1,0,0,1,0
57,1,162.77301475557172,88.47868856299296,33.39441672858488,124.73572590984146,79.21504363151253,3,3,0,0,1,0
49,1,169.31795018799508,113.27443564510845,39.51171702546997,122.58682490995254,63.728874127112235,2,3,0,0,0,0
49,1,165.15689278342077,79.85284747753097,29.275006496496772,120.3072497194278,66.36753697418922,1,1,0,0,1,0
62,2,158.53991334237253,85.49281729593092,34.01358401006847,101.20170413910685,79.25355767307859,1,1,0,0,0,0
57,1,165.3909619480201,72.9624725927467,26.673253770196343,119.11068735321925,102.84293857268554,1,1,0,0,0,0
46,1,172.3982029757001,70.06276929928192,23.5733785385374,123.08871188322289,67.99443253157338,1,2,0,0,1,0
50,1,160.03524946590284,71.24434559902518,27.81756422094356,104.73579547017394,86.24660508029123,1,1,0,0,1,0
59,1,177.87112532612744,74.0210672238643,23.396152149527243,119.6685681644664,87.58644567692254,1,1,0,0,1,0
39,1,164.4389407575183,77.49083592686313,28.657678400399305,157.35627218214324,80.95389426503081,1,1,1,0,1,0
47,1,154.4645986414972,80.02945112976198,33.542228856650176,90.0,89.69614963556336,1,1,0,0,0,0
57,2,173.7676604845404,75.39416786084004,24.968924956495197,149.8014050069072,61.52960917823668,1,1,0,0,1,0
44,1,161.6435145855726,90.51425010011475,34.64179508203197,142.87704544423642,91.49007378142714,1,3,0,0,1,0
63,2,171.84029933629552,56.074588037928805,18.98961022231598,115.70190717833391,83.10697343294173,2,1,0,0,1,0
45,1,165.43523820385386,64.68908351363119,23.63605305136418,140.4459276990879,71.44060130021904,2,2,0,0,1,0
43,1,163.91142556123202,69.01759925498872,25.6886566235815,129.99024990170975,84.32845333577995,1,1,0,0,1,0
44,1,157.92614067464953,75.26988796912856,30.179582311717795,111.96358132837415,77.23293732212261,1,1,0,0,1,0
53,1,171.22213154984385,72.31307842078849,24.66590483408515,122.52601660835313,61.16848555133039,1,1,0,0,0,0
50,2,190.59576298984706,91.11571263039343,25.082267336988394,153.39899557055145,83.7742627794414,3,1,0,0,1,0
47,2,164.14241333297045,87.2686982569484,32.390441595658984,125.79556099948367,60.29989598444841,2,1,0,0,0,0
53,1,162.45261300220955,70.15228490666344,26.582046806295114,137.86849120257384,88.32725630413803,2,1,0,0,1,0
47,1,166.17532006148338,76.2871729470198,27.626029628783748,114.84890185348806,86.72318534319524,1,1,0,0,1,0
54,2,168.1536053089854,40.0,14.1464550771511,129.4890567495804,77.62017902772708,1,1,0,0,1,0
57,1,164.9124703640165,61.00425261995481,22.431231424282217,152.73550405738337,81.38684025427018,1,1,0,0,1,0
55,1,162.48213916238322,99.4131307407908,37.65585340770913,117.07683069146434,76.44378442829345,1,1,1,0,0,0
45,1,161.0846132591792,82.756338346264,31.892836689212515,125.55508974256544,80.41685682540428,1,1,0,0,0,0
59,1,180.36413596933016,59.21179142418026,18.201527214144374,125.85392115546287,84.66349946585973,1,1,0,0,1,0
54,2,153.87841842499446,71.50660314075233,30.19887189826727,132.04948016437217,81.13094232087369,1,1,0,0,1,0
58,2,168.82279740569942,74.18903427312208,26.030201697303795,90.0,83.51797322702944,1,1,0,0,1,0
59,1,162.3920339199811,51.50510386896295,19.53083561836421,143.0082495583253,70.56390560474397,3,1,0,0,1,0
50,1,157.255805308595,99.17944488768859,40.105903013636286,117.52517606252712,77.34178053189535,1,1,0,0,1,0
58,1,170.39336738698648,79.82130038779373,27.492448948115314,132.1670256303729,65.22072768292,1,1,0,1,0,0
48,2,175.0103567740459,72.96457369252641,23.822347148952836,126.3959346320123,84.1169692099359,1,1,0,0,1,0
56,2,170.0253882547838,77.6456468915633,26.85898286108221,144.68040681716013,83.95554764174813,2,1,0,0,1,0
42,1,176.2113545436185,60.879434288597665,19.606624384786187,126.66011228049412,74.83426975813262,1,2,0,0,1,0
57,1,174.5389596265792,56.941513829509525,18.69150378848863,117.91928412734957,89.28883303504122,1,3,1,0,0,1
53,2,167.17889044730117,68.94894254758357,24.669749114706065,148.98958733256887,74.12507669684719,1,1,0,0,1,0
41,1,174.84126719595352,64.4048924425888,21.06837153229493,117.75847041695177,95.43351779162546,1,1,1,0,1,0
55,2,161.1932185690468,115.46532648202148,44.438363169972696,119.17847867857589,85.54700343284695,2,1,0,0,0,0
49,2,181.2384733034974,74.58690425651899,22.70710623109429,129.73848649705198,77.17128431729445,2,1,0,0,1,0
65,1,159.57410555451304,78.89015357579632,30.981180636027272,98.60452042614574,85.77497919198258,1,1,0,0,1,0
54,2,148.95872290745103,55.37419185286578,24.956031237651718,109.61358347057501,81.34226302974108,1,1,0,0,1,0
65,1,165.2156833636765,42.41315292841817,15.53810372836584,130.79291087766345,71.3681047620307,3,1,0,0,1,0
57,1,169.58252031863427,85.17746196221083,29.618463450304283,129.11002376713483,69.94155040691436,1,3,0,0,1,0
47,1,157.90360838512436,75.78813953590523,30.396049070811834,132.76952879251925,81.62048672008274,1,1,0,0,0,0
55,2,159.27227654527974,90.57479918307212,35.70483286711571,145.53209492544718,70.79644184848868,1,1,0,0,0,0
54,1,155.61319084347656,83.1889426585834,34.35364222553906,105.52583447694761,74.71409881397462,2,1,1,0,1,0
58,2,154.10195555119873,54.12314824889063,22.791176841833597,137.89904197811595,81.81266216275016,1,1,1,0,1,0
42,1,167.7986101289969,59.40174364030649,21.097086068681246,101.73033222519726,85.20494155833046,1,1,0,0,1,0
51,2,167.62397346959088,82.06213598664098,29.20589735212445,101.67252640203111,69.27873830570468,1,1,0,0,1,0
49,2,167.45338645280518,77.9889587017126,27.812834536618013,110.80739844531269,100.52587167873392,1,1,0,0,0,0
54,1,164.28288101176398,45.69579091105075,16.93134962215459,120.64702201301776,85.05447169598902,1,1,0,0,1,0
54,1,152.90371117496133,69.44150177091478,29.701819301632643,134.68657082804248,85.92858546990541,1,1,0,0,1,0
55,1,164.79601975506472,71.25195103084843,26.236344475264588,129.34067632864216,71.22675081721817,3,1,0,0,1,0
57,2,150.83762898126892,76.69803468351827,33.710472629399966,135.33636773491378,91.1620565092946,1,1,0,0,0,0
51,1,171.30364324139603,67.03023142892356,22.842178436363856,121.77077972447434,63.69053173916496,1,1,0,0,1,0
58,1,168.63557578654917,51.31885223332795,18.04589952571012,124.1254318423102,77.13280392392177,1,1,0,0,1,0
50,1,164.33377557932795,53.921568755695915,19.96681767097318,139.74898641972683,90.24232814520066,1,1,0,0,1,0
50,1,163.51908421816213,73.76607933933764,27.587974057860475,111.25437870403213,93.63184416988321,1,1,0,0,1,0
55,2,174.98328031394635,102.64777414094684,33.524046075815974,119.20006836687574,71.80600072127734,2,3,0,0,1,0
54,1,154.4150714214542,84.67716705733673,35.512966086809676,130.0397655919235,78.16679932071554,1,1,0,0,1,0
46,2,163.10614646239878,80.06878103425558,30.096955241865135,103.23741449147587,61.470375731600186,1,1,0,0,1,0
65,1,153.52760807252318,73.26773383377719,31.084206937287483,120.35462230809885,81.03901299199457,1,1,0,0,0,0
46,2,155.1870435555671,69.2448585798871,28.7525663013453,142.4379650355025,72.99668284105849,1,1,0,0,1,0
42,1,160.38964830819415,77.91246330119586,30.286861052758447,109.87230506027515,84.97086084743343,1,1,0,0,1,0
60,1,165.36569417004122,61.24702391122663,22.39722195880322,171.47460334741564,78.8823371336485,1,1,0,0,0,0
56,1,174.85885373503706,61.01446257907989,19.9552666844808,117.39202594651145,74.81850349487812,1,1,0,0,1,0
55,1,154.27850524514147,66.63908068873526,27.997429016942377,127.20766004598751,84.99049840593932,3,1,0,0,1,0
48,2,156.5024921918585,65.81763938638527,26.8719873445927,120.78638018821698,84.32843964022511,1,1,0,0,1,0
43,1,159.71978701509346,48.85776590336293,19.152089365065358,118.42971182291029,87.67987495435965,1,1,0,0,0,0
51,1,160.68330837554382,93.47666620983708,36.20442755977557,133.48236574772645,71.49055141835856,1,2,1,0,1,0
52,2,157.9293540930432,66.04307782414821,26.479000405246822,115.12360050763834,82.3887356414213,1,1,0,0,1,0
53,1,168.35236948881948,87.85254725271578,30.996730807305756,150.6212858940863,85.35250838429049,1,1,0,0,1,0
53,1,168.13267185344336,57.733596427249246,20.42322786948217,133.44317221518713,80.54894167015372,1,1,0,0,1,0
61,2,165.82818409020518,78.41756942699091,28.51653061162636,158.43271349919496,71.30473164190853,1,1,0,0,1,0
45,1,163.43917307258002,74.59217798340465,27.924215151097304,129.94323095335108,96.60507723502678,1,1,0,0,1,0
40,2,156.59475750854492,67.07190359241302,27.35181782105954,118.41355277946617,81.61124812340843,1,2,0,0,1,0
50,1,172.7030456628454,82.49335047176656,27.657883934845298,116.79342790537677,80.42578428056468,1,1,0,0,1,0
41,1,158.53083654632914,61.823676063304205,24.599559036170042,115.0827781011504,79.80101643806299,1,1,0,0,0,0
34,2,160.21664775065574,55.96101827312117,21.800694399960182,130.05153340937466,85.68121000574067,2,2,0,0,0,0
63,2,153.10208507114598,54.724357152844284,23.34632129103189,131.2735935042803,74.4450383749341,1,1,0,1,1,0
54,1,162.70795383135808,44.34776282646497,16.75151725956044,131.32239712446946,90.61673091557614,1,1,0,1,1,0
48,2,159.33168656797403,43.112942818517524,16.982567972434943,117.71406853401247,73.89450818204699,1,1,0,0,1,0
50,1,173.65426239188605,42.435903304871346,14.072218047172944,141.18229685104006,74.5451631324696,1,1,0,0,1,0
64,1,154.38830820438017,53.26126261878842,22.345117425013296,135.58430740242662,64.09601222044384,2,1,0,0,1,0
60,2,151.80463244599233,69.33439164660591,30.086984346237806,116.97469423936894,85.18437723437194,1,1,0,0,1,0
59,1,169.5946423651205,87.24319383957366,30.33243664887013,92.17305218080119,92.813145137372,1,1,0,0,1,0
55,1,158.48732811641833,74.13587322114037,29.514764318459253,117.69261602873313,84.48254145689401,1,1,1,0,0,0
45,2,152.63740699555876,109.53418195364215,47.01405486999074,106.79149402080799,89.69690912864641,1,1,0,0,0,0
52,1,165.53763917155032,54.86840430468105,20.022984712001296,107.93697507931904,69.62483617835292,1,1,0,0,1,0
46,2,175.0485071341869,72.03919103583246,23.509966193013458,129.71186851467567,66.61638702312872,1,1,0,0,0,0
65,2,165.21952325987425,57.707431955200846,21.140196451759657,136.21537008943784,78.62227451579182,1,1,0,0,1,0
45,1,163.13450846137673,61.44393693802458,23.0880554783448,127.93837325858212,75.83723776795446,3,1,0,0,1,0
44,2,177.06945220267562,62.480504438345726,19.927702900422396,121.71009069951023,79.25704349201916,1,2,1,0,1,0
42,1,157.18685044404342,91.33306221264871,36.9654157242148,161.56227487708904,73.88660669137099,1,1,0,0,1,0
58,1,168.7093424184078,65.19172193265865,22.904150411431697,120.52830891520075,84.14949937145921,3,2,0,0,1,0
41,1,175.20953063955022,43.75296503445924,14.25253240274449,150.4027092631377,69.96118190107012,1,1,1,0,1,0
57,2,173.4194976089482,65.11551278714207,21.651531316427967,128.1759313902664,89.79291068182263,1,3,0,0,1,0
54,1,176.244359309291,75.4998453796324,24.306118426556115,121.52782432080447,71.20843609035589,1,1,1,0,0,0
51,1,155.76570810187667,71.87002687226607,29.621298989303057,147.08845374384595,82.98008491079925,1,2,0,0,1,0
65,1,178.61309532236402,102.21564168641746,32.03987151817907,123.17699415281696,73.5789418885064,3,2,1,0,1,0
49,2,163.34369217411432,58.850575855021376,22.05697651232594,125.43429953732586,93.1718287465874,1,1,0,0,1,0
56,1,170.3868280224098,74.27275461329138,25.583354879884688,135.95150944402462,72.00092545719738,1,1,0,0,1,0
44,1,165.83676097687948,82.20300191714861,29.890010249297468,137.31280858510831,71.81238761512229,1,1,1,0,0,0
47,1,161.92836516710668,85.20384581262437,32.49476011858504,134.17154100955685,84.42769040059227,1,1,0,0,1,0
58,2,155.30076056929136,74.11938755093067,30.731563556133562,116.94747472861388,80.3827849353385,1,1,0,0,1,0
47,1,182.5888886536826,78.45016655248224,23.531259837641826,107.08984691508527,77.56441482639573,1,1,0,0,1,0
52,1,151.11320597698239,59.8613938455981,26.214524580487083,119.45913206353013,84.04637765293757,1,1,0,0,1,0
57,1,155.79941476537857,60.62559080308444,24.976083629757348,90.0,82.63180471191434,1,1,0,0,1,0
53,1,170.63930687981085,102.99644686877522,35.37236404835813,114.84669344633974,88.99650548978157,1,1,0,0,1,0
50,1,148.7034839201598,65.34997910229183,29.55310834047391,104.68945481955038,64.82982005754079,1,1,0,0,1,0
53,2,150.4654436123406,73.85986509810603,32.62383187468791,119.95131924259039,77.21078407528883,1,1,0,0,1,0
38,2,151.24712802096607,83.04875049663029,36.30436368845579,150.70493172109138,85.76194043965495,1,1,0,0,1,0
51,1,171.57426552682583,76.67771100753815,26.04742780011879,112.0079199059669,77.14168308535693,3,1,0,0,0,0
60,1,176.4796570651036,78.15116745566614,25.092629127843733,100.29664278472106,83.09996136138015,1,1,0,0,1,0
64,1,157.2386152960121,73.68674141086991,29.803751269920674,136.90330282563056,60.72144453344363,1,1,0,1,0,0
57,1,152.73947184282022,99.57524733292644,42.68239933867195,163.10235165156973,76.48384834514533,2,1,1,0,1,0
54,1,145.8727384715606,57.26498465223492,26.911684120568868,147.9228112439661,71.22961288100734,1,1,0,0,1,0
54,1,153.1165875988213,75.04520348784487,32.00946799258633,103.42641441699193,110.40489825562912,1,1,1,0,1,0
47,2,147.41144452309263,74.05407523592393,34.0789777533825,126.19185125596543,74.38663661360756,1,1,0,0,0,0
59,1,154.70998520500564,56.33654344947581,23.537130104823714,137.58782537564983,74.91194107267751,1,1,1,1,1,0
59,1,176.0829241939966,67.33678982318952,21.71790476817708,112.53186282229346,76.02610984717691,2,2,0,0,1,0
49,2,159.44567548776126,69.22023848175976,27.227489658139252,130.47935532273516,69.27622518576266,1,1,0,0,0,0
42,2,183.13688585432118,81.05164335898206,24.1663006874556,121.04600802276619,93.59693365967493,3,1,0,0,1,0
55,2,156.51292966925598,79.36870800812198,32.40028789260692,107.22364753358174,81.2291506034742,1,1,1,0,1,0
61,1,158.1104690091362,84.76275175476418,33.90656490905009,113.84790412642762,91.89958898366076,1,1,0,1,1,0
49,2,181.67172108058898,78.736643432515,23.85625320721838,120.09469492402266,96.75901003254822,2,1,0,0,1,0
54,1,177.97037059607632,78.63937093089822,24.828164899600083,129.48009070972483,97.43583314654862,1,1,0,0,1,0
55,1,163.77885682103843,88.97845134710668,33.17181020384185,117.89431663187685,101.26609754537954,2,1,0,0,1,0
59,1,163.79664196806613,47.06251491249853,17.541435999843447,137.77867636591492,82.69128005491544,3,1,0,0,1,0
56,1,159.48522824041285,79.63985339542099,31.31046542487387,152.8819082210699,77.20832253122391,1,1,0,0,0,0
46,1,167.04888273487785,43.99267465407118,15.764972454744418,108.09194334849762,63.814322574497005,3,2,0,0,1,0
58,1,163.2770258514858,83.24233357903591,31.22439876257838,153.50409222197325,97.43174484785744,1,1,0,0,0,0
51,1,165.52785319621572,63.687157798919756,23.243937700918003,129.08109183705892,72.47585598899622,1,1,0,0,1,0
53,2,156.31987377938862,79.40356015326437,32.49462905193982,138.58765539203202,75.27334783841766,1,1,0,0,1,0
58,1,170.9598988902208,56.281302061556914,19.256423631304237,133.59142200178866,84.68478297829571,1,1,0,0,1,0
40,2,169.4095822341353,93.98236339339577,32.74691700761632,142.45729857853573,94.52029229707477,1,1,1,0,1,0
58,2,158.45151810929332,68.3514841026301,27.22420082703993,135.78226120010183,94.33981733554765,1,1,0,0,1,0
45,1,152.21065590037279,77.09604241794418,33.276831689910225,118.56684259204626,87.26758511831565,1,3,0,0,1,0
49,2,168.66838589070926,75.09650079648242,26.39686329601597,120.92438175002013,78.18331742504928,1,1,0,0,0,0
61,1,170.1977796936843,60.95908841777539,21.044115827445694,126.8614616002971,70.51115371052984,1,1,0,0,1,0
61,2,171.7912623738278,84.9286827771025,28.777445909759102,133.6416627788855,85.93812402972758,3,1,0,0,1,0
47,1,171.148130744727,53.063847772928504,18.115670715658677,106.3286067676759,70.79126187545167,1,1,0,0,1,0
46,1,165.81601494616274,63.287902414656585,23.01800895951918,114.71134011164352,85.18255597264991,1,1,0,0,0,0
42,1,154.99048005249293,78.6262236733205,32.73085654684892,158.36090223476043,77.59273587686484,1,1,0,0,1,0
47,2,165.08002247002182,67.54571434277543,24.78613212222338,109.70283045763398,75.03374394939527,1,1,0,0,1,0
63,2,144.15243052820728,40.0,19.2493492698095,120.00292504315675,73.5059161608792,1,1,1,0,1,0
54,2,167.8817605329827,71.14526626519884,25.24288444906191,141.09377788828928,80.8027148263428,2,1,0,0,1,1
46,1,169.75356601740722,59.47536502157533,20.63950624672783,110.67118217044714,69.5395184556593,1,1,0,0,1,0
52,1,160.655992181331,116.3071695890834,45.062224803487545,137.31995076590422,77.2222162902632,1,1,0,0,1,1
44,1,159.7060944529965,47.385945603250065,18.57832572590407,125.02200026656294,85.50171980128253,1,1,0,0,1,0
52,1,163.78003501375366,82.75959666616214,30.852932299183692,90.0,68.55788720665652,1,1,0,0,1,0
57,1,166.8066788883122,68.24255501952341,24.52609506169961,132.6285415706077,95.95129341944273,1,1,0,0,1,0
43,2,164.82536273831641,63.87483433584814,23.51157411505821,151.01248298452433,86.52244164074898,1,1,0,0,1,0
58,2,153.31178665263167,99.14277872499859,42.18033234588112,94.51689240772885,70.56884937067136,1,1,0,0,1,0
63,1,167.08520445024482,98.38194067398824,35.24028372534327,138.17641447722653,86.08549745565833,1,1,0,0,1,0
59,1,168.13544754194922,78.73902627667508,27.852967432245418,147.93561882233828,92.14668418892748,1,1,0,0,1,0
49,1,158.77506292699988,99.52770253963502,39.48020435982918,143.74650202925045,80.50348227651475,1,1,0,0,1,0
59,1,166.35648635199033,64.57206696443185,23.332711464827142,110.68445063543777,72.81082114580039,1,1,0,0,1,0
46,1,167.10586579587425,92.43418893983542,33.10161972168275,153.47955540546636,75.07207317364023,1,1,0,0,1,0
45,1,161.9271727933799,52.44246718629374,20.000628750131764,126.4494139115333,96.92782196156931,2,1,0,0,1,0
65,2,172.68947808807664,77.37455248728739,25.94575998608803,141.97439071268235,71.0597646403751,3,1,0,0,1,0
44,1,179.23133254545237,67.52366637245082,21.019779118360383,125.44735153247021,93.63583658487764,1,3,0,0,1,0
47,1,162.81956870651925,83.32148789888996,31.429959158443857,119.06522938516511,81.8846544809727,1,1,0,0,1,0
51,1,163.3181728178831,83.10831238162545,31.15842082628358,107.7901022979577,79.1985035206692,1,1,0,0,1,0
53,2,164.06904113799257,84.78250102732088,31.495821747605305,137.8899384254922,89.2165580548646,1,1,0,0,1,0
61,1,174.40932358418507,79.40944954183357,26.10554654570563,124.20604136253621,92.97085988187325,3,2,0,0,1,0
58,1,174.17337807581808,80.62982623567763,26.578604443979007,113.04404163412019,90.64755963511588,1,1,0,0,1,0
62,2,157.010936370973,82.50545903206992,33.46746960694633,118.92811099493596,87.70161614089666,1,1,0,0,1,0
58,1,153.87245519620154,72.59536610942158,30.661057731343938,127.20425738588716,84.24190008806461,1,1,0,0,1,0
54,2,158.61943473049666,71.52453262882501,28.427733335119704,115.98437499877016,71.8235825225695,2,1,0,0,1,0
43,1,150.33938931746553,42.43437317811669,18.774666349324377,127.47403806583901,81.46539785461029,1,1,0,0,1,0
53,1,154.90894571193473,73.89723350873543,30.79464370129751,96.95493362035891,72.7116793208253,1,2,0,0,0,0
48,1,166.9098176938407,80.90030464802551,29.039316589911657,126.37693199507682,79.06972118851363,1,1,0,0,0,0
48,1,163.43320738560783,67.40898239314318,25.236967206657162,112.59595063943969,81.33383021373317,2,1,0,0,1,0
51,1,163.29646999102238,72.40889195667062,27.15428103630587,152.69281605137078,87.85743338773435,1,1,0,0,1,0
65,2,175.69674246916904,71.56614601573122,23.183564564497214,108.8687484065947,92.01684226711006,1,2,0,0,0,0
59,1,156.66275347630352,66.98064221928546,27.290896135739658,95.42011372466798,94.17757687076856,3,1,0,0,1,0
59,1,167.40995157675047,71.91236918554169,25.659078502871203,116.90991292640304,71.43378897771794,1,1,0,0,1,0
45,2,161.43143456829637,55.97894121882677,21.480701874060774,143.38087349489885,63.57651592412279,1,2,0,0,1,0
52,1,170.44217529064068,67.48521549868191,23.23028309978334,132.04620641543195,98.4726699369207,1,1,0,0,0,0
51,1,170.4536260210646,81.71579187937841,28.12506307130663,150.80859988409185,76.49091631207412,1,1,0,0,1,0
54,1,156.0173761114677,75.88323159562245,31.174527392344302,132.3646472676762,73.5218024356164,1,1,0,0,1,0
58,2,174.0622334759792,82.61482475622431,27.26772354532443,133.7087371009999,90.09514838992156,1,1,0,0,1,1
52,1,170.2105873152405,76.73240481981038,26.48534709636528,147.45417699644506,89.55294847149084,3,3,0,0,1,0
53,2,150.35917632267711,99.84952479634512,44.165802536664174,128.15941827629152,65.42856273283623,1,1,0,0,1,0
57,1,148.22191969865221,68.6777420514008,31.260155983459814,135.87032747906713,78.51491993703502,1,1,0,0,1,0
55,1,163.96945352344378,85.49613456463453,31.799521235381864,133.08825960704186,90.86928995288744,1,1,1,0,1,0
58,2,163.5817722407717,69.3412986434007,25.913265991255706,124.3181161585903,80.92451809887139,2,1,0,0,1,0
34,1,164.31751554263457,56.09373664073637,20.775268795398276,161.55339910011918,75.74491056072024,1,1,0,0,0,0
46,2,158.93676794761734,53.5479526989796,21.197962361697627,119.80236285557326,91.9818502875814,1,1,0,0,1,0
51,1,155.0012121368286,77.50810912892491,32.26093522559243,138.9724775691925,81.34812780901358,1,2,0,0,1,0
46,2,155.30574292333682,63.18074741630453,26.194476795179543,119.65283069084762,80.09887463987207,1,1,0,0,0,0
45,1,160.1131000489685,79.61977354647004,31.057550891396367,136.20788087808597,100.70281950068872,2,1,0,0,0,0
35,2,162.1799880198569,99.1008843383731,37.67758011615156,95.70730004306483,78.81328523829768,1,1,0,0,1,0
57,2,171.5728869236179,48.23660313185224,16.386243305565735,125.94334537673866,88.38795826433928,1,1,0,0,0,0
50,1,173.49622779627944,72.95267272485685,24.23601062191355,110.99488356344689,65.09712819130746,1,1,0,0,1,0
46,2,167.7429858668874,68.7440241391646,24.43127952876618,154.31586717009642,60.0,3,1,0,0,1,0
64,2,165.04035027862892,52.74575259126122,19.36454156292481,105.74669199595824,79.1352049348658,2,1,1,0,1,0
49,2,171.82114966230947,68.41576240220087,23.17410283281734,137.7340497819833,80.80496064243351,2,1,0,0,1,0
58,1,159.67926640226287,65.46210681878595,25.673963592725976,146.98546417876634,72.57176606031592,1,1,0,0,1,0
54,1,152.72325567061205,60.06618900735394,25.75251988942369,124.9954978767352,80.37863716147189,1,1,0,0,1,0
57,2,156.51182273051236,75.35254875183016,30.761226545094775,131.5917337755409,72.66997945046356,1,1,0,0,1,0
39,1,176.1631487931183,62.4517259642029,20.124000366340347,136.2887386597235,87.97161098050114,1,1,0,0,0,0
51,1,163.6698445054466,49.461692859152464,18.46424850965668,151.3121416384859,81.42261356433904,1,1,0,0,1,0
50,1,156.0487459643744,70.75901337473894,29.05769780180845,116.91533769838131,69.55690090384692,1,1,0,0,1,0
57,2,159.20524440152985,59.43284963803071,23.448324431286043,122.62858480952194,73.07068872016265,1,1,1,0,1,0
65,2,161.3513764198625,78.91638307381673,30.31250469479173,155.23632602247278,72.4776912326756,1,1,0,0,1,0
63,1,160.7456960215997,51.184389883752544,19.808829955777902,126.68385107681455,76.78128711071183,1,1,0,0,0,0
61,1,141.92391455715875,75.65538848163963,37.56026977145881,92.88723500982161,78.14860664266122,1,1,0,0,1,0
43,2,163.41047601943202,69.85812001853596,26.16116643528476,124.71619581355989,71.81818285897359,1,1,0,0,1,0
54,2,158.3482044428442,72.75462457292447,29.015784543466445,118.44986868792024,66.10510803282551,2,3,0,0,1,0
51,2,178.75094830811506,50.17409598944214,15.703007833942728,147.67948232895733,74.73510995727058,1,1,0,0,1,0
43,1,172.60813730536856,82.62547877774333,27.73265552716226,91.85024561714145,82.09449696278702,3,1,0,0,1,0
55,2,174.68270313899544,69.09348763334356,22.643174188160625,133.90104210984197,73.5294886040153,2,1,0,0,0,0
59,2,164.88400263005235,96.70029827799974,35.56892752473726,127.62503391232383,81.44839330116207,2,2,0,0,1,0
55,2,154.81449951035032,69.72699244011982,29.092273837522633,146.38137557645618,110.14705069799297,1,1,0,0,1,1
59,1,153.8169711380923,93.66655343704264,39.58913653946101,133.32356886324786,77.01315005958031,1,1,0,0,0,0
62,1,142.2121989818409,66.67433101098744,32.9674201641287,126.206713815878,91.24112700018455,1,1,0,0,1,0
50,2,176.59005218624685,104.95845627866964,33.65774104199555,124.14083642354753,88.04290394340165,3,1,0,0,1,0
65,1,159.3322691944563,48.256328449907386,19.00845386615433,114.45421641355554,81.13833109747256,2,1,1,0,1,0
47,2,159.54065032598274,90.37895286960365,35.50786739063016,113.11045451065532,83.40102134656804,1,1,0,0,1,0
51,1,171.72587464396662,40.0,13.564022992185473,127.43633181127602,91.30083632107184,3,1,0,0,1,0
52,2,169.54674568098338,81.62588870905898,28.39546638706407,150.57452632329483,84.42332839558674,2,1,0,0,1,0
50,1,147.32452715849195,91.05563805689137,41.9523922062781,124.67320187363119,77.14835860369809,1,2,0,1,1,0
42,2,169.67818398843195,58.2876662810203,20.245320321583367,160.96753101814255,74.0061958076967,1,1,0,0,1,0
60,1,166.6877807673924,78.1724621434956,28.134957388230273,122.86687914242953,89.54539609596193,1,1,0,0,1,0
65,2,171.12000839673868,86.38671205029637,29.501585644354904,112.10895240395186,87.26258281745665,2,1,0,0,1,0
56,1,170.04346793669077,93.03020579478701,32.17392718056567,114.19738620110468,80.46805615250447,1,1,1,0,0,0
53,1,162.58526529959505,76.8554887523617,29.074517802369378,171.33526688277044,86.08025641906322,1,1,0,0,1,0
50,1,176.1720043360849,80.35148401195873,25.889288274409555,123.30702517252024,84.1345383066397,3,1,0,0,1,0
56,1,174.52815384879474,64.87669106343351,21.298925855794206,139.18132913313167,78.5751272063807,2,1,0,0,1,0
56,1,169.8284937476353,78.71441032007311,27.29185975039409,113.52841669875713,76.89368054570531,2,1,0,0,0,0
51,2,175.83846770252208,89.01497896885982,28.789578892450752,149.30398877836785,83.23154328945948,3,1,0,0,1,0
48,1,159.128535021571,61.26832615273006,24.19579445309073,129.28203907305172,90.51153345609913,1,1,0,0,0,0
35,2,149.98232623912088,79.41063793081099,35.30193527421844,129.43894108064882,94.2453092509303,3,1,0,0,1,0
52,1,166.36808801266727,66.35634811400026,23.974106255743177,142.82603986513845,72.39667784222402,1,1,0,0,1,0
62,2,174.68882883263166,85.78794728979878,28.112276123403948,148.24706250595153,81.52234863563189,1,1,1,0,1,0
53,2,163.52716308680775,80.15619215609277,29.974867540056533,156.57920926369349,92.30791127036336,1,1,0,0,1,0
42,1,154.86691915697455,80.25834688128253,33.463617888184174,136.24717310943012,87.93906017957372,1,1,0,0,1,0
47,2,165.6833223477308,91.59817298856609,33.3679266456239,116.65404536963788,84.82066002649808,1,1,0,0,1,0
42,1,159.22791994829132,83.3665179236792,32.88162094548415,104.1153646614288,88.36465823101585,2,1,0,0,1,0
39,1,155.35639890930344,77.16616187138365,31.97191191384277,130.56645055309434,84.25458591394165,1,2,0,0,1,0
63,1,162.63401594044515,61.15109880028102,23.119662643672793,158.06311208495606,68.4556047964815,1,1,0,0,1,0
54,2,163.46435663051852,59.86148034773392,22.402749024473408,140.70888744846917,76.75456265094762,1,1,0,0,1,0
56,1,178.40945043975307,75.15882938939241,23.612626434363055,132.86993314897938,75.3856700753959,1,1,0,0,1,0
38,2,157.4193218782307,77.93920579286382,31.451394169877258,126.71548169631232,80.68862708801566,1,1,0,0,1,0
56,1,153.08098541049938,78.70591334909366,33.58650894705646,126.21544544397533,76.12963705567839,1,1,0,0,1,0
57,1,161.6281856843899,95.46711872144363,36.544297654884296,127.8759822515221,60.0,2,1,0,0,0,0
61,2,157.21156690101418,66.58018012550549,26.9386590240215,135.27013305165502,71.39700008995021,1,1,0,0,1,0
45,1,165.27247671431493,83.31489600845654,30.501527275830192,144.53577337117463,86.77972317440432,1,1,0,0,1,0
44,1,169.83263900566845,96.3839746967309,33.41661965859673,97.97108900568595,79.16919478866237,1,1,0,0,1,0
61,2,177.00999964399438,74.77784868804312,23.865875141362118,119.74784124548164,79.25780867967222,1,1,1,0,1,0
57,1,176.08877605186558,80.48735381954965,25.957585892235898,136.5655569020395,79.08516180150183,1,1,0,0,1,0
51,1,173.81719505037546,55.875831800465164,18.494326771191176,139.8441250445238,90.82426443159284,2,1,0,0,1,0
58,1,155.42591538994674,65.67582504552519,27.18683613582586,128.14008444414705,98.18815984454592,2,1,0,0,0,0
64,1,168.04300195610543,60.61973714482956,21.46709045917673,132.2206796498245,77.33184407344294,1,1,0,0,1,0
55,2,158.81806584392214,70.28369073181366,27.864724510448635,117.91689003767256,86.30457343299938,1,1,0,0,0,0
56,2,170.8422430023915,77.77388470597612,26.64668957603186,124.82041034609553,79.35105499094192,1,2,0,0,1,0
59,1,173.38590579117687,78.82251561083974,26.219397515096134,149.9488231930647,66.71698012084848,3,1,0,0,1,1
57,1,167.16874051676902,80.4059192754855,28.77251868314702,142.6817996360441,81.88305825372167,2,1,0,0,1,0
52,1,181.8181891171555,79.16056688561495,23.94606956029944,131.37423591156036,91.97242569998434,1,1,1,1,1,0
53,1,169.3601723488467,88.02301021157423,30.688357342436362,133.10120076576874,86.31739373737524,1,1,0,0,0,0
40,1,164.7133428039205,77.56667468901706,28.590227501665485,127.95199732467212,98.18645443606653,3,1,0,0,0,0
44,2,175.01943323179617,74.7535590252254,24.40390513225465,118.01472306640983,91.15114923230904,1,1,0,0,1,0
65,1,164.62589203825044,88.23259455562363,32.556129531750976,120.79019215137335,88.04916184825574,1,1,0,0,1,0
48,2,165.8211855947222,66.96368570528124,24.353384042561224,136.51141595599157,95.43695565652317,1,1,0,0,1,0
41,1,158.7166733894873,70.27736027167803,27.897824357452734,128.97275938599802,79.16589695506298,1,1,0,0,0,0
62,2,166.68089920789924,69.0027066632822,24.83673233985818,113.92307030978446,88.21560449368046,3,1,0,0,1,0
65,1,158.75454816511262,68.32944971343419,27.111626361852995,159.2961892924909,70.88279198159674,1,1,0,0,0,0
44,2,154.1357093904704,82.9859595981175,34.929960069529905,129.59520698176007,79.52573143293547,1,2,0,0,1,0
53,1,171.54963405315118,70.70945032288405,24.026907102742328,138.21372467059177,65.30208223536071,1,3,1,0,1,1
51,2,167.69905317778927,100.59371105753023,35.769231465078214,149.1140122883841,96.24640630595351,2,1,0,0,1,0
50,2,160.42884137805763,78.79172218128198,30.61369133510425,119.8202997768113,72.53556106977194,1,1,0,1,1,0
47,2,176.03766156788967,58.43080352088924,18.855179744394206,94.363546188264,98.43671381607192,1,1,0,0,1,0
47,2,164.3572116063406,63.07451809883685,23.349436917026583,120.04853601548271,77.51255530510976,1,1,0,0,1,0
49,1,171.67212805770404,84.8654384084138,28.795941172255937,131.26732123779013,81.48772975444072,1,1,0,0,1,0
56,2,163.08333256579635,107.40374368170558,40.38315671386935,119.47336505519505,81.73225217258714,1,1,0,0,1,0
51,1,173.12556402850788,71.85521233991292,23.973744608842708,140.85690778351074,85.830223312766,1,1,0,0,1,0
54,2,146.8381337013675,81.38674742089177,37.74643846788735,141.477772695587,73.86073048787182,1,1,0,0,0,0
54,2,151.19739990797063,97.87638390887969,42.814341631096944,138.17121334835326,95.32129113965455,1,1,0,0,1,0
51,2,152.9848012532727,80.83372186905783,34.537905941092426,132.73201674221198,82.85248548510764,1,1,0,1,1,0
48,1,172.03473488076176,61.96034209118898,20.935412473560433,157.56944120805926,90.98610366747396,1,1,0,0,1,0
47,2,154.5904453053764,76.31845623844198,31.934805877026594,125.56778397728579,84.72689587574372,1,1,0,0,1,0
50,2,166.46529466768476,83.89214610066654,30.27428512084566,114.50729636908675,82.73395720979495,1,1,0,0,1,0
52,1,155.80930514115587,76.74901084947719,31.614477274529705,103.71587777202822,90.37605925487402,3,1,0,0,1,0
43,1,171.2305895080324,83.15942674835713,28.36277914280054,106.42377871274363,75.39662818603307,2,1,0,0,1,0
47,1,163.26516740374223,88.73960788265364,33.29127509170493,136.4441268599802,88.07929911732167,1,1,0,0,1,0
59,2,172.91018718354343,52.81351838521272,17.664605336511574,117.45653451302995,81.8193414962684,1,1,0,0,0,0
47,1,180.70412801811284,70.52539596654417,21.597793561501756,147.27274986350292,85.51656359576032,1,2,0,0,1,0
53,2,182.9104112023762,88.51175787628354,26.45599585826166,153.52959670514775,60.0,2,1,0,0,1,0
43,2,172.66984223312642,77.12253017207092,25.867132322576918,179.32980021752337,86.39969170297351,1,1,0,0,0,0
61,1,159.52243235145227,98.6791955716001,38.77770250140552,136.77128879221516,90.68519944538527,1,1,0,0,1,0
62,1,164.090555951313,96.71145729912831,35.91788491927785,136.1911623320542,82.8814917220622,2,1,0,0,1,0
54,2,171.71669561937077,81.44804728561027,27.622032456597818,113.3544916249016,80.14762663248474,1,1,0,0,1,0
53,2,162.44786542721957,63.235283943203584,23.962462975696486,119.64582350313981,90.60625184937139,3,3,0,0,1,0
56,1,161.7886752846317,106.72376430291771,40.772270510471714,125.95805532445641,101.17810604919256,1,1,1,0,1,0
52,1,166.25368009887686,78.12909187829746,28.266383156969493,127.56024989631322,79.59924878000585,2,1,0,0,1,0
48,2,163.9478432712583,82.20072040640673,30.581881974048894,112.21897834319067,75.12908063217168,2,1,0,0,1,0
58,1,175.22037398499032,71.64431515519598,23.335253853832782,111.38644896169768,74.71043120337642,2,1,0,0,0,0
48,2,147.36736279345848,70.27850688969542,32.360848679932346,130.21289704059754,95.6594522312183,1,3,0,0,0,0
55,1,174.20930086898937,74.75377353835547,24.63147644458966,154.84488367510525,96.3995983533713,1,3,0,0,1,0
61,2,159.0046692760049,67.19396552435106,26.577279060516837,133.02464116406932,93.5821892316892,1,1,0,0,1,0
44,2,177.82670731543874,101.01092760184044,31.942903187618214,128.34855485830337,96.57737879973877,3,1,0,0,0,1
52,2,171.25640476008692,40.99545016978716,13.97790275532818,108.54311073812501,80.83522695468463,1,1,0,0,1,0
53,2,154.31863813642192,51.46313686821256,21.61023504479791,99.964773621017,71.84208150737014,1,1,0,0,1,0
38,2,161.54234132103952,68.9216198272354,26.410871352402857,145.62846605737627,78.80471620938152,2,3,0,0,1,0
49,1,174.83401913226632,42.12328574570158,13.780670775412892,101.25520492348709,80.55383425153865,1,1,0,0,1,0
53,2,173.31987810471747,56.171996265042566,18.69920351999795,107.9009379072178,82.71908184228565,2,1,0,0,1,0
44,1,163.1743840861633,77.94688695912059,29.2748589214729,135.68687213009434,70.58796762660785,1,1,1,0,1,0
59,1,158.58432562754444,68.23655403209723,27.132922057874264,144.46031603912718,100.07831918839943,1,1,0,0,1,0
64,1,166.33744009500916,80.83149901927581,29.214644497085008,136.98263778122075,82.81304451818386,1,1,0,0,1,0
62,1,169.28316892163616,58.56276595101167,20.43591181528216,114.23120996738392,68.7008540721911,1,3,0,0,1,0
65,2,148.3496257963921,71.79199567040246,32.621439066864646,111.6687339064691,77.65979392574657,1,2,0,0,0,0
51,1,174.23314801816406,83.49696476341666,27.504839916211566,120.35930986994175,65.02182797609248,1,2,0,0,1,0
60,1,155.83709516063453,64.89125212822216,26.72049294167446,132.01154154368334,85.70703604918822,1,1,0,0,1,0
55,2,166.83248627648283,60.411610909801134,21.70496912847928,126.06656150376536,65.72129718929386,3,1,0,0,1,0
44,1,164.90679337922836,91.68860941378647,33.716174455683,161.8544161301042,81.41553247753302,3,1,0,0,0,0
46,2,171.81804604967706,82.16740780827186,27.833129132175003,122.88443575877946,75.63444499181409,2,1,0,0,1,0
50,2,149.33509519425706,78.33947186997547,35.1282789776316,154.82775217784882,64.52378293199041,1,1,1,0,1,0
41,1,174.40859780110802,93.4055417621252,30.70696279250366,140.93878457869036,93.32492235496778,1,1,0,0,1,0
52,2,162.02729246453183,78.74493195348653,29.994820158558245,137.48561951037834,114.5530348887061,1,3,0,0,1,0
53,1,165.99780724171,88.71915767870804,32.19679981730933,153.24302419202508,76.22836861734827,2,1,0,0,1,0
65,1,166.23523328295596,80.78372785017699,29.233292759053885,125.89886570752849,90.22433134720306,1,1,0,0,1,0
55,1,154.42598338344678,66.40391521811311,27.845366292750114,117.44108633333352,83.61825902750564,1,1,0,0,0,0
62,2,162.93750430417396,58.44547713983309,22.01449809646122,117.4012057538335,84.20211692897425,1,1,0,0,1,0
56,1,160.9820460513529,79.86675954798383,30.81847739083159,120.13026277367341,95.84694274137769,1,2,0,0,1,0
48,1,157.47124180651267,83.11732851290296,33.51884702349564,130.37708077548984,77.6261811266779,1,1,0,0,0,0
46,2,175.79052658956294,58.89450711852573,19.058286765473323,140.56256285245396,68.62483490580007,1,1,0,0,1,0
49,1,167.78014652962742,49.58014863674601,17.61273033334579,111.5672799451636,70.95997885965802,1,1,0,0,1,0
50,1,180.56627527138446,71.31115305756826,21.871782566137533,125.94448841968006,74.93938772798518,2,1,1,0,1,0
60,1,161.23038521494155,74.74842918696115,28.754663345366406,155.36403700041632,68.32946687112548,1,1,0,0,1,0
61,2,166.61330979985726,74.20966613557265,26.73259347812845,118.94527088725884,65.49270783829652,1,1,0,0,0,1
50,1,168.9409518616078,66.50133034158098,23.30024350492932,129.83964416755785,65.65969831896587,1,1,0,0,1,0
51,1,152.77759703677194,78.8436141978137,33.779030006067956,105.67477134371478,82.6659557285019,1,1,0,0,0,0
47,1,166.96523876153344,89.0267840723952,31.935120548789694,163.75721366093177,77.31645539370393,2,3,0,0,1,0
51,2,159.8427375078758,74.19443193598215,29.039256744488892,105.43002689113379,82.26624577929745,1,1,0,0,1,0
54,1,148.23553394235358,68.95395185682798,31.380114018243443,115.31592653520792,76.88355139419818,1,3,0,0,1,0
49,1,165.34131888127877,60.22307133824381,22.02926997594912,146.3408243922035,97.43883628891587,1,1,1,0,1,0
53,1,162.67376939123216,74.37305492776312,28.104803989947197,98.62369597593059,63.357851392838214,3,1,0,0,1,0
48,2,175.7179001048927,64.23516593162731,20.80371238955113,106.54592610120406,65.93236060771976,2,1,0,0,0,0
62,1,152.1527584490441,88.54624881623162,38.2481564232889,149.8020109251225,85.61414770538312,1,1,0,0,1,1
54,1,167.0043215571935,75.77354211074324,27.16828161280696,90.0,76.7253391465646,1,1,0,0,1,0
49,1,156.61936295276237,76.87648157308759,31.3402598033082,143.0084382885436,84.45899428096294,2,1,0,0,1,0
62,1,161.01610363587324,84.50394875272534,32.59405373333748,110.63936773440449,105.88299583539771,1,1,0,0,1,0
41,2,165.8778122738634,68.96783200249754,25.06513086272518,100.4444647704133,82.22883218907391,1,1,0,0,1,0
52,1,169.58695903374422,102.41688117233994,35.611202679687615,131.33979762559798,66.09411349949232,1,1,0,0,1,0
63,1,173.8605889284936,94.49804209933474,31.26227058091104,95.5637627260665,71.17701533117098,1,1,0,0,1,0
61,2,173.6568523499791,78.86830853634103,26.152829169996444,119.26517342912065,83.91483102887607,1,1,1,0,1,0
58,1,157.3798940279299,91.89604026854366,37.102083738931604,127.25166893596104,62.38355690479168,1,3,0,0,0,0
52,1,166.16225969055282,73.65867170523347,26.67835845886821,114.32559622676138,74.59072432123227,1,1,0,0,1,0
59,2,148.97132171510273,84.45750435977745,38.05685559621511,141.68467016323123,80.07977687359475,1,1,0,0,1,1
57,2,173.52195199420265,67.75696850820246,22.503243423230302,120.0525464367905,75.35640261455143,1,1,0,0,0,0
60,2,159.18909580336145,99.38417075461959,39.218464547986336,161.46109597059802,73.46208488325033,2,1,0,0,0,0
46,1,161.21733266133697,56.515423922338485,21.74420463874798,94.58884736097603,70.57651952789053,1,1,1,0,1,0
60,1,159.71771738824506,81.2600845872376,31.85452110805365,90.0,84.57865655170566,1,1,0,0,1,0
46,2,166.79171676443283,82.01855794462475,29.482422904507228,99.42361265595109,99.68010711982936,2,1,0,0,1,0
44,2,153.57833582937133,79.75272528601971,33.813148980998285,132.52111661759986,75.02457971111374,1,1,0,0,1,0
52,1,168.15057260918508,67.85412620254898,23.998249326276827,134.29120165144403,78.36628727827974,1,1,0,0,1,0
52,1,157.08279168157975,94.16795204580518,38.16329844302794,132.42405079904165,72.00510494661994,1,1,0,0,1,0
61,1,158.35739176551152,88.47318512618028,35.280520397340084,105.19267438897472,81.61744093702265,1,1,0,0,1,0
51,1,162.57172392092767,73.84060308328381,27.938636868866396,151.93187411764808,88.19066846227139,2,1,0,0,0,0
55,1,164.45465987108693,62.927227231142865,23.26731278219342,123.27264038708996,86.49182424986496,1,1,0,0,0,0
46,1,157.1268382536087,76.46478394986666,30.97139182343984,160.37101289221278,78.64399356007104,1,1,0,0,0,0
44,1,156.63342638647444,121.18947156543766,49.39647920597971,108.86677724200241,90.32268143371954,1,3,0,0,1,0
50,1,158.6429792957024,56.77206439573039,22.557604199700137,109.7050659443943,82.98172384600267,3,1,0,0,1,0
56,1,172.59689039976288,92.24860030661557,30.9666233218997,150.0806966108878,81.37360588305224,1,2,0,0,1,0
65,2,156.95557185398428,78.05981815508773,31.686484617651733,121.74049467301002,84.63228016704356,3,1,0,0,1,0
45,2,164.65631502211966,86.85879909563205,32.037383285646264,130.95228460287225,77.74506038957854,3,1,0,0,1,0
65,2,172.78485793417497,72.04275073571962,24.13120039355978,142.79167222843034,73.43258574763713,1,3,0,0,1,1
51,1,160.0160338313364,64.77136371833257,25.296243752118265,148.35918468484763,80.313003932933,2,1,0,0,1,0
62,1,161.19157697426957,59.62216047056376,22.94684704806756,125.09054059743765,80.93007237394798,1,1,0,0,1,0
43,2,167.34952828539295,63.59553947982051,22.70793648000316,141.06513755858697,95.50747881034923,1,1,0,0,1,0
54,1,156.0947846737117,75.52905205426285,30.99825510714165,115.70455340131846,77.98788514130217,1,1,0,0,0,0
54,2,161.69928856182116,73.80789134266062,28.228420595417745,93.94014299375314,80.51912833668943,3,1,0,0,1,0
49,1,175.66041572370838,64.68897899350758,20.964402253818932,131.98984795554006,75.93492284975804,1,3,0,0,1,0
51,1,158.47658888083947,66.13005325518712,26.331078211679934,114.6705112484013,82.2554639220004,3,1,0,0,1,0
52,2,162.71701884912503,64.89904861231663,24.51164016525996,134.8449777990808,94.19099227324855,1,1,0,0,1,0
53,1,158.398132724777,67.80025831536204,27.022855149696714,132.00983733904408,93.19692343648818,1,2,0,1,0,0
40,1,162.56293093209183,52.46102313879413,19.851517673050367,106.92566413835135,76.4471384469058,2,1,0,0,1,0
44,1,153.89740170345047,74.29423167467537,31.368411071712842,122.08433397581244,80.36208708981023,1,1,0,0,1,0
47,1,175.09572363698567,57.19329008925014,18.654946226995538,141.01763886548804,86.56082607827285,1,2,0,0,1,0
34,2,171.83271158184175,72.23310168784307,24.463837140486593,172.73578430180453,75.17877550455307,1,1,0,0,1,0
43,1,161.78730659510381,87.54184976556344,33.44466337036935,101.36600303315184,72.62286949674146,1,1,0,0,1,0
57,1,157.29214512552602,81.70387903932749,33.023918613808895,118.10869300409053,91.80811079293802,1,1,0,0,1,0
55,2,171.60392433744087,88.01132103502084,29.887122874055134,117.93297305868947,66.82405580418606,2,1,0,0,1,0
46,1,153.28660368553327,64.15041078621805,27.301784734810074,181.4334358834057,74.08947635897198,3,1,1,0,1,1
59,2,157.0546254795867,69.23102545019484,28.06721370676426,135.19118256409288,65.32652463679948,2,1,0,0,1,0
52,1,170.56810195072617,77.94312992416329,26.79058568499951,115.5015787250659,88.6864179012853,1,1,0,0,1,0
46,2,155.81543344347983,80.55221065215598,33.17848255443493,121.13130753048009,88.3305533016395,2,1,0,0,1,0
57,1,175.6317523730614,57.30845309308515,18.578584273189378,126.9665377446431,80.64826211538063,1,1,0,0,0,0
61,2,154.96856806258546,78.00995037212536,32.483495841132566,166.8169441540428,70.62430975157847,2,1,0,0,0,1
50,1,157.29154523424208,81.59868972148672,32.9816536824964,136.09988988734528,77.93423175456662,1,3,0,0,1,0
57,1,149.8580945213281,77.76828341836001,34.629171448684275,123.22805365074666,73.91737284582244,1,3,0,0,0,0
54,2,154.8248003041982,89.03981451399176,37.14524178306208,122.99258136188239,84.58981858802179,1,1,0,0,1,0
55,1,156.65530341570243,72.19325894100822,29.417546116656563,140.2756207956534,60.30808563966574,1,1,0,0,1,0
44,2,168.69686857784905,80.01596376477009,28.116586783698413,120.93310177453827,94.73114940721194,3,1,0,0,1,0
43,1,164.45393472541295,92.53826566614335,34.21628211394692,152.32167693822132,89.02455097659073,2,1,0,0,1,0
45,1,156.06520784734428,67.4215813110879,27.68131670024569,109.34971105409173,62.61258548321793,3,2,0,0,1,0
55,1,155.71662447328188,107.916520103942,44.50593926939,90.94296980336576,68.89695173656091,1,1,0,0,1,0
52,1,165.75903183785937,69.47660467314334,25.286235792132096,104.93825845627242,88.58502695435325,1,1,0,0,1,0
51,1,160.20503242562492,82.67314495536343,32.21158909978498,121.79074193086895,73.81638639978704,1,1,0,0,1,0
61,1,153.99966847568527,80.54058180720492,33.96058718867087,142.8933771815407,70.61668394032034,1,1,0,0,0,0
63,2,165.4750751845181,72.43350881885058,26.452964530287677,126.56071007560136,88.9221465727304,1,1,0,0,0,0
40,1,156.41785423273652,85.54757691474029,34.96512339010713,126.78315397583566,89.36902459826759,1,1,0,0,1,0
38,1,170.9359504304315,71.38112343088108,24.429611284565684,131.42148881635373,81.13730985754354,1,1,1,0,1,0
49,1,171.7175566453257,55.92119695998932,18.964747204158403,119.70803141140821,83.479185500554,1,1,0,0,0,0
55,1,160.5597578322029,80.2008778299351,31.110408444480647,141.39265795872245,71.8543707960599,2,1,0,0,1,0
56,2,169.69092660656034,92.25597312779678,32.03887454571924,142.724787053622,87.78786320356924,1,1,0,0,1,0
51,1,162.73144850812295,69.45733800819424,26.228602679111024,108.05042563606463,77.4851513114791,3,1,0,0,1,0
38,1,151.3029952589837,83.43592806107719,36.44668638573439,142.8250282908332,75.0021931215531,1,1,0,0,1,0
65,1,149.4843872675053,52.26812097267714,23.390807581890595,160.61372215512822,72.53690105262724,1,2,0,0,0,0
48,1,172.2426728844444,63.455559041190725,21.388885813883565,116.88313011132563,87.49187465440812,1,1,0,0,1,0
55,2,167.00397911784523,92.19946922484841,33.05786356577969,132.89416360153453,83.07354889794608,1,1,0,1,1,0
53,1,164.46025637011806,79.16662444657159,29.26983011651352,138.80765049709336,83.58125259856547,1,1,0,0,0,1
50,1,160.0587660953171,78.72861654283007,30.73078758653699,136.91005413439885,81.04233124050441,1,1,0,0,0,0
60,1,161.20218626915138,51.55154261417938,19.838087910296476,132.25073344837043,85.11476342658898,1,1,0,0,1,0
61,1,148.70224753118916,88.05376788689361,39.82106576382104,133.03119150625713,84.26636764847265,1,2,0,0,1,0
43,1,156.9780568993931,45.671194299611685,18.533799928173327,141.78137944089812,84.61209744618168,3,2,0,0,1,0
35,1,164.73553397357028,54.37831759852575,20.037853218009978,111.00358652619052,75.06101799896103,1,1,0,0,1,0
48,2,167.72035809197018,53.385184903787135,18.97794524707757,145.9648264968892,85.0643833739552,1,1,1,0,1,0
55,2,170.50742361376658,71.62969547693118,24.63806067496089,126.19426507706783,80.88986950780502,3,1,0,0,1,0
54,2,156.9023179628218,72.29760698819857,29.367380041166914,143.38148132697492,91.60054252838702,2,1,0,0,1,0
55,2,166.01565391010354,77.19048892280772,28.00694322587348,114.55430171970481,87.02315332574184,1,1,1,0,0,0
60,1,170.9416211447143,67.88833129147642,23.23268997636846,141.2796005514083,65.40843527373858,1,1,0,0,1,0
59,1,175.89610096504268,91.9886563894496,29.73184431931551,155.47033972036488,74.8663830175992,2,1,0,0,1,0
50,1,177.12702607344016,80.51343720330931,25.662484825415564,116.21783226986562,80.10857975877427,1,1,0,0,0,0
43,2,167.45411836190152,54.073900582335284,19.283951571910666,161.54376772063387,77.46988343090493,1,1,0,0,1,0
47,2,150.42877572569506,62.295881092428644,27.52944720278314,177.45718890244538,68.25210396973146,2,1,1,0,0,0
61,1,157.298933882419,98.3885301660179,39.764260879276016,115.67767830266307,70.83739169358651,3,1,0,0,1,0
48,1,157.53284491532992,52.553632022520716,21.17680822296408,126.556733668559,84.16072656333677,1,1,0,0,0,0
60,1,198.0720085900729,53.34723020110625,13.597706546265398,110.66248566393031,93.798256215446,1,2,0,0,1,0
57,1,170.1812675452939,81.39140654165733,28.103152856885462,133.07019605891202,60.0,2,1,0,0,0,0
65,1,168.75909404194047,50.15785083098142,17.611832605394888,106.56001860041604,75.9317597611638,2,1,0,0,0,0
52,2,157.79697244380685,73.93948467591052,29.69470988469662,166.81566440924513,85.69467966119718,1,1,0,0,1,0
37,2,168.57429073568173,76.46055130833872,26.906347255616524,116.51695095096072,73.35302969397377,3,1,0,0,1,0
65,1,181.95548659475452,64.71164487657815,19.545740469591717,106.32058526262041,70.38777647357833,1,1,0,0,1,0
53,1,176.5644282979394,84.84320476042237,27.215144185778925,142.868685013196,81.0651940359963,1,1,0,0,1,0
52,2,148.48252214252636,49.68431325554624,22.535573744835936,140.54724828851826,89.23548092331971,1,1,0,0,1,0
62,1,166.31970538639615,70.90839243294099,25.633636738965585,133.4712246966037,90.32087894803591,1,1,0,0,1,0
50,1,161.9257470558448,75.97414643718662,28.975704953074544,113.88263631683469,79.48676131950141,1,1,0,0,1,0
45,1,173.44450283774597,76.42530599977644,25.40481908976711,143.91780003399776,77.58883071505893,1,1,0,1,1,0
50,1,170.1855285709306,79.45827822261067,27.434300694441234,152.65114955807118,75.88364367011118,2,1,0,0,1,0
56,1,138.43979127985742,83.73677847521844,43.691240642626056,145.62755178318088,88.56775504687087,1,1,0,0,1,0
50,1,156.08146695674816,85.21410694719722,34.97911526111293,142.2325904611111,85.39614375189889,1,1,0,0,0,0
65,1,152.4395858412758,66.80069747483697,28.746533194349567,165.96935716998857,65.8497399694757,1,1,0,0,0,0
46,2,177.03180755867896,66.31495375391845,21.15966870600702,123.85905624004161,79.1699346198345,1,1,0,0,1,0
47,1,168.95884840854438,74.04273216104913,25.93704850200118,133.00997468556892,84.97118493049905,1,1,0,0,1,0
43,2,153.0568021467069,74.58751680328228,31.83910697761701,127.29880343533821,76.01122421981859,2,1,0,0,1,0
65,2,154.67155670631297,90.16742993967395,37.69022915690535,130.8586878704684,67.44802011041412,1,3,0,0,1,0
64,2,165.02445058931238,60.11084269427261,22.072738863576753,115.86901827795967,91.21663579871236,1,1,0,0,1,0
50,2,161.2204819618358,70.54260351822974,27.140075651671438,130.91803808437794,88.56404183529337,3,1,0,0,1,0
47,1,164.09889001155142,70.02764403099496,26.005082062026688,91.78058690252277,86.80172057799476,1,1,0,0,0,0
40,2,162.90598632605634,74.7447040080111,28.16477843216859,90.62178680237139,75.68150352291929,1,1,0,0,1,0
62,1,165.73346357152775,96.43848811024385,35.10993133864599,141.06982199113205,90.83447364705272,1,2,1,0,1,0
57,2,162.40838849509518,59.49229500827886,22.555050754353733,129.064143392705,78.36840882571812,1,1,0,0,1,0
57,1,149.2364188302023,79.23207600681638,35.57553152566221,120.60189217639613,89.04728663968395,1,1,0,0,1,0
50,1,159.6781530341116,87.07350571964278,34.15033977948897,133.4786692326303,84.98869917988254,1,2,0,0,1,0
61,2,155.88922828641702,86.99113525533585,35.79668287328615,117.5835267564454,79.79895247017856,1,1,0,0,1,0
53,2,162.83105344436785,74.44641056801679,28.078202247645688,110.81959734003016,99.8240808811213,1,1,0,0,0,0
44,1,165.7842128422704,64.35187331745084,23.413958855664486,106.97559334194534,77.39093159240679,1,1,0,0,1,0
46,1,146.49616205907216,50.62729238255446,23.590231736533582,121.3318207077082,65.48197648843013,1,1,0,0,1,0
54,2,153.6840107852556,74.18967239235775,31.411312337363228,140.35664842112837,86.93478984051261,1,3,0,0,1,0
43,1,157.12476216088046,79.8054535836483,32.325355048596435,123.50937901797903,87.08874208962264,1,1,0,0,1,0
56,1,168.14511165815193,60.24405506765377,21.30814801553341,100.7137791019335,88.85294252942013,2,1,0,0,1,0
46,2,164.25178228041702,78.29992746694776,29.02292491393089,106.83971828902698,64.52947423249569,1,1,0,0,0,0
49,2,155.8037490778839,80.15435970200934,33.019564543363586,127.00909054224623,86.65197346163612,1,1,0,0,1,0
49,2,158.02900878619417,76.3507135438844,30.573099380879,142.183608281546,91.7623056142844,1,1,1,0,1,1
50,1,163.50217704631348,64.92734550144439,24.287374420772576,111.98343777212398,64.36343386666056,1,1,0,0,0,0
56,1,163.70404199515667,92.40100121998655,34.47925487389794,146.39038114008594,60.0,3,1,0,0,1,0
44,1,160.66699827911154,48.943094651138466,18.959988358995062,110.957695574754,85.34884401617471,1,1,0,0,1,0
48,2,154.29398304622157,85.37806739613616,35.863142286256085,125.17123869347554,69.55214707827827,1,1,0,0,1,0
43,1,159.45173243983245,73.95395669783306,29.08726785723621,122.41233411194843,81.71001150016279,1,1,0,0,1,0
49,2,161.5398742559908,60.43745823527813,23.160434907956553,128.072299386089,88.43896560949351,1,1,0,0,0,0
46,1,159.58576713814747,77.72787918237384,30.52027952177819,115.32160686187532,80.45675558534818,2,1,0,0,1,0
53,1,182.06231102099636,56.75762307645189,17.12316719303005,123.96693274889961,93.68064733756641,1,1,0,0,1,0
55,1,168.49380522183537,73.71462960526402,25.9648495741291,108.98225133979561,90.14351610813792,1,3,0,0,0,0
65,1,164.84962237843794,52.169243749736154,19.197232641440465,151.3104298367965,71.6258529533804,1,1,0,0,1,0
49,1,161.5498523049103,86.05938307336781,32.975022295344345,122.0418622076705,71.11431437397839,1,2,0,0,1,0
61,1,184.08344682092695,40.908136984336885,12.072027787094482,134.84349720880985,69.1073349623615,1,1,0,0,1,0
49,1,166.0508240051922,59.63341002755017,21.62756242659411,117.65171560377317,71.00059287928225,3,2,0,0,1,0
48,1,174.2247642724595,79.0554023961099,26.044245616760005,138.56078173406823,104.87828727056873,1,3,0,0,1,0
57,2,163.42839836113495,70.65074457749603,26.45219369253697,122.7411946105121,83.64278578705185,1,2,0,0,1,0
59,2,167.94815995079676,78.57538991217524,27.8571090749338,132.57903926242787,82.92408996347794,1,1,0,1,1,0
60,1,181.57811549257124,64.55713256257873,19.580204489985242,135.5190070791024,75.96187397693332,1,1,0,0,0,0
56,2,164.7863501553684,51.21649421732183,18.861115658247577,115.75253640756031,77.55707063513957,2,1,0,0,0,0
53,1,169.14009397078738,77.49433577168695,27.087992783462777,112.9584710030535,84.08503560756157,1,1,0,0,1,0
64,2,161.8509140217636,89.23268942760826,34.063845155278806,119.55466662636235,82.95053240344168,1,1,0,0,1,0
49,2,165.52397703606206,80.64686979811557,29.43511184704781,115.27033814067048,68.16083212575003,1,1,0,0,1,0
47,1,173.81151650030034,80.06798806731604,26.503413854827926,112.65725532874016,89.52532086181321,2,2,0,0,1,0
48,2,166.97376021761016,82.46651783266975,29.57884433057383,166.48518828617892,76.6321039269889,1,1,0,0,1,0
44,1,170.26961802885674,63.45514741008895,21.887317294437302,122.65615221061356,87.1528903316493,1,1,0,0,1,0
48,1,158.59729389485153,65.82437560689773,26.169486599765676,117.09999603669705,83.25368926133471,2,1,1,0,1,0
63,1,161.37929810903276,108.00076910091586,41.46972961280284,147.525162447129,71.71673049182833,1,1,0,0,1,0
42,1,150.6774288045172,74.95139450141107,33.012872614892224,118.22220164868186,94.01755494923466,1,1,0,0,1,0
64,1,158.8112686401403,64.48082631230726,25.566304910960756,139.9950686143175,77.34527110594097,3,1,1,0,1,0
42,2,161.68236795167743,84.30729848147482,32.25075239049125,126.9703721724867,68.94453065534685,2,2,0,0,0,0
60,1,164.88178983230566,81.54502828741775,29.99522343658864,90.11996177777255,62.29199649628013,1,1,0,0,1,0
34,1,154.21037844085885,83.21799265000885,34.993713335806675,106.64872482361938,79.17258035057132,2,1,0,0,1,0
64,1,146.3936935123635,89.74940304679632,41.878086757364706,142.0621880139878,63.237830728049126,3,2,0,0,1,0
48,1,154.98627692864483,61.1325207345384,25.44988429685042,126.87795557947182,74.07222900372452,2,1,0,0,0,0
54,1,157.8502920428322,61.31459297171601,24.607815964044143,124.03105288208081,75.89850282171022,1,1,0,0,1,0
52,2,171.91386874187478,81.3569769347714,27.527893228909768,114.83094710444448,91.87932076950557,1,1,0,0,1,0
50,1,153.5840957501568,66.49955009534048,28.192021433231137,127.58820231248508,82.96122873081991,1,1,1,0,1,0
63,1,172.70684214091483,66.67668794023454,22.35398380817793,152.5706958076944,85.97075213379395,1,1,0,0,1,0
60,1,175.3240150697712,79.46054903929355,25.85048799265212,148.97954388056112,94.015225179085,3,1,0,0,1,0
52,1,161.92625841504466,54.30545086674427,20.711371658262912,123.39702107429771,94.98942855183574,1,1,1,0,1,0
56,1,154.6142472081626,61.0842121278503,25.552297552555714,126.25640391487563,97.81961344676898,1,1,0,0,0,0
59,1,151.34004584094683,46.10621914353367,20.130371409864374,155.71058271633274,79.21281163919052,1,1,0,0,1,0
50,2,172.20877872032037,71.27884193073379,24.03532846272353,147.20634933513838,84.21865293718977,1,1,0,0,0,0
58,1,170.97388710101723,70.04371708702573,23.96125793290153,152.22857522954473,71.19736002462561,1,1,0,0,1,0
60,2,168.09538839012484,73.99992947004937,26.189047773390417,129.6533731977908,92.77372224489699,1,1,0,0,1,0
48,2,152.95704648637735,79.63730732190854,34.039062420448104,122.60368018750215,71.8766589168605,1,1,0,0,1,0
45,2,162.39338230733557,77.69225562120478,29.460565283215637,125.57846095529437,99.53202401439194,1,1,0,0,1,0
55,1,165.36953628182147,70.4815732509651,25.77297618354056,127.83941888195874,87.80277668439174,1,1,0,0,0,0
46,1,157.67068101176747,63.82385399566215,25.673267067585265,113.11733635880313,68.8604032176924,1,1,0,0,1,0
55,2,168.95517392686156,89.19621498686926,31.24664793571961,121.401012406706,68.35927524500138,1,1,0,0,1,0
51,1,166.26260259232393,86.3636161262994,31.24220440387383,114.18506376550184,79.21848433771004,1,1,0,1,1,0
59,2,168.49669257534737,65.50278796254928,23.071563366280344,129.2879489974212,79.64416270617329,3,1,0,0,1,0
59,2,165.48953757867815,91.59501545906558,33.44496574151394,160.59314069471594,87.63706959048392,1,1,1,0,1,1
65,2,161.00692684635584,40.0,15.430175653285426,127.46038152973155,77.62541895507619,2,1,0,0,1,0
61,2,162.33119923891772,55.16891396148421,20.935842407319324,108.75027925008929,63.03035291136395,1,1,0,0,1,0
56,1,169.11431604474623,55.778819334387734,19.50332107062818,146.48303883159141,74.34056726377128,1,1,0,0,1,0
48,2,180.8853879298222,68.23369587455142,20.854122687888488,129.1568609711138,79.03168982198406,2,1,0,0,0,0
46,1,161.8231500241454,90.75079509954065,34.65525805299143,132.86970123221528,79.81297288367337,3,3,0,0,1,0
56,1,163.88429795568695,64.76280941509997,24.112985785444167,123.80245042542664,85.51175175897946,1,1,0,0,1,0
61,2,165.47474853990855,46.883540048339256,17.122096367925998,137.12931143013367,82.89044384651673,2,3,0,0,0,0
59,2,168.88423949614145,74.58653199490193,26.150630810014746,105.29524741467891,60.0,1,1,0,0,1,0
52,1,177.68588049373693,71.35483629853869,22.6004755096138,118.24586786450881,78.65069175360088,2,1,0,0,0,0
49,1,174.04638823828452,58.21185387212788,19.216814581738184,117.8781074789247,65.8679030898486,1,1,0,0,1,0
60,1,176.31426884935777,58.915908861733215,18.952114024463768,124.30846402959726,87.47042949861786,3,1,0,0,0,0
54,2,173.15079857303482,76.58546582672696,25.54449730579386,155.17909331622778,93.17066149788045,1,1,0,1,1,0
41,2,158.9555763660338,80.31406241526288,31.78630582358426,145.1197064177473,68.60751364836582,1,2,0,0,1,0
63,2,171.75974648247768,67.3481740221422,22.82879796387208,134.6145870574916,89.96634492965816,2,1,0,0,1,0
38,1,161.62235863175593,88.53431379200737,33.892901139197186,119.9531960830288,73.2572935243551,2,1,0,0,0,0
47,1,155.24771010156695,71.8119194176089,29.79518790998278,139.02361168230837,70.60224895771971,2,1,0,0,1,0
50,1,147.1981350563531,98.42133699042594,45.42392362461995,137.14451657018233,79.98469108205337,1,1,0,1,1,0
57,1,147.43171305118764,57.52889804384937,26.466970404958612,114.29652341006033,80.9849058058037,3,1,0,0,1,0
49,2,151.86205231274593,61.6931800262344,26.75091413313826,106.4349854577957,87.67079184684067,1,1,0,0,1,0
48,2,156.16268682968746,74.61440626510435,30.59624587904486,95.17507111573852,83.32007712375133,1,1,0,0,1,0
52,1,163.0047085735378,67.86134272158844,25.540073874237972,119.23016614466847,75.1588867462603,2,1,0,0,0,0
60,1,173.7849532083588,73.71747126529233,24.40878076042161,155.63269033896216,97.04837635985865,1,1,1,0,1,0
50,1,171.85519049913572,79.75296524148159,27.00359166156932,90.85413256648985,76.26991188437876,1,1,0,0,1,0
65,1,161.34649028573105,70.4785695088508,27.073102973633212,100.37543268634404,77.71172943385957,1,1,0,0,1,0
54,2,168.75989099908745,76.18077352912464,26.74896027106661,132.1287035382488,69.73727512841693,3,1,0,1,0,0
49,1,165.15106181657907,96.28718994544,35.30252521132107,133.30326650069657,75.91156745469192,1,1,1,0,1,0
50,2,168.25906885847925,50.62089231689768,17.880219006680264,147.82816867424583,79.23560039019519,1,1,0,0,0,0
48,2,163.2689941447347,86.1505260619474,32.318448184761316,106.75385333006064,94.48348687693176,3,1,0,0,1,0
57,1,182.54506679473533,69.93944157196098,20.988526923173012,100.44619437320375,77.12965272369496,2,1,0,0,1,0
51,1,166.5882205102564,92.03339522866342,33.16323327365636,108.67813689579043,84.98259405271826,1,1,0,0,1,0
51,1,173.9792521079847,72.85164638594581,24.068246553411576,106.61278710501573,84.3501161769106,3,2,0,0,0,0
48,2,167.6770526033655,75.12838380414489,26.721250806570854,112.46617636988618,92.26755642165094,1,1,0,0,1,0
65,1,175.12104998531538,92.90984165259015,30.295980662559604,119.57543142409922,65.74941129783437,1,1,0,0,1,0
40,2,170.00992439949522,90.38618356651949,31.27184471037935,142.9596252766091,89.72900121526425,1,1,0,0,1,0
50,1,165.46122666780064,103.70350916957476,37.8792152526335,101.19073511535296,82.8512031725186,1,1,0,0,1,0
55,2,172.86766056778865,76.1200603460791,25.472502558061198,131.039145095537,75.77856062682416,2,1,0,0,1,0
55,1,167.933711923674,91.64936584524787,32.49777961993707,146.22944819050548,75.43883570354645,1,1,0,0,1,0
53,1,164.29473589394584,92.38182098376147,34.22466622677539,131.79817046438853,81.90627854790837,3,1,0,0,1,0
58,1,170.79019710782453,92.5420711858028,31.72585505335909,152.3713027339424,69.19006894196808,1,1,0,0,1,0
54,1,165.96129503636215,72.98318025327164,26.497759483105046,138.45562383303115,77.41414518423194,1,1,0,0,0,0
51,1,171.5921375247921,77.41397952343988,26.29206060553801,103.2300267899578,83.76975607099114,1,1,0,0,0,0
46,2,177.43755778793144,86.72285216112935,27.544979277536985,121.42443747906611,60.0,1,1,0,0,1,0
55,2,160.98458686389304,75.48246928002514,29.125775933631807,160.20118818716702,84.51845576345225,1,2,0,0,1,0
45,2,150.4415796320234,65.38224918019371,28.88843976844349,105.57123830566277,83.24411820986667,1,1,0,0,1,0
39,1,166.064287489173,70.17226017339576,25.445616178875017,119.18262102872211,77.19350265657343,1,1,0,0,1,0
59,1,157.29174437488174,78.20040600503926,31.60800972063405,140.1570855455221,81.39558594018966,1,1,1,1,1,0
51,1,174.41539704283892,68.0018249490068,22.353777613815243,146.85875013445707,81.95950192953941,1,1,0,0,1,0
49,2,168.47844514781556,69.95755677838541,24.645971499438012,109.04133523255393,80.26634039289341,1,1,1,0,1,0
51,1,156.91651340810165,94.40281137460437,38.339604494850725,141.77725028244672,73.66972983667407,1,1,0,0,0,0
52,2,154.51150880268588,57.65188663682744,24.14859439907982,139.59337108975933,86.0882043898533,1,1,0,0,1,0
50,1,165.91284443181624,84.02254299308255,30.52360351056066,145.98998769745378,73.65629320480475,1,1,0,0,1,0
51,2,157.46970714533776,81.68081959254226,32.94018600803527,153.63078909300958,84.41736344928518,1,2,0,1,1,0
54,1,164.37450041379032,57.37438777611669,21.234848780298062,135.01459205755614,77.30015127973164,1,3,0,0,0,0
52,1,153.48261161001528,87.77286332025828,37.25991890277999,143.36885447788674,69.01308395993235,2,1,0,0,1,0
56,1,180.45508617415402,60.26197132662015,18.50568135721497,110.01228998249343,83.19887583439792,1,1,0,0,1,0
65,1,167.94665074630683,87.28285028993166,30.944696333447443,156.27981795604853,79.16100827415595,1,1,0,0,1,0
59,1,169.59605001727186,65.05670483698171,22.61833312121246,111.83931744697229,90.89912017315633,1,1,0,0,1,0
56,1,176.95376254977057,76.03152455946918,24.281420836060533,112.89669315538445,75.40457962069027,1,1,0,1,0,0
53,2,160.52215818917705,82.03382222080631,31.836327746127907,103.66457442772112,78.74959861917243,2,1,0,0,0,0
55,2,183.56235080844823,74.95529819797262,22.245138522934145,122.51786171248979,83.64184899304385,1,1,0,0,1,0
58,1,170.77022952852724,71.89447409762114,24.653080109270938,124.88660936906766,81.75137436724668,3,1,0,0,1,0
56,1,161.53740123550094,71.84414063956892,27.532469750633137,124.24423011484947,85.98891171468384,1,1,0,0,0,0
61,1,159.04125287403693,102.71496172181625,40.60823671738843,111.77832023509954,70.82986580643166,1,1,0,0,1,0
60,1,171.7534603726952,74.28163551778643,25.180854639355502,128.67938352297773,71.62076317738959,1,1,0,0,1,0
51,1,163.8503483025375,90.80534177660208,33.82335310657189,116.86816724508448,92.29358302674798,1,1,0,1,1,0
49,1,166.62593447593125,82.88522660315653,29.85327166392577,100.09585569008183,88.9500816825324,1,2,1,0,1,0
56,1,153.3346083660858,68.57176393310279,29.165199048112626,131.77550610840365,74.0234825442001,1,2,0,0,1,0
64,1,176.2093303383899,74.6659257134695,24.04720758812325,115.62349757797233,73.3091940452815,1,1,0,0,1,0
45,1,153.47343808391406,73.61810735753518,31.25490646759919,139.74308012599076,77.82471175014187,1,1,1,0,1,0
56,1,152.18740656519208,75.1515550019933,32.44744752252322,95.55205007559313,83.20279789987796,1,1,0,0,0,0
52,1,162.9770506416871,73.8538695510879,27.804836557491793,142.99894756192884,91.69819538633644,2,1,0,0,1,0
52,1,162.5861788416706,85.76037409952167,32.44288135647959,154.4757259168064,87.48651498503678,1,1,0,0,1,0
51,1,168.24706488508846,71.39782483705329,25.22260785843914,138.2283560796301,75.68450621692934,1,3,0,0,0,0
63,2,167.54285633518901,75.4723552608262,26.886611559924066,122.0585965880957,68.09751642681803,1,1,0,0,1,0
60,1,176.46106822618353,52.74648469127347,16.939309897480683,137.82015350422384,69.18861371554175,2,1,0,0,0,0
54,2,166.64650712303603,83.70234996168558,30.140136882090832,119.39212083511235,64.31001221447376,1,1,0,0,1,0
49,1,168.03934913840322,77.56549418945949,27.469236113326478,160.7875027507177,95.63587179244877,3,2,0,0,1,0
59,2,155.36310255110965,66.15243880594768,27.406279907342107,116.25943761668256,77.89369195001827,1,1,0,0,1,0
55,1,162.53474999372972,68.18990803888366,25.812356202548767,152.3058373408035,87.00930358425359,1,1,0,0,1,0
50,2,165.379905029773,114.16841104885413,41.74269458871876,106.30709082946717,90.17787462609576,1,1,0,0,1,0
50,1,151.84077989368114,77.66169071667484,33.68449102733572,135.91026193959544,73.20665183991377,2,1,0,0,0,0
54,1,161.68182834965654,69.28706614461122,26.505118414998677,125.64185390345239,66.02729094319614,1,1,0,0,1,0
41,2,146.74265414688813,63.9538229433318,29.699816796982482,148.53483750159302,89.26581024080457,1,1,0,0,1,0
52,1,156.01770977341764,65.12277451996003,26.753776716455118,139.4783453378325,72.64370288497878,3,1,0,0,0,0
51,1,145.78237604936157,84.77102588893335,39.88755263411907,130.08848044717777,72.24367490502243,1,2,0,0,1,0
49,1,169.7757994897363,64.99789778987372,22.55006209154295,141.28692361960682,93.68745495881217,2,1,0,0,1,0
57,1,179.7188209666683,63.45089576930789,19.64493680539116,143.78172701466954,73.16575910326287,1,1,0,0,1,0
47,1,171.48667379229934,91.8049115839505,31.218006250608987,111.82679060346834,83.82964278698631,1,1,0,0,1,0
54,1,162.19935047447058,90.09757227015382,34.246395455325676,131.88632857704843,86.24384470587017,3,3,0,0,1,0
50,1,159.6791659855437,40.0,15.687851877268603,131.24357377620677,70.81403301789622,1,3,0,0,1,0
50,2,161.58948988110131,40.0,15.319118352670941,146.5883956019819,75.33502173464956,1,1,0,0,0,0
49,2,165.15927050665195,57.7295554325122,21.163734328567696,120.91561490126769,69.21135318159959,2,3,0,0,1,0
65,2,173.7140714730686,86.8494852261284,28.780428125228745,152.1595552674784,82.22804093927506,1,1,0,0,1,0
53,2,167.8050625839789,84.00852904503272,29.834122061187706,153.35859268497492,99.98392601153964,1,1,0,0,1,0
47,1,156.92749870050534,85.50316904794046,34.720350964788395,121.85695074406848,88.83469757775374,1,1,0,0,1,0
42,1,162.8789879928943,72.7859827300458,27.435799822552266,141.32964999979478,75.84714510310287,1,1,0,0,1,0
43,1,167.12231702134923,69.1872357293986,24.771772509722958,110.87946273316705,72.49861329152344,2,1,1,0,1,0
46,1,154.8625586825139,69.49160501354321,28.97606995360726,131.66325758506963,100.73011415042188,2,2,0,0,1,0
49,2,165.9029862355884,61.88502019825118,22.484183980896383,124.78066739560506,92.65358403684607,1,1,0,0,1,0
51,1,170.99272179926513,76.88224494233522,26.294856527886854,127.7972057250846,82.12954991044656,1,1,0,0,1,0
60,1,157.89707225838336,55.383918787072005,22.214448051051303,145.16088791249288,73.46328955946765,1,1,0,0,0,0
49,1,147.0476075554793,70.72455347494969,32.70802252821895,124.0866132598264,76.67223925809829,1,1,0,0,1,0
55,1,160.12391592462333,116.01037642926184,45.2464417201054,149.25781580724964,77.40641049896227,1,1,0,0,1,0
52,2,157.0747291448945,56.241063658939844,22.795067716064302,97.54043810024832,79.48678115334636,1,2,0,0,0,0
57,1,167.6674487746649,83.67740187128537,29.76532815083078,123.88878809891516,75.12260579509291,1,1,0,0,1,0
56,1,171.22531238311484,69.89055457052912,23.838699114697192,163.54741842297597,78.02789169545541,1,1,0,0,1,0
53,1,165.6624320797384,60.25793306331137,21.956654335049887,123.60493148864619,88.01590483914262,1,1,0,0,1,0
52,2,164.11235534757554,70.0531403264087,26.0102814402147,149.69937966450686,85.10180558144418,1,1,0,0,1,0
65,1,151.79106778963,83.18080430530608,36.101951901479964,160.34550613930583,77.57161306780006,1,1,0,0,1,0
53,1,155.44569470589056,60.966240076325576,25.230857785270832,135.8563154989918,78.34457046456133,2,1,0,0,1,0
45,1,168.22426755433236,85.08951450619679,30.067599276051638,120.21339872048245,86.21237628100877,1,1,0,0,1,0
49,1,156.163728338134,54.510127267821595,22.35202414697318,135.09457154294392,87.5763317399417,1,1,0,0,1,0
41,1,166.09787131391454,55.399233115878374,20.08055073050496,122.6981441264042,78.41266267515846,1,1,1,0,1,0
48,1,174.83235880044893,73.95881095208338,24.196151008830714,117.55842999504729,73.12643901567581,1,1,0,0,1,0
43,1,157.30160723249898,69.07725360257335,27.916999725252946,131.40105930230965,88.44503644715934,1,1,0,0,1,0
59,1,166.00988283939262,63.93900943825478,23.200535954996315,117.10783616130902,98.17997790755454,1,1,1,0,1,0
65,1,160.91076260022095,74.86424590492855,28.913739786276622,136.33036009937217,80.26790995825765,2,1,0,0,0,0
54,1,180.2154898164968,73.90963298342767,22.757094479265398,90.0,79.56543282678257,2,1,0,0,1,0
47,1,178.04193924445337,100.17966284106848,31.603481918715197,131.65638826351494,91.67907438012347,1,1,0,0,1,0
47,1,158.52480422404898,75.38633861281909,29.99840746839785,119.50435764791607,74.73329817535065,2,1,0,0,1,0
44,1,151.90473133595572,84.31194917562944,36.53814776883727,103.34322245906893,80.09132936917257,1,1,0,0,1,0
43,1,181.57652398539338,61.892270452491445,18.77227980260588,108.25607391508271,93.7458735825486,1,1,0,0,0,0
51,1,157.31352768788403,65.90413184530824,26.630572527204954,110.37902424977345,78.21520081191743,1,1,0,0,1,0
59,1,155.6715944410679,53.149815488138366,21.932241227213172,127.57508338773077,87.85523478444964,1,1,0,0,1,0
50,2,168.89263130359112,68.86890035977049,24.143584289683425,117.29258654583934,62.88340659008149,1,1,0,0,0,0
41,2,179.6634094877272,71.61656278214161,22.186776024752778,139.5103181801471,86.92618551265545,1,1,0,0,0,0
65,2,150.06691354801205,68.86893591440342,30.58112598785711,130.91795579649053,75.00080431467173,1,1,0,0,0,0
40,1,164.66898656992777,52.54212976996517,19.376888816100514,113.50204251244965,89.31172171465927,1,1,1,0,1,0
57,2,164.04352571477312,81.20093389809797,30.17469121112443,90.0,77.53946451876342,2,3,0,0,1,0
65,1,158.33281127021593,78.76647696782231,31.419522107487495,160.43530002710347,85.73539419546456,1,3,0,0,1,1
61,2,165.87573532826846,73.96989808727,26.883715955147224,97.36414576111547,75.80527333407669,1,1,1,0,1,0
58,1,167.81997268145471,82.72529121807021,29.373183104172927,108.78118555745738,74.45474844517996,1,1,0,0,1,0
39,1,159.43027387845805,68.08536400592867,26.786266129951443,122.90487924365003,71.46480255206778,2,1,0,0,1,0
58,1,165.60199614709478,105.72284329707293,38.5511821202274,138.1638566289284,77.43561316251454,3,1,0,0,0,1
48,1,170.85088239244217,63.15299225844507,21.63512857254195,155.2720503443789,76.47644691206519,3,3,0,0,1,0
52,2,149.74553961477986,75.88142645548814,33.839792864165474,128.73501576722023,77.45324492736185,2,3,1,0,1,0
43,1,171.02483393974867,62.20497497438225,21.267026140154652,111.40715279824221,83.16998263280541,1,1,0,0,0,0
44,2,162.27546980052915,58.85118024195641,22.348553901255833,122.04248172809191,84.6507823880067,2,1,0,0,1,0
46,2,161.245823369782,45.45802996748894,17.483712730276828,142.73028543818904,81.24704708813168,1,1,0,0,1,0
65,2,164.3546971246709,84.97981567479988,31.459480302843755,139.50764615266783,85.4408491294044,1,1,0,0,1,0
46,2,165.73687847977763,75.76585907003161,27.582602569821294,133.96955880880483,87.78882809234423,2,1,0,0,1,0
43,2,168.69427495783106,89.75758214097743,31.54063678107052,117.66084677308505,78.39065322614157,1,1,0,0,1,0
36,1,160.9978432847564,70.89398383649201,27.350751603093858,136.21878018111693,82.10906433354438,1,1,0,0,1,0
65,2,151.52392896771727,76.78583662096403,33.44403541451815,91.94539983754017,64.20841094145462,1,3,0,0,0,0
57,2,174.93184803879296,82.05968121448588,26.81588022149939,134.05981908120907,63.86839508588351,2,1,0,0,1,0
49,1,153.92515627605613,57.39377352326285,24.223984128845768,144.8479884981672,94.5434817998936,1,1,0,1,0,0
36,1,160.73590480853068,85.23523796560896,32.99084044815529,161.82824497257246,82.8823606220252,3,2,0,0,0,0
45,1,154.16725478393948,63.98701012538232,26.922013610119887,117.32732686047297,72.07015572298315,2,3,0,0,0,0
47,1,168.3436686754187,67.36698126653556,23.77133169710803,128.3485352537608,75.34830982841673,1,1,0,0,1,0
65,1,156.69655549759787,80.41235135460477,32.74943876383118,98.37682538339757,80.31160717929684,1,1,0,0,1,0
47,2,174.58884197866948,57.241864155592936,18.77936054009182,156.17281366575102,60.0,2,1,0,0,1,0
57,1,161.37428609007188,83.16922358288161,31.936989772831097,127.73948330008281,85.55306925354942,1,1,0,0,1,0
41,1,162.81869894188742,83.49848623239473,31.497061760579477,151.96040510419624,92.36066671120989,2,1,1,0,1,0
50,2,159.2795056669521,60.94359765838605,24.02195172366598,151.12832910354518,77.08628746414301,2,1,0,0,1,0
59,1,156.45911869348444,85.34163841142089,34.86255537328223,96.12086095620703,85.05660587598592,1,1,0,0,1,0
48,1,176.2881536327967,79.07014361563812,25.442879979668668,130.87221741735155,75.19508415616829,2,1,0,0,1,0
43,1,165.53047282321268,78.80001552184339,28.75877558599693,96.2949328019284,83.69356723385548,1,1,0,0,0,0
58,2,159.59516233356453,83.68453485813494,32.8553244974172,135.9380117763124,76.81183219707653,1,1,0,0,1,0
56,1,165.6184356747672,60.98875773536108,22.23475922281916,90.0,78.59818714415204,1,1,0,0,1,0
55,2,147.94010090652435,62.56845067249931,28.5879872595129,114.57907440772897,77.36009610530135,1,1,0,0,0,0
60,1,172.86911743134056,63.06187039294824,21.102408125016144,145.11581930746445,76.3922897742412,3,1,1,0,1,0
49,2,156.07818794401743,88.31691483921888,36.25429472147496,115.35898679222481,68.29230635881972,1,2,0,0,1,0
55,1,157.17553423408575,59.92245203980943,24.25602804726474,146.45806037194657,80.03058788196854,1,1,0,0,0,0
45,2,167.423082683426,72.38234699736515,25.82272039241571,103.93637383558423,96.17579592774825,1,1,0,0,1,0
51,1,161.89939173521856,74.54031756308703,28.438114891896348,139.7027782367981,83.92589579440916,1,1,0,0,1,0
53,1,172.1655334129473,63.45577117757529,21.408128431953177,130.30635265323764,85.0406969611096,1,1,0,0,0,0
38,1,163.65091870143667,72.03140892115148,26.895833910149587,143.9305603537421,87.44603487550177,1,1,0,0,1,0
48,2,170.412560868929,79.54395612367672,27.39075360197264,133.63162035036274,79.82793781212136,3,1,0,0,1,0
57,1,173.72876039228265,57.97633005120073,19.209111570106256,145.20844663633275,78.46231199907315,1,1,0,0,1,0
42,1,159.13616862551993,95.6400870571423,37.76610247963992,120.35078156684203,84.83639191776719,1,1,0,0,1,0
48,1,167.28347496279122,72.55001240959503,25.925754733587414,130.69396898539105,73.96097061139405,1,1,0,0,1,0
53,2,165.96313979869174,59.81005108375135,21.714552731133757,151.54204115019246,73.84498605711354,1,1,0,0,1,0
65,1,160.5742089851353,95.41902477892432,37.00695832228616,103.96344938789744,63.0887925623483,2,1,0,0,1,0
59,1,163.45945667162158,71.34690747092455,26.70269230071385,147.5312182648207,100.189610297891,1,1,0,0,1,0
49,1,171.379166404045,47.99111594270943,16.339727016096596,129.98585769237616,82.47078712606022,1,1,0,0,1,0
42,2,153.28539788300742,64.97981675565875,27.655206856924273,139.81717230861872,75.2372096497296,1,1,0,0,1,0
50,1,165.50849108681035,71.46801495137488,26.08982469611794,114.07691434031244,87.32863409703614,2,1,0,0,1,0
53,1,160.63749591641835,82.55274753991412,31.991726698693775,111.6103321516719,96.14232617450863,1,3,0,0,1,0
60,1,160.8808661448476,70.86815137616506,27.380559143449524,119.85709736887789,97.09716272507941,2,1,0,0,1,0
49,2,161.67558931674714,100.65973504318305,38.509411129058094,129.39010040082184,83.58373375705949,2,2,0,0,1,0
58,2,162.92771284626835,75.86007786676961,28.577442668802394,97.5275779400389,80.240584757968,1,1,0,0,1,0
60,1,162.13916728200746,92.49666526900711,35.18440403377437,116.13717162875353,78.24512118853217,2,1,0,0,1,0
51,2,167.94996609575486,89.76872078296903,31.824764269478443,110.51865114918435,85.38608189551435,1,1,0,0,1,0
58,1,150.4019316398016,75.43397630309106,33.347261332607154,123.30542087762494,91.7381245645043,1,1,0,0,1,0
50,2,171.94551990372585,96.9102385573723,32.77841378976976,125.49806526563069,72.44715919399906,3,2,0,0,1,0
53,1,160.43564592995642,89.74344170867441,34.865908547208406,101.97108296231906,81.2661926058464,1,3,1,0,1,0
42,1,155.55484351785472,97.75954476051496,40.40099805286166,127.11582152819895,85.456032805933,1,1,0,0,0,0
53,1,173.49404816337068,75.08249886009735,24.944198677983813,122.11488951652636,80.82043311044464,1,1,0,0,0,0
58,2,167.78970580723058,73.82123360264612,26.22108589062308,119.18829431892183,71.33043989633289,1,1,0,0,1,0
56,2,159.60964857255345,95.055679221909,37.31296723010757,114.03988783140032,87.23352377877717,1,1,0,0,1,0
51,1,164.08434116689835,82.79801382118067,30.752869388218873,128.5608669936959,83.86166301858006,1,1,0,0,1,0
59,1,173.79516794934096,69.90892717581104,23.145003053867317,131.78852702593167,90.83868956929481,1,3,0,0,1,1
49,1,171.19751893243966,86.83886875758353,29.629152173419087,109.56815586142174,82.11731129473753,1,1,0,0,1,0
51,2,154.50466880644203,55.34897410699541,23.1860282561524,105.34831880523356,88.39714584553714,3,1,0,0,1,1
43,2,164.40772579803598,45.747506824565534,16.92477823199425,118.60385505002165,91.55087492215907,1,1,0,0,1,0
57,1,164.0374898577756,40.0,14.865302845539395,148.55010275540366,87.82349726612782,1,1,0,0,1,0
50,2,161.28799726200288,71.22833022355653,27.380959633496925,134.01840995188988,88.30782553905321,1,1,0,0,1,0
54,2,171.7324234956336,65.35634354359598,22.16068341315929,137.82218915096053,87.07820947808196,2,1,0,0,1,0
54,2,163.79509245715656,76.90481696020302,28.66498849552972,108.04072444635146,61.9777433280225,1,1,1,0,1,0
52,2,169.3941626898898,71.77709417872049,25.01433670698734,112.22004545820687,97.08171876527715,1,1,1,0,1,0
55,2,150.8832218599161,73.60588102775198,32.33185460397407,131.47080584964203,82.61085445041066,1,1,1,0,1,0
58,2,166.0958852912128,54.32946883167447,19.69326438958121,161.74203596251064,100.22569208776959,1,1,1,0,1,0
52,2,165.5630945982236,76.10880838243085,27.765650433434377,104.88834292955171,70.6732688793872,1,2,0,0,0,0
56,1,153.53784512688088,62.206971675393696,26.388103427937082,127.3329075514852,79.80886296510884,1,1,0,0,1,0
54,1,159.75628904686914,95.07701871752019,37.25286063263274,127.3269183373712,67.2833862530009,2,1,0,0,1,0
56,1,169.41225603598224,55.256075111035145,19.25264404957023,140.50709534871146,77.54999038744128,1,1,0,0,1,0
51,1,162.89935801297867,72.50411586683258,27.32271899099381,106.8238849561359,77.33445355950185,1,1,0,0,1,0
59,2,158.61096437708437,90.65864419554822,36.036516962184095,130.40663448736046,96.20553346143788,1,1,0,0,1,0
57,1,164.74022835953747,57.393090069366735,21.14756072312732,149.44116180989994,90.78280987616942,1,1,0,0,1,0
47,1,159.500817533116,64.20070095475641,25.235617899060887,134.52157942843144,72.73467985518674,2,1,0,0,1,0
51,1,153.02163201097554,70.11066119594571,29.941834384587448,116.77846602306303,72.80380780475612,1,1,0,0,1,0
47,1,158.8970112731269,83.6848669514766,33.14480535159523,134.0791725502396,92.92402695614926,1,3,0,0,1,0
41,2,165.7894859350552,49.56639453019555,18.033223261236138,138.48252801223762,60.0,1,1,0,0,1,0
51,1,166.78757883531995,56.18572678235412,20.19754546317419,147.23291248031973,68.21719026488695,2,1,0,0,1,0
61,1,178.0036371371267,91.56520267767318,28.898327491428706,114.16145399042347,62.09853762381543,1,1,0,0,0,0
57,1,151.30673833179807,73.73862924969818,32.209094919226224,118.12723471290688,70.36149125015582,1,1,0,0,0,0
52,2,165.76741450666685,73.48164322963255,26.741177828339058,93.19601459044452,68.36142099340435,3,2,0,0,1,0
55,1,159.0136442223136,109.58072554584452,43.33765322825788,138.2079929397777,84.68917356587365,1,1,0,0,0,0
57,1,149.65701332845168,72.2114663620321,32.24126078131506,97.97858514096286,89.09535076293076,1,3,1,0,1,0
61,1,171.93642625217274,88.10005106162951,29.801654054426237,111.3488062628689,87.77620633819326,2,2,0,0,1,0
58,1,149.60417474038496,103.44589598053683,46.21956353127237,138.46733496530152,71.7182441667899,2,1,0,0,1,0
65,1,171.2075562408958,72.65168178313769,24.785621616997002,107.30886467018546,79.43335247660575,3,1,0,0,1,0
60,1,172.04115861049632,50.5833128419775,17.09001924592654,112.1679724294895,93.33783348112475,2,1,0,0,1,0
41,1,170.9593046427431,64.78717853846425,22.16682953537938,143.00291202133295,82.8712126005383,3,1,0,0,1,0
53,1,161.92759455522895,84.13202296419907,32.08629727017573,121.37941070511226,82.16968631832553,1,1,0,0,1,0
59,1,185.45215009784388,66.17497572050685,19.241106568831135,105.27254951639193,77.96305269214582,2,1,0,0,1,0
51,1,166.6832933952596,86.9577054607598,31.298528948632196,149.77568504742953,93.2892228343529,3,3,0,0,0,0
42,2,159.5290679827961,100.55065016764993,39.50983602634196,135.06693656286572,81.84864661884744,1,1,0,0,1,0
53,1,165.451191629202,83.73215184309878,30.588096630042003,156.3250904839427,72.81984103530948,1,1,0,0,0,0
48,1,163.35351853181177,72.54767045095596,27.187325377374698,150.4210223295854,84.77569034105919,1,3,0,0,1,0
38,1,180.21578975668604,62.05992498466259,19.108454718865755,140.5877612915819,93.75520809010928,1,2,0,0,1,0
52,2,175.410489230745,65.4061624529117,21.257272949596647,105.12172880726918,74.81676904697393,1,1,0,0,1,0
60,1,151.9295524767821,80.93689204391185,35.0640443059345,141.22784195736097,88.1509071419768,3,1,0,0,1,0
57,2,147.64551349904286,45.77627924904432,20.99906609893654,149.76609085655411,88.02351362261618,1,1,0,0,1,0
57,1,159.73676887014736,80.11034044027402,31.39632287444244,116.86886828246644,93.40845165335281,1,1,0,0,0,0
54,2,170.72848358093796,92.26558938927482,31.653941434914152,135.5972395906296,81.55778490716797,1,1,0,0,0,0
45,1,161.60436543236457,80.25071013809016,30.72859529635409,139.14002444510845,94.33284043370048,1,1,0,0,0,0
61,2,174.51588591817568,56.40811556928854,18.521308214264614,151.47307037329915,95.70423892847722,3,1,0,0,0,0
51,1,156.02088629724125,68.84259222907988,28.280802818969363,134.82722689011695,79.51924562678725,3,1,0,0,1,0
48,1,161.70430784283764,76.53441737073751,29.26938524366003,138.47760245184526,87.65198960081821,1,1,0,0,0,0
54,1,159.6595891487484,83.14303655791996,32.61638817167262,142.1486900015492,67.26061246650409,2,1,0,0,1,0
64,2,166.99449932548833,74.32970853284742,26.653736363456492,97.62750580114854,80.95856777580907,1,1,0,0,0,0
56,1,168.60475322839216,94.77553118575182,33.33930939320216,97.83015645515516,80.13397431806311,2,1,0,0,1,0
55,1,185.37165604410094,69.96201964234194,20.359901777704085,127.83293868203097,88.66182846431423,1,1,0,0,0,0
46,1,168.92987989197061,52.92793837543054,18.54692993470701,116.72042119119997,80.85316456788206,1,1,0,1,1,0
65,2,173.308721636876,61.45533020482502,20.460616667194433,126.99004661851015,79.18272196435689,1,1,1,0,1,0
59,1,171.150701865127,81.59986821525759,27.856855309885976,123.85974174162891,87.27410557198728,3,1,0,0,0,0
64,1,159.141571756058,92.31805175720697,36.451830710181746,98.05252103378712,77.24710201566754,1,1,0,0,1,0
65,2,164.5318828685663,82.5626733620107,30.498860355211857,95.83684622757298,79.95454475803781,2,1,0,0,1,0
45,1,159.2202361906847,57.515256943199724,22.68749447639941,120.5692104380417,83.28666292110802,1,3,0,1,1,0
59,1,171.45579640646125,82.00873074766368,27.896887211988773,131.79158833902363,75.37388576151814,1,1,0,0,1,0
58,1,161.6541199331321,90.47461141968739,34.622081264072285,127.60698793311374,88.22510393564113,1,1,0,0,0,0
40,1,169.06429168219034,93.14680788147724,32.58848699658545,143.64598131981114,71.26517008976083,3,1,0,0,1,1
55,1,150.40209816179862,67.64979919264944,29.9060270701723,151.7212809459916,75.70189318211936,3,1,0,0,1,0
49,1,174.24274500912185,46.0852841047634,15.179339012586347,114.25521652033942,98.49712255328305,1,1,0,0,0,0
39,1,168.8932556243028,69.82096208959439,24.477170564492777,107.23496300721375,104.78678146895965,3,1,0,0,1,0
58,1,155.7189560839897,78.7081875204089,32.45913516781693,156.3216487145115,80.2468584895095,3,1,0,0,1,0
51,1,159.2552701180497,77.04407820897629,30.37747256860245,135.457367640186,67.19593287158946,1,1,0,0,0,0
52,1,165.62796067828606,83.89155031963982,30.580945664459957,105.83714132936268,80.54192380080134,3,1,0,0,1,0
58,2,165.0798165302353,87.06468889363636,31.948766659321514,145.09623213596177,64.93037874415954,1,1,0,0,1,0
53,2,174.46731332461522,65.64847248340389,21.567334730942036,145.7850313174333,73.98459859497972,1,1,0,0,1,0
56,1,164.1020998270127,69.82583289819964,25.929124215618412,116.74682383119641,78.08674955732394,2,1,0,0,1,0
44,1,161.7140545837088,82.58228747804125,31.57849122134838,127.59433239388646,86.46447734953563,2,1,0,0,1,0
58,1,169.18543384846203,69.92617937538307,24.429459656947962,141.97473401800113,80.63626040172372,1,1,0,0,1,0
50,2,151.155638821931,47.50735836994424,20.792761695749803,167.20526892798682,66.81024676778163,2,1,0,0,0,0
46,1,181.11489172514305,74.47876538255157,22.70513809576942,135.45932845084877,72.9863238579552,2,1,0,0,1,0
50,1,165.6688528330573,96.02223610674756,34.985661135397514,105.33237093818704,81.25425890940082,1,1,0,0,1,0
58,1,151.1550637853048,74.08408914657896,32.42496708469103,119.44882979867857,96.48116948542194,1,1,0,0,1,0
43,2,171.71242364801356,91.24631237681513,30.94652476331126,139.70586291508687,76.67873269281235,1,1,0,0,1,0
57,1,173.16973084802768,76.06319631207867,25.36475124005033,160.38334487113588,66.28893625141853,1,1,0,0,1,0
50,2,149.17928245568396,94.25926911211434,42.35522958240137,170.09834237490628,78.2051982878124,1,2,0,0,1,1
65,1,160.39722054230393,72.33909886550857,28.117675712690986,118.3174708786166,75.18284526871186,1,1,0,0,1,0
57,1,167.44971066618135,67.5275407588581,24.08308568195507,121.60412329874788,80.41815908089681,2,1,0,0,1,0
55,1,150.7182582845031,88.73056199835136,39.06083282945741,131.46267132806074,84.31338070182443,1,3,0,0,1,0
58,2,172.08015514229226,73.64203401281348,24.86933643042037,131.94082659150553,82.57835936624213,1,1,0,0,1,0
49,1,161.15204640091173,85.8393315614531,33.05328874150638,141.5049870298496,94.33623063239719,1,1,0,0,1,0
56,1,157.78309096405033,59.910725036344616,24.06487755044948,129.72041852875435,95.3639589294892,1,1,0,0,0,0
51,2,166.82678916506296,77.66243040391193,27.90483089404132,90.0,80.36393455855965,2,1,0,0,1,0
49,1,196.46646764382746,59.177282766003295,15.331270496151982,120.62202461040519,77.92695593966025,1,1,0,0,0,0
54,2,153.1769026118947,61.80388171224282,26.34081364545874,140.54993796741962,99.21300188133556,1,1,0,0,1,0
52,1,153.5961031232452,59.223239366924886,25.103354773188133,141.4507491290959,92.97563619975969,1,1,0,0,1,0
62,1,172.7614042007114,85.59182082766021,28.677336656338678,121.99368827436983,77.55841552771426,1,1,0,1,1,0
55,2,162.13681752542286,81.54826616222886,31.020689246626695,118.13123585728418,77.32207076405041,1,2,0,0,1,0
55,1,161.92692961957027,89.75027270569771,34.22926823229767,143.77083315066452,88.96989621165852,1,1,0,0,0,0
51,1,171.86002854644357,68.0534976234307,23.040966451394684,132.45706599917312,88.14207856986309,1,1,0,0,1,0
61,1,162.11800972503104,56.299121763972366,21.420968045235103,133.81922697556757,83.7609396445829,1,1,0,0,1,0
40,1,169.87662999397372,69.28591209888253,24.009198638701445,139.98225201381481,60.711047888769585,3,1,0,0,1,0
40,2,157.47062310972964,70.7079868153573,28.51473765506066,99.10728637769455,81.86679898096082,1,1,0,0,1,0
45,2,161.42937214091197,65.09373416848743,24.978943791031472,137.14219982158963,91.38429290978829,1,1,0,0,1,0
53,1,165.69929399512984,78.64998073280015,28.645559192584624,145.93509414573487,89.3592844812254,1,1,0,0,1,0
39,2,158.6989430703353,93.86339581787207,37.269038917021064,109.65527173021758,87.18829909939105,3,1,1,0,1,0
45,1,176.2118232636214,89.34897093151817,28.775273834727226,138.30000694947685,84.70095850097366,1,1,0,0,1,0
57,1,160.62202912649917,63.405655427030766,24.57637245846894,90.0,81.46946350782468,1,1,0,0,1,0
56,1,162.16543706472763,66.40773027324124,25.252364130546198,102.94553821033173,75.69538745524713,1,1,0,1,1,0
43,1,154.60784879744105,106.20922295618013,44.432337019997235,133.95692462697752,80.30600020923995,1,1,0,0,0,0
57,1,169.54775542775872,71.19489753627686,24.76650818042211,145.12354079369845,78.85706530187723,1,1,0,0,1,0
63,1,166.89362421357566,75.11074334220066,26.966374930450268,134.30484734303002,85.52214155954874,1,1,1,0,1,0
65,1,168.6577953285488,75.58904482307777,26.573332363341425,143.78838050669114,77.92802115608268,1,1,0,0,0,0
54,2,169.5113181383901,88.65179200500475,30.852482654458708,112.06184276248257,90.22685607534636,2,1,1,0,1,0
54,2,163.28482349335377,72.40378298224279,27.1562385961812,92.78957998776949,87.58022798482389,1,1,0,0,1,0
52,2,161.34576907619933,66.62440284397029,25.592821428730286,104.39559153916746,73.8366122977337,1,1,0,0,1,0
64,1,165.9060813128047,74.18669951994814,26.952647992691524,130.5722860867946,96.69516508219145,1,1,0,0,1,0
56,1,174.33049701195984,73.1490975839128,24.06923216930246,146.0959284873561,78.08137949138062,1,1,0,0,1,0
46,1,173.4895755398169,60.8061963274305,20.202311742556706,144.35196610069704,76.14680968117034,1,1,0,0,1,0
58,1,153.32093457992266,99.32110233743504,42.25115789305781,120.4619275716534,86.46260840584789,1,1,0,0,1,0
48,1,170.36549699961046,58.61743056553135,20.195912879981616,131.25988423717973,76.80776552329523,1,1,0,0,1,0
57,2,166.6617343214508,76.70452652085721,27.61526401950735,124.63413827582865,93.50552761153295,1,2,0,0,0,0
44,1,163.21581483906883,99.11431832661462,37.20590932633036,147.00933258950025,61.97185958909022,1,1,0,0,1,0
52,1,169.9614381322792,61.1854156994819,21.181032205998978,137.40326247162298,71.81745480984495,1,1,0,0,1,0
65,1,167.61621460057722,74.05429017481885,26.358346730934578,143.65755164143758,63.51509475637846,2,1,0,0,1,0
44,2,166.91685836798155,90.91263580331423,32.63050876786878,133.3698601077739,83.1651786644169,1,1,0,0,0,0
54,1,157.89166581722785,78.77538716822798,31.598912249879994,143.2047283538739,87.01018236839236,2,1,0,0,1,0
60,2,145.09085643747892,49.576352469738225,23.55019363383468,118.23749918782207,90.08497369520185,2,1,0,0,0,0
51,1,180.55909765618438,83.33176124231991,25.560645049099506,144.80431940449614,90.54785402274763,1,1,0,0,1,0
60,1,159.70621566088312,105.89696629491516,41.51833042259036,122.85055617022942,77.729626626293,1,1,0,0,0,0
56,1,161.90570443270428,76.12566392493281,29.04068072885126,160.2407672941503,72.03535119293194,1,1,0,0,1,0
48,2,182.3478051825469,88.43600955429693,26.596718533901917,126.75788863177618,75.22849030007288,1,3,0,0,0,0
47,1,148.75670995243274,45.33253721766326,20.485987233865135,120.71218006283333,90.8471618379478,1,1,0,0,1,0
54,2,170.5380300133832,93.60420817230131,32.18495379792825,99.81454658913405,69.46865728485517,1,2,0,0,1,0
40,1,167.32552530433887,43.29577733972934,15.463975296071489,90.0,85.77287643765811,1,2,0,0,0,0
44,1,157.28226695505984,68.37250026049652,27.63897552309137,127.21603347640396,86.17822613304081,3,1,0,0,1,0
54,1,159.15897982982622,63.113726219887496,24.91503651806195,122.53313124911085,97.13150156121489,1,1,0,0,1,0
44,1,155.90088130202523,68.87437181200309,28.337433259323763,167.48843308351422,69.77170166911596,1,1,0,0,1,0
51,1,151.2004042209665,64.87086559345872,28.37551735185038,122.34419214554585,74.30842146873526,1,1,0,0,1,0
44,1,164.80657198722216,76.1897672483777,28.050951335153602,124.26084785139186,94.36107188797865,1,2,0,0,0,0
61,2,165.84129831748095,80.0865895532803,29.118863577296324,118.6034561773323,75.84600788183313,1,1,0,0,1,0
59,1,174.86150937120595,94.40047956116268,30.8734920729571,120.37558019219156,86.04748344251868,1,1,0,0,1,0
56,1,166.88928122942994,80.03300948559674,28.735070009151045,130.67720186885302,78.12894092568825,2,3,0,0,1,0
54,2,178.81206527162033,64.46454995112272,20.161707807789412,114.1797607209403,73.24087831993181,3,1,0,0,1,0
49,2,164.84380786618118,81.73395232959273,30.07857269158471,90.0,79.03659548511813,1,2,0,0,0,0
45,2,171.86392750670734,70.2407631628666,23.780432940798313,159.20551653935513,66.72196133578878,3,1,0,0,1,0
65,1,170.56405455681332,51.83161961077282,17.81639189950565,113.86779572273856,70.3500240356644,3,2,0,0,1,0
57,1,176.9681162591125,75.61229416536926,24.14361844845308,117.7922353968263,82.91610743977064,3,1,0,0,0,0
51,2,161.0600161600927,97.82275514690828,37.71068434807491,136.73545152972713,87.86737823825624,2,1,0,0,1,0
55,1,159.98994768256344,82.50256542989429,32.23161452408547,90.0,91.77771310212675,1,1,0,0,1,0
59,1,153.9143666790149,79.66673846594828,33.629368981871544,95.50149430951394,84.61391239459515,1,3,1,0,1,0
61,1,159.26787685827915,56.56545739219034,22.299489548862024,122.84775264291139,84.14925321996033,2,1,0,0,1,0
64,1,164.54660373133194,79.12688606652681,29.224442113597977,146.41856626108716,99.05951714760309,2,1,0,0,1,0
57,1,174.3530494494727,59.213985347051235,19.478934473240695,113.39577160487279,92.93145693778952,1,1,0,0,1,0
47,1,161.84643844487292,65.71142527057293,25.086183421211505,109.43044021254705,86.8657475152103,1,1,1,0,1,0
53,1,162.80420187995995,71.1718325318378,26.852017961780604,132.20327391319628,90.87103580807043,2,1,1,0,1,0
56,2,156.4290074143073,75.75394920960512,30.95784341500573,143.2456520312096,81.08795344199847,1,1,0,0,1,0
52,2,150.34141194038511,69.48412420362628,30.741732460264497,109.47638092662626,61.742823616206366,1,1,0,0,0,0
53,2,165.0310121158989,79.29086699478597,29.113340535246067,116.35209537269591,85.19986372777235,1,1,0,0,0,0
32,1,174.43384150996178,119.65930519603252,39.326471902541044,115.65736915894618,64.23742843307345,1,1,0,0,1,0
64,1,158.20786287593117,66.7516980313099,26.66896674331418,138.8567608178088,80.75388594062694,2,1,0,0,1,0
51,1,183.10452240803517,52.45432812820054,15.645274485143041,122.18948455806392,104.85875108563214,3,1,0,0,0,0
64,1,172.46109660554606,65.07039115892339,21.877673208549044,126.55995529004046,79.38444556263265,2,1,0,1,1,0
59,2,165.72380758446232,49.27716184754007,17.94220773573918,131.23153285483272,65.6456737110447,1,3,0,0,1,0
55,1,176.75525701665703,86.19053239982196,27.587661251517627,144.98902879726626,83.31003387555737,1,1,0,0,1,0
65,1,157.51175726957743,69.60566564360074,28.055540347461964,112.15558662709978,72.25829744156263,2,1,0,0,0,0
48,2,170.4972050728033,79.68456482844985,27.411933972602572,139.62754326103067,82.62272911890618,2,1,0,0,1,0
65,1,159.76941420906505,73.69718039155535,28.8711169935515,105.08590816468694,72.71464834443879,2,1,1,0,1,0
53,2,158.94024935749667,75.28641925505605,29.802236843583962,126.86355860986163,85.63857894746366,2,1,0,0,1,0
40,1,167.17402890193438,64.64328521835796,23.13054156879121,106.93703102372308,89.55586457749541,2,1,0,0,0,0
48,2,153.8610723488081,66.97146857157148,28.28995863577293,128.84848390244863,77.40664599863925,1,1,0,0,0,0
53,2,174.31506468639193,61.452449888515815,20.224107194841547,140.64047380992403,72.23349294159475,1,1,0,0,0,0
40,1,171.0081822695492,71.26131766649067,24.368010162062404,146.841194817137,98.69973349188416,1,1,0,0,1,0
52,1,161.7595899187581,50.84062410865355,19.42991043713604,123.82369682697332,72.29388117336899,1,1,0,0,1,0
49,2,168.93221012731289,78.70717476207021,27.579690966810013,147.75844278697846,87.99507044293426,1,1,0,0,1,0
48,1,171.80833105832264,74.25739620923525,25.15656143707905,154.37088092185996,60.0,1,1,0,0,1,0
49,2,161.2875414771498,82.8221762813214,31.837942506277574,121.49049853182163,87.59080303361324,1,1,0,0,1,0
47,2,167.70213284271438,89.51765146356564,31.829623952105592,137.74670115485682,87.11525643804569,1,1,0,0,1,0
54,2,167.2660277283641,78.2772489329434,27.978219128531737,105.02148925849258,100.97645203896136,1,1,0,0,1,0
54,2,165.75505944938877,74.69958967923321,27.188461257494595,116.03365670385716,73.479057820799,1,1,0,0,1,0
52,1,171.92798730941615,101.87867527597034,34.465940268287014,182.08425803770797,95.34403785328082,1,1,0,0,1,0
53,1,155.37398212959798,74.49237048366612,30.857106642219843,126.17579961089362,74.73552020438616,1,1,1,0,1,0
55,1,169.79019544681867,72.62370226875996,25.191450149899904,118.89247424010063,75.60656809787777,2,1,0,0,1,0
56,1,171.11573796867248,94.46804280635189,32.26301934370485,101.4598636014937,71.09374698353291,1,3,0,0,1,0
54,2,150.123720687807,70.76090923903614,31.397478067582057,130.36180271031432,90.71687159408675,1,1,0,0,1,1
65,1,170.781880677158,82.42147451530488,28.259000442655044,95.63186997606869,92.09649862916572,3,1,0,0,0,0
64,1,164.79886717853913,72.42905813633092,26.668856443089535,131.50974844177054,91.43760722037617,1,1,0,0,1,0
45,2,174.54449433774604,69.40794787578858,22.78226479953226,128.87505886181756,81.84595933803709,2,1,0,0,1,0
45,2,172.050802284953,69.26027193067118,23.39757177133933,118.52334918366918,68.02169270942262,1,1,0,0,1,0
46,1,159.9356116485415,96.40671083336952,37.68919963351011,126.44654632042503,86.98378678660023,3,3,0,0,1,0
58,1,177.5761099384339,102.02896685105,32.35596918831075,132.40073549129744,72.13865925244667,1,1,0,0,1,0
48,2,171.96817938570788,55.33464453207767,18.711169696089765,110.33264645367345,86.46369096702816,1,1,0,0,0,0
60,1,170.37981388223307,53.47102910185655,18.419687742654435,106.31871020681838,83.1774939595978,1,1,0,0,1,0
46,1,153.43939647612865,96.7291214944969,41.085017873289125,127.0572247302883,76.67971553051117,1,1,1,0,1,0
43,2,171.32535217515607,58.93645195224026,20.07893717156181,98.28764451216352,66.01190571971767,1,1,0,0,1,0
41,1,171.70019063496716,90.69860401400706,30.76515078505613,137.07879503232974,86.69105533822594,3,1,0,0,1,0
41,1,169.315769086986,61.316613772487656,21.38864870360116,119.54105866675278,72.34512428441954,2,1,0,0,1,0
50,1,175.14295513536794,54.143653636630965,17.650711337578706,183.43419946042297,60.71486622201054,1,1,0,1,1,0
65,2,161.28806943564334,73.81790984356299,28.376397346437397,124.96805604845812,104.5215409673105,1,1,1,0,1,0
57,2,161.6567000615358,78.56820689092109,30.06487643546603,150.146444391242,84.65574859205063,1,1,0,0,0,0
53,1,171.45493857706154,77.79140288643437,26.462544756838238,143.44224277939236,81.59260378240745,1,3,0,0,1,0
48,1,168.3802221738261,84.52102826913188,29.811416729209757,142.81220565142365,69.45674153598797,1,3,0,0,1,0
50,1,165.47681283717137,85.89400156050947,31.368123604149837,143.30968518827106,90.06929470800551,1,1,0,0,1,0
47,2,170.1949352948782,76.92636675090202,26.55717998478931,109.78857600195643,78.83964121868294,1,3,0,0,1,0
50,2,167.4061889830702,67.9974826666244,24.263297064591672,116.54335634241811,76.84887384471041,1,1,0,1,1,0
54,1,171.74999043627943,83.95704246718981,28.461886884032538,114.49201792543315,95.95902861290783,2,1,0,0,1,0
57,2,165.31940046549357,74.76713887476845,27.356662873456667,90.0,90.01703984831192,3,1,0,0,1,0
50,1,165.79643225368997,75.888992331837,27.607585422219866,160.35054282470787,92.01348847188441,1,1,0,0,1,0
57,1,175.43788140048423,60.116164001530805,19.53190090850252,123.49137414504196,76.7615111661958,1,1,0,0,1,0
52,1,154.52678785625307,55.879079162044604,23.401391733829005,141.9022957536415,69.93308731456382,3,3,0,0,1,0
50,2,159.7095742017547,87.86986088257326,34.44911229066259,141.0689238748571,80.87966007163243,1,2,1,0,1,0
55,1,163.0882411413621,50.71452464269193,19.067206106310014,124.9815527234385,79.84099016993254,3,1,0,0,1,0
49,1,164.15031230970445,83.08655456068897,30.835239309211527,116.37358850338897,85.40462754655037,1,1,0,0,1,0
53,1,158.94292018443173,78.02983988310174,30.887185763417367,116.03064318100556,77.01959842458159,1,1,0,0,1,0
52,1,162.42068542411394,64.03034802835629,24.271867049178475,121.09736476915756,87.1346388367369,1,1,0,0,1,0
60,2,151.0914408976003,68.5774162523307,30.040101285450422,155.29708668784323,74.54607761066306,1,1,0,0,1,0
52,2,179.35096825603773,44.86167660509069,13.946590491979686,136.59604947467193,72.72081803652796,1,1,0,0,1,0
55,1,165.0032401118844,76.96624416986971,28.26931918464973,91.77312968391631,79.05149722932664,1,3,0,0,0,0
46,2,154.39763643541684,67.46523442823845,28.300801699158608,136.9134266838697,79.82522618539171,1,1,1,0,1,0
51,2,161.2531492636324,98.95630857635932,38.05634503442667,139.26077574124514,68.79424462471287,1,1,0,0,1,0
61,1,160.3748270379741,66.19764081589032,25.73772226505535,131.02814067267062,84.78547155994744,1,1,0,0,1,0
62,1,168.29838179076893,54.69706718194905,19.310973149338395,152.9858467971317,70.9395346856049,1,1,0,0,1,0
57,2,158.80560001405033,57.428525764307416,22.771730831430364,114.51173348279744,70.68860456368378,1,1,0,0,1,0
49,1,180.01711783705093,52.07091424436433,16.06821353806648,126.80118403958369,77.75589584164806,2,2,0,0,1,0
47,2,156.43656251414637,62.03618165801139,25.34944937832282,125.4505441187571,80.16660692480978,1,1,0,0,1,0
47,1,162.67877468600534,75.93122202086029,28.6918534684038,131.8911987271757,68.70020715759237,1,1,0,0,1,0
49,1,166.82419749673562,57.504220037584915,20.6624410962638,120.79508446787382,84.55095193199782,3,1,0,0,1,0
55,2,166.16936832785058,57.49315518861082,20.82160508855241,134.8994735483369,64.79870444583398,1,1,1,0,1,0
48,1,175.55420975857766,76.38350506069074,24.78432450821604,121.44955150965873,65.7511431724393,1,1,0,0,1,0
46,2,160.73909442781675,73.51752688059726,28.454296620318082,115.68547599731319,76.70522485737585,1,1,0,0,1,0
45,1,172.78887572458814,71.65044915988821,23.998680259010893,152.169465143224,65.58605927022285,1,1,0,0,1,0
48,1,175.57339891875696,77.73080197891917,25.215972089031276,127.1333051972354,91.08251410220892,2,1,0,0,1,0
39,1,163.33113091315985,66.90590792502344,25.079942139419174,137.53119720200564,94.20766764625189,1,1,0,0,1,0
42,2,160.98624928187357,68.88627473496484,26.58000970113291,127.8586530566223,91.76358573871622,1,1,1,0,0,0
46,2,164.51556451665815,47.91553114070167,17.703629925094237,139.55330522015106,76.01162672795596,2,1,0,0,1,0
50,2,159.20871272597867,74.38647633928937,29.34677112595312,106.31239759868191,69.3396009757343,2,1,0,0,1,0
63,1,157.46361351079747,80.86215147516423,32.612558059693264,108.06334780839381,73.05620408119697,1,1,0,1,0,0
58,1,159.13277389952978,99.68781257485912,39.36613705112117,111.47059393435195,73.16069848876027,1,1,0,0,1,0
54,2,160.88039390149453,40.953242855332086,15.822753230380307,122.06454412193186,72.69711347670273,2,1,0,0,0,0
42,1,157.50056293097185,101.75527432173271,41.0197216207095,123.32644220989164,80.17919990926659,1,1,0,0,1,0
49,1,160.08768245279217,56.576772183075065,22.076098922831513,153.93064961827935,87.69650732466411,1,2,0,0,1,0
57,1,156.41117959341292,55.53478150323454,22.700189614729684,108.36666187903124,87.63639549554735,1,1,0,0,1,0
61,1,158.10087658124502,83.32353220369629,33.33489690436214,126.27633982981072,71.1021817749259,1,1,0,0,1,0
37,1,165.34517798098432,79.29295207107431,29.003574089972343,120.98375707948108,82.05821858638747,1,3,0,0,1,0
62,2,155.71707596979778,42.31464391795946,17.45091529787096,125.61475595291493,73.01924697732537,3,1,0,0,1,0
51,1,154.7746730487281,89.45345741716193,37.34197985945732,135.98855794825965,81.01393143737634,1,3,0,1,1,0
59,2,169.4154050247272,78.18328891237299,27.240064966519096,142.14624564754,79.94545757405362,1,1,0,1,1,0
49,2,169.42010324657596,40.0,13.93574231389116,128.34306529072873,79.3991515648507,1,1,0,0,1,0
52,1,162.17942791763036,82.46180926830712,31.35171705468486,163.29474652914058,62.786235505703544,2,1,0,0,1,0
44,1,166.5967707604545,57.07919933587508,20.56575769114597,151.19487224247592,69.65129996842077,3,3,0,0,1,0
53,2,163.2475970960987,93.60883069457392,35.12555745992708,123.41592646681681,71.94413051540266,1,1,0,0,1,0
63,1,164.8205780242008,94.01094720909882,34.606331424575316,144.52180893002605,69.85751438895568,1,1,0,0,1,0
61,1,148.45993690132838,78.37823704846699,35.5612442003291,118.16738452197275,64.27616317630924,1,1,0,1,1,0
58,2,160.43767812069416,60.603578690278894,23.54428650804403,118.39382714604513,87.18451133144603,1,1,0,0,1,0
47,2,160.5159836216248,64.94996355559591,25.20822943025484,115.02112820508475,100.95169792242625,1,1,0,0,0,0
51,1,169.8104560475032,61.74917405983654,21.414221784498906,111.70810235058985,72.51018073457158,1,1,0,0,0,0
49,1,144.9010069906825,74.28938925352776,35.382130560869015,130.16860486886,80.13282081506945,1,3,0,0,1,0
55,2,158.1280286719665,85.24074832097503,34.090199294014795,96.45166905369217,87.04425630515713,1,1,0,0,0,0
59,1,150.9996983120791,67.45644915908251,29.584982547632062,135.94202975271142,82.36706867420409,1,1,0,1,1,0
45,1,181.49759382531437,60.4316535769307,18.34521197340568,146.23049754668432,60.29147755403767,2,1,1,0,1,0
49,1,152.56599807638742,61.68044740038722,26.49915382578343,141.4289572600586,95.00669945064786,1,1,0,0,1,0
59,2,180.62928966227412,65.65897497689676,20.124159484639517,146.46459518844824,81.6944885242813,1,1,1,0,1,0
60,1,165.1100500696096,62.207352096736805,22.81889959654339,133.9048383093419,81.11572888935852,2,2,0,0,1,1
44,1,175.1537783535781,77.6831764647302,25.32141407261377,129.88393044967168,69.09419788088817,1,1,0,0,1,0
52,1,160.10340442007973,74.14287624264605,28.924662227137006,100.32638013277716,75.84196857032914,1,1,0,0,0,0
61,1,176.7324147073362,60.47673403156297,19.36225373216699,90.6588696698312,77.05706089350164,2,1,0,0,1,0
61,1,164.90877810759125,67.02133450163086,24.64481279222233,128.20859095890404,73.67367704048331,1,3,0,0,1,0
50,1,164.55278239482914,98.40083894208333,36.34028600208405,131.8545652683462,69.91523586922771,1,1,0,0,0,0
60,1,163.3480470035425,60.31761421432166,22.605611650938286,165.55868264875528,96.86302358739314,1,1,0,0,1,0
55,2,168.64005557324,84.94415245444266,29.868403806896033,152.58905944722977,77.29508252996996,1,2,0,0,0,0
46,2,165.38521269242642,71.0593297553482,25.97931851775964,128.8207894273228,85.98977005787027,2,1,1,0,0,0
64,1,159.07418762839657,57.256731813745716,22.627007823880387,112.83491542236595,78.5380074045708,1,1,0,0,1,0
50,1,154.156706940977,69.97714300684785,29.446342448487066,92.14894437249632,79.28016264937074,1,1,0,0,1,0
52,2,164.76776861485624,75.84455356792571,27.937007142424125,140.64870212411338,85.10270344428115,1,1,0,0,1,0
42,2,157.3402921570514,53.086060280311145,21.44374288864756,140.4431211020063,97.07925291383594,1,1,0,0,1,0
49,1,161.40312446014352,68.71568520516438,26.377401277670973,130.67356937827088,97.8063357735835,3,1,0,0,1,0
48,1,167.202479559078,43.454269086979345,15.543435743953198,155.29258501970412,80.96521893443506,1,1,0,0,1,0
41,1,170.62532199024267,76.20035237337771,26.173994797338384,96.9566030906395,79.78240796100458,1,2,0,0,0,0
55,2,176.05998100539085,62.54469026465428,20.177583109741015,100.24016387911286,78.51779040642872,1,1,0,0,1,0
48,2,166.45461129522138,57.63301492452832,20.800782712366757,126.41437076416014,77.37665652329994,1,1,0,0,0,0
59,1,153.32261056877962,57.32131334453943,24.383931068406817,109.27476384217584,88.04609863820744,2,1,0,0,1,0
50,2,153.72042636376312,80.36721763141573,34.01071579651483,109.40182052455786,80.71841134525684,2,1,0,0,1,0
60,1,173.18750928963595,66.99891609134755,22.337504031581886,104.62301409819207,79.77592572294758,1,1,0,0,0,0
53,2,182.57583310211587,85.24815455163527,25.573984883241526,98.73173940328991,89.07897164270247,3,1,0,0,1,0
51,2,169.35632395712187,49.884523709408704,17.392539298737667,120.86145961360921,77.05772891568749,1,2,0,0,1,0
51,2,161.24921477084507,81.0700922807977,31.179234651993212,109.29104827493094,76.34877186707976,1,1,0,0,0,0
47,2,150.37171785345694,54.2333625980652,23.9846955578159,120.5352746132395,69.91491114927791,1,1,0,0,1,0
49,1,161.8128124567654,72.85108829734475,27.823402035066366,151.09074182504108,96.90695809118608,1,2,0,0,0,1
58,1,167.6451949653036,79.28465872262989,28.21025037526463,143.88115337312533,84.81033666859679,1,1,0,0,1,0
58,2,169.08506415383593,92.07905428700462,32.20700620280178,106.93831677732665,79.64804809196615,1,1,0,0,1,0
52,1,144.10933364114766,69.35243173359865,33.39469439830786,99.76773748708996,99.09691309748499,1,1,0,0,1,0
52,2,171.58158032521112,93.15295602139444,31.64137252717716,135.95511331669042,70.02948198326868,1,1,0,0,1,0
43,2,167.15003117483815,61.460114482578206,21.997860368363206,139.01551712941276,91.32871412446312,1,1,0,0,1,0
49,1,172.93136645220594,89.73596621155926,30.0067525593036,136.2152763428008,72.27560501361476,3,1,0,0,1,0
49,1,163.5335339141147,88.71080893953439,33.171330841304,106.89094850810731,70.33614605305819,1,1,0,0,0,0
44,1,156.29662602446663,79.77046669763337,32.65449162277885,114.42680140775965,83.34215273060597,1,1,0,0,1,0
60,2,170.8482380734765,65.71186781779072,22.512452173413052,90.0,96.00178197714527,1,1,0,0,1,0
51,1,158.61249078998756,66.62493116874779,26.48268428030492,118.53997559695104,80.32668623684438,1,1,0,0,1,0
52,1,166.66222838715782,69.08549167431535,24.872101657185254,157.30564806293745,88.14918620019178,1,1,0,0,0,0
58,1,166.29818853204162,68.54559878704968,24.78589111845951,90.0,84.25469234164717,1,1,0,0,1,0
46,1,158.95276686373862,74.43677612938295,29.461263707665683,90.0,66.46056523148354,2,3,0,0,1,0
57,1,175.78417154782363,63.109811476850666,20.42383765888929,132.4864889956981,74.53484200459492,1,3,1,0,1,0
37,2,153.8749132908141,62.759305846073794,26.505895960687294,136.8722006144661,78.83737421945213,1,1,0,0,1,0
49,1,162.0404584162169,60.60490178235951,23.08132974437441,112.51584629456437,92.60089633881095,2,1,1,1,1,0
39,1,161.30718043895507,68.00441179212781,26.13543232344049,119.49717958939006,73.9400692016678,2,1,0,0,1,0
61,1,163.02234080921858,83.01006993553474,31.2346418241953,141.5084711234902,70.32242017765468,2,1,0,0,1,0
57,2,148.55332449120806,84.19220101489101,38.151104234903684,114.45295485484309,91.42367413687181,1,1,0,0,0,0
48,1,150.61936456116095,54.92410199166514,24.21036532578644,134.59894899497093,82.74188477862039,1,1,0,0,1,0
53,2,154.94702006293636,77.9407089525399,32.46369094434438,135.25330886462905,92.57251962273904,3,1,1,0,1,0
47,2,175.19337589709815,77.81047954036293,25.35144561362464,90.0,92.87618187582683,1,1,0,0,1,0
55,2,160.1517275087909,57.671548098444845,22.48528280637231,125.85049286703864,90.30266131435096,1,1,0,0,0,0
58,2,160.0281664047327,78.35124794829662,30.595183327699832,157.32459597413066,81.4413859180297,1,1,0,0,0,0
48,2,172.59931489850217,72.20493867097883,24.23755281194026,106.34610719088519,79.78995483086213,1,1,0,0,1,0
55,1,178.23629142917994,66.77018747290607,21.017948386636256,120.81392912490382,98.319703188663,2,1,0,0,1,0
47,2,163.2928895561389,69.5462645575721,26.081902070355873,115.58280982090797,84.51735052539739,1,1,0,0,1,0
50,1,161.29310293115742,89.35945076208596,34.34858864890004,166.11915734774135,66.23604763996539,1,1,1,0,1,0
54,1,173.22784136074483,71.13158242804569,23.704297178792512,134.04245285312837,77.84616977559435,1,1,0,0,1,0
58,1,180.89261295435776,59.87572502936348,18.298231639998086,116.53770594088458,75.7356480177961,1,1,0,0,0,0
48,1,163.28963750042792,75.46143796885885,28.301393963490288,117.38457059985379,79.35504243346784,1,1,0,0,1,0
52,1,155.23164490755823,59.56478657446367,24.718896040128513,146.23243665096385,76.82325564554958,1,1,0,0,1,0
56,1,157.6682866716591,68.0577813570958,27.37720390636213,153.35826616987626,95.18750945155628,1,1,0,0,1,0
58,2,164.85671060995796,85.88761183221176,31.602196330009303,95.4673987876678,88.21699645412063,2,2,0,0,0,0
62,1,165.43000739382884,57.65195233046221,21.066163015776606,182.07114440743658,71.65633864135538,1,1,1,0,1,0
51,1,163.2929089935332,105.92693745856202,39.72571883270281,132.2898687823965,70.28908216611998,1,1,0,0,1,0
65,2,157.65978100424374,83.20616318953915,33.474466047701235,154.05390792579945,93.2675569068663,1,1,0,0,1,0
47,1,149.59065432116088,64.73183124483386,28.927371270871273,153.9359741283498,82.46621137638475,3,3,0,0,1,0
58,1,160.93118229171873,75.28377599370366,29.06839078448735,151.85866352515416,83.3966191427344,1,1,0,1,1,0
63,2,157.73945705430407,61.72003516267972,24.80535698525289,124.16817461213492,74.43260790779432,1,1,0,0,1,0
65,2,169.03312979242386,63.13633813577725,22.097122523808668,129.3883854125806,76.98283943280452,1,1,1,0,1,0
52,1,159.1725387617203,51.471532629419,20.315654280837467,133.65580194744993,85.75885501312996,1,3,0,0,1,0
45,1,172.86711312655575,71.47309527513079,23.917612847805163,140.06396984102417,66.20378125562704,2,1,0,0,1,0
42,1,162.94575666938013,54.24466051609508,20.4301184647219,140.01887898188812,91.96089388739222,2,1,0,0,1,0
50,1,167.06223750622087,89.14926521414526,31.941931981302965,130.39979196302616,89.25151844502732,1,1,0,0,0,0
40,2,162.86553605935143,72.40601697599357,27.29708497164336,131.6266814499549,85.29174364136442,1,1,0,0,1,0
47,2,157.93268126162798,65.79133499617808,26.376956420032798,144.68405992487024,72.87506190619486,3,1,0,0,1,0
40,2,167.43704111921133,62.775939571654234,22.391858451697626,148.95410668621037,86.54815933511367,1,1,0,0,1,0
55,1,169.22051370675337,72.97094371737938,25.482612177020673,122.3879255005023,73.00088674379506,1,2,0,0,0,0
60,1,172.5197610364401,78.55987122266127,26.39508513024595,115.42836117336016,82.92380584315205,2,1,0,0,1,0
51,1,171.68735363359502,75.22523522106457,25.52036851741873,118.72844849418114,76.78289457676792,2,3,0,0,1,0
62,1,163.95725688739367,54.91975026331528,20.429948240995945,158.65688179232373,88.96547440349713,1,3,0,0,0,0
50,2,153.98921177019153,70.3732440176869,29.67747715869016,123.0459918601191,84.8598495990299,2,1,0,0,1,0
57,1,163.6766930190848,86.73428806819068,32.375548466021826,131.45202565291106,86.49523523903176,1,1,1,0,1,0
46,1,161.64527344970924,91.41342132161805,34.98516633235776,138.07438567611996,81.0188636554205,1,1,0,0,1,0
54,1,169.20493177004985,62.40858420224785,21.79808270433466,127.89161849677751,79.38469097398843,1,1,0,0,1,0
58,1,169.43638772794964,78.61327197187438,27.383093195319816,136.60661293008093,69.51456225934085,1,3,0,0,0,0
55,2,154.92455276042534,61.95560063111719,25.813094387419127,128.16528303287157,72.17023109402541,1,1,0,0,1,0
60,2,176.2198267364272,100.61609310824818,32.400962387424336,104.92261301745192,71.09586473457779,1,1,0,0,1,0
54,1,168.36297773653757,79.71370714255796,28.12158599385349,131.8244789174042,98.46630241440367,2,1,0,0,1,0
53,2,160.49339058856617,75.86144200893344,29.451457328061043,154.64058872311,63.53433050886552,3,1,0,0,0,0
54,1,161.20874685294982,76.92317557647713,29.599201867790548,126.15820694023182,66.73617842215842,1,2,0,0,1,0
61,1,160.76426697088766,88.24943836674004,34.14545473931201,127.78327338152484,92.18343269316817,1,1,0,0,1,0
55,1,156.542250095582,65.88167242813276,26.88446951751382,106.4761379832266,79.45098932027828,1,1,0,0,1,0
56,1,163.20798184437066,93.61425308777191,35.144647161063375,122.61515854179756,67.63838473332821,1,1,1,0,1,0
54,1,168.51368993151345,74.4322471107819,26.211432329983896,114.67010079082547,97.74973222363887,1,1,0,0,1,0
61,1,160.30112050457723,74.6544176348013,29.052425474042156,151.2988215487623,84.79182740558295,1,1,0,0,1,0
37,1,163.6235965883049,78.92105940455257,29.4782051681286,130.22437053047972,84.74176955065118,2,1,0,0,1,0
48,2,164.42659601446925,65.41507208459348,24.19544935585183,136.9773240566077,84.44925824095557,1,1,0,0,1,0
53,1,170.58448350008564,98.49100535138564,33.846792647635034,115.13610390862962,71.68482089310967,3,1,0,0,1,0
53,2,172.2877260193377,104.75183524919348,35.29010599123438,165.29743558265096,79.72299712888135,1,1,0,0,0,0
43,2,165.07615593790183,68.58571195732364,25.168941831322858,112.7849637671902,93.11696747650902,1,1,0,0,1,0
63,2,170.49257181398303,71.4788311380369,24.590452366955102,127.29164609845088,62.675168635727275,1,1,0,0,1,0
54,1,150.9955825543091,85.46065468691857,37.483292461786355,133.6318204609999,89.30040859139204,1,1,0,0,1,0
49,2,168.81469368201894,69.5594440200384,24.40819205996587,116.96151106018812,70.90480566849838,1,1,0,0,1,0
62,2,154.26451870642205,57.96779936847705,24.35873420118907,111.47099457684902,85.28876019743596,1,1,0,0,0,0
59,1,164.57228826848393,72.34399284248856,26.710933084053718,118.34428556369522,84.75209212351969,1,1,0,0,1,0
43,2,165.06692731604343,69.91013018498626,25.657833155253762,129.6464023116781,87.53530865439208,1,1,0,0,1,0
38,2,167.36726850845884,93.08808079868888,33.23173529185458,124.38134896033213,76.3938516927819,1,1,0,0,1,0
47,2,172.20457461304736,83.22558284592245,28.065157040899265,131.20696395783062,93.07536570742354,1,1,0,0,1,0
58,2,163.74311071090204,80.05760033786862,29.859084996483396,120.26740259416803,83.47009213539756,1,1,0,1,1,0
58,1,154.44789224808517,59.1419698215623,24.79315603416649,124.43052892196452,75.87151708155098,1,1,0,0,1,0
55,2,160.1842146731329,92.27425318555369,35.96177389981788,112.67059480045104,70.04380198804324,1,1,0,0,1,0
58,2,167.3223349947379,117.87196678977688,42.101997102934774,118.82462617878878,91.31571224965737,1,3,0,0,1,0
51,1,157.35503374143508,76.37611683762618,30.845818091798964,132.279442080491,65.94730391630245,1,1,0,0,1,0
61,2,179.38481014992078,92.90322693782679,28.870843236443697,90.0,88.62843080506961,1,1,0,0,1,0
58,1,174.58987768927977,88.1419270612733,28.916413061649088,120.67636953921658,83.6800649712597,1,1,1,0,1,0
46,1,162.1191020977678,79.89997555712077,30.40032783341636,116.65662548516192,79.19971559894738,1,1,0,0,1,0
52,1,167.6227681223351,92.36878220276196,32.87450340971622,110.14846661030552,84.5010534039772,1,1,0,1,1,0
53,1,161.7449813724764,70.71928139324676,27.031877487876713,157.19579860446527,95.04737830765477,1,1,0,0,1,0
58,1,179.77097026766467,87.43598878004548,27.05522193564398,123.99639905270332,106.56923897512323,3,1,0,0,1,0
46,1,148.4281881251434,96.7168916399704,43.90050927397334,143.47812273054066,78.22832053345813,1,1,0,0,1,0
52,1,172.44935748891393,70.18687365514631,23.601126722402366,154.076217353169,79.3300328301107,2,1,1,0,1,0
56,2,153.5929008245039,94.08574584716145,39.882424024479064,135.43303460230266,87.38004028766032,1,1,0,0,1,0
49,1,165.41428656424608,87.80114108552426,32.08884813172745,130.83169708154244,84.31984245241235,1,1,0,0,1,0
59,1,173.11678012666601,91.87568171520543,30.65647685531572,137.1438727285633,82.47686772793396,2,1,0,0,1,0
58,1,160.03224177021028,46.01142139466836,17.965970069271187,129.6110554209067,74.48837908399746,1,1,0,0,0,0
49,1,157.66806266032881,85.32280386848876,34.32240061880715,152.25466960757086,82.49223627923847,1,3,0,0,1,0
52,1,158.07994237998645,58.79495529880008,23.528082082502763,120.75150980883201,96.53804362420983,2,3,0,0,1,0
54,1,164.15002186522926,81.10182333868943,30.09876861574406,118.48375046981948,87.6595220022034,1,1,1,0,1,0
52,1,163.3742065842057,104.12703587545091,39.011847944784066,113.5560893460394,93.60193762278894,1,1,0,0,1,0
45,1,154.24362823184887,90.97825981856738,38.24046465436086,152.1434958856247,81.09052227739494,1,1,0,0,1,0
47,1,152.19071174766515,61.957210513545746,26.749493320371062,171.13750508793999,60.652776440914636,1,1,0,0,1,0
64,1,159.1329310044293,83.90557072313182,33.133756165783716,123.0878405906681,80.51762640883493,2,1,0,0,1,0
50,2,159.48985972778107,88.86865013722317,34.93674430491137,138.94005141365992,94.6472763847344,1,1,0,0,1,0
56,1,163.21046907888777,62.07762029210029,23.3044594674782,151.42103823691295,76.4041907185506,1,2,0,0,1,0
49,1,166.22418361058843,91.86101282151579,33.246261166898314,145.99037688101282,77.56047764512003,1,1,0,0,1,0
39,2,157.73445938715304,78.45331224261706,31.532479396220307,107.9877332255122,98.50431559239885,1,1,0,0,1,0
65,1,178.28980690796604,60.84617768912629,19.141689716772007,146.92021496350145,82.36742501061676,2,1,0,0,1,0
47,1,182.3979840801444,75.35137864042244,22.64910966110748,100.51622705455284,75.52179470395585,1,3,0,0,1,0
53,2,169.84450401472543,90.09575381103815,31.232110103053873,141.5166259949409,79.07707243223017,1,1,0,0,1,0
47,1,166.70938955279854,76.59356566291744,27.559552744139786,126.83036043353964,93.55062755162524,1,1,0,0,0,0
50,1,155.2536036862974,78.16636790376951,32.429223743820266,110.06696793215059,102.26005266519999,1,1,0,0,1,0
52,1,168.00159955247898,81.13466966267578,28.746146788094148,129.3404643990323,90.25685320919494,3,1,0,0,0,0
49,1,161.78152418347105,76.9543245724253,29.40188572794384,106.15082787046191,91.81836189445289,1,1,0,1,1,0
56,1,167.10564363809976,88.72668954120404,31.77401110130737,114.46603025978779,78.73697631511162,1,1,0,0,1,0
64,1,157.36320122960169,65.20414779161835,26.331091331727624,156.2575709144977,87.53305707585244,1,1,0,0,1,0
50,1,162.2612260766772,78.93933084796942,29.982230187590606,98.41004270456128,87.63330523861136,1,1,0,0,0,0
61,1,157.5844212456629,81.57807329021207,32.85087047347646,113.5101025833796,76.92809652880277,1,1,1,0,1,0
48,2,158.05326194218824,70.86931211287474,28.369474460972203,115.35736126636732,72.37971432689397,1,1,0,0,1,0
55,1,154.4906459506057,77.28137967529433,32.37952613579769,120.23970008563177,89.73629093334968,1,1,0,0,1,0
48,2,167.17988552540342,73.57017592785755,26.322900826372575,159.86835630256462,83.463314958023,1,1,0,0,1,0
52,1,169.823000890202,87.93609930922004,30.49117604114835,107.47335592402858,79.28597727125621,1,3,0,0,0,0
52,1,150.15640125189665,73.61419815517311,32.649300686907246,132.0530662025649,99.41682877834016,1,3,0,0,1,0
61,2,146.16713986228754,73.25353987344542,34.28697085678793,127.74821051673061,84.05956530625636,3,1,1,0,1,0
57,2,169.2268218045099,60.24926527547417,21.038431526060513,165.01872084521472,70.40380518763125,1,1,0,0,1,0
56,2,168.08239180280685,63.16310789230822,22.357284439147403,142.47271891140184,83.31490735121452,1,1,0,0,1,0
51,2,174.49018080832246,79.84869050229359,26.22562294320814,141.73890262238288,94.15552491015673,1,2,0,0,1,0
58,1,154.7039148570438,53.16151922683922,22.212363694607316,161.26077693401152,84.02058624281673,1,1,0,0,1,0
59,1,176.36597597318243,80.16743340183656,25.773201410378014,124.02452388155592,85.9965767010264,1,1,0,0,1,0
54,1,190.0955176815262,49.49614270093983,13.697067684926479,115.45372326437612,89.33628933142712,1,1,0,0,1,0
49,1,160.27779574295192,55.73180414455845,21.694836430443104,127.00539137889973,74.46992430562197,1,1,0,0,1,0
54,1,142.69626278416064,72.80668466190004,35.75576359552589,147.7474089544261,95.1729514867371,1,1,0,0,1,0
43,1,151.82261833634635,81.6547268983542,35.42487908839618,131.18309167454942,79.75921407015187,1,1,0,0,1,0
60,1,172.49038864232404,95.45223151937327,32.08161956774323,147.271877829678,81.89000623970135,1,1,0,0,1,0
39,2,173.62632943453158,72.80373802033637,24.150298888146207,159.85229187950947,93.41676530078476,3,1,0,0,1,0
61,2,157.7063926055212,97.71027435585088,39.2863460006627,130.05464386636626,81.66770369669057,1,1,0,0,1,0
46,2,148.82402130396932,69.78911768254412,31.509509108425377,146.38502923345857,74.57789867550676,1,1,1,0,1,0
48,1,145.52976695317113,71.92608643650311,33.96117931107328,138.06632014048418,67.92527345333941,1,1,0,0,1,0
50,2,152.96781440071445,81.9418062605261,35.01913462983703,137.09189637713186,89.0842485351532,3,2,0,0,1,1
57,1,161.6879277331238,81.88947815371579,31.32368973964112,136.73318600656566,100.58113944129114,1,1,0,0,0,0
49,2,160.73493475174553,78.46334456287772,30.37010264924097,136.29551489686884,90.24950734391972,3,1,0,0,1,0
58,1,152.15432731102146,73.90611467868291,31.92359223909737,112.62784956781547,60.0,1,1,0,0,1,0
60,1,158.66033295809936,64.78053800134137,25.73403147539593,144.63730159064036,76.2681683545226,1,1,0,0,1,0
59,1,160.91631589763142,74.23980036970988,28.67059020466592,127.98066351665672,86.68560924871517,1,1,0,0,1,0
46,1,155.34930445445372,106.93785815708262,44.31113304482828,161.34693934432153,96.62652408712287,1,1,0,0,1,0
61,1,144.27968443600156,78.75725486760878,37.83382080951749,105.61675579755311,75.03798101580938,1,1,0,0,1,0
49,2,164.00336139934902,99.82835618674488,37.11491079758898,123.2638176236613,67.947230558026,1,1,0,0,0,0
65,1,150.49354443089672,87.6317125536731,38.692390067438694,147.56122518743612,87.76713159743319,1,1,0,0,1,0
50,2,167.9859186132159,104.61824831387499,37.07333767623528,143.9559221492941,82.68206917626048,1,1,0,0,1,0
38,1,172.05929471662853,62.37573831461044,21.069751936110308,94.34910911700328,75.97816311791017,1,1,0,1,1,0
59,2,162.6379283193556,91.90429953191557,34.74498768479689,119.0508553176997,78.09900930580193,1,1,1,0,1,0
51,1,169.75684970094238,85.80976840567486,29.777080540736147,138.84059731138098,61.41947399772071,3,1,0,0,1,0
45,2,174.3298949281942,40.0,13.161829316054352,105.35275849212397,77.57431765405715,1,2,0,0,1,0
46,2,171.05677780172041,84.98058248795893,29.0428431683996,97.51399316598236,73.88243923050024,1,1,0,0,1,0
64,1,158.9704769177046,65.21919479624843,25.807294534570747,114.53090563274448,88.51078596802141,2,3,1,0,1,0
51,1,168.79694625760723,66.89991546703331,23.479908389745447,161.28293031046582,81.25400254831759,1,1,0,0,1,0
50,1,162.81182978219064,70.65469343894482,26.654411730794877,111.60173336987447,76.00402554548094,1,1,1,0,0,0
54,1,163.3952464368425,55.13877983088495,20.65277035226419,150.4363278845262,74.6534741483905,1,2,1,0,1,0
56,1,161.0785933939384,77.70756568173186,29.949366961574587,132.36014873227953,82.5335222018246,1,1,0,0,1,0
45,1,162.07728272288472,78.51829041161939,29.89004308814362,122.12544954409178,94.72534926421764,1,1,1,0,1,0
54,2,169.2873471996683,84.60985731166815,29.523780219266275,118.98501845842753,65.45577776335126,1,1,0,0,0,0
47,1,147.9083969403009,46.86619170505756,21.42269005392416,121.54791156149028,75.58063094270705,1,1,0,0,1,0
52,1,163.22883215643736,40.0,15.012957131299265,161.75392708436485,90.22922193710865,1,2,0,0,0,0
53,1,157.60850716889456,78.00847437443102,31.403819563317857,146.444301641565,77.03445172741277,1,1,0,0,1,0
65,1,165.11520033858577,64.39336542774451,23.61929942688193,133.41190773755943,89.23467836820501,1,1,0,0,1,0
61,1,158.8307210333567,78.57421971111573,31.146629873683036,151.28448585734503,87.40047880128162,1,1,0,0,1,0
65,2,176.1334009561553,52.71236840122998,16.991397026275784,117.88483119232201,83.98313969046401,1,1,0,0,1,0
51,1,173.11309541886715,76.53323841795303,25.538197799191824,93.75632512087549,92.86354725578119,1,1,0,0,1,0
59,1,172.32759081230049,67.85161164917267,22.848123350103126,132.8156620353651,68.89188104738787,1,1,0,0,1,0
54,1,165.216275177223,67.79253079084518,24.83568790066552,144.0477788539867,76.05110246376837,2,1,0,0,1,0
63,1,166.01131702813885,98.62684805235303,35.786544376059844,90.0,72.8650327115387,1,3,0,0,1,0
39,1,167.45130821892937,81.39039081981633,29.026591714492554,149.59162007298562,88.65458352693106,1,1,0,0,1,0
43,2,175.99852930712956,45.71079575488612,14.757089263440191,142.7435456358742,89.23233961347678,1,1,0,0,1,0
41,2,171.875949551834,58.48536245456488,19.797801462970146,156.7255962898635,77.6225668309294,1,1,0,0,1,0
58,1,159.722944180336,58.390404429106965,22.887948594078626,118.800215483368,76.00354914398882,3,1,0,0,1,0
47,1,175.34615827368822,73.94704758579272,24.05073364283986,155.74577302592243,67.96949188559023,1,1,0,0,1,0
55,1,182.52542573826574,72.88006432879142,21.875702428168676,126.13935593655644,74.23087759584038,1,1,0,0,1,0
55,1,154.29604067080965,69.85761511714188,29.342978214900263,162.74153716597533,60.22036673460322,1,1,0,0,1,0
51,2,170.47207750519271,46.37899536431402,15.959336405795375,121.39019518699371,90.79538521247152,3,1,0,0,1,0
59,1,152.52278955082122,73.75249096567921,31.703500267211158,125.94670232063334,90.88176634346222,2,3,0,1,1,0
51,1,161.07079792706577,82.05686964167282,31.62869876052408,90.0,79.42081889182069,1,1,0,0,1,0
59,1,162.00899738631406,81.99835998135941,31.241141768450046,127.06162844443038,92.67209233076264,1,1,0,0,1,0
48,1,161.66919054434257,97.00006153362331,37.112266831532146,127.97410028588921,78.94474058887344,1,1,0,0,1,0
56,2,167.3253440188896,79.3094574577895,28.327061523226515,133.08545071564916,83.02747354751709,1,1,0,0,1,0
57,2,161.3647286598675,75.48797760745347,28.990824462238887,133.61491898720777,69.70750576847583,1,1,0,0,1,0
42,2,161.89162452357672,64.85130831423373,24.74400415055735,103.54347595410921,77.0010068471305,1,1,0,0,1,0
54,2,153.79093521279674,79.98093762163293,33.816216497170856,124.28754254747362,75.64704562241072,1,1,0,0,1,0
50,2,155.72455931072872,71.9771181280164,29.681116463062377,137.62959752728725,75.83083117925783,3,1,0,0,1,0
47,1,164.4012571550553,74.90212929039745,27.71302256715926,145.76073086517653,77.59842819385224,1,1,0,0,1,0
65,1,166.67610227683699,100.62224889168489,36.219908401684904,93.72187045080432,73.60083729446175,1,1,0,0,1,0
58,1,162.44769056182884,80.54709533026984,30.52268962183089,128.94433594525788,82.88428057356114,2,1,0,0,1,0
60,1,151.51192045358314,89.15778782330992,38.83878883300871,108.66942962524615,67.70237204234533,1,1,0,0,1,0
65,1,172.73552010818273,52.889430398045285,17.725789428765765,138.5842800489513,68.08341547301123,1,1,0,1,1,0
57,1,165.2139521189866,57.7099689895614,21.142551667717715,140.06637783200057,101.485178716788,2,1,0,0,1,0
49,2,161.91030340780088,65.6002861447584,25.024001678242612,114.86591302135527,80.7306107816794,1,2,0,0,0,0
62,1,171.29760057099384,60.162001919025315,20.5031089661068,118.50398398524011,60.0,1,1,0,0,1,0
46,1,163.49186992462876,64.26439219423713,24.042414609523522,110.85155811554944,91.4802506711729,2,1,0,0,1,0
44,2,162.78684598249197,44.523477725971546,16.8015930787286,139.51202138949952,80.72935128459173,1,2,0,0,1,0
55,2,167.56408528117825,57.204900075425556,20.373767750075483,142.93027461719555,74.23698916492111,2,1,0,1,1,0
57,1,176.55114128356632,88.94565718088637,28.535381924189686,129.87419283100118,73.70385604688052,3,1,0,0,1,0
48,2,163.03318625550804,65.30534680846907,24.56952200924963,124.0810517183214,75.13140005707623,1,1,0,0,1,0
50,2,178.09204928548408,57.419846665487775,18.103934337727324,160.86002544108737,78.5166500573816,1,1,0,0,1,0
48,1,171.936379372483,103.98696079589101,35.17574716912378,142.25893624892893,71.26491638501457,1,3,0,1,1,0
56,1,155.90721679196835,64.13224838129122,26.384205958040003,139.2802284542414,65.42112911977871,1,3,0,0,1,0
52,1,167.53315121505707,75.51324634123564,26.90429561913276,128.59325355886784,84.0045769736778,1,3,0,0,1,0
50,1,155.8999422312458,69.66906586973036,28.66474475690697,141.10084887399836,80.03684861936335,2,1,0,0,1,0
52,1,164.70321346881184,64.52895762186712,23.787593287865256,102.37667380253454,60.0,1,1,1,0,0,0
60,2,162.32113645851223,85.3380757819033,32.38863883725965,130.34726892160887,82.78185352715936,1,1,0,0,0,0
52,1,157.406052961613,61.71502937865853,24.908529098217485,118.12613051937547,91.46660155772918,1,1,0,0,1,0
52,1,174.45150751868147,76.43849506022221,25.116705562343018,146.08056213632437,72.62376194630184,1,1,0,0,0,1
50,1,165.57292780921478,45.42441843860513,16.56955019220577,112.18434733815954,83.01631403441692,3,1,0,0,0,0
63,2,171.37606008322138,91.7709838906622,31.246766311186224,136.41853219286904,88.11178576164971,1,3,0,0,1,0
56,2,165.47390292731782,63.31888346978601,23.124599894971265,98.67248698577018,89.52438712467203,1,1,0,1,1,0
61,1,161.73530061885765,70.3873261777119,26.9082111938883,116.56702400177494,67.1465243570118,1,1,0,0,1,0
55,1,162.48192629919322,78.64404118123602,29.788984849093218,132.27039878481293,62.584180725141366,1,1,0,0,1,0
42,1,157.24750247218623,54.12104983569193,21.887628040582324,106.4791824615657,88.12873735381358,1,1,0,0,0,0
50,1,175.20578707574336,94.4711973060709,30.775316341339146,147.69902113449007,76.70299480322132,1,1,0,0,1,0
54,1,170.73667031575388,56.30778710811579,19.315895390071226,137.340147909403,81.9930618145985,1,1,0,0,0,0
61,2,151.0425030382418,72.18042150134363,31.638877410453876,135.2164907523401,80.45819267298364,1,1,0,0,1,0
37,1,163.8303684493928,55.47179854781888,20.667285132678824,120.74731402693648,70.00316830549117,1,1,0,0,0,1
57,1,154.6484193910023,74.61497503091546,31.198594311287856,132.97328116910154,82.8336998070319,1,1,0,0,0,0
60,1,157.0439253705325,61.73867326326617,25.03312156042037,90.0,77.34295912546494,1,1,0,0,0,0
46,2,163.0105606893426,65.48470516959435,24.643840773415043,146.2295209861377,80.2928740412993,1,1,0,0,1,0
42,2,164.0888166624137,40.0,14.856004598656183,125.29307823004868,70.94123130983341,1,1,0,0,1,0
65,1,161.429648002033,66.56730101538002,25.544320182278156,135.35317126388176,75.7687385538836,1,1,0,0,1,0
52,1,167.1979848429072,71.83217996554322,25.6954938551589,156.6446911952076,69.96109525006278,1,1,0,0,1,0
48,1,165.9485065058976,68.56674095091581,24.89813463553626,115.6494204373938,71.41415865211896,1,1,0,1,0,0
53,2,167.59917584845203,102.25117551967719,36.40194189670206,139.06562789832913,87.37215750329419,1,3,0,0,1,0
59,1,162.70901755993694,74.55041152950648,28.15962062431017,155.56505877632688,102.9691854376571,1,1,0,0,1,0
48,1,161.28919741550212,86.99299711259548,33.44057465294946,109.08160456013938,79.11560543636125,1,2,0,0,1,0
62,1,165.78706825581398,85.19737938749931,30.997376124140587,125.45058900458268,82.32301315585502,1,1,0,0,1,0
41,2,176.5377086915709,60.467562518513674,19.40204427363041,100.88344404267403,97.98668609379021,1,1,0,0,0,0
52,2,172.7013938379157,61.99050799360787,20.78420943166567,159.46638945680166,71.53680617804598,2,1,0,0,1,0
53,2,158.20335627826722,79.81150578661146,31.888502058689475,132.80260212414623,60.0,1,1,1,0,1,0
62,1,172.1752737987028,51.479923949235214,17.365861462386,125.36117312717057,71.4727009555592,1,1,0,0,1,0
52,1,164.1819770169369,84.3218403931116,31.281611271895965,146.92688721442494,93.36062912897103,2,2,0,1,1,1
52,2,148.71539142708983,87.1261063854031,39.39457948999375,130.66075696759268,79.6336149199126,1,1,1,0,1,0
50,1,165.49347957818054,78.65962246127695,28.72037346917575,125.15723592571555,88.80921274595788,2,1,1,0,1,0
36,1,166.47439211163965,87.22850137244448,31.47484033518689,124.91329131066753,60.0,1,1,0,0,1,0
49,1,154.22017968220203,86.53727115359365,36.384866565044355,131.73340919309712,80.74050436287638,1,2,0,0,0,0
65,2,166.81135334041056,81.36775951336362,29.241600947679967,131.04073904926645,83.7187725232389,1,1,1,0,0,0
51,2,183.60615548343,85.03899216365777,25.2257234617031,140.34363564242466,80.91318328913187,1,1,0,0,1,0
58,1,178.5816724309928,80.50821798257698,25.244480746007284,103.35696772682732,94.33862779682514,1,2,0,0,1,0
50,2,163.9273687396672,76.10444554204074,28.32090260238981,138.75738431935133,80.14643002152465,1,2,0,0,1,0
54,2,162.54697557175453,81.24337415883903,30.748941170350324,106.780149115581,75.05640864074955,1,1,0,0,0,0
51,2,172.09613442631388,80.39920484850937,27.14622989435558,151.99436877669,80.6458936289146,2,1,0,0,1,0
47,1,172.481772877563,76.18044649331617,25.60690550037211,123.961450566244,86.35260577239674,1,1,0,0,1,0
55,1,158.71117672597762,57.336115578996484,22.762148044769003,110.32210599903875,80.75380225173117,2,2,1,0,0,0
47,2,170.7273546082381,127.10321308545363,43.60640733098982,143.0000816322502,76.28421577141053,1,1,0,0,1,0
59,2,169.52047077157073,86.81503623884215,30.209994855716356,154.30646013145366,75.82013664074641,2,2,0,0,1,0
57,1,154.35259153121004,79.15294359627293,33.22302853897857,142.38925704367804,83.30125917198637,1,1,0,0,1,0
47,1,164.12518223694894,72.53642605460087,26.928099973049736,144.17379294714337,88.10661345046478,2,1,0,0,0,0
47,2,168.6917754145477,62.58839390683345,21.994089557269753,127.60182552939597,84.19884650507682,1,1,0,0,0,0
61,2,170.2164604016812,55.62690472036974,19.19914039404136,119.97810371607767,77.71947736323213,1,1,0,0,1,0
60,1,171.3080213929269,100.53672477904152,34.25857820152967,114.50875988833835,79.37349258789382,1,1,0,0,1,0
50,1,167.71058051313696,58.433856005415414,20.77512385503638,135.34588911630877,97.58323696114365,2,1,0,0,0,0
51,1,160.478177403106,71.43215576931794,27.737147142848595,132.42218804296184,73.13913962648846,1,1,0,0,0,0
50,1,168.44009612026264,81.31085077405449,28.658769801429568,142.51283354417734,83.16489499795958,1,1,0,0,1,0
62,1,160.04857906119162,90.21479068394777,35.2187631836429,136.66275598827409,82.98926858119061,1,1,0,0,1,0
58,1,173.34093984057859,71.89802493824753,23.928455453536614,107.56643084340459,72.62630856862822,1,2,0,0,0,0
56,1,166.50830811905595,83.37115476825448,30.070732058544213,122.46320919264662,104.57410207234963,2,1,0,0,1,1
46,2,163.03605688749775,106.2603174769792,39.97640928456697,144.133614110859,76.58686835750076,3,1,0,0,1,0
45,2,158.79568792027672,82.82955408855825,32.847922947291046,138.30217938089362,65.61368535916812,2,1,0,1,1,0
59,1,154.76989693049273,66.76185736628365,27.87118434659047,127.22111162667099,82.78509498684498,3,1,0,0,0,0
64,1,177.90127548261938,106.09147236134382,33.52141579877381,129.39999647568143,72.51393240898426,1,1,0,0,1,0
34,2,182.00009746386613,80.4195832478255,24.27831696533877,128.26458119667586,71.77832898731062,3,1,0,0,1,0
42,2,169.33280694689188,76.91571689514161,26.824576688498738,137.6142663624723,83.85925584890735,1,1,0,0,0,0
57,1,165.67591519601893,60.56736796568852,22.065813570864538,150.70942863331535,67.7210262815129,1,3,0,0,0,0
51,1,156.36084021031635,68.1597645022852,27.878672513698923,149.38166346349865,66.12094408366349,1,1,0,0,1,0
46,1,154.56078732946906,73.9915027253575,30.972995180842407,148.24086330238637,61.190451884750686,1,1,0,1,1,0
57,1,166.85038431697285,68.60037945633513,24.64178110110807,113.53899256228976,103.25046613802824,1,1,0,0,1,0
44,1,168.6539809637712,68.63190463318598,24.128640767470085,144.70861389394057,71.1735594988609,1,1,0,0,0,0
59,1,167.82061753116042,71.30565342726265,25.31822962078239,131.7976512806378,88.9441205603278,3,1,0,0,1,0
50,1,162.09668404137176,86.49264394575735,32.91780828704281,104.91989069529414,81.67551527479932,3,1,0,0,1,0
64,1,164.562692312597,95.12956433697967,35.12794465567824,137.8273025105314,81.93924841724905,2,1,0,0,1,0
51,2,160.92219916843072,71.94273562635529,27.781457718001565,130.22552671411913,69.3888258430503,3,1,1,0,0,0
59,2,164.45405338909168,78.76353016585148,29.122993173019637,104.69168069243482,75.46029778101806,1,1,0,0,1,0
49,1,160.24165909366963,50.90003825486919,19.822902415101264,101.93348832830281,78.34854101591218,1,1,0,0,1,0
46,2,168.91963562883083,40.0,14.018441041424811,90.0,106.14790909943251,1,1,0,0,0,0
48,1,158.80839775126108,72.78157424890739,28.858550712076042,117.29640103310315,90.16764730480831,1,1,0,0,1,0
53,2,167.71015693263416,63.20012419733035,22.46979970140485,129.37980305736338,84.29178171026258,2,1,0,0,1,0
42,1,147.8003302827397,78.37923315582329,35.87981548737915,129.68623609896673,75.88281737184104,1,1,0,0,1,0
60,1,162.63086766762464,74.27071425001462,28.080940052419194,115.34318586200764,83.01289497656111,1,1,0,0,1,0
52,1,157.930843214805,81.9070928279966,32.838824544307144,117.75587932352482,97.1383879571573,1,2,0,0,1,0
37,1,158.7516588172177,80.53775891197807,31.9567787994263,176.48653637976463,72.73423725440422,3,1,0,0,1,0
43,1,168.70326786798793,92.09853655955358,32.35979330879749,161.3661077849677,71.3536051927003,1,1,0,1,0,0
45,1,155.39766030057362,90.27581856934606,37.38371728570808,136.4305056451065,86.88836379486638,1,1,0,0,1,0
45,1,170.22649899629596,65.08913183496706,22.462295925598657,90.0,89.75118674812906,1,1,0,0,1,0
54,2,166.01729058430266,76.77138093567024,27.854329509915583,123.55027479214645,72.49270326454564,2,1,0,0,1,0
51,2,153.12195141218785,76.45949933482753,32.61043105628716,111.97345747135955,70.07530204460696,1,1,0,0,1,0
55,1,157.1472154476949,40.0,16.197448633285724,116.02587669223281,84.32869153361928,1,1,0,1,1,0
48,1,164.6140922099592,72.28706534911393,26.676360100124786,160.9532202335746,70.97166496621487,3,1,0,0,1,0
59,1,168.0819408497726,70.87464653250822,25.087003909534157,133.62528815752907,84.23113037375558,1,1,0,1,1,0
48,1,173.28688976652302,87.8524269731795,29.256498673146577,101.59798300380646,75.74346831180853,1,1,0,0,1,0
47,1,161.3474098919368,54.20655903222051,20.822258967422805,124.181460332745,92.81596545165323,3,1,0,0,1,0
56,2,154.0585951857682,77.6250651433039,32.7062017179267,142.9510971007407,101.62952161172915,3,1,0,0,1,1
46,2,172.14746870845357,90.35840917285168,30.490692911681695,141.98716601513925,65.23941509977274,2,1,0,0,1,0
59,1,165.88405854872613,60.687753232475565,22.05422265174583,133.9371483143357,72.3131607686494,1,1,0,0,1,0
63,1,154.85185813784088,76.53773638024683,31.918521906044067,133.6153776362244,70.53034755753059,2,2,0,0,1,0
59,1,172.7125419650791,94.86066998179614,31.80082855166547,116.16618437022608,79.71823566456888,3,1,0,0,1,1
47,1,162.30330522396144,75.08007932188363,28.501649470485443,144.58398902644848,94.35213756204091,1,3,0,0,1,0
49,1,177.4325830749165,63.915809330601405,20.302127102100844,129.7303997052384,65.93432379402721,1,1,0,0,1,0
56,2,161.36271690867582,67.77546279850753,26.02951622802609,160.03902237501913,86.80323642380796,1,1,0,0,1,0
51,1,152.25549364675837,68.88821081015347,29.716589281645412,140.08606204903208,80.62679489371698,1,1,0,0,1,0
62,1,159.98160988817943,76.98761148355813,30.080200066416776,124.29504642898922,86.09553152591005,1,1,0,0,1,0
62,1,160.45051587707104,65.29499730648514,25.362827781128257,119.05026340249309,80.37773257812924,1,1,0,0,1,0
60,2,148.8190647305256,77.09428234244794,34.81008055836372,142.83310749419093,91.77679167708601,1,1,0,0,0,0
63,1,175.24052748432652,79.76660816196008,25.97478861034458,122.80113178056548,98.48107487674451,1,1,0,0,1,0
47,2,170.70983684319785,81.4967607870036,27.965542776243055,129.57940547014113,89.28206133079149,1,1,0,0,1,0
48,1,161.52548011781576,58.89724873813418,22.57422902772623,112.09253072108025,88.28093445962621,1,1,0,0,1,0
56,2,162.96459813492368,77.06136905429929,29.016844360335043,147.0826681811999,87.47299265222644,1,1,0,0,0,0
65,2,149.11884042883418,52.608163026274966,23.658548790187936,98.46436217407708,84.72970704791244,1,1,1,0,1,0
46,2,166.28668108352278,78.37887283728023,28.345497445885233,119.23981823033853,83.07558890593897,1,1,0,0,1,0
51,2,166.1213505793801,106.8334432508338,38.712954700052585,90.0,73.05766444274278,1,1,0,0,1,0
56,1,159.46809617685525,65.58819362914707,25.79158613826867,173.22012753724093,78.99907416668773,1,1,1,0,1,0
52,1,169.71492982049227,72.09021040984346,25.028579123723276,91.70440129115369,109.61122932310329,1,1,1,0,1,0
38,1,152.3244305362538,69.82982688872298,30.09551912801516,137.14081129500556,79.34736476204642,1,1,0,0,1,0
49,2,172.2356482318701,86.31507747456088,29.096488325498445,125.6743101000212,87.49945084254661,1,1,0,0,1,0
49,2,175.68414930075886,57.819921409504495,18.73321583804942,141.1116466865452,65.01516341491157,1,1,1,0,0,0
50,1,165.51157784522906,65.7488055666787,24.001097976078604,121.91536751300251,81.65656134975102,2,1,0,0,1,0
46,2,162.33220243590193,53.26842515305692,20.21438325250771,142.25878351104674,71.79991041013348,1,2,0,0,1,0
51,1,171.12579697676554,92.94142890935422,31.737913899925235,116.37867424954736,80.859550101269,1,2,0,0,0,0
38,1,161.50061029655294,104.61405697763931,40.108988421074166,114.6415653113825,60.0,1,1,0,0,1,0
46,1,162.69505894153713,66.3455509772609,25.064732725525307,94.21751118728342,81.89188970215336,2,1,0,0,1,0
49,2,178.95130829300203,56.580181284571296,17.66829244132105,125.57981745641062,63.25072836706382,1,2,0,0,1,0
52,2,165.5398310567515,60.6636013352896,22.137224716642685,133.74313295141803,101.40504364187761,1,1,0,0,1,0
58,1,168.1347586503103,57.0691181968878,20.187667936293405,108.63822299479357,77.90194441950233,1,1,0,0,1,0
48,1,163.55258982589672,57.98374432677219,21.67661208354655,118.88517790414406,96.29863217050482,1,1,0,0,1,0
56,1,170.92243992395322,84.8032098162524,29.027800068058916,128.5930048696827,97.20011194060507,1,1,0,0,1,0
50,1,156.06977375608915,67.85869659713208,27.859153228166296,148.88985288789556,72.96211318105016,3,1,0,0,1,0
43,1,172.1681693690289,68.70780874583073,23.17930310797066,112.78172352834748,80.06022058600878,1,3,0,0,1,0
53,2,162.8977980803209,79.55578139716293,29.980668881787334,119.49949172179669,87.70682271948384,1,1,0,0,0,0
55,2,154.15621685086558,75.37511919930259,31.718009469940924,112.30177946405809,66.1222886364673,1,2,0,0,1,0
62,2,178.49028108254092,62.78834639102537,19.708333314093238,95.98464400831298,80.70859925330026,1,2,0,0,1,0
52,1,169.97177381248056,83.70915789340616,28.974727457445244,158.2080384457377,72.65101546428008,1,1,0,0,1,0
55,1,171.89413726639268,68.30337810243383,23.116392189626985,143.41422080300404,94.29256850196488,2,3,0,0,1,0
60,1,140.89328398376355,82.19026488029527,41.403761310955026,118.59332480143726,84.10110329803739,3,1,0,0,1,0
54,2,169.7601561723814,85.95815114224003,29.82740928729142,119.02152756240807,91.27464107552007,1,1,0,0,1,0
42,2,167.3149898936137,93.59883343448114,33.43495422214624,107.81660805141273,72.78914409240885,3,1,0,0,1,0
48,1,165.50322795674666,97.71928486026866,35.675276087324065,107.94518273255592,82.21205073880155,1,1,0,0,1,0
57,1,166.14916034905178,74.85114746896295,27.114534988402585,123.47103579963975,60.0,1,1,1,0,1,0
52,2,157.0186621236179,85.85275717572954,34.82183889401772,114.5659557964874,81.27722039091508,1,1,0,0,1,0
56,1,157.2493634436837,64.65769202086852,26.148236608262817,97.5089746471752,84.37476797838723,1,3,0,0,1,0
60,2,171.67094451927437,81.64274382968671,27.70282118419789,130.88877617120127,92.18409878404651,1,1,0,0,1,0
54,1,171.50494698212634,58.89356200903548,20.02232557592839,116.70858353145555,88.2820483343284,2,2,1,0,1,0
54,2,172.55973075744703,45.320367664231526,15.219995201195866,123.26708508917761,97.0188667087927,1,1,0,0,0,0
52,2,172.615807067553,80.70612078776767,27.086029476556867,125.1209956377307,74.44142480720328,2,1,0,1,1,0
54,2,162.75252426095295,80.43110844041837,30.364671538622847,125.25421676422428,87.18511434622036,1,1,0,0,1,0
52,1,149.13066905337817,82.29148568200465,37.00163975521809,116.91375841321793,94.13959157799013,1,3,0,0,0,0
56,1,161.85988662198912,69.29308664683556,26.449133192424913,126.51204234596267,93.26275060276785,1,1,0,0,1,0
51,1,176.39637580054423,94.68427037308558,30.429759570226096,113.92981734323584,72.80075206424324,1,1,0,0,0,0
53,1,166.94973821076675,77.9484697523596,27.966370632709225,99.86228038291227,72.72333596922905,1,2,1,0,1,0
39,1,154.22810218563703,77.9732610511596,32.78073363793757,119.36381739357589,83.9093171803746,2,1,0,0,1,0
52,1,144.54202034653505,75.1473237017851,35.96874431041268,103.5161733063017,90.69983531738004,1,1,0,0,0,0
47,1,165.9445468861445,98.7776504444752,35.8701109902101,130.133428453993,105.54090447310836,1,1,0,0,1,0
48,2,162.30522686287614,72.00147471804824,27.33231262961477,120.45676882254095,80.2148804619021,2,1,0,0,1,0
51,1,166.50063503941996,53.88665941022765,19.437905783149343,94.68134268455788,74.97356001222542,2,1,0,0,1,0
51,1,173.72598404575575,40.0,13.253495367267492,98.3004894917167,98.18923802639569,2,2,0,1,1,0
59,1,155.75396956545373,85.1965361774129,35.119125269491185,139.1307932728914,96.96289605529971,1,1,0,0,1,0
55,2,172.85533823053183,44.81519178585466,14.998908882549888,123.37860020660182,67.4574092176847,2,1,0,0,1,0
51,1,167.80950867633726,75.07323398679668,26.65949957503895,111.49403158458942,83.50693189482338,2,3,0,0,1,0
46,1,172.14253144615503,82.04281885819336,27.68625427426394,115.36921357351252,75.13857522377198,3,1,0,0,1,0
38,2,158.63540538889586,89.03214871654876,35.37908602976547,102.50452710988876,81.43310324390562,1,1,0,0,1,0
53,1,169.62679430728096,73.8182172262127,25.655155014322375,114.79851036772679,98.1073658546298,3,2,0,0,1,0
65,1,156.48917188503194,63.64164476072091,25.98799714520721,123.90858195047798,65.60544932701309,1,1,0,0,1,0
44,1,170.06926142351793,72.75481278685099,25.154174894591026,141.69583351578316,88.77162246583374,3,1,0,0,0,0
60,2,170.38576125517537,76.21084971684822,26.251263176229134,123.97914374914195,63.57273704479455,1,3,0,0,1,0
49,1,174.22491294865122,60.37971508181256,19.89163799454119,134.50864350554346,88.75157632553716,1,1,0,0,0,0
48,1,156.01391886584258,58.45217947360353,24.014525909545114,90.0,80.80006149590261,1,2,0,0,1,0
63,2,165.20882552897484,61.54353874166175,22.548412794397155,136.91290571881996,90.98097373635811,1,1,0,0,1,0
57,2,170.47207209475255,59.27834396499564,20.398093695982528,126.87173172618574,73.70812361650201,1,2,1,0,1,0
49,2,163.27076700828314,71.49951223723328,26.82169459764447,129.22270726903588,67.17065187490523,2,1,0,1,1,0
55,1,165.24236675487984,94.77705473872572,34.71046207383267,118.31637516207553,94.32393936240301,1,2,0,0,1,0
46,1,148.248199474375,73.14669864480142,33.282494960357866,128.02114347649047,84.28019198304716,2,1,0,0,1,0
59,1,162.1411843670636,51.34828354620519,19.53166418486909,120.3736458267733,85.66238866715294,1,1,0,0,1,0
63,1,164.78165331320034,100.07712722437162,36.85675690863329,116.81014389362001,73.20378120925174,3,1,0,0,1,0
47,1,166.86974395743152,66.91751668202181,24.03170679984828,153.32329488700097,79.4851453777911,1,3,1,0,0,0
62,1,169.26965642881927,76.34544250603334,26.64556240275629,141.06483836160416,75.31401844207242,1,1,0,0,0,0
51,1,171.33137459543335,86.53135170635787,29.47811368227102,114.86932428279543,78.00164986291641,1,1,0,0,0,0
54,2,174.82843945575877,90.40246885804257,29.577136732152212,90.0,70.44022874406468,1,1,0,0,1,0
59,1,157.921655943966,99.17360181675393,39.76607321341143,114.84063288418048,102.47624693339151,1,1,1,0,1,0
55,1,176.8498958695718,64.58973819211555,20.651609638020147,146.5268506381641,93.89164589212888,1,1,0,0,1,0
43,2,161.89994385650945,77.16420657841545,29.43896238966927,141.6615257174712,87.7055398551245,1,1,0,0,1,0
51,1,177.70939870132247,78.78657282000815,24.947751788062824,140.50662192378707,106.41606107569329,1,1,1,0,1,0
50,2,174.12799181643956,83.73694222234758,27.61721717299463,91.63452871375264,60.47984240353344,3,1,0,0,1,0
55,2,160.1143455152716,65.31239104450246,25.47622608758846,140.6296230539069,78.62980054194252,1,1,0,0,1,0
57,1,179.22184022226136,65.64784530766067,20.43801020638892,126.19162619553781,69.45610347873779,1,1,0,0,1,0
65,1,164.867649831121,61.5826028814426,22.656204013095003,131.41043512356092,81.06419788117427,2,1,0,0,0,0
61,2,159.55268765591762,78.61715989995191,30.882261923834204,145.39911635024143,84.82607136993919,1,1,0,1,1,0
50,1,171.18963841172464,67.74556430573875,23.11670418129837,97.74378789269564,72.11022094171437,1,1,0,0,1,0
53,1,164.7510469921635,73.19237966189984,26.96556354631877,90.0,68.96328580628577,2,1,0,0,1,0
60,1,155.57480511252106,91.35469226309984,37.74438276610219,156.08262739384608,91.48714543937382,1,1,0,0,1,0
51,2,172.11780581737025,56.73213818831061,19.150386791262267,134.75846673129132,83.45100457735414,1,1,0,1,1,0
39,1,152.7566661095978,71.29992257509448,30.555452206427116,114.18415646801759,95.75594081574,1,1,0,1,0,0
50,1,147.62187214938106,82.6467390693209,37.924887839623615,130.81406625578708,79.89669265537059,1,1,1,0,0,0
49,1,163.30307560781003,74.02157017945179,27.756810786546225,143.5218220992537,83.84616304856978,1,1,0,0,1,0
53,2,162.1590646920212,82.54617789400464,31.391676311081866,128.31706034257797,84.5061565566642,1,3,0,0,1,0
48,2,167.41553765200473,70.00282410158898,24.976066216982296,118.9110425724451,96.65954391969744,1,1,0,0,1,0
46,1,164.61565637135035,68.30666123441875,25.20697797704905,113.89884069401208,75.50889800478112,1,1,0,0,0,0
49,1,158.59843112651907,97.51371107615816,38.76751029215638,127.50970187230288,87.29340801011442,3,1,0,0,1,0
45,1,157.4746247493193,68.16247482837355,27.48680022919442,124.66116113224412,91.57822969288878,1,1,1,0,1,0
63,1,162.10327854677516,84.93812793002775,32.32355265013317,120.6186898998215,94.64467080972949,3,3,0,0,1,1
57,1,164.2728081831687,63.94398756512444,23.69563507605307,113.69636708292286,69.16390199408481,1,3,0,0,1,0
41,2,159.492796637158,83.88502422370348,32.976327509761596,127.0874868180766,61.24668036890651,1,1,0,0,1,0
52,1,169.33179126077607,75.64176952463684,26.380600361657187,122.08598194295197,89.278499285783,3,1,0,0,1,0
60,1,172.60671886057352,79.54979870382137,26.700764176462,140.83843276364965,79.85599922166381,1,1,0,0,1,0
57,2,166.03326720968084,76.6209437114269,27.794397778722136,127.70268646520834,71.2356561112962,1,1,0,0,1,0
54,2,167.70671346441745,92.34893229821259,32.834543472445205,165.4146680981168,74.12508981999856,1,1,0,0,1,0
52,1,160.6473347115803,89.96194106953091,34.858746674086966,127.72415837799551,95.77317419068147,1,1,0,0,0,0
48,2,148.95808461717493,91.84481056349594,41.392958128651614,145.65093386530367,86.0591727274371,1,1,0,0,0,0
44,1,161.3825145395205,69.8189200718915,26.807738039389513,90.02794013355967,83.6007637536074,2,2,1,0,1,0
53,2,169.4360112320012,90.4949952065366,31.521953455832154,184.7383501524953,79.23973627342357,1,1,0,0,0,0
54,1,156.1321818529089,75.67383556884535,31.042800185517784,142.97616125712088,92.72473988880327,1,1,1,0,1,0
57,1,159.3142456658327,79.95982533186636,31.50377620028085,142.67915307173624,75.81023744532726,3,1,0,0,1,0
58,1,166.61343687144648,75.74349498983743,27.285083966371673,141.04313017564422,80.02968382692677,1,1,0,0,1,0
57,1,163.70070947010979,47.26470689464186,17.637452037885236,139.56866994172842,81.99639585929249,1,1,0,0,0,0
41,1,172.14811245965424,80.41879629407669,27.136450340608153,131.4968524409144,77.24890732626345,1,1,1,0,1,0
43,1,159.72022388251509,51.18023848456468,20.06238150526761,148.44562341484564,80.75930540510333,2,2,0,0,0,0
59,2,162.5632920649893,82.69309112537215,31.291346759556518,146.56571880423374,80.70328449758016,1,1,0,0,1,0
59,2,149.4293224150633,97.70744061463822,43.75785079036788,96.84185418487442,88.8430209482935,3,2,0,0,1,0
47,1,165.86529128002167,67.94888923783932,24.698542763924337,105.29090631884405,86.71647048564661,1,1,0,0,1,0
47,1,155.3307531669127,86.44012159391363,35.82617747866049,136.70532048219604,79.98733016601685,1,1,0,0,0,0
53,1,171.41686708221434,74.34042843891517,25.299850382775507,133.93363918549906,75.45917205281185,1,1,0,0,1,0
43,2,166.38638216151185,45.551870084185836,16.453968204236812,113.27890590968893,82.74618480901776,1,1,0,0,1,0
48,2,157.275819677389,86.39023297688564,34.92534707333643,111.17554429930081,97.23429665892502,1,1,0,0,1,0
56,1,161.11186340725732,71.48321895404203,27.53905665830104,143.7047575998747,83.99099832897794,3,1,0,0,1,0
50,1,150.508965150652,73.81020734099062,32.583046328559234,106.37404477918933,74.22063712950995,2,1,0,0,1,0
56,1,158.54360686832348,97.91158157897968,38.95261312393149,166.79829080501636,81.29533147205119,1,1,0,1,1,1
44,1,173.34630698890956,72.47363177195737,24.118530169266776,141.050023168898,75.96328005169916,1,1,0,0,1,1
58,1,166.8300354719111,80.32476349919484,28.860308640530288,139.55591966933224,73.36474308743182,1,1,0,0,1,0
65,1,156.16135473103742,104.86912641236925,43.003174295156185,137.10038416645003,97.0668927438385,1,1,0,1,1,1
48,1,157.2733690934515,47.268031986776776,19.109843928488992,132.04443395448737,74.11054445696672,1,1,0,1,0,0
57,1,169.9127514924474,86.75255642505158,30.049021608528193,125.19794185049895,61.722950191847744,1,1,0,0,1,0
44,1,144.83556223045701,62.913732822416364,29.99128228967739,148.62433331583372,63.69401970138129,1,1,0,0,1,0
46,1,166.08117452363877,97.446212148897,35.328414500760346,154.78196780072432,60.0,2,1,0,0,1,0
57,2,171.40609670749546,68.07258432920139,23.169662528092413,130.58774353200198,90.00121459222594,1,1,0,1,1,0
52,1,170.18082180287033,83.02592220681836,28.667675186608506,134.8012132376154,84.57522918035544,1,1,0,0,0,0
48,1,160.25083803468516,92.6639203570279,36.08361591185117,147.84819990921952,79.04147294464889,1,1,0,0,0,0
53,1,177.0918523268919,70.67518162902435,22.535633557594455,111.43906947781761,80.97211926424967,1,3,0,0,1,0
43,2,172.47263847800556,82.17361758285789,27.624345183677555,120.56160421075295,78.74682294736772,3,2,0,1,1,0
52,1,175.86074235421697,86.25931891115056,27.891265546261632,120.73182006200572,84.40355306148325,2,1,0,0,1,0
61,2,173.98065685133201,79.64236274811643,26.31129376051873,121.23299978912848,103.89105891224949,2,1,0,0,1,0
58,1,163.2237626653047,90.01276497421924,33.7860431380065,175.0824933232434,91.5684609826506,1,1,0,0,1,0
58,1,149.81888805930024,76.93355775850105,34.2754115194876,132.94328152998415,103.82099644558122,1,1,0,0,0,0
55,1,162.7741818918812,57.47702618177146,21.69318138039559,108.86215352288517,64.75525976167566,1,1,0,0,1,0
63,1,151.66761138749163,54.89943771605904,23.866141004126398,137.25652023268714,96.07305982180962,1,2,0,1,1,0
42,2,156.57198593775396,53.07744524432633,21.6511959576018,150.1895835294064,82.45140859503722,1,3,0,1,1,0
46,1,168.73062560587348,51.87733148134623,18.221737870587155,109.54518147454813,100.94405682716048,1,1,0,1,1,1
58,1,157.220639606075,85.82231870620802,34.72011271765522,136.11506688547695,84.9244442122764,1,1,0,1,1,0
65,2,168.40264253577763,91.3401776424414,32.208021523853596,123.56285110949037,76.34789684699635,1,3,0,0,1,0
57,1,162.85227410094458,82.56199496327288,31.130960709455454,177.53367053603438,87.97058027507714,1,1,0,0,1,0
48,1,164.43111432292756,74.46473096576385,27.541185152635254,141.0372194454567,86.40512961418985,1,1,0,0,1,0
52,1,161.99642437372543,74.57959856985168,28.419025638590245,125.96857398934911,68.06591155622556,2,1,0,0,1,0
53,1,172.4492300066819,97.6138710998473,32.82381203006386,117.70616608866086,62.19327402603661,2,1,0,1,1,0
65,2,170.26115021727279,71.20877541173743,24.56418679340803,127.96616353449652,76.94970227925319,1,1,0,0,1,0
64,1,165.8538418130752,56.28265897817969,20.46084356459204,140.9375779157761,76.07550839387939,1,1,0,0,0,0
61,2,159.50420329768045,73.21823375253226,28.778952592913654,148.18887532425248,104.72293594539103,1,3,0,0,1,0
61,1,174.87701433695008,80.95822525217321,26.472534265301285,119.45484107177151,88.83010762882017,1,1,0,0,1,0
40,2,160.86029341218392,83.33706405269528,32.20627398444128,109.10431331659365,79.47751269134847,2,1,0,0,1,0
45,1,158.80451762717868,65.09078955193918,25.810346424898146,110.29759499205582,75.45966397329053,1,1,0,0,1,0
53,1,164.35431885119414,75.47751506419344,27.9418625437248,135.0512363917644,93.11962442012259,1,1,0,0,0,0
51,1,165.89576200192582,64.33211234822224,23.375301891714958,119.48107651621089,85.13378120360296,1,1,0,0,1,0
63,1,159.62513422366,75.52248676239657,29.639695033501066,148.90521964929837,93.44865763737405,2,1,0,0,1,1
59,1,163.5644401284949,94.00564749870962,35.137929107118644,124.01020580134194,76.20728009564415,1,3,1,0,1,0
55,1,170.20935856143683,107.41772914034658,37.077385022411406,130.89709411210382,84.09303588503387,1,1,0,0,1,0
56,2,153.41482704999618,65.61964102710851,27.880411577131408,126.16904034207823,66.50082488360482,1,1,0,0,1,0
52,2,164.90615182637555,69.88286379961436,25.697861222609564,132.6711349909384,60.328445940215175,1,1,0,0,1,0
52,2,156.38642263572322,73.67538041825829,30.124808620665704,107.83996613996189,88.85305295792855,1,1,0,0,1,0
49,1,162.63810563518015,62.94742231434059,23.797609635953968,117.86786729802701,94.0629183089207,1,1,0,0,1,0
53,2,175.89156889866294,57.25732530703885,18.507212490052858,106.59636516748145,105.81293537210657,1,1,0,0,1,0
45,2,172.01960833598693,84.42540506666293,28.53101643985353,134.3600415361348,88.83218341662297,1,1,0,0,1,0
60,1,175.83802665776292,88.1606069433441,28.513397527062214,151.48612160686076,76.27663764404676,1,1,0,0,1,0
51,2,159.69358151135637,74.67997919518251,29.283923664807144,115.39990789580348,91.53356622050214,2,1,0,0,1,0
53,1,170.65187924998008,61.87076608741859,21.245323242825297,135.27177981557838,78.67406053877316,2,1,0,0,1,0
48,2,169.33659359311844,56.19937782240339,19.59881751567173,121.55430216783348,67.0207625230535,1,1,0,0,1,0
44,1,170.59508521276703,79.8285358318189,27.429957423837745,134.02198187053776,74.67077905565546,1,1,0,0,1,0
51,1,164.87093067010832,67.55923948815656,24.854015975498047,129.21260163925945,69.22113928446483,2,1,0,0,1,0
52,1,160.12041245459875,60.102010439808346,23.442050615403197,113.9810680229331,83.60671540103431,1,1,0,0,0,0
51,2,177.485468671657,69.52859821216906,22.071805992630658,140.19326262130406,83.34836142933275,1,1,0,0,0,0
63,1,163.35243050462915,58.19912527224749,21.810481626458028,113.96088580104097,71.22131786387466,1,1,0,0,1,0
51,1,176.2223982162201,93.538808709188,30.121016220924332,112.61207362317553,68.02385613666664,1,1,0,0,0,0
48,2,171.90626247787714,102.53439275427944,34.696539925481076,148.26572711036093,82.206790757272,3,1,0,0,0,0
57,1,164.17217620152846,78.9345509476762,29.28653775226068,147.73109004926553,66.92777403427117,1,1,0,0,1,0
53,2,155.5303922868654,88.2708550824908,36.49108687135021,104.43818898885233,82.81998564866764,1,1,0,0,1,0
65,2,174.93409415504956,79.4849276144395,25.973822127931005,129.65205671296607,73.90272860131547,2,1,0,1,1,0
54,2,174.76385134399908,71.60996378752998,23.446079884585785,149.28700775211453,79.47801631177468,3,2,0,0,1,0
48,1,152.17079564667267,69.2245749101552,29.89493921775553,146.95687294146666,88.18365224993954,2,1,0,0,1,1
56,2,152.78139967109593,62.07207934120025,26.59226470508766,155.4391842561685,79.7501534685978,1,1,0,0,0,0
56,2,163.47913318709325,96.89424294507343,36.25545178006621,153.1903500260796,83.43616403375331,2,1,0,0,0,0
34,1,160.5791233470702,52.669076512518856,20.425727719101342,121.78722301511765,98.76179234647833,1,1,0,0,1,0
55,1,156.20270505364115,67.29896449152821,27.582351003022563,92.21424048073169,82.19264332689846,1,1,1,0,1,0
44,2,177.5932630765758,75.77324881190111,24.024974437575054,113.32223807668541,60.0,1,1,0,0,1,0
54,2,156.24009413772635,69.31633985805203,28.395573109475308,122.03316499877526,86.00812666673725,1,2,0,0,1,0
55,1,158.51232470527827,84.17306900001748,33.50017621890456,114.9408897897282,69.54518688619929,1,2,0,1,1,0
57,1,150.94617331956738,82.18196160447431,36.0688493664064,93.70819773046757,88.75748936257384,1,1,0,0,1,0
47,1,182.05526995512977,88.10070890320507,26.581096556088923,136.01503221898386,81.32919491709845,1,1,0,0,1,0
65,1,166.08269087067842,93.31893348361463,33.8314819039476,124.74851754880329,88.02571152000414,1,1,0,1,1,0
46,2,160.79573126056954,74.44030845104972,28.79115806437033,131.59647155831368,82.71478245462568,1,1,0,0,1,0
38,1,172.01225237335194,66.45066672698496,22.458491261504037,118.91294744174084,62.712233749562614,1,1,0,0,1,0
56,1,165.9467980312973,92.97597511961628,33.7623748828204,124.69898803850192,79.87321328618746,1,2,0,0,1,0
47,2,175.87560487348196,86.81525044409393,28.06627746006361,143.3385797068183,76.7154227436699,1,1,1,0,1,0
44,2,162.88821373569237,77.17730552591941,29.087760823689145,142.5955172655506,73.88127428093568,1,1,1,0,1,0
58,1,152.32499108740825,73.05901766482036,31.487016063851737,113.6576554985255,90.58622168554007,1,1,0,0,0,0
46,1,169.13599008346839,59.908162610956715,20.941796733545317,123.8647068081022,72.63430518743851,1,1,0,0,1,0
55,2,175.58919978974762,91.62100547328234,29.716622975153058,147.22094192149228,83.83834021362921,1,2,0,0,1,0
51,1,173.98331492263864,85.17524885145924,28.138322870715978,120.37835731984272,82.22447836748098,1,1,0,0,1,0
46,1,158.21191464825216,69.77376822238821,27.874931294794646,106.18870552606816,73.00339896097307,1,1,0,1,1,0
42,1,147.95407584515848,56.84498098389717,25.96798539880145,113.925154924493,60.0,1,1,0,0,0,0
37,2,176.11849624152933,65.15083910797571,21.004390134836267,124.07132018059723,76.39682675954965,1,1,0,0,1,0
64,2,150.75254737398524,65.36664554236916,28.76251642474821,146.92465455724556,87.63013352433344,2,1,0,0,1,0
60,2,183.2647716068053,40.61498671718967,12.092840802935703,147.41354276587253,80.45784144154626,3,1,0,0,0,1
55,1,156.32510303793342,84.2797979763137,34.48784346800331,142.54948336900037,86.18478706461215,1,1,0,0,1,0
55,2,165.06127517523663,74.34867580812623,27.28869994726583,119.25902477375683,93.5348756488714,1,1,0,0,1,0
56,1,167.50834408051062,40.0,14.255652507119269,155.50046964576276,87.62836793831292,1,3,0,0,1,0
54,1,161.9971408168301,51.930384909930204,19.78822512808471,128.94674092724375,63.04599902263176,1,2,0,0,1,0
60,2,157.22507630922914,49.06549886461914,19.848723890735638,90.0,84.49646671204943,1,1,1,0,1,0
52,1,169.51786873282907,79.50636063144566,27.667562976508545,133.87222622022674,63.132197612572334,1,1,0,0,1,0
59,2,178.1337696765041,86.16437877205668,27.154089434354358,116.88438012449274,89.74228165526223,1,1,0,0,1,0
42,1,160.1744437855633,64.0914572245641,24.981223044301007,148.64547834310858,67.23943085965686,1,1,0,0,1,0
47,1,163.88629241806802,92.66911244731327,34.50243471815384,163.24377104006288,84.27605080604927,1,1,0,0,1,0
51,1,157.91322688026267,62.710888761413926,25.14814404984776,123.81240854605389,68.73097372411334,1,1,0,0,0,0
60,1,156.87215507463497,99.71217938673482,40.51879142687053,158.30187725516396,77.78188259522872,2,1,0,0,1,0
59,1,160.11725672338503,71.37286694177097,27.839207019906425,133.01208498887203,87.42152168159731,1,1,0,0,0,0
47,2,161.1210250325607,50.535795426184684,19.46680477492761,129.00604012343675,68.55301767185557,1,2,0,0,0,0
49,1,161.10580101913587,66.73136565081613,25.71033027374155,177.5402221369012,73.1901223667662,1,1,0,0,1,0
48,2,163.56448708413606,93.29484925404822,34.87222315028614,122.0396485113514,69.41924747164161,1,1,0,0,1,0
50,2,170.74951255090798,66.24528255285583,22.721448362495856,121.20935614598697,88.02558632631181,2,1,0,0,1,0
53,1,166.72570363061104,86.7364281106251,31.203004636771826,90.0,73.46474492157391,1,1,0,0,1,0
54,1,160.12558240367414,70.1182571652094,27.346998585282066,117.37682874402832,65.92827380371077,1,1,0,0,1,0
52,1,171.2100050411934,47.554122647499305,16.222952381880827,134.9831683423623,75.41520499362629,1,1,0,0,1,0
65,1,161.92444385043953,91.44897299897798,34.87819523744497,139.63800954567014,82.25097491343749,3,3,0,0,1,0
48,1,171.69530107333614,70.44103790081974,23.895104112982597,108.98668167008218,79.21007101146019,2,1,0,0,1,0
65,1,164.2623477351554,60.49873379993008,22.421787577625807,121.63506560471319,73.66955705695476,1,2,0,0,1,0
46,1,154.9311746148648,60.90779634492174,25.37436951035538,148.89086066572057,92.14836305022115,1,1,0,0,1,0
48,1,176.10918072251602,95.88627646239499,30.916652222033793,107.17219274504711,80.25460091784288,1,1,0,0,0,0
54,2,165.18047298446274,74.06511915023196,27.14540434739251,133.56147094878196,60.0,1,1,0,0,0,0
65,2,180.11302988042408,56.19087128576405,17.321101322328822,148.52364624922447,65.39854334235498,1,2,0,0,0,0
50,1,170.686233360253,73.51416035266273,25.23329772743272,148.51839171735813,82.26133862801464,3,1,0,0,1,0
54,1,167.54413381770638,62.96675733790424,22.43121899584121,136.3853645646804,86.53838118231144,1,1,0,0,1,0
32,1,154.29411318097874,40.76230405034832,17.12221755219739,138.64409419761324,75.41950076075247,1,1,0,0,1,0
54,2,174.11061162528966,84.93970030941543,28.01949102707354,130.70704196482615,71.79284269269661,1,3,0,0,1,0
50,2,169.79772319311272,71.46699958217154,24.78801922719968,101.16812089703834,80.02376614668778,1,1,0,0,1,0
57,1,169.18700074259976,61.52629185395758,21.49447085094239,126.5558615496293,78.30813344599406,2,2,0,0,1,0
62,1,153.75435695605606,76.44221450742805,32.3354118903866,138.0801003953177,93.2160680272753,1,1,0,0,1,0
48,2,158.5379743812442,58.95308033789151,23.45524060187021,145.63644048470005,60.0,1,1,0,0,1,0
43,2,172.32356044401703,80.03363863727546,26.951518779399503,122.92890435748696,75.06960370748358,1,1,0,0,1,0
65,1,167.19488734584212,73.53395346199774,26.305219489658242,127.1967950590281,80.0338786811062,1,1,0,0,1,0
50,2,167.0572069237242,81.85144038475983,29.32890806834978,121.04217933037849,76.92263490408442,1,1,0,1,1,0
54,2,163.09679514887088,64.60139710515874,24.2857240461384,112.35226389702933,78.66072277036632,1,1,0,0,1,0
48,1,172.37897583218495,66.97987856219359,22.54113415017278,121.0507473041634,74.54611028322114,1,3,0,1,1,0
51,1,157.68620887702173,62.96611365685249,25.323251319584976,125.60944746995635,68.03163716804251,1,1,0,0,1,0
46,2,163.68432761980412,69.18935924732311,25.82409502859575,133.81704679564155,68.41599490344154,1,1,0,0,1,0
54,1,169.0399989219273,75.28936933466626,26.348427227912047,142.5765020428344,82.9267582073087,1,1,0,0,0,0
51,1,159.95925190453465,93.62207087647015,36.589756098854146,135.2898955338072,82.49855299901256,1,1,0,0,0,0
61,1,166.49403088107704,61.360926160400844,22.135766773851422,129.2500510535236,72.57800768273374,1,1,0,0,1,0
42,2,163.17931527839187,72.25487050241621,27.135442879928828,133.84454729732806,71.32879511505236,1,1,0,0,1,0
56,1,159.10866426405735,76.2347977685771,30.113802166232354,132.0437512430989,79.84428517777883,1,1,0,0,1,0
48,1,156.211591145841,69.53654306854361,28.496175988956182,128.98749644238282,75.84298698209,1,1,0,0,1,0
50,1,164.29874182845947,65.34382771844113,24.206728301178476,142.56002445657197,64.40912453254506,1,1,0,0,1,0
49,1,156.85838164490212,82.00048803672473,33.327364950925016,123.6400772846714,76.32330085813003,1,1,0,0,1,0
65,1,177.03355162595054,70.90328622458635,22.62326068743805,148.931127398497,90.9150835342821,1,1,0,0,1,0
58,1,158.3805663758069,60.445274297523284,24.096755404734225,140.4945160423105,88.11657231153316,1,1,0,1,1,0
57,1,173.48132967299526,63.09591266360074,20.965042265065584,119.91271171922271,76.57578420050498,1,1,0,0,1,0
60,1,167.28885072147278,67.69674000941332,24.189882580789135,139.40435991448118,80.0727383305502,3,1,0,0,0,0
51,1,163.19817727912354,72.57626539948848,27.249843277663494,98.09803444088195,89.37612876276695,1,1,1,0,1,0
47,1,174.3963557648366,76.93181073915977,25.294793798311535,143.7009885063559,71.32431092400107,2,1,0,0,1,0
51,2,161.48840903047986,71.76606417156572,27.519238824606994,98.9078001898158,92.44626729750665,1,1,0,0,1,0
47,1,174.66239228848787,88.13510444174392,28.890171172136917,131.29934390023317,81.65049230550966,1,1,0,0,1,0
51,1,157.44009615145393,66.40676635114335,26.790550661928044,116.17866118730986,87.6518671503039,2,1,0,0,1,0
56,1,166.34317202234405,77.18268163188293,27.893942794293892,121.22829361679929,76.31381162793242,2,1,0,0,1,0
64,2,177.44379884321938,65.16936824306038,20.697689034686388,126.88060933064318,93.09657262623413,1,3,0,0,1,0
56,1,176.89465360466932,78.1932771880582,24.988489287745036,163.21612545680932,97.20096675771038,1,1,0,0,0,0
61,1,148.0974543028557,62.707380816632856,28.590613506779246,146.76120775662142,68.00571842752993,2,1,0,0,0,0
60,2,163.67292821071112,95.20033182631883,35.53732692421499,112.94447721504723,77.24828482742988,1,1,1,0,1,0
58,2,180.82980708660153,74.60937445018044,22.816727768567567,117.71539994861912,80.3044517695201,1,1,1,0,1,0
57,2,161.4080018742347,58.99694441358048,22.64536872936081,127.54310114774785,65.786686005194,2,1,0,0,0,0
40,2,159.84867261097037,82.63807162943466,32.34164500836321,126.46622657283112,87.24658340638067,2,1,0,0,1,0
52,1,139.42925240077716,91.01766498870634,46.818542778768204,146.00493889155723,92.04909989952408,2,1,0,0,0,0
49,1,153.25627354182845,83.61141027963805,35.5982809258465,130.00788572821656,94.92892010040046,3,1,0,0,1,0
64,1,168.76995374066038,98.84707687359347,34.703523220073606,146.92674086967122,74.03095364573493,1,1,1,0,0,0
51,2,161.92091205719606,56.198733434210304,21.43485968950056,134.68924597024338,83.22624231965766,1,1,0,0,1,0
65,1,170.0421901846248,67.31976986150285,23.282480202246884,148.09026528780996,81.87027955151841,1,1,0,0,0,0
40,2,152.46542007650433,55.0439482944531,23.67919144924087,141.34355647771568,76.25886577570864,1,1,1,1,0,0
58,1,164.82607866134626,76.63702590397665,28.208941447978948,125.92684527399723,88.28245601099682,1,1,1,0,0,0
58,1,165.21758196309852,53.8387129956722,19.72341651118238,117.63506271331515,73.95902352297271,1,1,0,0,1,0
54,2,160.96819394197806,71.4878860437329,27.59003886068772,127.89141777129575,86.91383080145789,1,1,0,0,0,0
51,2,174.85483626811052,61.004917231516416,19.95306165441382,140.0337039503041,81.40027122455693,3,1,0,0,1,0
57,1,170.09620647445533,80.11626972569418,27.690542482452095,127.63335383969813,79.28773148875729,1,1,1,0,1,0
64,1,161.47310817862993,81.4190288661358,31.22665807788177,126.91099391319173,87.63378012558023,1,1,0,0,1,0
50,1,168.6376794944591,65.57708389093686,23.059127214762157,106.56864027946979,93.24089193018244,1,1,0,0,1,0
51,2,178.67272018572487,69.10084830374997,21.645463019971746,140.7986740882973,81.98734373487243,1,1,0,0,1,0
54,1,155.66019262995815,85.00734554163141,35.0833719567743,113.02229633437683,97.66969724016643,1,1,0,0,0,0
50,1,176.0406728148628,75.54385468635803,24.376598363342357,151.1814556771248,60.0,1,1,0,0,1,0
59,2,166.26193381273782,69.28190761977565,25.063065093765783,115.54457691848863,89.54566142129255,1,1,0,0,1,0
62,1,162.84255456926968,75.04674784766723,28.30062739236516,144.7793195948018,78.62169033381912,1,1,0,0,1,0
58,1,159.78276946312025,97.97094948672428,38.37403155091128,110.52644007690053,82.58043673238183,2,1,0,0,0,0
55,1,160.9832056371131,79.97319125828923,30.859102012399127,140.94002338030003,67.11704448733622,1,1,0,0,1,0
56,2,160.35604336531213,81.57906199386274,31.725468460230438,139.675241559379,70.07983482715973,1,1,0,0,1,0
40,1,151.42805707965286,71.69101241951188,31.26453784748399,107.27783470907187,80.7755787675242,1,2,1,0,1,0
47,1,158.11003056976898,59.694658525778735,23.879027019276958,147.0443706845708,62.41940870069543,1,2,0,0,1,0
41,1,160.9371723666755,53.691641600099175,20.729744501657848,107.30911556262548,71.15582179607034,1,1,1,0,0,0
60,2,157.43829590752844,74.96650713325923,30.244507424254248,125.81195420173849,84.84583816362125,1,1,1,0,1,0
44,1,166.55483127272458,83.80162026965142,30.209111069237718,100.30432065846645,73.15993808962125,3,1,0,0,1,0
54,1,165.77301451488162,98.4307040405241,35.81813107831057,156.3310694940606,66.46596526503573,1,1,0,0,1,0
64,1,173.96131497865707,59.45095859824955,19.645066259613884,114.00029861370726,73.60540653602888,1,1,0,0,1,0
58,1,155.1887712479701,85.48740778498087,35.49617520075829,133.11390385374156,71.08669330659787,3,1,1,0,1,0
53,1,169.2793702341584,69.15899802236066,24.13462878122335,90.0,60.92979635630667,1,1,1,0,0,0
48,2,161.89588537188055,49.9475772920991,19.056485346372916,95.48048266010449,76.40673547335179,1,1,0,0,1,0
48,1,165.79524204263072,78.60026144833158,28.594326015535625,125.94368485922904,92.32049898373349,1,1,0,0,1,0
54,1,167.5092787498147,81.33248252215856,28.98586673568865,109.45807119141296,78.29270634262353,1,1,0,0,1,0
55,1,158.00845581462988,63.35161296448972,25.37447229174205,136.86215073183763,96.10589197324036,1,1,0,0,1,0
51,2,165.80943977008164,75.74870068823782,27.55222548153389,123.12327200922078,92.63748515922117,1,1,0,0,1,0
46,1,159.9167091362362,102.34258892154368,40.01922840389131,139.11267355166908,72.79376692697568,1,3,0,0,1,0
42,2,171.3325247675274,76.99066879876693,26.227594639241826,144.95128994720895,94.13738192564648,2,1,0,0,1,0
50,1,164.974344274917,95.70857743767533,35.16560062054035,106.88551295100015,70.58634801490713,1,1,0,0,1,0
48,1,171.13229181798903,63.020804748926096,21.518897238936518,131.55733239733257,76.42709292430465,1,3,1,0,1,0
61,2,155.37700635205238,62.783361428509835,26.005850696981092,126.93729988806155,90.27707072103217,1,1,0,0,0,1
62,2,168.49158606131158,46.69260171252226,16.447187240056394,132.26345018230583,63.02022733459333,2,3,0,0,1,0
39,1,162.54749718601454,57.670086389701225,21.82679795216445,153.14518482870446,73.84361672926981,3,1,0,0,0,0
54,1,173.44421688775142,80.58614576268376,26.788027577760648,111.20939637156306,90.24407323332554,1,1,1,0,1,0
65,2,168.14980402129015,64.46843330344407,22.801025760839686,132.86085945597503,69.57507398220002,2,1,0,0,1,0
62,1,156.3884847543557,71.71847943353194,29.323886477564,116.34388982658128,88.00264630496659,2,1,0,0,1,0
50,2,166.81535090619525,51.881406805745556,18.64402673693478,118.15344040532511,87.02161390326448,1,1,0,0,1,0
59,1,150.08236690961309,71.28229193633086,31.646254373924233,166.4162310508956,91.26321218683518,1,1,0,0,1,0
54,1,163.19823756182797,71.64895497224538,26.901650847844703,136.17365938442157,98.3270224556813,1,1,0,0,0,0
54,1,166.89159197743453,71.82246318405566,25.786439506634046,123.45845213073514,67.60625065510362,1,1,0,0,1,0
64,2,153.5292377480658,55.36768910470176,23.489523677451256,150.789435421547,90.410923777716,1,1,0,0,0,0
47,1,170.35381793716104,73.1605213255933,25.21001179244469,144.99333464947574,62.958723354361894,1,1,0,0,0,0
60,2,167.91088418413892,87.91368402268498,31.181627742199513,90.30814076168171,93.6642636180222,1,2,0,0,1,0
48,2,158.6708838002908,82.24256916978088,32.66646856127375,129.72074018241702,84.23774828827912,1,1,1,0,1,0
56,1,176.5775057414991,85.87191003640143,27.541041980799026,136.87093474208316,70.80318146458278,2,2,0,0,1,0
52,1,154.7085853735509,72.04823346176556,30.101941459061845,118.1931636585474,93.8244223910771,2,1,0,0,1,0
53,1,156.22887668042927,74.19184490301838,30.397197865207517,124.02084716359522,63.6799851132934,3,1,0,0,1,1
65,1,158.01917494988166,77.19951494553074,30.916832407261786,142.54776887280448,81.56429788651647,2,1,1,0,1,0
48,1,157.115157389997,67.63948255303754,27.40085452317951,132.26894854544787,88.3188349228859,1,1,0,1,1,0
64,1,176.65866712742707,77.01100935514282,24.676463370674966,151.51581007824447,88.11674859934837,1,1,0,0,0,0
48,2,170.5413469965861,94.35872669413686,32.44312605746499,135.91718899252095,87.888658679784,3,1,1,0,1,0
53,1,144.1908586648729,40.0,19.23909039402766,140.42363738963385,77.99687590774418,1,1,1,0,1,0
61,1,163.53807823876366,72.62009087565224,27.153074305314142,98.98588252339863,88.86600233655791,1,2,0,1,0,0
53,2,163.1817317620989,63.998569345906304,24.034062718298085,130.67370787818652,79.71309027485546,2,1,0,0,1,0
54,1,167.73920512178051,80.96317460457449,28.775201096662922,123.56252388973235,61.40356492542357,1,1,0,0,1,0
52,1,159.67618702206926,93.64644165804003,36.72915805959571,106.45577151780367,87.58842722586573,1,1,0,0,1,0
53,1,173.54638247698003,89.82651460261239,29.8245169257819,144.58412619825046,95.90530276171626,1,1,0,0,1,0
59,2,168.5528538944847,90.01064626312368,31.682661644706354,110.41235259636312,85.54592175158396,2,1,0,0,1,0
57,1,158.32348441055757,94.25705623800593,37.603060498897456,129.13370743089104,75.77365060684191,1,1,0,0,1,0
48,1,157.49120216609964,66.02408225937344,26.618879915580873,103.81933566760854,63.7123619418617,1,1,0,0,1,0
58,1,162.71113268115073,75.87011821897798,28.657362947078482,136.5273087744485,86.33103658202675,1,1,0,0,1,0
55,2,148.59521023213566,47.62154661596252,21.567205401680802,121.4470114245928,82.91520391401444,1,1,0,0,1,0
58,2,178.38693791381053,57.458228433226616,18.05619058651223,104.47670945033731,69.39293559324241,1,1,0,0,1,0
57,1,159.39944854320828,60.58571419948665,23.844960242894246,121.23998801737146,78.97651005995506,1,3,0,0,0,0
57,2,167.4051493107922,78.78215125922853,28.11190072755663,137.90431065821016,85.08502752783168,2,1,0,0,1,0
49,1,175.6549757813677,75.42566796242274,24.445462129135215,137.95345373631707,81.75490646526865,1,1,0,0,1,0
48,1,157.2150485502448,42.63351286213744,17.248959014503754,128.69128204434514,77.60442332747114,2,1,0,0,1,0
57,1,169.29958782900204,72.4400468984414,25.273589147000852,111.31203709289638,93.73303506697155,2,1,0,0,1,0
54,1,157.913680616241,89.04330516245038,35.707690336725655,95.4179474890735,76.12245716479644,3,1,1,0,1,0
61,1,173.69450146826244,49.968587917306515,16.562463558499743,113.12394485241424,70.773659045742,1,1,0,0,1,0
59,1,177.1724511213179,96.21174749822131,30.650369593179406,177.6051072312073,69.91217053684095,1,1,0,0,1,0
63,1,180.99904925493348,61.6381589404228,18.814690175323072,102.21312192117685,66.80285199037965,1,1,1,0,0,0
51,2,158.90548211822153,85.21873792002232,33.748722458334036,117.16906385706181,72.7600744728102,1,1,0,0,1,0
51,2,165.86619309128386,51.61714523719077,18.761960945379013,147.85885435012057,86.64037988258129,1,1,0,0,1,0
53,1,157.48193338667642,48.058739123762095,19.37808678372747,120.49792552215067,101.18653823949255,2,1,0,0,1,0
47,1,167.54769427583523,63.62326429937805,22.664129149389975,121.01574685675061,81.57705311749555,3,2,0,0,1,0
58,1,172.5126859511665,66.40788651126398,22.314008010017083,135.19731652237644,76.25862401389634,1,1,0,0,0,0
65,1,164.75700944057158,85.65484381696858,31.554705180677406,104.50610059267035,90.2982783358323,1,2,0,0,1,0
58,2,178.95285041987705,64.86151280624567,20.25395464155008,107.29271219446518,78.63526067143229,2,1,0,0,1,0
62,1,147.89226520202752,87.94055060188744,40.2066841860781,140.93462870852255,82.24059923504093,3,1,0,0,1,0
49,1,171.23826881478422,53.925987647450924,18.390623387866498,131.1670842646401,89.36512209063612,1,2,0,0,0,0
59,2,158.5955378233205,70.90761916647368,28.191032058533263,90.0,74.56872632227811,1,1,1,0,1,0
55,1,159.06104424345278,80.15917817719756,31.68294893811528,138.65304160620116,77.35155772567546,1,1,0,0,1,0
43,1,150.33678386569525,50.74378414728088,22.451860780769213,157.76981822939098,83.5786419231652,2,1,0,0,1,0
52,1,160.6674598215224,85.05372493921423,32.94863925650122,140.52315941757496,94.32636801644739,1,3,0,0,1,0
48,1,170.71729720708885,54.193784859933146,18.59492496173975,117.55131656698605,71.56166531442443,2,3,0,0,1,0
63,1,163.90192815546587,76.5387871676955,28.491377747257708,134.21449299677465,81.26340307943063,1,1,0,0,1,0
37,1,177.90097394879083,73.86988808805171,23.34053409445304,135.19372715592925,77.29279123881794,1,1,0,1,1,0
49,1,169.61262650281915,83.84324982727846,29.144173574372786,164.84711696371423,84.49626961276171,3,1,0,0,0,0
54,1,156.96769721012012,71.28586899549381,28.932294301007932,124.73783147991611,90.63007498670902,1,1,0,0,1,1
47,1,156.78404803360135,62.8578396535562,25.571470556192658,120.16786574722697,68.80256573298293,2,1,0,0,0,0
62,1,161.37434770041907,84.09878133998758,32.293915381349954,111.20789464902106,60.0,1,1,0,0,1,0
60,2,166.32938162818212,78.08547409307485,28.224893091021453,113.0662468774732,80.73075487133552,1,3,0,0,1,0
56,1,157.5376668576114,59.19011032988256,23.849557793843985,144.11147077501272,76.84021332397342,1,1,0,1,1,0
49,1,177.77943238427986,83.35181670607179,26.372544845299053,131.67428437424053,79.16278557882633,3,1,1,0,1,0
46,1,164.84475228178314,82.34559246031601,30.30331261276521,152.8046886484309,86.20922682469165,1,1,0,0,1,0
55,1,150.55673459430415,54.931790273942454,24.233903803449504,110.56102582442843,70.97653535901138,1,1,0,0,1,0
56,2,163.1694938188273,73.83471386307437,27.732094000623434,129.10409879825437,81.93809228476427,1,3,0,0,1,0
55,2,163.82362363434976,68.53983846825761,25.538184532183664,134.51217943719246,74.01005331375465,3,1,0,0,1,0
52,1,163.79599279841614,83.29508134384773,31.04651170592131,142.29427136868267,88.99617950909652,1,1,0,0,1,0
56,2,177.46013218319476,40.0,12.701598777741644,128.783804280859,70.9874670379154,3,1,0,0,1,0
50,1,163.90605728054894,85.58829269500336,31.85842899754518,142.8788908442571,72.5539732688442,1,1,0,0,0,0
55,1,164.63345458245726,62.72221553321917,23.141164413345912,113.42553409937669,93.04147671457604,1,1,0,0,1,0
55,1,153.34215744646926,75.4346848430976,32.08100328414945,125.72924342018028,94.37105840137124,1,1,0,0,1,0
52,1,148.67023059754078,52.18212325028574,23.608789292655498,139.82117900866996,79.77620294150445,2,1,0,0,0,0
46,1,168.87638606708632,88.13837842898339,30.904890059971247,103.60254060415004,72.86049576348712,1,1,0,0,0,0
49,2,171.14450569377118,86.4024663149431,29.498519284509342,124.99893024613988,76.73067258438499,1,1,0,0,1,0
56,2,178.81920652982032,100.51328216501537,31.433672769131785,92.20997609848844,93.6567988177315,1,1,0,0,1,0
56,1,159.4792131199436,55.59629698528269,21.859372853296176,118.73404390453824,65.68055931337955,2,1,0,0,1,0
59,1,171.32054768071683,83.11542122612843,28.31800812550758,132.21276714566858,72.302408118562,1,1,0,0,1,0
52,1,160.03248862181044,57.6063580466792,22.493347961124012,126.58925742475097,98.36799338875954,1,1,0,0,1,0
48,1,160.2252492838177,90.91084609825421,35.41227171220033,109.67887396634197,75.55630941752706,1,1,0,1,1,0
44,1,164.58441156058663,51.545665454129974,19.028946827722105,131.5985582093342,60.0,2,1,0,0,1,0
53,1,161.32009446407363,74.1932716276312,28.509367800366725,117.41326351189103,63.585977265862205,1,1,0,0,1,0
65,1,165.0479838736744,89.34787872661177,32.79924137048437,90.0,90.98333738074002,1,1,0,0,1,0
48,2,159.83432732369715,44.65950459148638,17.48130241515552,164.6878990068696,67.18315280072949,1,3,0,0,0,0
54,2,145.736882589124,72.49773845788417,34.133868280068604,128.4527770940294,84.89682943987886,1,1,0,0,1,0
47,2,156.46317505835012,74.45217311618416,30.41256852564747,113.05781661197673,82.52286101420785,1,3,0,1,1,0
61,2,139.9854207002627,66.70364971531588,34.039563589693174,152.02309906933556,77.8421664096967,1,1,0,0,1,0
52,1,156.09889819111638,78.756734030528,32.32124064590864,146.9325676364536,89.9246901669782,1,1,0,0,1,0
65,2,162.62565142581403,84.93550733431509,32.115241103992645,100.77032216344162,76.2638470482295,1,1,0,0,0,0
54,1,157.68558381874547,87.65492595466324,35.25269685717598,133.57758530166112,83.1183232297542,1,1,0,0,1,0
51,2,162.26081282075302,88.35197356490785,33.55745068691657,131.25329090273343,98.05488574432644,2,2,1,0,1,0
52,2,161.14982422789367,72.31344621707508,27.845779945584354,141.1816499790159,67.57707222659178,3,2,0,0,1,0
39,1,155.7043021089307,53.66460193054435,22.135365000152913,125.63686107697234,100.02072424092563,1,1,0,0,1,0
52,1,167.8363686989945,92.64966047555487,32.89059143541487,132.9167827524319,85.09921880553696,1,1,0,1,1,0
58,2,172.14132621344842,75.5966197994722,25.5112705172159,152.68489657351176,70.95572446123822,1,1,0,0,1,0
50,1,161.3845207253834,90.22072564201775,34.64037319112468,146.73002561755612,85.84604709496978,1,1,0,0,1,0
54,1,164.57488344330417,81.15641405887702,29.963720467739062,109.3093258674205,73.01391122866688,1,3,0,1,1,0
47,1,159.18456888061684,92.75218300457479,36.603465820864834,90.0,72.47006095796787,1,1,1,0,0,0
52,2,163.2052267530708,65.88750214047421,24.736310113676158,111.81668977523724,63.3827874271516,1,1,0,0,1,0
48,1,170.58514058091,110.7045997140331,38.043745741762585,126.08567109574938,97.60455642414155,1,1,0,0,1,1
59,1,163.69521058774325,70.83245416374359,26.433845257430182,124.61073819515298,67.36715290889413,2,1,0,0,1,0
46,2,160.51295957796137,71.77838896532761,27.85951179518496,100.89337308867502,77.49184545207031,1,1,0,0,1,0
51,1,166.67848864691854,101.01698440625294,36.36095590127577,99.2436495087301,91.02827137939327,1,3,0,0,1,0
65,1,164.06189595442623,96.86379888752467,35.98703326978134,131.27635042305062,96.93090122357412,2,1,0,0,1,0
55,2,146.71917466194486,97.3493179026428,45.22297845931609,141.1592907818114,79.28796704767329,1,1,0,0,1,0
52,1,167.9524133130588,57.617343342841,20.42587794525493,117.70430346812738,76.66793741921408,2,1,0,0,0,0
48,2,166.81293604736035,80.43818508527059,28.906985883163703,141.73227763189186,61.05412212835029,2,1,1,0,1,0
51,2,175.74648297865792,86.58274449317365,28.032256765406373,130.0896118929678,76.62407215261263,1,3,0,0,1,1
52,2,161.79032804071977,69.37424382812114,26.502884948188203,135.86221066782028,60.976034445138026,1,3,0,0,1,0
62,2,164.11622005680013,80.63948875824723,29.939514557679942,95.32739855161498,74.5697472687799,1,1,0,0,1,0
61,1,166.13526038740062,62.08966435205717,22.49550148336182,117.56583358161765,86.9122836955884,2,1,0,0,1,0
63,1,166.12551018236059,74.60236250094945,27.032108722335728,154.23351040472323,85.68981240636008,1,1,0,0,1,0
43,1,157.22626083405356,64.31418355043765,26.01696235295705,117.36404081499329,77.56695059630151,3,1,0,0,0,0
51,1,156.7792185213699,78.57082798187544,31.965708820462243,133.44692660700952,70.55915385282555,1,1,0,0,1,0
41,2,169.2834976399603,61.64471936059915,21.511298788519362,146.59694108014224,69.37579762973917,1,1,0,0,1,0
65,2,154.15783229878005,70.41225031555255,29.62900276910907,144.98195169350709,75.39025028456486,1,1,0,0,1,0
56,2,164.76841640253537,76.68792557922993,28.24743739583339,126.40970435877536,79.53152687556656,2,1,0,0,1,0
46,2,168.71026204117516,54.56159532722178,19.16920316283075,124.35033078474181,77.88214376788956,1,1,0,0,1,0
49,1,161.01982062550147,66.44810850113626,25.62854470829256,138.67878916946168,68.49217756357667,1,1,0,0,1,0
60,2,165.4574107461472,61.3298872815916,22.402666771508844,134.0520347458244,76.84728778154471,1,1,0,0,1,0
30,1,156.855455630222,98.358961592393,39.977412177585904,145.72793967400818,78.58839988982807,1,2,0,0,0,0
45,1,165.00753826233412,75.18770317250578,27.614631231054805,132.64596343435846,74.02251717357105,1,1,0,0,0,0
47,1,173.26480143664855,66.6739090894582,22.20931828770809,141.56664709506086,68.6990063896345,1,1,0,0,1,0
39,2,166.85730567810415,74.12964001728042,26.625724748146677,95.74167617507699,92.77767573597473,1,1,0,0,1,0
58,1,167.07033974752628,69.5036861983429,24.90056072522354,152.7362657185268,69.41213784367311,2,1,0,0,1,0
46,2,150.5021621228391,68.67149707267016,30.317336015884326,142.92878807335336,75.75119141047288,1,3,0,0,0,0
50,2,158.29414340043556,50.008301265884526,19.95778814199421,116.2043040920985,74.4921168402758,1,1,0,0,1,0
58,1,161.66118780002915,80.01742964128505,30.617735416589067,128.0236490312136,87.27970764647876,1,1,0,0,0,0
54,1,154.8828859027463,40.0,16.674511784373863,116.76319415579204,83.00280845825921,3,1,0,0,1,0
60,2,169.66606764310953,91.45254585104279,31.76916580364143,131.74237848918057,89.23361605436419,1,1,0,0,1,0
65,1,167.22905867909336,87.94977082070088,31.449317267671763,122.22740048092989,81.60187229257023,1,1,0,0,1,0
54,1,170.2822887509431,87.18482453983258,30.067819892617138,115.75980471092252,90.42486291077526,1,1,0,0,1,0
53,2,163.732606961009,88.16368803971143,32.88663177938299,119.28856709928932,89.75649233142146,1,1,0,0,1,0
62,1,165.78129671350965,53.9182000926982,19.618433263570047,130.11421454341263,91.97903537542476,1,1,0,0,1,0
36,1,155.58170976127582,68.03473786016711,28.106944498074252,101.84341792207685,83.73760376294135,1,1,0,0,0,0
48,1,168.3493608164338,66.98830572422247,23.63611259103218,123.41399420978418,81.43114695708464,2,1,0,0,0,0
53,2,157.88511083912164,93.78789325676803,37.62395339813293,126.58152150649778,93.27744743024971,1,2,0,0,1,0
40,1,159.90481725571786,75.48629244577018,29.52194728840336,132.50867398821964,85.51494063083821,1,1,1,0,1,0
56,1,156.33219345757615,74.94066198717431,30.663426402007392,116.89668381809544,75.57933320862952,2,1,0,1,1,0
61,2,162.76591709648497,73.23918854796577,27.64499939629186,101.3117400748212,98.77967286838472,3,1,0,1,1,0
49,2,149.96048271840812,63.22821832102363,28.11624277993096,108.20038151605591,99.25663844347662,1,2,0,0,1,0
44,2,158.5660268638144,70.6689622320122,28.10660725054851,147.5397432161175,99.47940449094669,1,1,0,0,1,0
51,1,161.83466338048478,73.86731339295204,28.203902592038332,122.53257493747407,91.57756022539495,3,3,0,0,1,0
52,1,165.84549190591267,65.27185182052872,23.731139516593824,100.36572160251048,87.23595212177891,1,1,0,0,1,0
44,1,153.94271709298866,82.75225824937894,34.91898078164893,108.41556232467747,76.8226598924478,1,2,0,0,1,0
39,1,149.8482817918734,46.43815232522573,20.68099343058865,129.3596393508869,75.07366402499903,1,2,0,0,1,0
45,1,148.76735552412688,63.06898487678414,28.497092670641592,136.23435670263893,92.92954074907054,1,1,0,1,1,0
38,1,169.60313159447318,61.874714790147394,21.51025090631748,156.96986160714118,88.59900415805981,1,1,0,0,1,0
48,2,157.37970158999076,40.0,16.149629239567215,163.21312291726755,71.67996401856355,1,1,0,0,1,0
56,2,162.91934267898955,66.73466408110552,25.142368093585635,140.993495132302,103.63173997896331,3,1,0,0,1,0
60,2,163.98335000977272,83.09275608389306,30.900368280222555,143.96893189939686,73.52519454123814,1,1,0,0,1,0
64,1,160.32407563533616,96.37006376658206,37.492522182426,144.03925855784257,97.47793017586459,1,1,0,0,1,0
48,1,161.41038380784906,75.79771855083443,29.093313950999168,161.54316286439882,76.19512604705494,1,1,0,0,1,0
44,1,162.29769407916874,58.75020284352266,22.304098355724697,137.8622420692375,79.26882155228165,2,3,0,0,1,0
52,1,158.2700212000068,71.95985212186827,28.727176395585985,122.4999555394861,96.68883914299738,1,1,0,0,1,0
38,1,157.45798649752118,62.68213746087066,25.28217367285054,123.18435214218124,78.89910740933108,1,3,0,0,1,0
47,2,161.0784046328981,92.6545218470338,35.71017512628517,146.5726664717322,82.73614452976125,1,2,0,0,1,0
57,2,158.37251917114224,63.71881562770634,25.404347510621427,121.78580903379684,95.86508178020267,1,1,1,0,0,0
44,1,162.4730926063149,44.26988982444585,16.770482076805497,146.70895562316682,69.13622130170349,1,1,0,1,1,0
45,2,177.964351608758,74.44770891863371,23.506355713125398,126.29573136381849,75.08159878390163,3,1,0,0,0,0
48,1,165.51881342558852,47.55374563343954,17.357613022935677,134.03923345462482,84.51891097063442,1,2,0,1,1,0
49,2,167.76802104692194,62.952826283403,22.366440255873176,144.30664685912365,87.01741178763686,3,1,1,1,1,0
65,1,171.82087011995225,64.16112968231118,21.733024716007794,125.32797232395369,60.0,2,1,0,0,1,0
49,2,161.88437365339576,75.92557647321583,28.971984186505964,150.67470497352275,74.0077528221892,1,1,1,0,0,0
54,1,166.6739997499204,81.88871821189132,29.47734458135366,126.09454059453162,80.21590984297112,1,1,0,0,1,0
53,1,158.0960530445225,84.18788754554453,33.682751168083406,111.11852972801746,102.09151744992296,3,1,0,0,1,0
50,2,153.98229421637464,80.22989142616159,33.83721668495761,124.49404016356443,83.38386994553699,1,1,0,0,1,0
50,1,162.48743266427306,68.72362299261216,26.02953999354861,113.54894868493616,77.21902258606384,1,1,0,0,1,0
58,2,166.69432402443158,73.51638998070571,26.4571188564725,96.47251363014284,90.19550007239566,1,1,0,0,1,0
56,1,164.23472452785302,95.61324535285965,35.447702056581896,135.7695795971585,69.99553670706369,1,1,0,1,0,0
51,1,162.75544489720966,109.27113128951014,41.25099098724447,102.90667247216722,73.49459090432079,1,1,1,0,1,0
62,2,158.25514426800768,67.74512705440017,27.04969604147914,107.56557176169237,86.07149097569734,2,1,0,0,1,0
55,1,151.36180291094814,84.44353256799403,36.85817340369506,129.60059240620774,70.84107324065096,1,1,0,0,0,0
49,1,172.57416565068743,79.69865812741057,26.760821707359284,142.02469296065814,78.03404272353681,1,1,0,0,0,0
57,2,164.16592147335965,91.57767051941366,33.98001565468838,144.38715654273477,76.94102616002564,1,1,0,0,1,0
58,1,160.3208742792476,82.40574295159418,32.06101993637201,124.36094053909879,67.64009621043627,1,1,1,0,1,0
46,2,180.83630663043726,81.46456442592643,24.91136257602328,90.0,81.0977461174348,1,1,0,0,1,0
53,1,166.1517272067374,63.30000847350706,22.92947164599418,151.2344982692007,91.65213242561546,1,1,1,0,1,0
52,2,165.52199440203927,83.33148494088934,30.415691860609382,122.54762583269175,78.73051756033327,2,1,0,0,1,0
65,1,156.1706976659551,62.85665291360582,25.772239018156345,125.2316003960931,79.88053409028883,2,1,0,0,1,0
58,2,162.22539569066473,86.56647040837954,32.893646891958596,137.02149983175363,71.10496037951714,1,1,0,0,1,0
50,1,147.2421094512481,89.55994861037416,41.3094843901489,111.2652772039536,100.82664979883819,1,1,1,0,1,0
55,2,173.92058668042287,68.56855306813024,22.668511394117548,110.75128875866571,90.33931624727029,1,3,0,0,1,0
65,2,159.21214306404235,62.42792761857331,24.62785238291063,133.40803460642232,86.22455664380921,2,1,0,0,0,0
44,2,166.0542813244452,112.87539885668252,40.935409876914854,145.81511241232013,90.77014018227881,1,1,0,0,1,0
58,2,164.3429664300243,80.51107557881059,29.809410312293736,98.99830965797769,85.8604298963861,1,1,0,0,1,0
59,1,165.2797798291879,62.13883190980583,22.746974135580615,127.3038921448058,71.32718207840277,2,1,0,0,1,0
50,1,177.71750331842338,59.84682861318166,18.9487573563985,108.99475412425542,70.77401720788069,2,1,0,0,1,0
60,1,152.60047609423464,54.04754052282675,23.20941310870912,132.1327472949441,84.53271315257824,1,1,0,0,1,0
50,2,166.40229759739188,81.3126770889358,29.365650301470062,105.56897063921272,63.076081063067654,1,1,0,0,1,0
55,1,173.91438056412315,83.79420786111616,27.704033981714076,117.80768707757936,87.20218789079438,1,1,0,0,1,0
58,1,163.44833671243353,64.46103112414538,24.128828539908298,144.91611701320033,84.65243954444584,1,1,0,0,0,0
50,1,161.604113560165,63.424186696605425,24.285669706592365,142.71381385325904,97.44811035732266,1,1,0,0,1,0
52,1,180.10329686059765,78.44652104559778,24.184124090474985,124.64744084166092,74.07014018780725,1,1,0,0,1,0
59,2,171.48908246095874,69.5546655165541,23.651207214612697,147.52558691543587,90.19637471481002,3,1,0,0,1,0
50,2,164.11276750073944,85.4245780577138,31.71743831322698,123.85787447988116,81.32728571737906,1,1,0,0,1,0
42,1,154.70515014856124,66.69434140043872,27.866308773254957,109.24793557398301,79.34850048555047,1,1,0,1,1,0
44,1,164.59538821347462,87.29338453577446,32.221518766590194,116.66889297323355,87.11727513809993,2,1,0,0,1,0
62,2,167.37300303859206,58.956291883830445,21.045504619570586,115.36444776297027,61.35032824414536,3,1,0,0,0,0
53,2,170.0066380794629,90.65042570603566,31.364479851524436,121.89882559843244,65.08283598729314,1,2,0,0,1,0
58,2,168.85848336770687,78.28250147474962,27.45484058381962,128.46560503350827,76.60243049924098,1,1,0,0,1,0
50,1,162.44584483655186,96.42560403815209,36.54055621867021,105.60108759030882,73.45535430844862,1,1,0,0,1,0
38,1,150.54346792713784,61.97171655437927,27.344481535093074,123.9449257076522,76.48032704545744,1,1,0,0,1,0
48,1,172.18083888517174,81.47540849688076,27.482542467884596,116.55071508092831,84.65270223801669,1,1,0,0,0,0
44,2,174.80814397867874,83.10298950921998,27.195266793760823,176.41794275510233,83.24676827632659,1,1,0,0,1,0
53,1,155.3091179878299,94.19816988394427,39.05247460094866,110.23313600122088,73.96864280707634,1,1,0,0,1,0
59,1,153.9673306982023,81.13880167446055,34.22720438971207,129.20349663734316,100.66961571578291,3,1,0,0,0,0
52,1,158.12759497514796,69.48042270812259,27.78734932013265,117.07147044906452,105.66488507432068,1,1,0,0,1,0
42,2,166.72358924440294,75.84049382645145,27.283937730150615,133.62619236690293,88.76120992019656,2,1,0,0,1,0
49,2,153.18309039193701,50.09243896742609,21.34767211914809,91.01292362799826,67.76264590127505,1,1,0,0,0,0
54,1,166.42720783268126,53.71912170026626,19.394574202156843,144.6681896163164,86.27675831387943,2,1,0,0,0,0
53,2,166.83988961001367,48.83460664841331,17.54397122203466,131.74564940412384,67.07870688640921,1,1,0,0,1,0
49,1,158.87444881205727,61.63641683985418,24.419078437068617,139.16521420878615,72.24046656627245,1,3,0,0,0,0
51,2,178.67808433877866,55.59160077102439,17.412719520105565,120.00110740471511,84.07991439470062,3,1,0,0,1,1
59,2,168.4160193339122,59.61715731239051,21.018633021361865,144.5463448534946,75.83862322016167,2,1,1,1,1,0
55,1,172.3558077894606,74.93110903222795,25.22378849326841,141.15366613329238,76.79427588373741,1,1,1,0,1,0
45,1,155.88855294169616,50.59400607459365,20.81951543262406,142.72077651756553,89.20839438837343,1,1,0,0,0,0
44,1,179.60842567022436,90.2093071196261,27.963912518073805,116.87222890913992,100.09052278680088,1,1,0,0,1,0
56,1,179.35447998246562,67.0548408323348,20.8451813480329,149.16759068600834,64.78301820739877,2,1,0,0,1,0
58,2,171.38339032167667,87.46220902405634,29.777139972876427,120.32838533560147,104.91428061444233,1,1,1,0,1,0
61,1,163.49596004568926,81.69902679308483,30.56348207802516,136.39229831297072,89.29191506280436,1,1,0,0,1,0
55,1,174.124640366686,74.61487627153832,24.60962286161222,152.21643192263218,91.34103397628934,1,1,0,0,1,0
56,1,154.70388375224422,61.98245845949312,25.898008251865548,139.26875491335036,101.00021427195546,1,1,1,0,0,0
55,1,170.10075932897132,82.77238747772152,28.60704357546429,90.0,77.14616756278812,2,1,0,0,0,0
51,1,161.46915529245823,76.68040878163843,29.410694011814964,143.0962192343817,91.68010612566921,1,1,0,0,0,0
44,1,164.46982741383434,84.70866668333701,31.315213184762907,145.1450895368468,79.46285746752481,3,1,0,0,1,0
58,1,156.54676665697622,80.50895422669937,32.85155877855157,157.77239659285155,74.05129457072968,2,1,1,0,0,0
49,1,164.82453443754304,80.422790417342,29.602979352855467,116.87560756625666,81.49810683217332,1,2,0,0,1,0
60,1,163.3053041111285,80.81185522003108,30.302223398323225,120.16674557048346,77.99718218741766,1,1,0,0,1,0
50,1,170.42515660986086,84.01342007294916,28.925525727676778,154.34060118382737,60.0,3,2,0,0,1,0
45,2,167.65769508011826,80.24041944615674,28.546062194389975,133.14396674534032,82.89602149239099,1,1,0,0,1,0
55,2,185.25503806964005,82.19948454751209,23.951297160481612,162.85884447437516,66.59995855539313,2,1,0,1,1,0
52,2,172.12572642368173,74.6789232659156,25.206147617523676,128.295099396774,83.50567382763992,1,1,0,0,1,0
45,1,174.1959993496179,81.41307862617658,26.82982405230544,119.85305879293296,86.35210886085243,1,1,0,0,1,0
40,1,160.48226209310988,69.87468128167883,27.130997742776525,129.5811485187014,81.9410844160951,1,1,0,0,1,0
56,1,170.3011880302689,65.75700595058481,22.672879266614153,128.86446715231753,73.60555015010807,1,1,0,1,1,0
49,1,174.65849089671082,55.506510184734594,18.19552187616144,164.55859934933386,86.78335977389612,1,1,0,0,1,0
55,1,158.89635173179346,66.38578602159618,26.293430368136963,144.29514410864218,100.82517614763448,1,1,0,0,0,0
54,2,155.21725999365682,62.066396184489484,25.7618177733426,136.3106111891083,85.65890448880418,1,1,0,0,1,0
57,2,170.904869071434,71.45260944660262,24.46297221156339,98.67120324251061,89.29542962704708,1,3,0,0,0,0
52,1,160.2467816531292,77.22893165636067,30.07470631021014,149.50100533223394,66.73765898401493,1,1,0,0,1,0
54,1,170.54808531804204,75.58177208338638,25.98503905668298,144.0906158244969,77.9842989307184,1,1,0,0,1,0
48,1,167.27311527057338,56.58668331783626,20.22376216230936,166.97869638683923,81.53950262897696,2,2,0,0,0,0
62,1,158.49745273367233,66.92986649585156,26.642525179199687,137.99467401837722,94.60805058770951,1,1,0,0,1,0
50,1,175.22100913887087,63.70857282044986,20.750354558541204,167.37985966269216,83.21121130223841,1,1,1,1,1,0
61,2,167.25633333770622,72.21506297215129,25.814436584578253,116.10486362249777,85.81208717522101,1,1,0,0,0,0
54,1,178.209900171964,73.43447815919622,23.122583646329506,115.50827010345627,97.2920261392909,2,1,0,0,1,0
58,1,163.86790347154513,86.7900030966864,32.320785657366585,107.67685661333381,86.81261621407378,1,1,0,0,0,0
63,2,160.04773053651118,79.38130610795753,30.98983042515584,139.42508404514479,61.365578472462445,3,1,0,0,1,0
48,2,171.62196140103606,49.27217415193681,16.72846160907512,138.19969076057313,89.11435538131323,1,1,0,1,1,0
59,1,159.43365985391054,76.76294436466793,30.198932630453942,139.474612016135,92.51722939170972,1,1,0,0,1,0
50,1,179.05757511698582,79.09559764794362,24.66987303597535,149.2794222189985,68.08286000865179,1,1,0,0,1,0
56,1,167.36465446456282,74.78799740933282,26.699579026200407,127.86165082300184,74.19389631532297,1,1,0,0,1,0
51,1,166.08900196466755,87.16947256052725,31.599678740536742,122.0146408046926,81.50817138243512,1,1,0,0,1,0
55,2,174.6503817025894,88.5613591975788,29.033887854089063,118.76985943502132,76.46289440451324,1,1,0,1,1,0
45,2,156.24286566153737,83.8751747987715,34.35840911979805,136.322281358643,71.75128762115452,1,1,0,0,1,1
57,2,155.82900628954926,67.05307140461227,27.613539201774213,129.37795444330945,83.70768397466558,1,1,0,0,1,0
47,1,164.3094558488164,66.78146110177187,24.736075735133603,116.03311205603325,77.31664196819162,1,1,0,0,1,0
56,2,169.15698722485365,65.64764119369799,22.942420891411793,138.69982056236597,93.80716322154333,1,1,0,0,1,0
53,1,166.43622920127004,79.57457880306204,28.72622864640571,161.47844391114856,103.46186145057,1,1,0,0,1,0
51,2,160.9752173326435,97.98971194894828,37.814855118338556,132.9275458390919,76.73978441936868,1,1,0,0,1,0
59,1,162.2924246873867,82.82871300856334,31.447376179974384,156.81654582101757,60.0,1,1,0,0,0,1
61,1,171.55336419927846,93.4921315653156,31.767027821465916,135.1857720931853,81.30812390609181,3,1,0,0,0,0
63,1,158.65576951568053,68.21558500068222,27.100160826552976,110.06051215072141,74.85488809892298,1,1,0,0,1,0
35,1,152.8365602971418,71.22657564173326,30.49211543916342,129.47986681491625,80.86425490697805,1,1,0,0,0,0
61,1,173.70931289600816,78.98592787457974,26.176014310585018,115.6858961845069,70.02666247852736,1,3,0,0,1,0
54,2,155.7040809325212,88.48765931312946,36.49914713051904,129.285929419828,79.07201860384706,1,1,0,0,1,0
53,1,172.37664314066808,76.120808420711,25.61807860708515,139.7571716362131,103.06945149225054,1,3,0,0,1,0
65,1,158.40962367500558,78.77118323866678,31.390934495624325,124.70871981209851,74.57225835046383,1,1,0,0,0,0
64,1,161.6414578054596,90.37923624733882,34.591002588120645,137.98552393467256,80.84639441576792,1,1,0,0,0,0
64,1,158.50845695282368,57.02845633314388,22.69795546984617,143.54176486089014,60.0,1,1,0,0,1,0
50,2,152.6455825227519,95.73569023394788,41.08709078283433,116.28768704051403,84.24918415420964,1,1,0,0,0,0
59,1,169.28767583342614,64.75743474576103,22.59638426028347,97.86106965634198,86.41814325770788,3,1,0,0,1,0
40,1,165.6634384130123,47.56857869894583,17.33272446507185,140.94631204633902,83.10523807566152,2,1,0,0,1,0
47,1,159.55818897140915,72.0385944211833,28.296129466931653,127.74555231214053,71.93811312284576,2,2,0,0,1,0
50,1,165.04546839226643,91.48976744464669,33.58654374223692,127.62464005554145,75.85519170999925,1,1,0,0,1,0
52,1,168.61595469834654,89.39267879440828,31.441598683749316,99.68797015235995,88.45304388056785,1,1,0,0,0,0
46,2,155.70312303760016,47.56356287164266,19.61912941487618,109.51970341871188,94.40573015233107,1,2,1,0,1,0
64,2,151.22645585931505,83.40121879243159,36.46841169765412,115.48233875769702,75.46256054404884,1,1,0,0,1,0
53,1,159.5345204784664,92.13231510554098,36.19950581376139,119.19239796493768,90.74055337952942,2,1,0,0,0,0
46,1,166.93688386788253,69.8071950839621,25.04929936622868,147.3263388566979,78.59110667017383,3,1,0,1,1,0
45,1,162.54087167652608,65.49003918412642,24.788490512789704,160.72575283963405,84.9820821824381,1,2,0,0,1,0
54,1,161.61857438199735,68.8547093081315,26.360345971616933,101.28569073749702,70.49820753290564,1,1,0,0,1,0
51,2,162.5211358661902,70.3537144127682,26.635897413703102,142.79480832846642,81.12002721265189,3,1,0,0,1,0
56,1,166.77919950425377,65.69931776478437,23.619847525660663,123.33623179256436,95.54633583699238,1,2,0,1,1,0
49,2,152.90248887988233,81.52361766550933,34.870191632142145,135.97050997904918,82.6426608025417,1,3,0,0,1,0
57,2,139.3274800526502,76.09798733595375,39.20122205984214,147.425198139689,98.842104404456,1,1,0,0,0,0
61,2,177.38159543095344,54.49589995214517,17.31995324959521,132.69104603814938,95.70318595678914,1,1,1,0,1,0
48,2,161.36748097741804,77.69188721604912,29.836208404173565,97.06588709707164,73.64066001754108,1,1,0,0,1,0
58,1,155.27287146170494,101.7154460804491,42.188660737312034,139.6190126652604,79.55648757576552,1,1,0,0,1,0
55,2,171.25098381035576,60.96984536890944,20.78973450990059,92.81670713575733,76.78600682974685,1,1,0,1,1,0
56,1,154.32009321431394,52.26471936785104,21.946419122329228,106.73765676326312,63.929733631933715,1,1,0,0,1,0
45,1,171.57209058267665,54.95933214803452,18.67016518531307,148.76780185843754,91.87103525421792,1,1,0,0,1,0
60,1,154.929740654405,81.82755905755315,34.09023605298487,101.46848382739313,98.53434454434745,1,1,0,0,1,0
61,1,167.72284041742873,60.94146364851779,21.663492009300235,118.31908555162228,95.79892554654192,1,2,0,0,0,0
42,2,157.2924851877715,96.26262029352141,38.90825294738181,112.51205822166058,79.77171451014839,3,1,0,0,1,0
58,1,167.7592312346106,63.49818687993249,22.562564984553976,143.39578868566943,82.73099970634074,1,1,0,0,1,0
65,2,171.63678994501754,70.01856617704863,23.767989456772913,143.0547858645469,64.9708533510975,3,1,0,0,1,0
53,1,166.73356075778318,64.93251033201678,23.356950653050852,118.99931359456275,67.38172217861192,1,1,0,0,1,0
61,1,154.21316873711365,56.28779756750186,23.668532621992355,107.12428152414638,98.42981373371663,1,1,0,0,1,0
54,1,164.66822736911888,40.0,14.751642215613037,151.58166257794178,88.24681504931837,3,1,0,0,1,0
42,2,162.51703758591395,54.95859299122607,20.808358002790403,128.59698023088183,77.9172913450932,1,1,0,0,1,0
60,1,151.4700725623903,57.429851846970266,25.031335949419226,114.74575938566593,86.23457328108017,1,1,0,0,1,0
59,2,169.07296428846024,57.41339834812827,20.08468014386704,95.67272326477979,72.27646346385812,1,1,1,0,1,0
52,1,160.44561099617582,75.31086108086741,29.25512313217013,106.36619594904096,90.55719985079793,2,1,0,0,1,0
51,2,159.03429671994454,69.98864492799332,27.67234730559597,114.22764980755096,83.11551483312502,1,1,0,0,1,0
40,2,164.30549730573284,95.88118341759518,35.51642115552659,117.80592092363655,66.69649364892655,1,1,0,0,1,0
64,2,173.63613313596352,103.19349141005074,34.227256960713554,123.78649517102328,76.98486685609181,2,1,0,0,0,0
65,2,167.09163328132556,72.23724690197709,25.87329721967339,119.85931648313536,83.45470741557065,3,2,0,0,0,0
50,2,161.02564813724342,71.89854148320737,27.72872934412251,101.90471257140067,102.11362390143054,1,1,0,0,1,0
55,1,152.93802823948323,95.05906864305088,40.64083117645501,163.73515964065066,90.35160016717411,1,1,0,0,0,0
39,2,158.88002239712264,72.3865710825922,28.67605601452927,134.4923286064347,81.06663671895505,1,1,0,0,1,0
50,2,143.5101598939465,69.38032529463264,33.68767472859147,124.50951997633462,75.99656604634185,1,1,0,0,0,0
56,2,162.57959547893813,58.347215580017775,22.074356819818348,127.00196252513213,81.22927121540008,1,1,0,0,1,0
48,1,175.26919003478503,85.31637011748761,27.77289871053696,132.9088698028596,73.02703555860168,1,1,0,0,1,0
49,2,177.33662085996446,96.13039160740612,30.567776831699824,126.29915952531567,68.84687968612127,2,1,0,0,1,0
48,1,167.70769858293795,76.19232165732863,27.089763194931564,126.43395726949338,85.13069002744007,1,1,0,0,1,0
53,1,149.34939678235708,51.47383852312213,23.07701381871553,129.72302199097868,89.65203321910577,3,1,0,1,1,0
65,1,171.15684474100436,73.83093387921905,25.2028595018243,116.70337081024432,80.36741287709428,1,1,0,0,1,0
59,1,158.9545961973421,113.71556053839936,45.00634201921935,102.64037840631583,80.68491578322664,2,1,0,0,0,0
50,1,150.40526108358995,88.21167498356229,38.99419982491131,147.31412908416922,87.84261262192433,3,1,0,0,1,1
56,1,168.42583342490772,92.00709143824857,32.43425237805108,119.60449527400992,72.4404871090307,1,1,0,0,1,0
65,1,172.9652062274988,75.84946775223112,25.353331771773334,133.89218192613865,90.32460458645478,1,1,0,0,1,0
51,1,159.5611890998715,72.66328066831952,28.540427472467517,156.33069508309396,79.36575459626759,1,2,1,0,1,0
51,1,161.83715186309715,90.69695679329567,34.628705873821,133.90998736660435,83.48641208018812,1,1,0,0,1,0
59,1,168.31642536855733,66.13582130808938,23.344455722329325,132.02141945893626,61.38674713866414,1,1,0,0,1,0
53,1,166.37727614086555,48.09765988887516,17.375444643721,98.90796524928703,80.63734591478153,1,1,0,0,1,0
57,2,153.35049213195245,70.84011555555998,30.123741547565633,134.4343422286877,94.19770395001315,3,1,0,0,0,0
53,1,156.31480686059757,81.11924084155471,33.19889592990196,144.77142801995367,70.6950200771547,1,1,0,0,0,0
51,1,157.23898752475424,42.65302864293682,17.251600675795395,119.75495247955358,80.69510988077943,1,1,0,0,1,0
65,1,154.8673694703214,101.44876924022037,42.29869214128613,111.3973390965003,90.97517369493683,1,1,0,0,1,0
47,2,157.8904571619313,58.9290462937986,23.638376637687443,139.07446245596608,98.45987127285203,1,2,0,0,1,0
50,1,173.49822527972523,83.67418590284389,27.797223704134076,118.79408540172193,71.54996719285708,3,1,0,1,1,0
57,1,161.83649526512403,74.51443109086993,28.450339974031923,108.84065015464867,91.27536581501681,3,3,0,0,1,0
58,1,159.29038920773172,47.38118412095238,18.67354460166486,127.59379064780073,88.52482697178952,1,1,0,0,1,0
52,1,184.24391294692083,73.51389532720067,21.656244126960328,105.76420368910988,76.53977241713942,1,1,0,0,1,0
51,1,153.76814710604089,90.07699125949839,38.09615184888341,98.26926950276135,94.65603381791749,1,1,0,1,1,0
53,1,158.0990901903664,63.74634921883272,25.503311541744477,137.52011741924113,89.55920052332678,1,1,0,0,1,0
50,2,161.19573143341174,80.27002993534923,30.892023069696087,120.08365070714173,83.79432708133405,2,2,0,0,0,0
56,1,164.78802351498973,78.45107508028543,28.890004524892095,97.24983284766427,91.8663284218185,2,3,0,0,1,0
44,2,165.40892298287523,57.65012407338028,21.07086567841387,120.36780099332266,85.8334296189185,1,1,0,0,1,0
50,1,164.01631302098588,65.18476721634795,24.231038570891215,116.87688600730556,70.10155499497681,1,1,0,0,0,0
56,1,167.62731776595407,76.6305860115185,27.271721613948547,118.27331521339352,99.61900964084352,1,1,0,0,1,0
57,2,160.95145671021507,67.34316505429287,25.995830737147973,134.49235829616552,89.54499518326854,1,1,0,0,1,0
52,1,165.4268510603292,60.75616624289667,22.201297472212293,144.38103053303595,71.74329245917983,1,1,0,0,1,0
58,1,143.30339708115295,77.98010171297939,37.97264296984605,143.36185561941232,91.43717898882763,1,1,0,0,1,0
37,1,161.93135941154583,77.32296899272419,29.488086907325158,134.5620348412859,81.60000420701347,1,1,0,0,1,0
52,1,154.89759860957656,91.55232566253008,38.157508632885694,141.94260861127307,69.03670194970168,1,1,0,0,1,0
47,1,165.03452338755187,88.91583269559982,32.645963702173184,149.32098278844921,89.7906574592148,1,1,1,0,1,0
57,2,167.1968378906341,108.57329982240725,38.83889972371745,138.8868568363751,81.1574322463679,1,1,0,0,0,0
56,1,160.9412381232483,56.641470780253144,21.86753578300778,107.81373925233663,87.8464540168237,1,3,0,1,1,0
64,2,158.610543978756,87.18903078565494,34.657540606883195,90.0,92.1837834926952,2,1,0,0,1,0
47,1,168.95658594525787,62.36822124444009,21.848071453544392,151.00363200528344,82.56034894832337,1,1,0,0,1,0
40,1,166.04185459763013,72.35275247766702,26.24338829508658,146.92328384506197,73.32311327531616,1,1,0,0,1,0
62,2,153.60642554078802,55.230875626701,23.4079382052815,129.49316816538132,72.89149035753606,2,1,0,0,1,0
53,2,170.28264208420248,73.63507180261873,25.394750751968967,118.16765035415368,90.09819134252282,1,2,0,0,0,0
50,1,182.43181055726035,86.63860971729113,26.03216797368501,148.22461259327815,68.72479291969356,1,2,0,0,1,0
58,1,165.92999543565188,70.30371465584808,25.53456537292097,119.41929667857623,85.09194342196078,1,1,1,0,1,0
40,1,153.68664359595525,83.97895221442737,35.55479669831269,147.7825437094178,84.88382746464217,1,1,0,0,1,0
48,2,166.40552734759538,85.35460612898626,30.82417538391005,128.80313321970576,73.79933527061297,1,1,0,0,1,0
53,2,176.14035139082813,76.39401393898645,24.62303672166042,137.5522157012593,81.78512867206793,1,1,0,1,1,0
52,1,156.70068524334408,78.20417831115833,31.848440106083327,142.1461737168691,81.52571061240938,1,1,0,0,1,0
53,1,161.84252391451983,63.59022902010875,24.27756379053947,120.1245605956519,71.16865215015387,1,1,0,0,1,0
58,2,169.39470171869903,54.68775457431798,19.058575946627606,120.48870391176045,81.3902863788173,1,1,0,0,1,0
53,2,166.76730721644475,81.36216105610373,29.255036397667038,90.0,79.33543326678569,1,1,0,0,1,0
47,2,174.69254077318655,74.33727395225965,24.358913216788824,127.51002723816944,60.0,3,1,0,0,0,0
48,1,167.49810435376088,50.91831801769992,18.149065021914062,112.63299679160208,90.1352424356214,1,2,0,0,0,0
55,1,159.4743090858978,66.80113234089994,26.26650959275964,139.42752137615952,74.14021445271511,1,1,0,1,1,0
62,1,167.69361647598296,77.78980733150266,27.662385812439126,129.25122246928416,92.65705053362683,2,1,0,0,1,1
51,2,169.51360473237628,65.36514835964425,22.747681171701597,91.9136934394824,81.11963215847081,1,1,0,0,1,0
65,1,157.55504227081366,78.03003498534984,31.433821924078348,133.71313500564747,95.4288932040766,1,1,0,0,0,0
50,1,168.48431844709293,62.477632909546784,22.009267870427948,102.05511536114963,78.9098958773962,1,1,0,0,1,0
50,2,165.42515349635616,59.46119522985905,21.728539812812034,115.97232459941941,81.84284787044943,1,2,1,0,0,0
53,1,176.2370356826152,91.13980306068501,29.343622513554777,110.95162014335015,92.44080339851611,1,1,0,0,1,0
65,2,160.44903876613566,79.76674083424324,30.98472232183579,132.51815751397422,68.74247904872033,1,1,0,0,0,0
48,2,178.2107014421386,51.34816376881679,16.168039385995275,134.6722918012798,86.27558289789845,3,1,1,0,1,0
47,1,172.6577918355398,93.29165274583194,31.29467332455396,133.419146308016,79.04996700848922,2,1,0,0,1,0
60,1,162.64949254199962,71.16397051370197,26.900152729110655,144.82528551745455,76.30276571867562,1,1,0,0,1,0
57,2,158.60230343551788,48.145439003718764,19.13974600758972,141.4831261339113,80.20086328157024,1,1,0,0,1,0
46,1,158.45884291433234,63.56097538212784,25.313814452095954,147.76023731718934,71.3700246543902,1,1,0,0,1,0
56,1,169.21590342368302,68.21179367798749,23.821939420838667,139.03899023224537,90.7400611833007,1,1,0,0,1,0
59,2,161.50314182495785,58.92583754386331,22.5914347578868,127.27303049911775,89.24488933890643,2,1,0,0,1,0
53,1,170.53994691343397,56.352973658951555,19.376020760114983,136.08175076875364,69.36152767976422,1,1,0,0,1,0
56,1,177.7570358367953,77.5593848155944,24.54600149945979,136.3365762708509,93.4439234198363,1,1,0,0,1,0
54,1,179.29377074979323,79.03029716529822,24.584603756232298,117.30530801980301,80.05351968008905,1,1,0,1,1,0
51,2,172.745477187056,80.50185810114337,26.97693053239181,97.39563685985979,83.04554750219958,2,1,0,0,1,0
48,1,162.19673500580015,75.38822603490877,28.656246786706376,132.23034886833761,68.13071963562487,1,1,0,0,1,0
55,1,154.63158864270514,62.36125998636001,26.080652097092848,122.72533485653784,93.98063925631381,1,1,0,0,1,0
53,1,148.73774902605362,47.22683155421744,21.347469436680356,111.39446191397974,72.10844477217665,1,1,0,0,1,0
48,1,175.4982914745553,91.23482504253852,29.622032757778108,136.1902500148765,77.3961165967769,3,1,0,0,1,1
56,2,165.8697321066604,63.862911958374355,23.212099884222933,105.06162106641044,60.0,1,1,0,0,0,0
49,2,156.55640817715715,72.7829701923117,29.695324599747117,143.69279487423387,78.84481664908492,1,1,0,0,1,0
54,1,174.67756922303903,74.75784644130565,24.50092622678423,136.10598451086204,75.16919300845993,1,1,0,0,1,0
65,1,152.14137556019523,79.55741756954484,34.37051190341418,146.8706778328826,83.06165615015647,1,1,0,0,1,0
46,1,152.80860940868197,61.709178008015826,26.42738029518133,155.13498407251825,76.43916468099292,1,1,0,0,0,0
51,1,179.04026690914657,51.720232098029555,16.134630791369016,125.06790001751177,63.948372140759815,1,1,0,0,1,0
55,2,151.45570292417398,79.08241204986228,34.47534692408146,142.3923808743493,76.35880913457315,1,2,0,0,1,0
50,1,165.85215212758135,78.67732694597773,28.60272256458376,110.5556344960219,70.16154714707567,1,1,0,0,1,0
57,2,156.00390025777227,91.31100500758345,37.51908256360783,120.23004827947568,107.35634055475403,1,2,1,0,1,0
48,1,174.50747444822696,81.79985274344203,26.861140924408215,133.9777724660236,88.94923025185474,3,3,0,0,1,0
41,1,164.57889744378568,83.05674954180742,30.663846606483283,128.7078163195266,82.16320578441093,1,1,0,0,1,0
45,1,162.09319978911438,83.31764444320713,31.71081413047338,152.61009717396092,92.31713620525821,1,3,0,1,1,0
49,2,162.54342071786687,88.51807121375484,33.50372935488993,161.43883707017346,104.57277067929964,1,3,0,0,1,1
62,2,172.5740680412763,65.76278603166656,22.081528398525755,149.46095090825943,66.24658387451771,1,1,1,0,1,1
56,1,172.54746426062437,93.3208704476805,31.3445196228481,115.97773470295438,72.27451989800915,1,1,0,0,1,0
41,1,163.73936473237208,80.57535179451922,30.05356583407668,105.84646661489026,95.27716145068645,1,3,0,0,1,0
44,1,156.6350573525212,62.914850758793094,25.643377745229603,131.07471750073705,82.09327062614953,1,1,0,0,1,0
53,2,152.67751129062356,77.01325741990095,33.03812171238497,137.31453015012164,89.35921944911432,1,2,0,0,1,0
58,1,163.4055767050755,59.63654520253169,22.334628256154033,104.46759435236282,84.2430039631562,1,1,0,0,1,0
46,2,164.59177164896553,93.57936178267956,34.54330116734607,115.05960563761289,66.38299206750646,1,1,0,0,1,0
55,1,174.08383283787967,71.95180465891148,23.742410580529317,101.11230440595465,84.41062878307953,3,1,0,0,0,0
48,2,171.61661456153047,79.14851164655911,26.873491275109377,123.49458772701757,79.23378344566076,1,1,0,0,1,0
53,2,170.05003394007105,95.83090774842319,33.13997344465002,148.49370286893168,89.09126868236989,1,1,0,0,1,0
52,1,166.68573944204087,71.957410777371,25.898740010481866,134.32701401176135,83.33439026503868,1,1,0,0,1,0
64,1,160.56966494754943,72.42416686411494,28.09030829475617,111.09638134636909,90.23171517436553,1,1,0,0,0,0
48,1,163.61245028037817,64.86877139453203,24.232765242470084,123.65596307589341,71.67363165754637,3,1,0,0,1,0
49,2,168.38956557452042,82.44915408335986,29.077418770987784,104.34271248450709,63.00186586364576,1,1,0,0,1,0
61,2,159.0381794445928,89.83403355285138,35.51714994611128,138.58210739042397,70.2785530639789,3,1,0,0,0,0
50,1,159.9088770021133,69.67365080265283,27.24729669907632,158.40853942964554,84.19015207350407,1,1,0,0,1,0
58,2,167.90875329086933,90.95519841076606,32.261224808045434,151.41997293326062,77.67949253933389,2,1,0,0,1,0
45,2,166.6648295164197,88.7042935791287,31.93424970078288,138.1628440278195,79.41137648807135,1,1,0,0,1,0
45,1,173.34970012398878,74.50943724602088,24.79505602082956,119.23361018738419,97.58354610267529,1,1,1,0,1,0
55,2,160.31810337944282,50.57785131663711,19.678647333534325,98.5515747111998,87.21514518478453,2,1,0,0,1,0
53,1,157.28578078038439,40.0,16.168922008543603,123.59026125533784,82.55721743166373,1,1,0,0,1,0
44,1,162.81306905039975,64.83058398229332,24.456900004660202,114.01139196900439,76.51967490369292,3,1,0,1,1,0
52,1,160.6893228727308,80.67775620042967,31.24494537912533,132.8002101768432,83.73195717957034,2,1,0,0,1,0
62,1,183.43028024190016,89.88717146929682,26.715029329216915,141.35687404478057,91.62965735361718,1,1,0,0,1,0
57,1,159.35064002912037,64.54767869548931,25.41985121239831,119.29111067079016,89.13259709628839,1,1,0,0,1,0
59,1,176.10332001884944,74.94227521725844,24.165277497722755,123.51001311834231,67.44540477813189,1,2,1,0,1,0
47,1,166.3607180714266,71.14746281650454,25.70738163372181,126.37711128381044,90.33960641581697,2,1,0,0,1,0
55,1,161.0705185577908,42.319784779810355,16.31215489281476,98.94607609902424,76.09421120700118,3,1,0,0,1,0
57,2,164.9349160964343,82.85384298976894,30.457022858552445,100.15484385702493,75.34106508910183,1,2,0,0,1,0
48,1,157.29630002627673,76.02501529653281,30.726953411570697,113.75324243113941,80.04844407870937,1,1,0,0,1,0
56,2,174.0504834996012,86.50764264986562,28.556436348355852,114.39572266690843,101.64094276052204,1,1,0,0,1,0
45,2,161.99759629644242,77.55245066471572,29.551422082096245,101.49835131279843,87.07155447329379,1,1,1,0,1,0
54,1,163.6419107001829,57.364066169548266,21.421547669257166,97.62677571529474,91.73322640137282,1,1,0,0,1,0
50,1,173.5286133728976,74.90498610817399,24.87531190240035,118.84072012849605,91.60504503133487,1,1,1,0,0,0
65,1,165.883333893005,87.15307892585463,31.672126553926855,136.25082301795018,105.09489716967839,1,1,0,0,1,0
50,1,175.23951048320131,92.12772974712051,30.000348968680672,112.590227662193,74.59469222758473,1,1,0,0,1,0
53,1,172.5641902479686,60.94121457201316,20.464905794631537,94.03518666859443,71.89578265353725,1,1,0,0,1,0
47,1,169.06779437571524,74.36540218806,26.016517168525155,147.14044192663624,88.54624965911259,2,1,0,0,1,0
62,1,180.61450684859182,73.9251300503468,22.661405283501843,147.75527779711817,88.20839952365716,1,1,1,0,0,0
43,1,165.07178776667936,95.08179332328348,34.89407214430294,110.75548062221932,86.90160971721055,1,1,0,0,1,0
49,1,167.25438843235074,84.23865419401794,30.113163115678354,106.2774721058195,84.75544083061429,1,1,0,0,1,0
40,1,153.72018324806842,79.82858019902986,33.782875922533805,142.39411389687535,92.58304095598162,2,1,0,0,1,0
44,1,159.02283411944282,72.31952366922702,28.59806036612416,154.3915441017888,85.83653409134614,1,3,0,0,1,0
57,1,180.28446135601075,96.3805656434108,29.653289492694157,135.29243848378374,86.36355531870535,2,1,0,0,1,0
56,2,173.56029567370433,69.77315606390717,23.162615894521192,145.82957929616322,78.46239786445544,1,1,0,0,1,0
58,2,150.69378601180236,92.3782886495245,40.67983887770376,121.97298100760125,84.68536675153813,1,2,0,0,1,0
58,1,169.65749461656844,57.353503889423905,19.92571235589513,126.37014632766466,79.68137561613278,3,2,0,0,0,0
55,2,176.09935985027488,90.2364834674019,29.098232386640287,162.1519353058569,103.97148486918385,1,1,0,0,0,0
53,1,184.36541238092815,66.29255600308191,19.503199620110223,139.33438183816932,77.44963463083852,1,1,0,0,1,0
36,1,168.9464855333294,62.14585507231702,21.772777983183577,146.3601623831876,80.74766107643035,2,1,0,1,0,0
52,1,167.03148267519404,74.61515145825703,26.74424563883933,147.00534523407595,91.60208197793837,1,1,0,0,1,0
47,1,169.63436796080907,84.72175652366445,29.44199681397431,134.22894140362808,85.81040529278405,1,1,0,0,1,0
56,1,172.58789590649124,76.3354514753834,25.62746271241035,126.37741593882664,70.27683180804861,1,1,0,0,0,0
57,2,161.73092932472906,56.057459438407776,21.43123740511936,127.97060381930882,84.41476131944219,1,1,0,0,1,0
50,1,169.9421720253453,93.9260784551831,32.52249540511338,100.87913834265476,60.0,1,1,0,0,1,0
47,2,165.551609695945,74.44591752699105,27.16277093063348,139.72509339257994,75.83911064641399,1,1,0,0,1,0
60,1,161.96231218403835,63.846563905563414,24.339384587588803,92.84905886497799,84.46708260859043,1,1,1,0,1,0
52,2,165.85057374859835,81.71471574310375,29.707514498313124,136.1240284087123,89.29309175107264,1,2,0,0,1,0
48,2,156.1278584529393,67.40555512446201,27.652530774488795,135.72254738680837,83.69989011324363,2,1,0,0,1,0
59,2,173.92225029498437,88.09598418463288,29.123651124064004,90.0,76.82543282033197,1,1,0,0,1,0
56,1,153.10077356996524,59.31064896642367,25.303343192100115,139.73782659344528,67.71557159825154,2,3,0,0,1,0
61,1,163.7606179399586,53.60557600165521,19.988998254682535,99.16125291409948,65.84989381783657,3,1,0,0,1,0
49,1,168.66436529187706,81.74453831555353,28.735057640826845,130.54617369853926,77.72721369216539,2,3,0,0,1,1
55,1,173.6691172688078,72.87733175036936,24.16280059056999,124.97796633947262,66.05043158561188,3,2,1,0,1,0
56,1,159.47551478465178,76.11940346068619,29.930043681183847,125.50113757425595,73.17683061012237,1,1,0,0,1,0
57,1,165.23110202157747,67.62791063745883,24.7709333769578,120.4726797770266,75.95720129886811,2,1,0,0,1,0
39,2,158.16285891487328,82.14986499478212,32.83959866123173,159.73477701333908,60.0,1,1,1,0,1,0
45,1,168.10371721659266,45.62532875699367,16.145495314916836,152.70475463456793,76.74082494714904,1,1,0,0,1,0
59,1,168.39543903557174,87.67467770167201,30.918152076892127,150.03289480452239,75.89569065459492,3,1,0,0,1,0
62,1,160.54386835504752,71.73604852058915,27.832358131569467,137.39309462194262,74.38128717505555,1,1,0,0,0,0
52,1,164.72534943182913,66.93400980686748,24.667547208659645,121.83746119216288,76.47754643980215,2,3,0,0,1,0
52,1,156.25249851615308,73.93802716060142,30.28404740291413,114.43599142208838,86.29519153647652,1,1,0,0,1,0
62,1,160.14158123006465,45.64713830731578,17.799398704519376,90.0,84.49011820603721,1,1,0,0,0,0
52,2,171.26881030255473,73.93461967324303,25.2052657780072,109.82923566514124,85.07072586955636,1,1,1,0,1,0
56,2,160.65208738706815,42.33918546093691,16.404755162322857,118.12671324309785,93.48787082515355,1,1,0,0,1,0
46,1,166.0911624925973,63.045117510526296,22.853799291840907,146.64551108228704,80.50167795383842,1,1,0,0,1,0
46,1,157.3418585716346,73.82057916033794,29.81871309239131,148.5971496454626,88.23878187915513,1,1,0,0,0,0
47,1,172.4225771535398,71.80954993099498,24.154271335070504,102.38762140325922,79.47190647043887,1,1,1,0,0,0
57,1,170.00771687953628,79.88847694823566,27.64056215274334,96.85516718687738,85.57439112167498,1,1,0,0,1,0
56,1,163.69991604550682,78.78418188882033,29.399647021340467,143.77799744407332,84.25538353097967,1,1,0,1,0,0
65,1,168.32413914005318,99.10004040801736,34.97687681652205,97.74875923243481,82.79988983757192,1,1,0,0,1,0
52,1,166.01663792872074,89.76165648136836,32.56774054154009,117.63173165866789,84.67640454197601,1,1,0,0,1,0
48,1,150.28867601873966,55.30915111599615,24.487501519470143,94.50907165239013,83.06572988977682,2,1,0,0,1,0
55,1,166.97781681884504,51.38614027714802,18.430131805094508,156.32625914886893,80.72634082831502,1,1,0,0,1,0
60,2,177.48152688759342,80.51816465909377,25.561571735850144,129.93673199595594,81.1410064131295,1,1,0,0,1,0
38,2,150.38417948547865,54.358964217548014,24.036258813675147,90.0,72.83844071590957,2,2,0,0,1,0
62,2,160.48050168827186,62.420383935468706,24.2371688769988,122.62832300769128,79.29986496458568,1,1,0,0,1,0
48,1,170.61839887514583,77.44953288988819,26.605233728480695,158.20143969133102,79.10693241254648,2,1,0,1,1,0
49,2,166.47680995923304,85.8941244070905,30.99245407291594,93.87046161837677,77.49397396446433,3,1,0,0,1,0
51,1,159.9050884168647,71.82699684832754,28.090737463772353,119.76130208328131,87.14103166218658,1,3,0,1,0,0
50,1,167.40715604078014,67.79097881824269,24.189331568918632,133.6727958312805,92.25675140134899,1,3,0,0,1,0
49,2,155.03939554048608,68.24755420155344,28.39245584789192,130.16203085580298,99.88684333640914,1,1,0,1,0,0
46,1,162.76420593917368,88.66859548550045,33.46971557026052,91.3649405298132,89.85031735553206,2,1,0,0,1,0
60,1,167.29685071673867,83.4596195102424,29.81953515602539,126.50602140546768,94.0391678062419,2,2,0,0,1,0
54,2,155.2111365791568,75.31670162079426,31.264071420591357,106.11327228412918,94.81003049931836,1,1,0,0,0,0
54,2,163.0567089141832,83.28703320212854,31.325646833784877,118.31858868488543,80.69755194015121,3,1,0,0,1,0
53,1,155.79100535601577,83.35090904524107,34.34199976038196,90.0,92.21212472939105,1,1,0,0,1,0
45,2,164.30925149699544,76.91583151684642,28.489951174641266,143.81751829012214,74.00831080518829,1,1,0,0,0,0
61,2,159.3206240147157,72.35184543787288,28.503987270853248,121.99339199419636,105.71417089550542,1,1,0,0,1,0
53,1,158.14616480215545,79.88855738800079,31.942378401287204,118.9849809119379,76.10898984129807,3,1,0,0,1,0
52,1,163.34973245678273,96.53824595740559,36.179499005043695,125.73525416262068,89.97008985790309,3,1,0,0,1,0
46,1,171.53592250752027,84.42623035951503,28.69242357064739,115.97437930299441,91.62418121899594,1,1,0,0,1,0
56,1,165.29474932491303,81.98094311303305,30.00508032719183,123.89103425501838,78.24942855739351,1,1,0,0,0,0
56,2,172.62680874161913,106.7213999458262,35.81253217520052,136.90264796276819,70.79625525006638,1,1,0,0,0,0
41,1,170.670204292631,40.0,13.732340854815842,109.21071614066985,72.71799906550416,1,1,0,0,1,0
60,1,159.47421525100367,77.11592010343692,30.32236682019262,145.66532268849863,80.32952403058471,2,1,0,0,0,0
58,1,162.33177750662696,76.04987072199019,28.859672065259037,113.5424527552574,92.06735958429165,1,1,0,0,1,0
60,1,160.08007128531443,64.59466091085436,25.207053590553688,136.84035809672363,93.81287743618742,3,1,0,0,1,1
55,1,172.7067692042683,41.678350578518895,13.973068994389793,107.03432407434858,78.0701432063163,1,1,0,0,1,0
45,1,173.52493555357364,76.19269316286682,25.304021107509413,114.99548658232268,85.3889623631833,3,1,0,0,0,0
53,2,166.79858793871782,63.381608995923145,22.78130090734685,151.20772865230177,75.19651736260582,1,1,0,0,1,0
57,1,159.12615836791613,57.69046166976872,22.783521874976884,111.63172300326379,83.64096765409032,1,1,0,0,1,1
53,2,152.12860231760658,90.74623796937263,39.21090619480066,100.37344502569394,71.45745967631618,1,1,0,0,1,0
55,2,151.2348778483878,72.280487013716,31.602187853436348,116.23686112698363,84.10430562267634,1,1,0,0,1,0
52,2,178.6662792763232,47.55983842036879,14.898933572377954,90.0,79.76870775959982,2,2,0,0,1,0
52,2,155.96012255241232,78.42218329879647,32.24124423315396,144.5342430131073,81.81216065410379,1,1,0,0,1,0
63,2,169.16885701167186,63.33293778535878,22.130376564168927,114.27464835454143,86.32960751483387,3,1,0,0,1,0
65,1,160.43306149333296,53.95280929621474,20.961691301995366,113.10954071088601,71.06052351483106,1,1,0,0,1,0
49,1,163.70571912283202,65.31108621948968,24.37020614945236,139.47172547491894,91.96111236610967,1,1,0,0,0,0
46,2,175.26370264279905,87.76621675729284,28.572182357230897,135.3645305652051,65.97481142329467,1,1,0,0,1,0
65,1,168.79195318298184,56.83269259797896,19.94778850706081,140.33236852012686,79.47995564806918,2,2,0,0,1,1
54,2,158.45050747646437,74.02242207449142,29.483295316987594,121.6424243478902,82.86809448463431,1,2,0,0,1,0
50,1,163.85280245888023,74.0931533480234,27.597537422897787,123.87723237101424,92.46504700161796,1,3,0,0,1,0
41,1,164.7334512066128,74.9822390419816,27.630885967580383,141.99731213452873,71.64525022335523,1,3,0,0,1,0
65,1,179.49340987806065,88.92224408151765,27.600274294261176,141.42175801410175,63.872394192822775,1,3,0,0,1,1
54,2,142.31754377730053,56.4198603322088,27.855767389547285,142.11546173892486,88.78321203227443,1,1,0,0,1,0
58,1,156.48702206248677,80.61923591908851,32.92168276212055,108.84631291154196,82.80650520217661,1,2,0,0,1,0
60,1,164.71899237199275,84.8765858025928,31.282434773977965,133.17350716508724,86.01037019995162,1,1,0,0,1,0
54,2,156.83295948276879,56.153952022384004,22.82998630710347,93.97131090934661,79.29890941427946,1,1,0,0,1,0
56,1,165.20294157623425,74.66722093852343,27.35863563200282,162.8936332071535,94.33853592182889,1,1,0,0,1,0
60,2,158.2909513341828,76.33112174902439,30.464178142163806,101.34878193015369,85.37946322975147,1,1,1,0,1,0
50,1,158.1009590834265,73.08558823082527,29.239014978788266,96.83958018554851,69.43206078420414,1,1,0,0,1,0
53,1,157.7228997809553,99.2542795986108,39.898790935258816,174.43744805504295,88.94904410425086,2,1,0,0,0,1
65,1,175.5289384345246,64.13214674917569,20.815091534877865,141.1789626188688,97.20585934676433,1,1,0,0,1,0
51,1,168.08859610060134,63.86622504958475,22.60449178022138,107.56473741630741,86.80336307368418,1,1,0,0,1,0
46,2,161.4515903112934,57.284250012416095,21.976097695822528,126.92157502234882,82.3471891168526,1,1,1,0,1,0
52,1,175.60525572689085,76.15173506080198,24.69475848707497,127.78298732783136,86.87026556074461,1,2,0,0,1,0
61,1,160.7978488624903,70.19260293896518,27.147564807625695,117.16450060396909,74.89373341745103,1,1,0,0,1,0
42,1,138.56874136451543,66.28860888295608,34.522986675076986,98.26501247997199,84.3699384190449,2,1,0,0,0,0
57,1,170.09336129874322,95.75645484955744,33.09735833238712,131.6437617147137,95.72875589752314,2,1,0,0,1,0
45,2,173.5634261903974,67.93490387236758,22.551557219238948,143.99043340508413,79.46647085731124,1,1,0,0,1,0
56,1,157.55260688737843,67.97638970167209,27.384631931552654,137.90905329738555,79.2827453692757,1,1,0,0,1,0
48,1,163.87657724958993,49.499994669514706,18.431954212254997,102.19558082083665,81.92009155367319,1,1,0,0,1,0
43,1,170.7267313133078,84.03118735362713,28.8295224867522,128.08037301800763,67.84321787860073,1,1,0,1,1,0
51,1,163.35008098091848,85.51645028297342,32.04873980019194,136.7111487896334,84.96088790512492,2,1,0,0,1,0
47,2,171.7557929624136,90.69888814588708,30.745331183290062,138.17915961050613,88.42402682460771,1,1,0,0,1,0
47,1,157.3972312335714,67.9322828229926,27.42092065894997,120.73041996808317,74.60571957292932,1,1,0,1,0,0
55,2,157.44197751694526,55.10032934158868,22.228651790409558,154.43988297262746,76.17497417185183,1,1,0,0,1,0
57,1,166.46588355789112,81.41910484564129,29.38162711610848,165.2648051025384,61.61101277605077,1,1,0,0,0,1
53,2,144.09697574759696,66.85642034381777,32.19833299095976,117.67688798615487,68.6180404350391,1,3,0,0,0,0
65,2,169.29802438040159,78.12614072831101,27.257912387073223,109.99458131956777,74.4608974577183,1,1,0,0,0,0
52,2,160.61594244322862,63.46527477970853,24.60134571320112,122.44336917122146,87.6305754529561,1,1,0,0,0,0
46,1,160.2963937019237,78.56394243670464,30.57565469704776,138.10176652099264,75.97551741804922,1,1,0,0,1,0
41,2,163.93042267016844,76.78712854962204,28.573886162707925,122.29836943943798,97.12386043113511,1,1,0,0,1,0
52,2,161.65300249200982,73.56698692386321,28.152399586005625,148.5678026802098,88.707987171233,1,2,0,0,1,0
60,1,164.17715763372985,69.58949611411678,25.817740230967036,117.20927277438517,60.0,1,1,0,0,1,0
55,2,162.063974152856,89.09922492974405,33.923523714481206,122.09260176013848,82.14498198054055,2,1,0,0,0,0
45,1,146.6677888776499,80.7935120152497,37.558392608798215,119.68661803882439,73.9624024009919,1,2,0,0,0,0
52,2,150.87755305735251,71.60775784934768,31.456529851389675,152.9866109822561,87.85802965726425,1,1,0,0,1,0
46,1,163.46610618646736,107.59058818855533,40.26417883562625,127.23193993725522,90.73127062784155,1,1,0,0,0,0
53,2,172.4861554764948,82.6044453392851,27.76482462964349,118.39585233362567,71.0655601375373,1,2,0,0,0,0
55,1,177.79326145729243,79.98370824749215,25.30293744178463,113.22338263172502,84.57767160104284,1,1,0,0,1,0
60,2,167.00867492850327,72.95881994310601,26.157711191757638,133.38345851268537,85.70229041017113,1,1,0,0,1,0
50,1,169.34706746314063,66.9871434700804,23.358023853604266,144.83894628132052,70.53115470848634,1,1,0,0,0,0
51,1,158.55728176521023,60.03700101341966,23.88067545066582,118.12078744558607,81.70598788314842,1,1,0,0,0,0
53,1,163.49716331440527,87.13607904238614,32.596995277620415,108.35698472651711,87.22904131920018,1,1,0,0,1,0
51,2,158.2528500751606,64.71216692976265,25.839426015280935,132.62881153698237,88.35079011981249,2,2,0,0,1,0
45,1,153.0010529478342,64.32144296746708,27.476849782016735,106.6645300484489,87.87604232093635,1,1,0,0,1,0
49,1,144.17341515519206,89.63271087288423,43.121728352011736,134.30784603578982,97.36283062889282,1,1,0,0,1,0
38,1,157.5230022239041,54.50782443037589,21.96700695699748,133.3755032014421,66.12217111569926,1,1,0,0,1,0
44,1,163.67229276973376,70.1355902150141,26.18111411943052,112.74277224284447,77.704223477254,1,1,0,0,1,0
48,2,157.36106473544277,76.44990949998481,30.87325391459025,119.50440549191617,70.96398500344833,1,3,0,0,0,0
53,1,168.97017673828242,56.19714436333165,19.68312864498434,109.85087151030064,100.47295628870793,1,1,0,0,0,0
37,2,145.86823894268687,84.75887814758386,39.83489899223984,108.51328604101037,74.04636271428934,1,1,0,0,1,0
46,1,176.87498325234918,94.2146216356154,30.11518149332405,133.62901360150173,78.2379616186003,1,1,0,0,1,0
46,2,179.33085594206005,50.960381833637385,15.84610869731235,119.51089637334394,73.72481976079214,1,1,0,0,1,0
65,2,173.21289279550822,91.29608576609083,30.429283633425392,121.8431200104222,94.80280740120102,1,1,0,0,1,0
56,1,159.06818389294156,84.46443767524181,33.38160775229122,153.1718963410908,82.80610690699558,1,2,0,0,0,0
56,2,170.4093556800101,71.92858669617448,24.769352758743732,131.3375510717195,80.59864596725217,1,1,0,0,0,0
59,2,161.96778654392338,69.7675498508306,26.59476622217699,135.42292073915186,96.81128803515584,1,3,0,0,1,0
48,1,182.11224765215022,95.43713114601576,28.77657262108876,134.0705376756299,81.16328231532447,1,1,0,1,1,0
59,2,162.6171149529642,86.1440814213223,32.575638787302495,142.16250284829954,79.11577669152946,2,2,0,0,1,0
55,2,145.23660692345578,77.1318324324899,36.56633727248713,113.39724256078138,82.04084438858659,2,1,0,0,1,0
54,1,162.1408010564419,57.420484977474864,21.841488266689986,118.59026303556591,80.25504086717133,2,1,0,1,1,0
57,2,152.8633316446233,87.54896151200712,37.46660635431924,127.07972782041728,82.98605118739692,2,1,0,0,1,0
61,1,169.9804478938609,75.78298968226333,26.2285206420237,157.22040252838647,89.9927054325615,3,1,0,0,1,1
40,1,184.00388990150876,51.27532593822376,15.14448192560325,112.3400396568205,75.51527309395412,2,1,0,0,1,0
52,1,163.7729223437993,71.04228711151248,26.486997914405805,141.55069570674354,83.38822133269986,1,1,0,0,0,0
65,1,170.27186745157542,62.43174580087145,21.533750712531404,127.92463840157735,73.41046628349645,1,1,0,0,1,0
62,2,150.97564594686142,64.20427982277187,28.167622132464988,142.00364773178924,67.08937557242129,3,1,0,0,1,0
55,1,170.63558998825027,85.25434249659028,29.280418015067198,147.37574676440624,60.0,1,1,0,0,1,0
49,2,167.84568941112164,71.91547326739742,25.527128135734845,139.84529242338272,91.28756357584425,2,1,0,0,0,0
48,1,158.0392083458064,86.2426672892034,34.5296748420651,111.19922765228632,88.79106216723346,2,1,0,0,1,0
65,1,159.2936310103055,81.48536269431706,32.11314048335377,117.77242336318821,101.99044911297159,1,1,0,0,1,0
56,1,168.37362434763975,61.99691145313093,21.868647967649512,101.93356991938374,68.1530232414268,1,1,0,0,1,0
46,1,153.55058682763766,87.01322358417336,36.90475251025334,135.45815600893366,79.09106475518847,1,3,1,0,0,0
58,1,154.24156605713728,63.757523528034135,26.79961701148647,122.07005339631175,73.42336194627181,1,1,0,0,1,0
49,2,164.77193852368242,84.29421851770097,31.04783247399292,128.52369176764017,74.5551143768001,1,1,0,0,1,0
47,2,166.71670152675082,70.59285451706366,25.398175807043827,136.26715662592804,82.5211924391086,1,1,0,0,1,0
50,2,162.93802335152216,86.37076258752158,32.53283175314377,116.95948105946542,81.50927147345787,1,1,0,1,1,0
47,2,171.62046406306285,89.17681573785978,30.27706804405133,143.67571922755417,72.43767406464403,1,1,0,0,1,0
42,1,162.27396655472134,61.078756040018426,23.19489866132055,122.01679467230727,75.1385472548405,2,1,0,0,0,0
57,1,160.32190878269105,74.78255414397327,29.094744269601353,147.20740388305745,73.85787716930818,3,1,0,0,1,0
53,2,159.59376079421924,108.16838260407287,42.46865609473437,107.49906421255882,103.15389786473844,1,1,1,0,0,1
38,2,158.81427690109183,65.28934022352871,25.885895689993937,143.98926017249568,85.54805629728187,3,1,0,1,1,0
31,1,168.32925004572363,74.06660695872998,26.13986093195204,122.90960805355934,60.0,1,1,0,0,0,0
56,1,146.2100605914374,72.29487445009278,33.81839509864875,142.1341658016887,79.73557784662134,2,1,0,0,1,0
62,2,158.00560412065775,68.90623141737477,27.600281842216187,132.91885068736028,85.89231033505244,1,1,0,0,1,0
65,1,162.89791905807937,63.46913160704627,23.918364689179544,142.75392861900193,86.6358138454842,2,1,0,0,0,0
51,1,151.53667558932378,70.00925887777005,30.48737054788943,130.1316594109723,73.80238879160154,2,1,0,0,0,0
54,1,155.77877339174458,79.82090567379377,32.892742969913755,124.64520159352496,64.32402485822242,1,1,0,1,1,0
45,1,158.47426468627233,76.77995547784442,30.572458578941657,145.07599697210938,82.7140051963314,1,1,0,0,1,0
40,2,147.61492998169126,50.774747305693595,23.301678236769185,133.8822900349148,90.326823670768,1,1,0,0,0,0
54,1,170.94441836813468,65.68227483289269,22.47699949840583,146.06284552826426,80.07851088203921,1,1,0,0,1,0
48,1,156.5076288323091,88.03318100319558,35.93977646239419,119.14963924233311,76.06696756553586,1,1,0,1,1,0
54,2,182.01115778601417,85.75930967697192,25.887210311191623,122.43352547795898,77.0206430504879,2,1,1,0,1,0
55,1,166.12727912214464,70.94733508604982,25.707164873696897,137.75623352334452,74.5959289532888,1,1,0,0,1,0
43,1,149.92300132854697,78.72270350298407,35.023816158881566,137.72926893393574,80.85456479244598,2,2,0,0,1,0
60,1,164.8416406780413,61.48737072301634,22.628307176519524,119.7131272128813,89.1786690436174,1,1,0,0,1,0
57,1,164.17945799976138,50.059106624291914,18.57143486722677,129.51309779395189,76.99696943927762,1,1,0,0,1,0
64,1,152.90474481318677,65.48183303868268,28.007794005624394,105.34718205208866,81.33154548802821,1,2,0,0,1,0
58,1,156.11222698214453,63.8242436067082,26.188573228477406,125.33453852763844,90.3427763973474,1,1,0,0,1,0
48,1,185.11681212975202,66.58746495862307,19.431250732100256,115.03801329032247,75.51932983337518,1,1,0,0,0,0
49,1,149.97683693233154,86.84885937549774,38.61141691989999,105.61825143317495,85.15512024253812,1,1,0,0,1,0
52,2,173.30863387612368,74.18022297718845,24.697201019303915,149.53982204765387,77.69197217680889,1,1,0,0,1,0
45,1,166.0450370886892,77.52345171513296,28.117797720786573,156.79143239056532,81.59377080236897,1,1,0,0,1,0
58,1,172.72707951106358,60.630076335586324,20.322037810425694,138.36936969012598,72.64567088961799,1,1,1,0,1,0
54,2,171.2967163974042,61.369364505897565,20.914792010988943,99.5827318514239,104.8324779853115,1,1,0,0,0,0
65,2,160.71005737845667,79.07941223419097,30.618035370249327,129.09963981681614,76.3276048266728,3,1,0,0,1,0
49,1,178.34058703132013,84.16035764554687,26.461057023363306,107.74521079932441,64.64891147140605,1,1,0,0,1,0
49,1,174.87754769744382,55.560880057999405,18.167744225370573,113.35436381113624,83.19136317666303,1,1,0,0,1,0
64,2,150.4761242070854,86.05898201308898,38.00677425053914,137.04854844792294,88.12516035233426,1,1,0,0,1,0
58,1,155.5262156046091,101.36984680768727,41.908448319321074,96.33173590473181,60.0,2,1,0,0,1,0
44,1,167.5529872293074,91.04596246647337,32.43070136787512,121.67881657622745,81.98693207441248,1,2,0,0,0,0
47,2,169.30768214612814,84.44489343595751,29.459139950929874,114.15903426477716,81.36147574999845,1,1,0,0,1,0
56,2,162.2726194261422,64.49013652219487,24.490790485177598,99.13802575645508,70.4846003789462,1,1,0,0,1,0
50,1,168.2782955180889,59.0975774222608,20.869568488876432,130.15711267886087,68.71940231938247,1,1,0,0,1,0
52,2,164.4259899027438,70.24202940384313,25.98101539480334,133.26335208622072,108.89281530921127,1,1,0,0,1,0
50,2,176.02267020603438,71.37700596586214,23.036745112613588,114.61023466823826,86.86217453097396,1,1,0,0,1,0
65,1,172.36063907659008,98.20008118303559,33.05488537135039,122.77179007664817,74.23238626915658,1,1,1,0,1,0
44,1,159.133971717318,77.4982178031857,30.60313449737056,152.2430420072897,74.67388971881815,3,1,0,0,1,0
44,2,149.67103327106946,92.26364741397671,41.186520687430146,118.16257527154939,77.79222689857004,1,1,0,0,0,0
52,1,166.60549464541617,79.1339970933624,28.50916267032397,148.69543083142221,80.43838958626753,1,2,0,0,1,0
56,1,161.63502217860446,56.699746228004344,21.70252078454532,154.94165409547114,85.2125586826512,2,1,0,0,1,1
50,2,146.24467752278304,80.29867382019215,37.54466506402377,137.57288295666922,79.98954202082409,3,1,1,0,1,0
42,1,164.06445875390202,75.22993176130022,27.948702292257234,121.97517794758575,91.00917531375147,1,2,0,0,0,0
51,2,170.85591424321393,85.04610875094207,29.133617507082864,140.33523491875093,75.13040104533063,2,1,0,0,1,0
46,2,170.41613440648504,59.03002893468212,20.325983858893995,134.1996600297334,87.55459109543042,2,1,1,0,1,0
61,1,167.02197824508764,54.17791154881266,19.421153163980513,120.26795989959925,80.83548812048889,1,1,0,0,1,0
60,1,166.34924652802255,69.52719198606553,25.125401681961215,90.0,83.9452274408518,1,1,1,1,1,0
48,1,165.29451952947989,81.78918152352855,29.934978688561863,142.52799411940308,82.77108637633759,1,1,0,0,1,0
50,1,156.56870079527778,60.23337624142412,24.57125344574564,126.86937448014433,83.71109527435367,2,1,0,0,1,0
59,2,170.1841272737203,84.22204858500616,29.079551034474182,123.39216181035637,86.3985585176889,2,2,0,0,0,0
60,2,144.4536579053759,65.4961537595869,31.387643379241446,127.29757288541757,84.04160974217226,1,2,0,0,1,0
47,2,170.57102181669862,79.9283158319856,27.471992533929097,130.59576560384608,93.4029075628419,1,1,0,0,1,0
62,1,156.76971242458117,63.330132022559496,25.76831792105495,121.47742827753761,87.15758896020526,1,1,0,0,1,0
59,1,166.42610566346917,81.19477101481067,29.314680120196062,150.09075878239136,88.43005780426488,1,1,0,0,1,0
65,2,162.06729989562592,72.65929649392586,27.66307124599641,121.1343475235078,67.49906075953497,1,3,0,0,1,0
59,1,162.42907853625593,98.90608508556085,37.48827445649463,90.4626358171703,70.72668770344137,3,2,0,0,1,0
41,2,174.2610007477651,78.89944976872596,25.982059140064187,109.72033873445872,84.0736949385385,1,1,0,0,1,0
53,1,167.82637829972623,76.56970628358494,27.185450610159553,115.55741635642585,66.17993037116604,1,1,1,0,1,0
55,2,161.72082484193038,81.2100857447501,31.051177480128217,117.59891250296832,77.01511149903166,1,1,0,0,1,0
55,2,163.67316413003246,56.63324746077766,21.1405610596258,129.86453733240575,82.24870986745641,1,1,0,0,1,0
58,1,157.21573720837782,90.65662445702954,36.678157518591306,101.12313043426778,80.08490674969991,1,1,0,0,1,0
51,1,167.68953218217933,72.2450124837834,25.69188469120247,120.81071581931455,63.50099886513901,1,1,0,0,1,0
54,1,156.71682984004255,52.81688350348273,21.5051014641453,105.06024329018659,80.57942426752324,1,2,0,0,1,0
51,1,174.78682668454917,50.6285523927009,16.572121723706957,118.06355354613859,80.80533602531897,1,1,0,0,1,0
39,1,171.43385190551012,66.04940739641235,22.473761042336335,106.7156802922493,84.53718116236824,1,1,0,0,1,0
51,2,177.33575659344137,66.63572152579465,21.189196099233747,113.18118793618335,104.62108017399518,1,1,0,1,0,0
45,1,153.62022427594428,91.25349544563335,38.6680898775999,123.3231958439926,94.71788076752911,1,2,0,0,1,0
56,1,163.89515019622908,105.11163027943869,39.13078558570665,117.30725938859571,86.38849160619006,1,1,1,0,1,0
65,2,167.60476611463207,96.1639187617107,34.2325636402802,101.15259991268216,67.9781319562073,3,1,0,0,1,0
53,1,167.01109140782796,71.12613383477654,25.499905699008718,122.8308734416757,95.7818477256391,1,1,0,1,1,0
52,1,166.13824981200892,47.05719982638526,17.04852530180113,133.48411692126467,71.78693804179163,1,1,0,0,0,0
52,1,170.34233636564437,130.5239661327545,44.982652676762164,130.84966059730544,90.17376385991417,2,1,1,0,1,1
51,2,162.25594364094906,66.94180214980135,25.42706134636645,126.78922261567656,60.0,1,1,0,0,1,0
52,1,166.18846481362021,68.96376384914637,24.970038044602468,117.34782483455031,70.4914068502426,2,1,0,0,0,0
52,1,162.89872089787522,83.42599152602189,31.438804900445607,115.7176465523221,72.20043182493579,2,1,0,0,0,0
59,1,148.9499355657923,71.61834615634848,32.28075238500292,136.05593677743826,79.61082666920443,1,1,0,0,1,0
52,1,172.77950575794267,66.44737093419279,22.258369495495387,152.06252723013012,86.57773431301966,2,1,1,0,1,0
51,1,171.91730987302358,40.0,13.533831894668667,135.31528771951804,70.35641744134543,1,1,0,0,1,0
46,2,176.0024344569752,50.567244452279475,16.32420117984949,105.78107284836426,69.01512327754192,1,1,0,0,1,0
50,1,167.32245337818807,73.71270973628272,26.32897358719368,102.26118836529179,82.07267554839679,2,3,0,0,1,0
54,1,155.78586778715447,106.89577520462942,44.04579219230718,142.17132722302287,85.01423295678636,2,1,0,0,0,0
60,2,160.08253695642264,69.43444851659396,27.09487014019886,115.66118289495734,89.25242835934884,2,3,0,0,0,1
54,2,168.56425583154967,94.49932973675988,33.25812436379171,123.23475243173607,88.0826050336921,2,1,0,0,1,0
55,1,156.54890637413348,92.12946105240657,37.59226162277678,122.45033504434679,74.04506880774383,1,1,0,0,1,0
54,1,165.860547460413,57.489233536152184,20.89778849815065,119.53901367146028,76.31406346500039,2,1,0,0,1,0
43,2,170.37129570007127,76.75812367606281,26.44426480706721,119.13606451272587,106.5132638573228,1,1,0,0,1,0
51,2,175.25044368484407,59.33615459676902,19.319734116042053,147.17197944412578,75.83409582209585,1,1,0,0,1,0
57,1,168.5519299707922,55.18644085526252,19.42517439946545,141.90419011335337,69.20078117498993,2,1,0,0,1,0
57,1,158.9571929727592,80.30099253225265,31.780486659583755,141.49793725113557,89.6570280614218,2,2,0,0,1,0
54,2,152.67403879818835,91.08853080368472,39.07808816183678,117.66413003109464,85.40486785943365,3,1,0,0,0,0
51,1,155.83974389359466,57.0447719377337,23.488722470260164,131.16775614866643,90.51854830960744,1,1,0,1,1,0
59,1,159.02242719454432,60.95595585350002,24.104570083628673,131.13740858821535,75.46939921768939,1,1,0,0,1,0
50,1,175.78976275650416,63.37879398567535,20.50958207630913,145.29360563545592,86.54740377892787,1,1,0,0,1,0
65,2,150.91155867168516,83.79952185436773,36.79565441040703,105.66536079626653,76.71391734629644,2,2,0,0,1,0
53,2,167.47870253368941,54.651205204395524,19.484109798491986,122.64733512625402,81.91253675430838,1,1,0,0,1,0
59,1,162.8976958383351,68.20434246538494,25.702901017094632,126.9654414537421,93.50105030526458,1,1,0,0,1,0
48,1,164.9140294030442,73.90506390617954,27.174339110707585,140.1471427613336,85.58667883164003,1,2,0,0,1,0
52,2,172.57816126718467,58.15936767917897,19.527560911465976,145.64514024738983,82.64514906337152,1,1,0,0,1,0
56,2,171.7186164877514,75.70801077990761,25.67480026626136,150.36125101852346,81.299829610489,1,1,0,0,1,1
52,2,175.81830487398526,101.21134086331149,32.741683148970836,141.99430062598978,84.14736609931411,1,3,0,0,1,0
49,1,163.79254852902767,64.17349059086463,23.92034184203375,138.8114934640064,87.92395341476023,2,1,0,0,1,1
65,1,159.16013118112102,79.59913610978785,31.422430729919007,153.84122106394824,79.49479871742545,3,1,0,0,1,0
56,2,159.75843313171214,85.75976163497258,33.60129228220409,124.17541128935474,60.0,2,1,0,0,1,0
57,1,165.77176428539252,61.983284916738114,22.555552491318405,119.59254084153592,76.02571556865061,2,1,0,1,0,0
45,1,168.2039658237133,81.29528448147967,28.733788640104176,138.52012459357607,60.0,1,1,0,0,1,0
51,2,152.74216916623078,55.49291134515074,23.785900733029546,146.8802289776118,83.62266299672117,2,1,0,0,0,0
50,1,166.49994026331174,72.65162541446584,26.20699169303921,117.79677990732458,98.48384657412882,1,1,0,0,1,0
50,2,167.26491509294263,62.51553418040349,22.344890854019987,128.32369692856642,81.51378992244277,1,1,0,0,0,0
48,1,175.68791634849205,94.55149655777922,30.632653816986256,137.12951871832553,87.70654571659439,2,1,0,0,1,1
59,1,157.56914692922825,80.13615186276729,32.27647634157716,145.0462406896173,83.79782585110536,1,1,0,0,1,0
51,1,175.5409477190844,95.5270804469305,31.00056630123335,112.68424614219006,83.32083811219036,2,1,0,0,1,0
64,1,178.37154434939046,75.48642662541351,23.72562830481676,146.7514581506406,100.67982634532778,1,1,0,0,1,0
55,2,161.98206228303138,59.23922359085503,22.57748227837833,123.20567559780388,73.36018014760498,2,1,0,0,1,0
51,1,153.22325788071336,60.427412122934456,25.738581652720228,132.76413829590177,77.83083516156425,2,1,1,0,1,0
50,2,163.3526401588883,71.71217240071438,26.874510508690367,151.6434619565116,71.3956081964652,1,1,0,0,1,0
38,1,158.36905790058984,88.53688660103042,35.30072130789006,102.7437089054338,88.46233233072327,1,3,0,0,0,0
58,2,162.23772512793738,67.49474767603427,25.642849409814946,134.22267940905837,90.99609235405268,1,3,0,0,1,0
39,2,177.75538393219023,66.93722332062497,21.18469255590466,155.18288022943725,80.27110543659062,2,1,0,0,1,0
56,2,151.46540204520016,108.2640742306424,47.19081552553712,126.65704662129349,85.68850133022585,1,1,0,0,0,1
53,1,168.17544667437076,86.19596203852963,30.476265020518362,144.58289505718184,98.89149843034738,1,1,0,0,0,1
52,1,146.82056688524966,76.38793835294575,35.43651427375922,99.21237912902872,97.98717864338974,1,1,0,0,1,0
58,1,172.13579415776596,80.38515756794548,27.128981683893848,140.9355186785012,83.01774966931396,1,1,0,0,0,0
57,1,157.87886927604595,79.16775532957172,31.761449691067178,160.77167264114016,80.68399352812449,3,1,0,0,1,1
49,1,161.66462527321426,117.01677343022791,44.77319834290077,163.38829957304287,96.793812738421,1,1,1,0,1,0
61,1,170.15395395295099,76.59908987266218,26.45693428303642,113.09031781002457,83.29792975852806,1,1,1,0,1,0
50,1,171.60351313602723,97.58482293574036,33.13827740329621,124.28483443795756,86.510340784723,2,1,0,0,1,0
54,1,164.36829037938108,66.48248150939087,24.607706906490282,131.37379404867073,80.57904624221196,1,2,0,0,1,0
55,1,157.792695614479,105.71858323332977,42.45976083654178,153.59623383484006,99.25994241293034,2,1,0,0,1,0
58,1,168.76902479703674,79.54094440569342,27.925776722360467,117.21676797961483,71.9401174220633,1,1,1,0,0,0
57,1,157.60982544495315,96.98149070868755,39.04112100838399,135.32082379295363,84.37094151563458,1,3,0,0,0,0
59,1,156.72365978405352,94.30174873469178,38.392873419827694,110.91509601148063,93.15173101480006,2,1,0,0,1,0
56,2,165.75946321885806,66.41668230013161,24.172441296240425,117.37543340019879,94.80596088829996,1,1,0,0,1,0
44,2,165.07273296330638,82.46486538674604,30.26343854599757,123.10829638363008,79.4960038938309,1,1,0,0,1,0
52,2,174.24800364736325,74.27100263569737,24.4615326551642,140.7427058118162,64.90507032527557,2,1,0,0,1,0
59,1,181.90737208086492,58.02908863196658,17.536590067416792,155.82530373127508,84.71577291594464,1,1,0,0,1,0
39,1,166.8588509958362,84.96522702854409,30.51706233931362,125.02079422571852,83.61054019052807,2,1,0,0,1,0
49,1,183.96124878726354,62.96486245929434,18.605680587259286,121.36184931433189,94.94119189855184,2,1,0,0,1,0
45,2,171.74388443886096,101.0947274508301,34.27409080329391,124.08030528199495,93.54487267878257,1,3,1,0,1,0
62,1,160.5828808816446,79.43241660728542,30.803444692140843,128.1738872861213,95.47875983793725,3,1,0,0,1,0
57,2,159.72316349197877,66.13026108793184,25.921756743514536,133.99872013209657,90.95541698869073,2,2,0,0,1,0
50,2,153.89503508586128,48.10118837458748,20.309844023358085,155.69641871629727,68.0004896265395,1,1,0,0,1,0
63,1,151.55951843462537,40.0,17.413800230783927,107.63483326542146,65.12059545331643,1,1,0,0,1,0
52,2,181.7283783119936,75.67757976382894,22.91509870656999,127.85387406304464,67.49926923952505,2,1,0,0,1,0
62,1,154.57946255666357,45.56082118460289,19.06724544734895,106.1970239104619,101.22546965872283,1,1,0,0,1,0
51,2,168.99448124177832,55.78130101533789,19.53185963807319,130.35081361371732,88.82388695471977,1,2,0,0,0,0
52,1,164.50194207817157,100.98797520067077,37.318794440430736,124.37934143951223,66.47598058474217,1,1,0,0,1,0
49,1,168.95889513168507,89.31598286992724,31.28722604970852,144.51877980131334,67.66862078686502,1,1,0,0,1,0
62,2,154.6442368202086,64.90751655574817,27.14110427057153,128.1168767446101,98.68137400869557,1,2,0,1,1,0
57,2,174.05301769790114,76.0371827085135,25.099374721982745,116.60744822809973,80.00124146430929,1,1,0,0,0,0
53,2,161.1262586148416,62.47206732346944,24.06319177436194,125.68366608421037,91.76244435663077,1,1,0,0,1,0
54,1,173.21197545276223,77.95644422909695,25.983412748739063,108.48901307479315,72.34610397939254,1,1,0,0,1,0
57,2,164.34681571458106,77.63821187725215,28.744379407751673,134.16664304663212,84.229645144303,1,2,0,0,0,0
55,2,176.74383259670017,56.91416398031058,18.219305763866906,132.14494000281027,91.55042577932385,1,1,0,0,0,0
65,1,184.12336563109676,67.37734432385342,19.87449396014523,131.13962756111508,87.21604165814533,1,1,0,0,0,0
58,1,159.64356872605623,82.80330927818143,32.489635479895874,131.9486285231384,79.42530092832179,1,1,0,0,1,0
59,2,165.9785104123046,65.42610926966657,23.749111655912273,109.0658380165271,67.08019248308372,1,1,0,0,1,0
51,2,174.92374119536262,52.77605529721548,17.248026531522182,138.60522650973203,85.77169518939677,1,1,0,0,1,0
51,1,156.9556812265646,93.82282522383754,38.08504087285435,130.36876347422987,87.03385335055997,1,1,0,0,1,0
52,2,172.76978737839715,100.73094882459597,33.74639046195891,146.97551402345428,70.11256005083948,1,1,0,0,1,0
43,1,157.99644650088064,76.5028167894098,30.646634385043043,127.502749266427,82.32889050804009,3,3,0,0,1,1
55,1,156.7774599600618,68.50405889092141,27.870775722638033,131.53950817525563,94.71731754117336,1,1,0,0,0,0
51,1,155.58071713611056,79.63687603544119,32.900513577891495,121.25651000155801,61.3586014763873,3,1,0,0,1,0
47,2,170.09208453373265,61.55709590770973,21.276976584724352,139.9516477589839,97.30903978183964,1,1,0,0,1,0
53,1,174.27914735237576,63.23674473192238,20.819900632741174,133.0647021190357,76.72031649109998,1,1,0,0,1,0
57,1,168.6247429925644,85.46492034629391,30.05697642490477,122.89457724451624,81.86184281165052,1,3,0,0,1,0
56,1,172.53211332046166,53.51123976045793,17.976499582754535,108.86272865802603,81.36050225078327,1,1,0,0,1,0
59,2,164.58119742616066,78.1460016642667,28.850033831172166,147.2407987914098,88.616941140538,1,1,0,0,1,0
40,1,172.53314889708258,71.88780886303884,24.149611534147418,105.0190629244865,87.27384943992386,1,1,0,0,1,0
50,2,163.3144991065229,89.5622122224775,33.57958510059563,138.72379704644823,70.77391685822529,1,1,0,0,1,0
51,1,158.3384032345327,76.5641235355396,30.538858054309518,107.75034636820935,69.88347241600613,1,1,1,0,0,0
51,1,169.93224467329065,40.0,13.851869872610024,127.78625870152013,72.44627876774624,3,1,0,0,1,0
58,1,160.87408396549358,94.25992168809684,36.4212544981911,135.40927190956188,97.62188270479285,1,2,0,0,1,0
39,1,172.62697160474133,83.8407678608946,28.13441852045676,111.29473655085167,77.84429219554197,2,1,0,0,1,0
52,2,161.88888284695,78.65930608055633,30.01345959183153,149.88276100942986,75.70416601269285,2,2,0,0,1,0
50,2,165.97134637580993,50.142397069570805,18.202827671254504,131.79162497845442,79.11380612563227,2,1,0,1,0,0
65,1,156.33617672029357,54.84893272270926,22.44136180298691,153.1261681827867,68.47865545506296,2,1,0,0,1,0
46,2,157.78254969693023,87.6379471323778,35.20256072556991,147.82433812480255,82.99427497563727,2,1,0,1,1,0
51,2,148.92047054746857,74.55283067103895,33.61672009601869,138.5841517633068,72.59802732605586,1,1,0,0,1,0
61,1,166.52637905415057,84.67971186163659,30.536080641497076,143.21971871574266,92.19680188256113,1,3,0,0,1,1
42,2,163.07076835133333,86.39071600279097,32.48739122789533,119.47395807413724,73.64206887770655,1,1,0,0,0,0
65,1,175.99050495162015,64.6368876170225,20.86901549271993,118.50757934961494,70.09869710439045,1,1,0,0,1,0
58,2,161.6939345709033,82.792145480693,31.666617697372658,125.56484286652157,86.43796573619906,1,1,0,0,0,0
52,1,156.4852370161992,77.51381366676712,31.6542742410397,125.6122657377671,92.92853348925273,1,1,0,0,1,0
62,1,145.71792474554522,87.87447024224089,41.38440968457555,133.81574627645605,80.47906838828406,2,1,0,0,1,0
53,1,151.31196912716467,66.65708434941067,29.113857171324675,138.31132521563373,86.58161539556146,3,3,1,0,1,0
42,1,158.61175216055338,55.94505903467329,22.23775857500251,154.4329848352662,80.59307601324966,1,3,0,0,1,0
49,1,158.67116048803263,75.43990404499421,29.964368623748822,137.32546675397603,77.37572539818892,1,1,0,0,1,0
46,2,162.02913192117808,83.67907966604855,31.873568175927215,149.44153667016963,74.01877751682466,1,3,0,0,1,0
56,1,157.78395146676718,67.68136015619505,27.18588163276906,134.06538319738058,82.11852827651906,1,1,0,0,1,0
58,2,162.06046377490284,64.29656832688737,24.481252841991363,92.61849387912565,87.36333429521382,1,1,0,1,1,0
50,2,164.3769900377181,87.69750711094119,32.456762749408014,108.53475789128292,81.45728820667507,1,2,1,0,1,0
52,1,159.62736547877867,101.54285179717715,39.85058161045488,94.9122833369823,81.82934539289938,1,1,0,0,1,0
58,2,172.45502261272713,72.68395282354045,24.43919198795848,93.51534560490387,83.49033104205003,1,1,0,0,1,0
47,1,171.7848543773647,77.89325772027777,26.395514125990978,106.80720420375273,84.81170627806831,2,1,1,0,1,0
62,1,152.5104637191163,71.5327044454969,30.754265664862185,124.95459271839628,95.3196028568597,3,3,0,0,1,1
55,2,165.2858781633029,67.88381793173951,24.848190098575426,118.15789882851676,79.81283102408601,1,1,0,0,1,0
52,1,182.26219149963566,48.7280542147945,14.668506375243869,112.91858114798951,81.34723210969729,1,1,0,0,1,0
44,1,152.5209836369287,65.61699751758181,28.207016934640404,139.30617867461086,72.04333256329164,1,3,0,0,1,0
55,2,173.78372706754723,69.17962640838539,22.906566558482076,97.70489522619312,87.9713421281501,3,2,0,0,1,0
56,1,173.84310513488387,71.49586780727225,23.657344856231674,115.87365529905979,61.412169862917395,1,1,0,0,1,0
49,1,161.87236206222474,89.86124554340942,34.294701399634754,116.11512172904648,82.84896916438356,1,1,0,0,0,0
60,1,159.29999410256892,46.61054251183299,18.367609532666908,141.5645282038221,80.48706305480353,1,1,0,0,1,0
53,1,164.64846273756098,57.24809962151201,21.117656151653105,114.85724203423165,76.61924745631372,1,1,0,0,1,0
57,2,154.6173721948061,81.18672401483427,33.96005942933119,123.78200887693566,69.68451152461483,1,1,0,0,1,0
59,2,161.17012919655738,81.84536123682179,31.50829926723326,164.87318618588233,83.52549625712084,1,1,0,0,1,0
34,2,165.7893400449112,89.44681066513762,32.54255551241781,153.08954270886687,74.52151479920755,1,1,0,0,1,0
46,2,162.99073864872003,79.83477970687521,30.051508375203678,109.88280062949157,81.39517622952759,1,1,0,0,0,0
56,2,159.9584024975261,57.77990010182397,22.582013893148968,120.23368064606053,84.74127324644938,2,1,0,0,1,0
43,2,158.49144836049155,60.142028044668024,23.94232933879313,140.374680510648,74.26121063618154,3,1,0,0,1,0
52,2,170.5192950250697,62.63572396484701,21.541455522103544,138.94842825270553,78.10815720157343,1,1,0,0,1,0
65,1,160.68538222014402,77.73907638805429,30.10832783227351,133.1839786810877,95.33560481600534,1,1,0,0,0,0
53,2,157.07933704349736,72.23240249082119,29.274800265562426,131.2185439252226,91.40855981498956,1,1,0,0,1,0
55,2,155.02390512960022,80.04764828757472,33.30820521886459,133.19407447591075,85.65700744387017,1,1,0,0,1,0
53,1,167.2564455228933,68.5150802306344,24.4917853460285,97.59933033601172,72.66451847453477,1,1,0,0,1,0
53,1,170.90956904098067,87.51088785635406,29.959139273244006,106.95203111783273,82.9263237831629,1,1,0,0,0,0
43,1,153.10912425223168,71.09928972975005,30.329351010341384,147.9258993687138,78.7282074267108,2,1,1,0,1,0
51,1,167.5251923342891,54.06277211178265,19.26362699299681,128.1104674018248,87.7724639953924,2,2,0,0,1,0
62,1,163.73327011309146,51.98166590880557,19.389933615743463,90.0,82.76827664565229,1,1,0,0,1,0
54,1,175.63222751491995,89.6791925891212,29.07255967336652,154.50445759836538,87.47428508250367,2,1,0,0,1,0
59,2,167.054903688145,91.47190523396634,32.777005067553766,135.4167272274631,71.12767670096285,2,1,0,0,1,0
57,2,164.47382883140196,44.273739274983086,16.366378773587137,122.52885797611106,70.11909147926485,1,1,0,0,1,0
63,1,165.18863311296002,57.62814414289831,21.11904690345918,121.76490591162593,83.36885860956481,1,1,0,0,1,0
53,1,159.74625419535442,88.14509225574724,34.54114818043603,132.38041815216744,76.55265271090566,1,1,0,0,1,0
54,2,162.87656790145317,91.53024788942179,34.502250163429196,106.752593835637,94.99953204768887,1,1,0,0,1,0
45,2,164.99152925412517,55.94143215925158,20.549927062525274,123.9324575581822,85.89086932806255,1,1,0,0,1,0
50,2,165.52966340264888,67.59658655849444,24.670224519647302,120.73821102732516,77.9254635966541,1,1,0,0,1,0
65,1,159.3297595232858,54.446825624758844,21.447603048728595,92.05733462656536,91.06900850099635,2,1,0,0,1,0
55,1,173.79680729156706,72.21977383391398,23.909612408328044,132.30162062558287,70.38737001528916,1,1,0,0,1,0
53,1,158.55551187182198,75.20459148820929,29.914494500306184,133.95982197181166,84.9859114603757,1,2,0,0,0,0
44,2,149.29416034115874,44.76155365770016,20.082580254259554,133.7142760294068,98.56874432445238,1,1,0,0,0,0
56,2,156.21620420794753,64.91186354505491,26.599404597377852,127.78510014201426,87.21029231630637,2,1,0,0,1,0
52,1,175.12216101601874,95.13988216387074,31.02275718003202,153.42613287730785,98.40103835491944,1,1,0,0,1,0
47,2,158.17445386450322,55.16128488838824,22.04761855188837,136.13339196153112,95.84008657888717,1,1,0,0,1,0
48,2,161.27769180112003,69.51947213998643,26.72747102774557,154.6350076692685,80.71404287549977,1,3,0,0,1,0
56,1,170.15635760207567,91.93214576762745,31.751996365696556,126.21717019639202,63.756040903211144,1,1,0,0,1,0
56,1,168.7255531220082,91.14553618483049,32.01648741946012,142.41593812033943,74.35766351875,1,1,0,0,0,0
45,1,162.08948863895412,69.60719592257583,26.49381104435596,96.21059675956313,69.35668508197583,2,1,0,0,1,0
61,1,170.81388518265368,74.49195466818907,25.5307179949988,97.7889593013357,83.54106197218539,1,1,0,0,1,0
51,2,172.7227013688339,65.3392082123488,21.901558695940256,128.41938213857338,77.51993645082915,1,2,0,0,1,0
58,1,156.83419955161426,92.2987862658569,37.52445960479805,120.75969854421028,78.71549967984353,1,1,0,0,1,0
47,2,167.75388916351835,69.31696733174414,24.631698424658676,116.04810295749562,91.60999407484508,3,1,0,0,0,0
46,1,169.43485703923776,40.17704005754642,13.994984342808296,111.76985783618383,87.58690706270816,3,1,0,0,0,0
58,1,167.65058202457564,77.51204802767535,27.57776592205831,105.23347448744207,72.27202791014439,1,1,0,0,1,0
57,2,166.5771802600616,79.84053699156979,28.773483049348016,160.6466396351283,60.88047653411742,2,1,0,0,1,0
53,1,169.55192446310278,72.75569356904556,25.308216332468557,131.17264717994465,93.7364837401565,2,3,0,1,1,1
48,1,160.835864218696,80.1385397096731,30.979587478165023,132.20446766386542,86.25772779253381,1,1,0,0,1,0
46,2,162.50016237875698,99.16287257095414,37.55272876439443,145.86946477739292,69.73855318152229,2,1,0,0,1,0
47,2,179.7342006034789,70.6324136570809,21.86465345857789,137.31108600450304,82.46332951926658,2,1,0,0,1,0
43,1,184.23619160880364,43.07977119830279,12.691807977530859,162.99479353947328,94.27945666849337,1,1,0,0,1,0
60,2,171.92038034123706,73.11444272475747,24.73708079910281,136.39770449346375,94.54482709101615,1,1,0,0,1,0
58,2,159.69223743088045,70.95354266185593,27.82316125383939,126.47467781685742,76.9875284553806,1,1,0,0,1,0
52,1,175.2340670447981,70.86145051821063,23.076660273840957,124.98860816308242,79.30689857870718,1,3,0,0,1,0
59,2,158.44240109765053,81.67161578102727,32.533314924435,127.12502307514515,71.55549453874376,1,1,0,0,0,0
44,1,166.45071360768688,93.86524341665567,33.87922662213403,135.11644236988823,75.73823221235365,1,1,0,0,0,0
52,2,168.67420225815616,88.53987428984816,31.12014209656326,138.2811791365986,76.28564431976632,2,1,0,0,1,1
53,1,161.1006764726123,63.902281720516235,24.6219042121018,151.4034297130469,85.05967410377045,3,1,0,0,0,0
63,2,162.43132794209745,68.61394624065301,26.00595508880471,124.42430802337228,87.12963352750026,3,1,0,0,1,0
60,1,150.51051302959843,45.592477516906385,20.126095097775032,135.3808665509991,89.89445783412633,1,1,0,0,1,0
55,2,161.97672276711594,76.17807904657093,29.03519863876231,151.9210183015041,94.08202138725316,1,1,0,0,1,0
50,1,160.09931086812557,95.50497085680728,37.26036040179759,155.45570866670795,73.04735333502671,3,1,0,0,0,1
55,1,161.77020224839958,47.8368991000386,18.27956947859145,132.8913249263705,94.44048059679209,1,2,0,0,1,0
54,1,175.4233510163801,65.86356468127501,21.402791774573565,123.43576534193036,102.38686395546142,2,1,0,0,1,0
52,2,160.17778468796257,61.38915939255378,23.92693780634299,124.0342092765543,78.77928759992494,2,1,0,0,1,0
38,2,171.46029253464758,69.69892091742855,23.708219183946696,145.6399898276286,95.2527182580406,3,1,0,0,1,0
60,2,159.14736205505503,61.9671292110575,24.465972770125,114.74230212497551,73.09090658885549,3,2,0,1,0,0
58,1,164.95599192994035,68.11536686489814,25.03276997807544,105.15993159327603,75.8075468934914,2,1,0,0,0,0
65,1,145.67186197404072,74.2505679200996,34.990362112382556,124.58625475915267,79.343101737208,1,1,0,0,0,0
46,2,166.6280744770389,84.19965346082199,30.32591774273353,197.87791767038715,77.02282078330768,1,3,0,0,1,1
41,2,171.06114671296874,75.20998394826516,25.702344360281366,117.09263471841732,75.08481132979759,1,1,1,0,0,0
53,2,154.48174871930908,54.08375893562386,22.662745118332843,119.5557988579935,88.80142391110088,1,1,0,0,1,0
55,1,189.58630744772756,62.644709110345545,17.428919381318664,117.27786463154835,95.52297406727001,3,1,0,0,0,0
61,1,159.6611418773922,75.99928476522551,29.813368162732903,127.11659225539722,85.28402713646607,1,1,0,0,1,0
56,2,152.85416603318308,88.38470995256768,37.82880142665353,112.96620581056064,105.07306125573916,1,2,0,0,1,0
51,1,160.25307032116334,51.73464003609357,20.14506688451621,139.71478124821576,82.49014233176874,1,1,0,0,1,0
41,2,154.7570119096181,92.82228852804963,38.757129173157345,152.2609372404675,75.97507903938909,1,1,0,0,0,0
56,1,164.08769401814865,73.57509408231549,27.326172313773093,126.06908758967812,85.49731083753827,1,1,0,0,1,0
56,1,151.1621210719743,76.22510482130181,33.35892722029386,131.53852831510568,69.42709222520908,1,1,0,0,1,0
49,1,167.0499181326908,57.48161106877261,20.598538026271907,122.94132361867187,65.48226376437765,3,1,0,0,1,0
46,1,160.40206311831128,58.15380919086921,22.60259312455394,144.06659528228127,104.9033776437992,1,1,0,0,0,0
50,1,177.59256214216083,66.37784587833202,21.046195904553663,133.06872245377485,85.99779563688904,1,1,0,0,0,0
59,1,165.55122657690575,78.93654380697444,28.801380285824415,136.6754007196883,68.53555369983282,1,3,0,0,1,0
45,1,162.84504301903394,97.47929006206331,36.758964693717,112.50882763186361,71.97184105851768,1,1,0,1,1,0
58,1,169.93553541250054,71.732215308294,24.83967075297245,164.44230953286686,71.38719520698973,1,1,0,0,1,0
56,1,163.2820515563448,71.25944957493132,26.727944853261338,130.88085656588464,79.3936238026555,3,1,0,0,1,0
65,1,153.06472867638414,73.68510608420144,31.45063809084176,132.75792336778193,84.11733840220725,1,1,0,0,1,0
63,1,165.25880127139922,83.31524107131014,30.506701937942108,141.72349920648276,75.61273031852951,1,1,0,0,1,0
46,2,152.45252706434806,56.49495475567244,24.307506460665955,141.60084686517447,79.58200797808786,1,1,0,0,1,0
46,1,170.896254028704,70.25374240951194,24.054945509627895,124.54006318815476,83.01122688785044,2,1,0,0,0,0
57,1,166.20121807278636,68.79894926638094,24.90654005521433,139.48367071998183,84.47339369677526,1,1,0,1,1,0
57,1,151.46768376731802,76.3298659756088,33.2701325626205,162.89462664740762,94.70908057232499,1,1,0,1,0,1
52,1,165.1694446022566,107.57848416294154,39.43356158169707,114.88980394138169,76.28237280570406,1,1,0,0,1,0
38,1,164.19547410400637,74.18558566303008,27.516751738082437,115.07766018950902,71.76144475446087,1,1,0,0,1,1
47,2,180.02680760169372,62.2203373987465,19.198089027475053,172.76601589892522,77.0291536333316,1,1,1,0,1,0
63,2,161.59407029219835,69.884623540548,26.76275322224646,98.96313260828578,77.18791824635235,1,1,0,0,1,0
54,1,153.61840648183994,86.58783198796529,36.691912930076185,175.51665409594315,90.60887464143165,1,1,0,0,1,0
36,1,158.26525452014724,71.69696956318768,28.623954874715626,121.54013043476854,86.07270672853389,1,1,0,0,0,0
38,2,162.39560614186053,57.8334683143533,21.929598927181488,115.50960440492693,67.86766684989871,1,1,0,0,0,0
51,1,168.46824533241588,87.55252830816059,30.84839597509769,115.34179089769385,84.48015761623158,1,1,0,0,0,0
57,1,160.2746348420503,68.28755732861849,26.583489354577726,146.6729467254544,85.24205513104721,1,1,0,1,1,0
53,2,155.736311435491,63.186756250593945,26.052313302910594,112.16146379803553,90.66563476354052,1,1,1,0,1,0
46,1,149.16189348603987,92.71909448488722,41.67286950680949,103.22546296807279,65.21617199831594,3,1,0,0,1,0
45,1,160.26442245903544,71.8233659126413,27.96349872146369,155.28974682512558,89.2974856989549,1,1,0,0,1,0
52,1,167.24851890898543,79.33770897183575,28.3631913053591,115.71269815331564,66.88965267397793,1,1,0,0,1,0
49,1,163.9808116664502,99.59431279304593,37.03808088867392,121.81271008862907,91.82393659042884,2,3,0,0,1,0
48,1,159.75891090923614,48.6522353104924,19.06218219026241,129.6676436387864,76.91501408985326,1,1,1,0,1,0
55,1,163.17329955467662,59.34700500382188,22.28951484385134,116.28325315865081,78.31844526747642,1,1,0,0,1,0
60,1,170.53668055376528,81.46916896926456,28.01287450365339,99.03662135599487,68.73152237962069,2,1,0,0,0,0
44,2,167.36957162830004,82.66417524777539,29.509668301985407,128.02491974255767,76.46652481288842,1,1,0,0,1,0
65,1,165.5691756623177,81.26194177482726,29.643414220960466,148.22169479123542,74.5109230051345,1,1,0,0,1,0
52,1,174.37389002841533,63.976921055079444,21.040711577746745,137.73739330944642,81.4116360448318,3,1,0,0,1,0
54,2,171.41471790727198,98.08444290530952,33.38135128976882,127.20223734769486,83.10106523269785,1,2,0,0,1,0
51,1,170.49046876659204,80.73923173651522,27.77694013915301,118.75547040428103,78.0358629347034,1,1,0,1,1,0
44,1,147.19234847986314,55.64120156587413,25.681833779799533,115.89268777130938,91.12340804020673,1,3,1,0,1,0
52,1,163.13640831108933,72.97200093172913,27.419179969447175,125.61696409652612,94.59880103859462,1,1,0,1,0,0
64,2,165.592171692492,59.9929068365739,21.87863896137173,112.85208219272505,86.31116651927616,2,1,0,0,1,0
52,1,182.07498024432422,52.38006727614416,15.800306399826844,127.12319922180475,96.47338892234453,1,1,0,0,1,0
49,1,165.2343888825429,58.206886342425825,21.31932700872886,160.1991158286205,97.49459559028422,2,2,0,0,0,1
53,2,178.2963938396663,91.27592159363557,28.71250658931985,128.8042518038718,78.37039409414888,1,1,0,0,1,0
57,2,162.47778535768234,96.25249969883956,36.46061882574574,105.66646440590391,73.1548437532781,2,1,0,0,1,0
49,2,170.67394106365074,66.54436527895689,22.84424730312556,124.4290905394485,70.51588320063979,1,3,0,0,1,0
60,1,172.47632584383237,87.3082755144618,29.34921069810604,145.02990722223558,89.20441124551388,1,1,0,0,1,0
55,1,174.7687994978541,62.32149747257683,20.40375377671168,93.67952800720809,69.02226878562139,1,1,0,0,1,0
54,1,160.43481707012253,70.73450230494939,27.481096381707683,133.8049418947708,79.45599565044266,1,1,1,0,0,0
50,1,158.17813053856088,82.70659440285917,33.05576873563802,125.8812290779769,70.32887308824903,1,1,0,0,0,0
51,1,155.37963004417838,85.45570400079453,35.39589435411046,157.33406202635308,80.32458503615139,2,1,0,0,0,0
52,1,168.688816364211,67.02082634983796,23.55250997538485,173.0147183890507,79.39091874250839,1,1,0,0,0,0
56,2,174.0765430082634,98.45376870758338,32.490159117097996,115.47015608928206,77.88283682556938,1,1,0,1,1,0
57,2,163.19353647603353,69.65555411652382,26.15470606650887,117.926389623187,75.62736708024026,2,1,0,0,1,0
57,1,164.33078021844602,65.45993618868911,24.240286201386454,149.39677948238295,85.41412052625732,1,1,0,0,0,0
53,1,160.94456875705004,74.84207426188185,28.893035052107773,156.72863600001585,95.60994371944749,1,1,0,0,1,0
59,1,153.8113218350048,75.15776259142895,31.768538373480485,128.64999334812703,78.28564267756072,2,1,0,0,1,0
48,1,160.0900604474383,77.6185218557341,30.285631285650044,162.88475475612802,79.81823203384252,1,2,0,0,1,0
48,1,155.8104199009107,56.17785379376369,23.140468508241863,146.34240271737116,64.566859185557,1,1,0,0,1,0
56,2,154.10352529328839,95.7472406251345,40.31819853754584,139.70132802934847,70.79972229764289,1,1,0,0,1,0
50,2,169.94516856526488,43.85700258100346,15.185227460578815,152.9693130754841,71.06093173549617,1,1,0,0,1,0
56,2,162.59874472686698,71.58418834367437,27.07588919349436,128.1099630191314,81.85790984367968,1,1,0,0,0,0
57,1,162.73402850319306,40.0,15.10439171908509,113.60041215258015,72.18202503266467,1,1,0,0,1,0
59,1,159.94546518880006,80.56253997137526,31.49120560477136,145.29197066715366,69.97644640305812,1,1,0,0,1,0
50,2,158.98094032969476,75.2066899909486,29.75543831623035,108.18934529280837,70.96569136764288,1,1,0,0,1,0
55,2,153.25580640102962,72.0154252238688,30.661376934027135,115.3870274279769,75.85927704786057,1,1,1,1,1,0
56,1,176.46324882490586,79.51400253441741,25.534953655596702,123.10434157564856,83.89929193452626,1,1,0,0,1,0
58,2,172.7193097217781,79.00511202533134,26.483379622296223,130.0741794964729,86.7378863971126,1,1,0,0,1,0
46,2,151.39285276723638,72.0334496885892,31.428486580027037,145.31064658153787,83.18075267457044,1,1,0,0,1,0
64,2,158.0878163026888,75.086289901867,30.044421410172266,91.70484417891515,86.2540868370906,2,1,0,0,1,0
39,1,169.72942736425932,56.64333749711827,19.66231016441169,126.50086977765694,68.24030824034745,3,1,0,0,1,0
52,1,157.17302022975446,76.06222139192992,30.790235280859978,132.5555344654325,89.15463217884273,3,1,0,0,1,0
50,1,168.0396531884665,75.99266480771529,26.91213303317825,113.49412011538939,62.964304438485335,3,1,0,0,1,0
49,2,155.84606230998452,74.04192947836478,30.48499024275659,113.71066182496196,85.47616694115374,1,1,0,0,1,0
50,1,170.53026433824118,70.13679487905151,24.11809408616832,117.78164737797887,95.3536927895077,1,3,0,0,1,0
53,1,169.63072654737422,84.47615560328839,29.35790744953454,143.29861191231748,78.45888592690586,1,3,0,0,1,0
58,1,181.3193479420652,64.53982688067845,19.630867825421266,116.48649531761505,76.48203327947893,1,1,0,0,1,0
63,2,160.5166831910161,73.44178577514718,28.503807348745354,108.15084330951984,66.77996397891644,1,2,0,1,1,0
36,1,148.96342042431056,60.768701152286255,27.385500489873692,138.98074213174968,80.33294106213755,1,1,0,0,1,0
58,1,167.9137106749727,77.69046441683489,27.554681751818627,123.72322208109793,74.6808517985581,1,2,0,0,1,0
49,2,167.51791541053547,96.193045763605,34.27844843678056,123.02502771558794,66.08615956591706,3,1,0,0,1,0
51,2,166.59124181384104,83.12340730374491,29.951529571772088,124.67206199634904,82.575533646706,2,1,0,0,0,0
63,1,156.01006540434756,73.57235300361845,30.2279996210391,114.87002788521895,81.3248513101521,1,2,0,0,1,0
51,1,160.08157998612688,69.66206948613959,27.184017928359793,122.4054786068433,73.4805780669508,1,1,0,1,0,0
55,1,172.29421394937182,75.02333078899535,25.272892809806407,93.67620989476004,82.05195251391541,2,1,0,0,1,0
58,2,166.43592544254327,62.74407678820126,22.650541192808486,135.13645301875155,65.26355319166501,1,3,1,0,0,0
54,2,168.02606025097734,65.74236059176884,23.285845151427086,128.98383506135298,76.88128512444958,1,1,0,0,1,0
60,1,169.5647457333056,100.65335168563603,35.0071789980883,112.62248612450847,76.21953707834129,2,1,0,0,1,0
55,1,173.4910471407774,68.02987273508228,22.6019298107956,119.01283545848804,63.68605350306828,1,2,0,0,1,0
52,2,165.06837429195934,74.2094528700331,27.235257234251684,145.44742909968483,88.48549765816287,2,1,0,0,1,0
62,1,154.7755776676268,81.4438805544681,33.99801734316147,112.03674567019246,74.21463067137219,1,1,0,0,1,0
55,1,165.61085030775476,56.03022155063169,20.428889800333792,119.33560842303471,77.83762822556561,1,1,1,0,1,0
51,1,166.59036849502212,60.68542400761395,21.866768793849822,133.23101889240723,83.26985972023965,1,3,0,0,0,0
50,2,158.1484859759801,75.55063279141454,30.20703015042932,133.46831340825344,82.11470629763551,1,1,0,0,1,0
45,1,178.5345409276485,65.42798980176144,20.526697158646503,129.24314255846713,74.683187489382,3,1,0,0,1,0
59,1,164.17606131077935,81.98600485535519,30.41725782804202,104.25270932593298,99.21743769305871,1,3,0,0,1,0
62,2,165.80270427050073,50.14627836531993,18.24128747771318,142.33919087623536,83.07990448569734,2,1,0,0,1,0
63,1,169.2987805809524,83.45732365396549,29.117681647684876,158.67164529303773,60.0,1,3,0,0,1,0
52,2,178.1895979288588,71.19002801127627,22.420973638396084,176.83067291513615,85.03007008140011,1,2,0,0,1,0
61,1,160.46548016990357,65.91486017414908,25.59882875417869,127.74614120232991,66.49038067785624,1,2,0,1,1,0
44,1,153.95990505981908,66.69431888536356,28.136726718515426,91.76867854510594,90.11447669995466,2,2,0,0,1,0
49,1,157.42891666261826,82.524431420661,33.29764562999571,116.81309431947531,84.9667610270143,1,1,0,0,1,0
50,1,157.90620985210643,44.89401176340344,18.004870291537124,126.81667271501647,91.95940982422879,1,1,0,0,0,0
44,1,155.80203348449203,84.25553358326249,34.7098062912592,132.28376845951126,74.81577488486431,3,1,0,0,0,0
62,1,163.2161268023972,89.994291304274,33.78226979783415,116.20849157770343,80.00922708051641,1,1,1,0,1,0
53,2,151.75604056413908,97.02656950964342,42.13070269673581,158.9869612353571,82.32817984987649,1,1,1,0,1,0
63,1,157.4314174872911,74.01672090328279,29.863934848223167,143.58489541811733,88.46099875914017,1,1,0,0,1,0
63,1,163.70182468833008,68.38603465365392,25.518807831580226,122.1413968072013,87.28394581346524,1,1,1,0,1,0
65,2,165.3874060028392,80.89751117535893,29.57537700810645,123.75210919671194,64.13357991541827,1,1,0,0,1,0
62,2,170.6134187393932,48.25897262617626,16.57874689279967,106.68615235860561,87.1761531303491,1,1,0,0,0,0
56,1,165.36436308758996,67.30924598187114,24.614492191144947,138.93545896952168,75.22995652882564,1,1,0,1,0,0
41,1,156.16647498697589,66.98870955486859,27.467934106880364,105.24983163958638,98.39946471865863,1,1,0,0,1,0
50,1,158.81982956387444,62.737125191652424,24.872255071101257,133.42871886482814,81.04737989573184,2,1,0,0,1,0
54,1,171.23309709509982,103.6626857143217,35.35468993345134,136.55384708909676,78.80258020842845,1,1,0,0,1,0
61,2,181.21474028882642,83.28725802774014,25.362468613885508,106.63545217647194,87.55134512445764,1,1,0,0,1,0
49,2,174.04874004947172,44.19999062792922,14.590843852436775,147.87607820467525,84.3920693385139,1,1,0,0,1,0
52,1,153.6173216497263,91.64359279568771,38.834858696642094,145.3205444203231,94.5029473969514,1,1,0,0,1,0
60,1,169.89103435352186,80.70524994814423,27.96152577955626,125.13927292527498,93.96261955812916,2,1,0,0,1,0
44,1,159.257128920954,84.5106235044897,33.32065591048682,114.14069736421325,96.05609609531719,1,1,0,0,0,0
51,1,157.6068410253024,84.76819173018771,34.12579598772448,145.47867825445206,69.2351449866011,1,2,0,0,1,0
56,1,158.29524329954117,64.49124917510872,25.73742296609107,127.24708700828447,81.0639484010502,2,1,0,0,1,0
60,1,173.1906803280307,66.20683649092987,22.07261561930955,112.66281911146496,84.62937050230141,2,1,0,0,0,0
54,1,158.73688175101606,95.36891360775155,37.84871557594451,117.24605603793385,81.87070940743476,1,1,0,0,0,0
62,1,169.14013042034728,73.7713390674593,25.786615487635892,132.81045569222937,67.23784929684643,1,3,0,1,1,0
45,2,158.7555009040455,86.54721572349686,34.33962401223206,133.71343483834792,80.88609780838935,1,1,0,0,1,0
40,2,155.87111604106468,64.65141809844357,26.610115856778677,137.35156901517576,85.00129705183166,3,3,0,0,0,0
57,2,159.8662930319718,67.62494482183178,26.460199505878265,128.168075867016,87.52408690813513,1,1,0,0,1,0
56,1,179.92545834389847,71.19076089640195,21.99066685911469,126.1221477903924,83.27751355878752,3,3,0,0,1,0
40,1,153.55306082029517,62.381548394885954,26.45691455633265,129.42759397216489,60.0,1,1,0,0,1,0
48,1,166.46265326616478,91.71267993677154,33.09754329304371,109.1297610563048,83.2166490825976,1,1,0,0,1,0
48,2,165.05447788350986,89.63535638224495,32.902184041459186,136.59604207690944,81.20801164523738,1,1,0,0,1,0
45,1,154.0895878432635,69.42762790413373,29.24056366396082,130.20010184930027,100.94389189180336,1,1,0,0,0,0
62,1,150.08290300056845,83.99989651550581,37.292054306240594,109.34321955517659,89.23734293916016,2,1,0,0,1,0
39,1,174.79523836851553,74.53381555588041,24.394625695748786,145.91748361000523,64.37548847699232,1,1,0,0,1,0
58,2,164.09916626721474,68.86061798831217,25.57161556914868,126.15313044869947,78.30923665239693,1,3,0,0,0,0
62,2,181.1521490278555,63.19553578064276,19.257478392407116,113.43920134199598,99.54132989507633,1,1,0,0,1,0
52,1,168.32688537531163,69.01739964714204,24.358560376205205,145.3494287584269,85.97122615314123,1,1,0,0,1,0
57,1,175.96920613064242,53.54966018612954,17.293518774421266,125.1861459016156,66.16586288087487,1,2,0,0,1,0
45,2,172.13968353081532,62.35952134951357,21.04460471031699,133.14821466355676,90.81870355585212,1,3,0,0,1,1
57,1,171.9177606460729,87.51943604055894,29.611678086365135,138.64847905302568,76.01300465780484,1,1,0,0,1,0
46,1,155.01208567701588,87.02919862911267,36.21878398160655,133.64008112411872,71.22805828501804,1,1,0,0,1,0
63,1,187.62325852184904,89.24113098202582,25.35080280869949,139.79952278231616,93.69804522928366,1,2,0,0,1,0
59,1,163.30604233511235,54.64976540213809,20.49197389968854,96.00193323734473,60.0,1,1,0,0,0,0
52,1,177.67024586127033,83.75806489330203,26.533664189756283,116.99966377522284,76.62355433690153,1,1,0,0,1,0
43,1,157.34869251936314,84.18053647393522,34.00050848823984,149.225133404529,104.72506049373408,2,1,0,0,1,1
59,1,165.64230989433023,79.05770779442345,28.81387461174068,141.30770119983444,75.07844889178007,1,1,0,0,1,0
49,1,154.82623665849715,76.43103098048319,31.884572810195568,115.4776644543519,84.52466606291951,1,1,0,0,1,0
55,2,154.62286763321475,72.47658056115243,30.314488750614892,158.6774928786139,73.2621483168137,1,1,0,0,1,0
51,1,174.82701290415469,85.53517913771122,27.98515358662539,135.16700173817148,75.32808412055654,1,1,0,0,1,0
55,1,162.2614921400935,82.25081498066358,31.2398743956665,142.83791568601262,79.35126629334572,3,1,0,0,1,0
50,1,172.78392464260813,80.09344528975625,26.828124111128652,149.26994852844,76.77996111769036,1,1,0,0,1,0
39,1,168.9663933826964,77.36343510228141,27.09786513292607,148.21117408090882,88.34093769116987,1,2,0,0,1,0
52,2,162.214556780404,67.75955200862815,25.75080899255534,143.15583806565868,105.41655021018951,1,1,0,0,1,0
61,1,152.2158127484161,71.76282485856386,30.972765471838176,137.99824182372885,94.24383760479856,1,3,0,0,1,0
55,1,152.79994410567357,40.997232252250065,17.55933835673365,123.57149137753133,84.33817506331802,1,1,0,0,1,0
48,1,158.5486029323585,81.83600480633078,32.55514095614879,151.28314337804758,67.08800752168116,1,1,0,0,1,0
46,2,172.91990653474596,77.1451401999254,25.799933609523347,132.15828208599603,75.29870925431072,3,1,0,0,0,0
50,1,169.00989407863455,76.31642442495406,26.717373111337942,109.59999433111241,71.8253722448754,1,2,0,0,0,0
57,1,173.81703446316237,65.41405672674324,21.651421320585108,141.99657008481714,68.17744786223729,1,1,0,0,1,0
42,1,170.90654219504682,70.50778102263524,24.13902207698905,135.91369735937775,87.21543806204303,2,1,0,0,1,0
63,2,159.68025937423755,88.80367686496888,34.82799625559926,124.3295219529654,90.55044213467177,1,1,0,0,1,0
48,1,180.4123067345423,56.03376243590333,17.215413784511412,145.46436722777074,60.240673799702115,2,1,0,0,0,0
50,1,164.52106629377778,53.48213891611172,19.759035273514304,161.13823900930396,72.07241061129355,1,1,0,0,1,0
64,1,160.60843811248705,71.37357447780957,27.669462959622216,133.12224410774107,89.29968634804445,1,1,0,0,0,0
50,1,164.06376537903455,63.48437577290929,23.58530540313799,129.08312074804502,70.5982192422659,2,3,0,0,1,0
50,1,188.0103860993889,73.7166566828444,20.85460399883015,136.5950788559072,83.35394310898829,3,1,0,0,0,0
44,1,165.40818933699717,72.4110562494996,26.46615595473641,131.6729984749504,72.05762712759856,3,1,0,0,1,0
45,1,165.7950002935733,79.60771109934711,28.960914899108264,124.50141514787875,96.28681468761373,1,1,0,0,1,0
65,2,168.66358549010386,48.2368729592246,16.956510739692707,135.1335820448624,101.30709229880873,2,1,1,0,1,1
56,2,157.20505915410476,96.73678231532021,39.143404972178715,132.14067492756521,98.48628377445515,1,1,0,0,0,0
57,2,156.74400695504212,76.78393090454708,31.25276542737021,140.4735029646439,84.67379733996621,1,1,0,0,1,0
52,2,164.32659646029504,70.01852677036727,25.929685441898,154.24852758480205,63.41325947559663,1,1,0,0,1,0
32,1,167.9523774200928,76.63383173681717,27.1674095291597,132.65360913048136,66.3976632811632,2,1,0,0,1,0
65,1,175.58809650398126,66.16514091962581,21.460463629777312,124.51107277781908,70.52080395920734,1,1,0,1,1,0
41,1,165.36201954349295,87.67964796985461,32.0647059975185,112.0255588905759,72.8217968955414,2,1,0,0,1,0
51,1,154.34050176540956,100.97173534649716,42.38771490599343,122.83232041975796,81.08128557779081,1,2,0,0,1,0
48,1,171.54842821611342,84.09985091692596,28.577335889073904,110.39922962251386,84.67254100241945,2,1,0,0,1,0
57,2,163.778682799315,91.52736971681985,34.122137919557375,143.15852036655158,93.9951312040639,2,1,0,0,0,0
47,2,163.48775584112016,67.64063013312115,25.306796917649287,145.88405603171856,84.8781296545062,1,2,0,0,1,0
48,1,143.4815193610421,73.33126619752694,35.62027353610134,138.6835215477953,63.13652315041303,1,1,0,0,1,0
52,1,170.1335507514182,53.373311345526695,18.439290899063636,152.7911405264275,81.26724109954475,1,1,0,1,1,1
59,1,174.4106142914191,56.67181627407397,18.630362622870763,92.6590382930222,91.11596875890926,1,1,0,0,1,0
50,2,161.00374817901593,64.10056660316953,24.728051427863832,125.2766850608851,73.83440646967478,1,1,0,0,1,0
49,1,161.14384229681784,62.73681722514983,24.15989557425944,110.18828019719868,84.1499634541287,1,1,0,0,1,0
41,1,180.77598423386354,70.06546619379256,21.439889690747954,100.69503629739877,73.67718399840325,1,1,0,0,1,0
41,2,165.55541924853725,87.11411451320275,31.783500269497765,181.27346838173852,65.70472821648127,1,1,0,0,1,0
43,2,155.6633891534565,72.6807634728105,29.994837749751365,143.16526950909977,91.46361696767592,1,1,0,0,1,0
50,1,162.08718762022457,87.18343873968496,33.184602587376574,91.77408887367267,76.46466432350266,1,1,0,0,1,0
57,2,171.68745945711092,52.582078400308205,17.838593126436056,146.9245912997558,82.42924812385507,1,1,0,0,1,0
46,1,151.96292075941943,122.94037332045174,53.23769737187489,135.5919752655057,69.53053858984134,3,3,0,0,1,0
59,1,160.24929527070282,71.17061655028873,27.714590852950135,146.01517029788727,87.85097140415814,1,1,0,0,1,0
61,1,176.57478353032346,77.30293115657109,24.793543272686072,110.94251085143735,85.82392530528199,1,1,0,0,1,0
51,1,158.4713552946814,90.05554421394572,35.85988650738898,138.00897693352746,73.77106814716237,2,1,0,0,1,0
60,1,183.90170997311745,77.39706982088835,22.885108938192115,113.68431773238132,72.9995025625885,1,1,0,1,1,0
49,2,151.1892853818342,64.59197996894541,28.25768430087344,134.88188242629923,110.25665000603875,1,1,0,0,1,0
37,1,174.09129573531914,80.58356988315853,26.588411251221984,111.41899682029577,95.48463299525112,1,1,0,0,1,0
62,1,164.7433836535884,42.915924832020565,15.812571874774802,142.29671438515962,71.12604725656976,3,1,0,1,0,0
47,1,165.94672119239482,84.63657733383327,30.734117016082404,139.18874748908752,76.64803412589778,3,1,0,0,1,0
63,2,165.6798156819054,67.43445207137981,24.56646271296027,125.24957785406072,78.43582745762849,1,1,0,0,1,0
46,2,178.42047021469503,95.54560184873625,30.013824672233536,117.47861010473225,78.41384691516784,1,1,0,0,1,0
37,1,165.74040749572575,56.442615524109,20.547090130704166,104.58427530666019,72.37818062724736,1,1,0,0,1,0
54,1,165.13756911502603,72.13586385334663,26.45205775879212,110.60118643042624,77.11192377597017,1,2,0,0,1,0
40,2,148.68514926311985,81.498043432594,36.86480968443888,141.16086203861687,74.3342896399148,1,1,0,0,1,0
57,2,173.31309738143304,72.72382493578951,24.21106785904969,99.28652714904045,76.4760406955545,1,1,0,0,1,0
44,1,145.1453091112084,67.47212775584244,32.027157590973005,130.37444695676533,72.36973154662307,2,1,0,0,1,0
51,1,157.3811020332364,75.85635780138531,30.62575629990947,162.38207709992193,98.71802188435063,1,3,0,0,1,0
62,1,155.2552296552894,91.41881031611634,37.926528215628885,171.3631814162431,79.48790437419211,2,1,0,1,1,0
48,2,158.24772790065373,62.9579506545976,25.14059873905412,111.3381875731828,83.09036539402064,1,1,0,0,1,0
58,1,173.43805067982746,54.77349968864082,18.208816658863288,123.9921117486459,85.62694676131635,1,1,0,0,0,0
59,1,143.02216302887066,68.248182411549,33.364483482605806,114.74928873600359,84.88134708915479,1,1,0,0,1,0
48,1,142.19126538726454,62.685912846401166,31.00445604671553,120.34994807822424,87.13301794990358,1,1,0,0,1,0
53,1,175.75837624879583,71.322924507523,23.088572321191236,125.68626107238647,77.18364319956142,1,1,0,0,1,0
60,2,180.31769979056588,84.13169345692687,25.875152220665967,148.47357507308087,90.97878392076707,1,1,0,0,1,0
52,1,169.33153501656554,89.00148500681617,31.03998925947317,108.82689447053855,86.54396842803838,1,1,0,0,1,1
59,2,165.4190537491543,64.34386926902596,23.514519511603257,119.20057598891094,103.93642010931933,1,1,0,0,0,0
62,2,173.82829798378398,81.56156639495654,26.99259273710457,142.88002343454426,75.88254257426162,1,2,0,0,0,0
59,1,148.45199217635815,56.84474187582773,25.793972865453295,118.45066114892418,106.8004485827891,2,1,0,0,1,0
58,1,162.89226530993827,79.30356259905388,29.887650211387296,156.23701019291317,81.46471028032394,1,3,0,0,0,0
60,1,158.51605677103748,74.84584726451011,29.786617488050382,129.78695754160597,91.14697590306227,1,1,0,0,1,0
48,1,163.5296873129343,80.86144228739093,30.237666357248933,158.15045878363662,69.4744653284086,1,1,0,0,1,0
53,1,166.2448564645347,61.2428100514762,22.159434588620627,112.45230253384607,65.0409029317182,1,1,0,0,0,0
46,1,172.0641939697363,69.1839390557821,23.36814703496218,101.1899234080456,78.98568152415768,3,3,0,0,0,0
50,1,159.59660912382873,92.86841776762061,36.46034104494903,149.18128159668373,86.53067740869874,1,2,1,0,0,0
50,2,168.83201118751714,70.472496529845,24.72350665972141,134.98866298336722,91.27950001052426,1,1,1,0,1,0
57,1,153.88692729691502,77.50767129823045,32.72964031967346,122.49050642194094,92.44687675410141,2,1,0,0,0,1
50,1,155.9087943424356,73.04812390517607,30.05161665166821,146.5702538085383,62.545352954803136,1,1,0,0,0,0
59,2,162.25356396636235,70.12362649431631,26.636421447991573,124.88464844363652,80.24951180335616,1,1,0,1,1,0
34,1,151.75280028152557,106.24691346928817,46.13631406243511,133.12203389594504,65.22650327563181,1,2,0,0,1,0
64,1,170.6957569843794,76.38203868963005,26.214754443833286,114.36047420128469,83.51543728916434,1,1,0,0,1,0
48,1,170.9944795953246,79.53490896461332,27.201547305184526,172.91501627312732,77.79090013977934,1,1,0,0,1,0
39,1,166.03191731356563,88.41758799486239,32.07417519719179,90.0,76.12073739640054,1,1,0,0,1,0
57,2,154.30123760649545,64.26578681485326,26.992369488221797,132.36263793965352,85.09347822342382,2,1,0,0,1,0
58,1,160.9646480330183,81.12099430767927,31.309220602729383,149.51208008900798,65.59445820817761,2,1,0,0,1,0
56,1,177.2943038422751,92.39815892317117,29.395019483815215,108.62746096312532,90.41307172075605,1,1,0,0,1,0
65,2,153.61892406770716,67.79144347641193,28.726680445274216,137.71486400470104,81.69126576690329,2,1,0,0,1,0
51,2,155.3785334626131,96.90848560717802,40.140222065737355,124.21623895625007,82.91564753445677,3,1,1,0,1,0
52,1,159.81450183084533,70.31474908495024,27.53049756809507,116.51566438662226,73.50007448821164,1,1,0,0,0,0
53,2,173.62805772703214,60.34701004565939,20.017781442484644,126.5749492628022,74.41683611781933,2,2,0,0,1,0
45,1,155.18485184179437,82.39193334585002,34.212597016444235,110.6716754817919,67.2038452538943,2,1,0,0,1,0
46,1,173.40356391876367,65.37479055016736,21.741738709538147,152.67364776865244,74.35991193593031,1,3,0,0,1,0
61,2,163.47195117575075,60.924888768763886,22.798603849648792,143.72403258663604,79.14544582829608,1,1,0,0,1,0
55,2,162.7544299608071,97.78138487729584,36.91395234620647,126.10180595293939,83.40501558515992,1,1,0,0,0,0
48,2,157.32070935861287,51.01791960116633,20.61346276408551,148.63595428653488,75.94934759847517,1,1,0,0,1,0
53,1,164.1260395718487,40.0,14.849266837746248,101.68602108896881,84.26942863651904,1,1,0,0,1,0
59,1,175.69360339853077,69.87294291100191,22.635867079230778,124.13763242475335,82.67080840252704,1,1,0,0,1,0
49,1,163.43944306850346,90.10996908833906,33.73332055196886,108.34487168758811,82.85870575488987,1,1,0,0,0,0
52,1,176.54139173071636,76.02188943771259,24.39189643558782,103.92535991934331,83.08244084692862,1,1,0,0,1,0
58,1,162.68942240889314,88.25605947141422,33.34462965233581,139.72023878465106,84.76450759126082,2,1,0,0,1,1
60,1,157.497955404205,88.28513104677319,35.590797983962,126.76095500006016,90.49439072828886,2,1,0,0,1,0
36,1,152.12235749306598,87.3325009228664,37.738949129616444,107.1131400401019,86.26740650846253,1,1,0,0,1,0
45,2,175.83232095711696,40.0,12.93786376767812,143.93105642725993,88.53749099356521,1,1,0,0,1,0
60,2,177.19844290715696,70.89493391046338,22.57851628021517,138.9800647486431,83.62395441248385,2,2,0,0,1,0
46,1,172.95986895975113,90.99486754322872,30.417688074552114,99.65523558537406,71.06842446046794,1,1,0,0,1,0
52,1,169.75322929413807,71.97949481209747,24.978865216673096,120.76006461055808,87.75266278818373,1,1,0,0,1,0
64,2,169.1188441687769,91.15787536992391,31.8720641471975,116.08145274811186,85.1489537509568,1,1,0,0,1,0
56,1,157.90422660119629,82.83950573349344,33.22385244147193,115.55134456771049,84.65154029197664,1,1,0,0,1,0
54,1,166.75267029642836,58.872080215832284,21.172092718146097,129.7144564851643,83.79124682867725,2,1,0,0,0,0
54,2,161.6282947792155,81.86991267621906,31.339318280596206,162.0249704670623,77.00811256729577,1,1,0,0,1,0
52,2,170.15935237046168,77.79267068721384,26.867486139643038,134.58053886241575,77.35129057785171,1,1,0,0,1,0
54,1,166.03997124333463,47.70390058888833,17.30328624619778,97.02841221238532,82.64262447590578,1,1,0,0,1,0
61,1,161.7569978582335,89.8741403667413,34.3485646399206,153.60972255803856,99.56853437459931,1,1,0,0,1,0
43,2,158.8329081223558,55.65543810061013,22.06107293886811,110.27026663309584,90.58381194061178,2,1,0,0,1,0
52,2,165.25133892521302,106.22406244673874,38.898507006374885,127.71272486109721,107.1903402267011,1,1,1,0,1,0
54,1,176.66106741470634,60.33818703120967,19.333503283696096,126.02406961158414,75.4621676381376,1,2,0,0,1,0
56,2,151.82630458039995,95.81251120595672,41.56503781467189,95.10469995806122,67.00080769452515,3,3,0,0,1,0
54,2,158.44498560871492,48.95759370281945,19.501277622301206,134.0569151897793,73.73469356202929,1,1,0,0,1,0
49,2,163.9607911672624,84.87700190678697,31.5725762030122,129.08034351775137,75.16998243145713,1,2,0,0,1,0
63,1,160.2891546775863,99.54770243895626,38.745651142368835,118.37088676237983,70.6110062385343,1,1,0,0,1,0
58,1,160.37025928798033,94.62412248523046,36.792068256156526,131.0171592094621,87.57810533644891,1,1,0,0,0,0
54,2,152.09069466431265,74.35897523855874,32.14608649999656,121.13838832507673,78.03359580399592,1,1,0,0,0,0
55,1,178.21391818707343,60.026819914096784,18.900012818821335,107.71387208601823,93.86599055511087,1,1,0,0,1,0
65,1,160.6617218903304,75.36456110031509,29.19727631331317,133.18886795865393,83.03081542892231,1,1,0,0,0,0
54,1,156.7803718643271,53.73916504093046,21.862888202681166,121.64943877807775,83.04409717506776,1,1,0,0,1,0
56,1,157.07340106249234,75.75678560563978,30.705504977211856,111.49104480663834,91.45444723430623,1,1,0,0,0,0
46,1,155.70621684838557,70.43264570637749,29.051067576262376,132.20714795385487,74.26420489371688,2,1,0,0,0,0
58,2,156.24890625333705,79.7967360568698,32.68520067870569,107.6166898655758,82.9987759762761,2,1,0,0,1,0
53,1,155.11396627377687,82.42944765847919,34.2594655686211,115.04949827256691,90.17669220666438,3,3,0,0,1,0
45,1,171.39821404849198,61.96153854087751,21.09160398242048,115.54023222160498,68.56427054393427,1,1,0,0,1,0
65,1,168.9276049900056,77.8156417717069,27.268776600757185,119.47031722175439,71.84236683705541,3,1,0,0,1,0
51,1,169.38452902748475,86.64190722189119,30.19816278576152,111.9640367557814,88.5768674146995,1,1,0,0,1,0
58,2,157.74860894257472,83.44890924651692,33.53432646187331,168.15691409408535,78.25025832181223,1,1,0,0,1,0
47,1,161.57192775738775,62.53076745418232,23.953112019685694,117.73337201870675,64.92292498683267,1,1,0,0,1,0
64,2,166.1221648332503,79.76195504875314,28.902847166309034,112.62447717625086,81.9772187980657,3,1,0,0,1,0
57,1,175.85488461144146,71.76285229586203,23.205494099864865,94.23771131573784,63.017786080917766,1,1,0,0,1,0
44,1,151.50133779358816,76.31552920046195,33.249106922901746,132.44723354430099,86.32544081579718,3,1,0,0,1,0
48,1,165.34467059206608,89.71626810214576,32.81638948964983,115.79833584058787,72.29591649731333,2,1,0,0,1,0
42,1,168.29670797996263,72.49025677107772,25.593424276382812,137.18076953686779,79.50442599443844,1,2,0,0,1,0
49,1,171.07103558073788,70.14851285840774,23.969860121318472,147.89911063307815,87.46345245210603,1,2,0,0,1,0
65,1,158.97337381457527,61.02910849485036,24.148393471062512,142.94138806754574,81.87963660047194,1,1,0,0,1,0
36,1,172.00640993272762,69.53478629109757,23.502435055429192,103.35034221708858,93.58009960251371,1,1,0,0,1,0
38,2,173.1994019551804,77.91807200375452,25.97439386292267,146.91404105969147,73.97746076551773,2,1,0,0,1,0
46,1,176.3282459162753,88.74361821902289,28.542588553572013,132.211526379219,78.20352494193452,1,1,0,0,1,0
50,1,153.40636436995558,65.34186537420383,27.765453633601503,114.58510027058965,85.93125590196954,1,1,0,0,1,0
53,2,164.6892934404354,57.30301931565714,21.12743494251689,141.7467225817557,90.25208704233185,1,1,0,0,1,0
44,2,179.81254435401704,61.19458095865386,18.9266169427879,156.75298065599551,82.04088893444882,2,1,0,0,1,0
57,1,164.48706412524947,74.32693622164373,27.471522759393455,150.3358214782861,71.81328544977352,1,1,0,0,1,0
52,2,157.94147755735844,74.9419392937272,30.042255417233566,146.73357795001826,76.54453640453895,1,1,0,0,1,0
43,1,164.87762628755874,90.34779420592571,33.23487894499205,132.46558656060947,79.46373946354123,1,1,0,0,1,0
55,1,161.44351586560038,88.61554833649089,33.99920133749129,136.04079980155512,69.2996107274629,2,1,0,0,1,0
54,1,177.4843991249834,80.54515789917488,25.569313503489102,124.71187935186565,89.47641486694846,2,1,0,0,1,0
52,1,176.58758330422077,66.30770158260181,21.263935593982204,132.83170582434752,81.79542730073457,1,1,0,0,1,0
42,2,181.41271972820311,59.24824288838841,18.00279791705,163.30018665132116,74.7125183540727,1,1,0,0,1,0
53,2,157.78160630774855,75.70411046264486,30.409320406118425,108.93746341299698,98.208249789293,1,1,0,0,0,0
46,1,169.08015120037086,75.16375344156656,26.29197461035932,110.56689064292343,89.54883806284458,1,2,0,0,0,0
43,2,169.17579927970922,67.87594759280958,23.715890237348358,129.76897320986453,69.77703679437293,1,1,0,0,1,0
52,2,150.50375885587016,71.30452892995851,31.479108305651078,134.23607523166467,76.87465091692339,1,1,0,0,1,0
50,1,171.85446394862032,66.08360142625787,22.37546493367086,152.03138304856344,85.32926931852339,1,2,0,0,1,0
59,2,161.55608560254467,51.180694350551164,19.609184357552355,149.20237199843666,81.22815628520462,1,3,0,0,0,0
51,2,165.1771452635373,65.3181074604585,23.940525605269254,128.09105293224297,78.33473994466488,1,1,1,0,1,0
65,1,151.99161935967658,84.78294504991064,36.70026617588118,163.93171872438165,60.0,1,1,0,1,1,0
65,2,171.64851692525954,79.79762775885689,27.083816953937216,129.17748792926355,89.0268602319572,1,1,0,0,1,0
46,1,159.53482236246452,80.96586584734114,31.812000337465733,111.90475415540703,73.20274274141498,2,1,0,0,1,0
45,1,168.08123582324598,44.91438343360068,15.89816416055368,134.09633707052666,83.92950383313939,1,1,0,0,1,0
57,1,155.18364404176532,45.52678357484845,18.9049301587617,125.55285400474749,74.89712421673585,1,1,0,0,1,0
50,2,152.23137021392805,92.81724656105885,40.051645912500824,120.49201820668756,95.39416127996196,1,1,0,0,1,0
57,1,144.4663995998606,49.91367522361473,23.9158516055378,124.48954981811856,79.57817281140156,1,3,0,0,1,0
43,2,164.09248856844854,61.867053795011174,22.976402569305748,146.43627649572383,80.20099710049976,1,3,0,0,1,0
57,1,158.9554482621145,72.5447973937113,28.711470485640913,111.37209357447965,93.3063896143381,1,1,0,0,1,0
56,1,159.47872201953058,98.94918584439797,38.905117526484446,143.30532412301966,66.0999160495772,1,1,0,0,1,0
51,1,165.29081795665945,84.8411929535306,31.053410823181682,90.0,76.16885472421383,1,1,0,0,1,0
56,1,158.64025556668963,72.23530198324671,28.702695985327573,111.12199828092855,88.72039539437866,1,1,0,0,0,0
46,1,155.12361087295457,56.22785769059068,23.366610865786303,130.57721941125277,80.3766062115445,1,1,0,0,0,0
50,2,169.1620359914466,87.31416948515678,30.512579242524072,120.2287578698683,94.93058138249734,1,1,0,0,0,0
47,1,161.69316341364265,65.71893046979584,25.136636878090705,109.23705277187102,102.3522029382195,1,1,0,0,0,0
58,2,160.94811934540147,69.8342376772923,26.958553382697374,149.72129031195476,79.18859196721813,2,1,0,0,1,0
45,2,159.4287735697215,88.87853399660739,34.96741050854224,122.16558082672087,102.96837257345166,1,2,0,0,1,0
43,2,166.86304912446283,69.82290698938357,25.07711523336261,135.47779394235508,78.44953668401813,1,1,0,0,1,0
49,2,178.75216409252653,75.71185492529742,23.69524861274065,106.99665541407805,81.52352359919314,3,1,0,0,1,0
64,1,168.33220664709734,122.86420775989947,43.3601675263465,122.43510894213817,82.17507818238992,1,2,0,0,0,0
49,1,165.16692250009547,72.76067153373364,26.671690631322228,157.71764041570867,77.85781018957803,1,1,0,0,0,0
50,2,174.47789692540857,87.65929045086521,28.795002153054522,127.00568915024525,83.86524917668802,1,2,0,0,1,0
46,1,160.39646985676748,85.10490300903413,33.07995953609549,126.44625107943988,80.7716898807351,1,1,0,0,1,0
58,2,146.75187973276147,74.14690005911814,34.429098654000974,154.24801794488783,66.6313500098054,3,1,0,0,1,0
49,1,164.45436679088198,77.45347243911453,28.638487216254262,135.65847008262796,78.99708558234593,1,1,0,0,1,0
46,1,171.9150450346588,64.63014467928646,21.867914007372352,117.91736500894771,86.84890624548932,3,3,1,0,1,0
55,1,167.5827789061163,74.08505957715221,26.379821890663848,107.5089732687952,80.21609294552435,1,1,0,0,1,0
50,1,166.8867784262807,87.73219274566014,31.500331326202396,144.23867304482104,91.59734099421289,1,3,0,0,1,1
47,1,169.79780551282275,70.16511857432042,24.33644384193221,135.731734092896,90.78749100835685,1,1,0,0,0,0
54,1,168.00141764021004,78.38437280115373,27.771772233124327,136.51522498806565,83.826073901727,3,1,0,0,1,0
56,1,166.91197767007642,53.45566244466926,19.18751401266584,151.85209406859929,70.69563835284428,1,2,0,0,1,0
58,1,169.75836002081957,68.34831204389717,23.7173111690049,124.62391103056356,80.08853448379345,1,1,0,0,1,0
53,2,157.99486752416593,76.87290049339849,30.795503532723412,153.586670318433,87.85237111368117,1,1,0,0,1,0
58,2,162.06014102009564,79.28569317866082,30.188560343411954,117.15849779372711,76.14524890938256,1,1,0,0,1,0
48,1,161.03824185453678,93.50919076039348,36.057553589226046,123.82335715533583,94.1891221040215,1,1,0,0,1,0
55,1,172.2164142427425,78.90745805193555,26.605349490159995,159.38850403151778,92.52989121344218,1,1,0,1,1,0
44,1,168.79936638712124,89.2764533472415,31.332518492924994,140.40613188143928,93.42510406390964,1,1,1,0,1,0
41,1,177.30461082225693,77.64506993911424,24.698684713152353,129.67102942606923,78.28611359058455,1,1,1,0,1,0
49,2,165.90941234400506,64.69499441454253,23.50328839691844,119.99603506907712,92.05236849092711,1,3,0,0,1,0
56,1,159.93102933595944,92.27841353072637,36.07735206821422,135.20919170592333,80.62131232264444,2,1,0,0,1,0
53,2,172.4226543755372,61.426048778258014,20.66159893304941,127.10691641679813,81.99301085047773,1,1,0,0,1,0
48,1,160.94376276451766,89.2580473241291,34.45871517721339,122.25273023224779,76.16806755786396,1,1,0,0,1,0
40,1,143.4933508929866,89.02976769240023,43.23860612476133,123.95061457541689,68.35183357603756,1,1,1,0,1,0
48,1,159.47764550801594,42.47911391118401,16.70228225451453,111.72667601553037,67.49927649814894,1,1,1,0,1,0
61,1,163.32300806609663,88.25209049658216,33.08493314714524,101.24068707490683,60.0,1,1,0,0,1,0
58,1,168.7332769367728,84.33797823777067,29.622499713026627,116.90615049196724,74.68655159178712,3,1,0,0,0,0
52,1,164.73330496219077,62.46471679451395,23.018231427662474,105.59040741567796,96.95783122171686,1,1,1,0,1,0
54,1,166.5830909870169,88.11413446759639,31.75292569201185,134.58350269349296,83.54709914870986,1,1,0,0,1,0
48,1,178.87301696269787,73.13013644230395,22.856341671719154,96.9032586495489,90.56051012017525,1,1,0,0,1,0
56,2,156.18962916648195,104.80438548646242,42.961067903960554,103.74300142060093,87.41510202063694,1,1,0,0,1,0
55,1,158.60588824485137,79.8933937069011,31.75939761821722,102.83930196611773,80.87488441627399,1,2,0,0,1,0
42,1,163.17144613765524,89.49913648651614,33.61479909830505,131.31458212230405,64.13142972414744,3,1,1,0,1,0
47,1,166.58750523569816,68.28791517054333,24.607019032232795,155.33999894834955,71.23150525979834,1,3,0,0,0,1
65,1,161.84114613457928,77.6442828831891,29.643644231388407,143.52889282216609,73.31183144071677,1,1,0,0,1,0
54,1,170.68506836314876,88.07519009811452,30.231697153112748,151.35169967331495,67.37111516431982,1,1,0,0,0,0
60,1,162.231436864764,64.35983132720114,24.453716210931123,126.79941194149883,78.31130791639798,3,1,0,0,0,0
55,2,160.08874140259778,72.75634721029655,28.388948457248446,140.89749726484976,73.52076418597225,1,1,0,0,1,0
46,1,174.15718054915965,55.813367153819776,18.401594372136206,128.5708397061205,78.83215093934466,1,2,0,0,1,0
57,2,147.8383380956483,55.70110021393347,25.48529293209846,134.441428018323,92.38832261923892,1,1,0,0,1,0
57,2,182.49754204437724,86.23939887033103,25.89355508495471,100.35214039144017,73.55164715971226,1,1,0,0,1,0
59,2,167.18532893189592,75.15359034327793,26.88768460419192,126.90462779200323,81.34736502358349,1,1,0,0,1,0
58,2,162.10558115606383,61.41553839653446,23.371270847408784,142.02921714497097,87.62417598002024,1,1,0,0,1,0
46,1,150.42821112553182,85.22946344749708,37.6644103239076,116.30765271063919,93.28353169007758,1,1,0,0,1,0
56,2,173.61693327641206,70.79801560118766,23.48750705901269,152.04924878802595,74.05271252316531,1,1,0,0,0,0
63,1,157.6443933578192,40.0,16.095442913737905,134.85193430165157,89.49872947226004,1,1,0,1,1,0
42,1,162.35416152281812,78.20806184114188,29.670486888789746,151.16724009235034,92.22003286969888,1,1,0,1,0,0
53,1,173.32534342029967,79.37187068809696,26.420587918387906,124.15881088676981,65.43240931059843,1,1,0,0,1,0
53,1,181.40755055366395,61.3347239324958,18.637845024178244,133.8627188331698,76.59022761901723,1,3,0,0,1,0
46,2,159.677947285944,61.62915056421885,24.17109358903724,101.36413997851736,81.678045439265,2,1,0,0,1,0
49,1,167.91347666389314,78.69389349039746,27.910648380344774,118.49514038780305,84.31305782403753,1,1,0,0,1,0
56,2,180.2428515642343,55.26489883882708,17.011134570809215,124.6913995866178,70.52631799102761,2,1,0,0,1,0
65,2,163.80036542532721,71.09825251952708,26.498982234735497,132.64818882455202,60.0,1,1,0,0,0,0
52,1,162.99579270873662,79.9293695874744,30.085248205624072,120.00346910406337,79.92813121382423,1,1,0,0,1,0
53,1,182.66053736377262,72.95409117424117,21.865539112807788,111.36878270481404,60.955651444486904,1,1,0,0,1,0
49,1,167.92270168896138,88.19797589149466,31.278058852203102,143.28019018028826,84.41471886931829,1,1,0,0,1,0
38,1,163.5608041208103,90.22553276153394,33.72647723806794,123.04678689924651,82.12684643772336,3,1,0,0,1,0
51,2,168.07581641157552,82.68955372722016,29.271177219728074,104.4465566960906,75.84190261456122,2,1,0,0,0,0
47,1,176.74401422048794,98.10068564874923,31.403829717211124,116.47041511634743,79.27865902902602,3,1,0,0,1,0
59,2,161.64572046239252,48.95595318181915,18.736009084311082,139.68546502837992,78.82563189766358,1,1,0,1,1,0
41,1,155.81834821512845,77.02802827129682,31.725727431452345,122.8928158230997,78.79970330137895,2,1,0,0,1,0
45,2,160.2915447671214,87.27947598349871,33.96963664586884,120.37823151653714,93.69327319136633,1,3,0,0,0,0
56,1,169.6150285826464,76.97327902688207,26.755392592330196,126.01152209066676,77.89696403970997,1,3,0,0,1,0
51,1,168.42454060397324,69.94268935106714,24.6565088574648,90.0,93.00608333421492,1,1,0,0,1,0
54,1,176.67616975411775,80.38514922304137,25.752528203719635,111.7622075538529,69.11582844815513,1,1,0,0,0,0
57,2,177.90552097957422,81.59446844960732,25.77993783936468,136.72061857273204,75.53016985960973,3,1,0,0,1,0
48,1,158.53133077396203,78.8046636447534,31.356076054345273,126.20090404603,75.60396027123186,2,1,0,0,0,0
55,1,165.45933955733713,91.61895989951586,33.46592120671769,107.62561408881211,79.30464886724303,1,1,0,1,1,0
51,2,153.18558902694443,76.7309388970431,32.69901651671007,162.8274766364361,74.38347940391557,2,1,1,0,1,0
48,2,154.83074519555242,76.81245456576626,32.04182434508671,103.81707451991088,77.79334176227056,2,1,0,0,1,0
51,1,154.1193234350645,99.84446816673204,42.03488080996107,110.86415395475107,94.27791495417597,3,1,0,0,1,0
61,2,164.51391990347923,81.9910828309293,30.29432784523468,116.80655499894101,84.32933661104674,1,1,0,0,1,0
43,1,165.68942787075352,103.82649341244857,37.81974444990612,113.10958554361036,104.16099189847719,1,1,0,0,1,0
65,1,158.99528412318548,85.46962114084651,33.80985378601016,123.0511724845022,85.1401468517618,1,1,0,0,1,0
62,1,157.33794985482922,70.33053195716707,28.410372530348653,124.21113936216126,98.71817230836506,1,1,0,0,1,0
49,1,158.62152699030034,74.2114372607595,29.494877039707575,104.53933038527512,81.22633670305852,1,1,0,0,1,0
51,1,159.29645974172976,77.87953266428923,30.691003501579143,104.60274794473722,85.02553243203857,3,1,0,0,0,0
50,2,164.6632817464337,61.671393804249846,22.74522464178456,110.58964485147294,76.052904213597,3,3,0,0,1,0
54,1,155.49366472323538,84.12596145288738,34.79402267506779,119.4489902737305,88.03797010064106,3,1,0,0,1,0
53,1,162.650247721306,50.60742407700302,19.12955089106747,132.42265251459085,80.85964005229825,1,1,0,0,1,0
61,1,161.33175990809434,100.3866983573225,38.56882675799197,99.38074762270976,91.55443079903984,1,1,0,0,1,0
63,1,166.857134694472,89.90201799041779,32.29087974215516,107.99915025460778,83.9491946216651,2,1,0,0,1,0
60,2,156.16219236364685,82.66963750737295,33.89957382780432,129.25173851911603,82.55988572377484,1,1,0,0,1,0
51,1,161.25388674443315,77.29572198980385,29.72590430935459,130.71220067944802,77.37440453184367,1,1,0,0,1,0
54,2,166.49985258361525,78.51961236011289,28.32372963964546,127.83708659106934,86.77739343514493,3,1,0,0,1,0
48,2,174.8089348553327,78.74013007436126,25.76729767987273,136.22060938740228,75.42889323979475,1,3,0,0,1,0
48,1,149.84704565863234,76.91501908644427,34.25427517841383,122.35052379079356,83.81269319854646,3,1,0,0,0,0
62,1,166.81156373203777,83.98879296981832,30.183460717130078,131.40652152718874,87.67789614648372,1,1,0,0,1,0
56,1,161.36118995282808,82.54397533408104,31.702039659234924,122.33216772856439,80.17548723054037,3,1,0,0,1,0
46,1,163.08142081724796,76.92369225097552,28.9235202068868,116.24938095428499,75.16001132996419,1,1,0,0,1,0
60,1,159.44050562699,77.22672522987595,30.378777513075413,147.62164670990555,95.13435378916883,1,1,0,0,1,0
54,1,164.59436622031345,66.7461827817784,24.637492294041472,124.52214256239496,72.37018729853014,1,2,0,0,0,0
62,2,178.7133437377974,71.34917681092774,22.33958009597214,142.5383618008213,80.43304331187908,1,1,0,0,1,0
49,2,164.3425362653452,75.97434804934818,28.129823802029982,142.33315463597222,74.8310498614044,1,1,0,1,1,1
49,2,161.0634118921485,68.69085859194902,26.47921801275962,104.66846112909008,80.72440704521637,1,1,0,0,1,0
55,1,165.8933702971311,96.41393316083071,35.0333557577059,137.04816689209235,76.90041539345782,1,1,0,1,1,0
55,1,158.63980170074666,87.11123679301795,34.613846481455475,166.01946791716526,67.27011487978758,1,2,0,0,1,0
51,1,157.56921763579754,78.04756978820886,31.43522892504386,122.15588990318221,80.23753306404245,1,2,0,0,1,0
41,1,177.8010939658025,53.183885819978784,16.823300711866576,90.0,77.25156403776714,1,1,0,0,1,0
58,1,163.6540989002014,77.67283696260229,29.001161613633805,111.66384631735934,85.08334872034357,1,1,0,0,1,0
49,1,160.56504193571135,58.27637878803934,22.60427401878157,122.08064860962966,92.04533015109142,1,1,0,1,1,0
65,1,165.41481977547105,76.269572958886,27.874204540091434,118.82863801241265,78.33918152607536,1,1,0,0,1,0
44,1,175.48590237626703,89.47054437256706,29.053309679433674,121.23529469411181,85.11032113712841,1,1,0,0,1,0
56,1,170.7975255283236,76.2549858290507,26.13997066129177,148.6045657847683,79.75407910853464,2,3,0,0,1,0
51,1,165.38356587845897,74.36388169840302,27.18800543313593,141.32249400944278,86.63339226418293,2,1,0,0,1,0
57,1,164.3281455366214,73.72913810448601,27.303306764303972,129.76702630554755,86.24681083181886,1,1,0,1,1,0
49,2,157.02172961843468,103.0833657787711,41.80893226957987,126.60422434088416,65.2917927023534,1,1,0,0,1,0
59,2,168.4648507161489,95.36122882345163,33.601079938519334,126.00288551189476,75.39055583917794,1,1,0,1,1,0
54,1,160.09771440358975,76.67569451757981,29.914893064309155,120.04031793123767,90.25390675822766,1,1,0,0,1,0
44,1,157.9088626808436,74.0080080245316,29.680123508201252,108.03099947732521,70.21891139034739,1,2,0,0,1,0
47,1,172.35720002983595,77.54599015684424,26.103604761743508,127.62620979125496,94.79409621210581,1,1,0,0,1,0
48,2,174.013100711412,43.3924973460675,14.330150586701714,125.02862832301828,86.81996345514261,1,1,0,0,1,0
56,1,172.6369391189199,68.02931418279944,22.825938256746763,155.37917873254273,66.23067342205785,1,1,0,0,1,0
55,1,152.12006350863066,61.75755872795951,26.688067287630346,101.56306003429215,83.1765493312849,1,1,0,0,1,0
57,2,155.51652438115826,75.2985529163683,31.133901468056234,114.31923992794245,84.00741423684008,1,1,0,0,0,0
47,1,161.67665400252463,87.89253155140224,33.62461716330133,117.94955502021541,81.10372934181518,1,2,0,0,1,0
50,2,164.43554450781872,59.52366914801024,22.013966058609906,137.19055892405814,89.32717128988179,1,1,1,0,1,0
51,1,164.53801104862893,67.48215781636202,24.926222924896127,119.44617492009107,86.38602701955669,2,1,0,0,1,0
50,1,169.55062510005635,80.76735243335713,28.095518820494522,101.37431173730477,86.88711454746658,1,2,0,0,1,0
54,1,156.33014365774426,76.15928246253331,31.16286582065587,117.09427189851797,96.15043401177682,2,1,0,0,1,0
61,1,168.4089204804996,92.38619927466326,32.57443688732652,131.96230628163207,74.51357360985658,1,1,0,0,1,0
55,2,167.7499324690101,69.19951426462696,24.591121636582088,115.62201216573251,78.57343067974017,3,1,0,0,0,0
63,1,172.07231818419402,75.48194695180767,25.493007539027126,90.46079852186236,80.68448162202154,1,1,0,0,1,0
54,1,157.0187653376078,100.18466201085153,40.63479949368695,127.53518488823683,71.16019527345824,1,1,0,0,0,0
43,1,172.46673134902233,83.05157011727691,27.92139948030237,114.31162863387242,84.56043577689552,1,2,0,0,1,0
57,1,185.32916652943788,63.489895307087465,18.484898307858654,125.12879772181898,81.29225771474363,1,1,0,0,1,0
49,2,162.80399120040047,77.00508609616415,29.05288838364098,105.7250397851885,85.6913032506393,3,3,0,0,0,0
42,2,163.11411549892998,88.16315110185464,33.136299988100575,128.24129146540142,78.47010572789179,1,1,0,0,1,0
59,1,155.1219415516427,64.24395670068462,26.69843575095127,146.65994339338982,80.22614471240868,1,1,0,0,1,0
52,1,157.3459065728165,55.60470910658618,22.45953058491278,126.24811303604936,81.21681867544231,3,1,0,1,1,0
40,2,183.42065710746007,71.43725951786539,21.233828032866768,135.99090663401603,71.00101037686117,1,1,0,1,1,0
44,1,151.4504106524093,69.1068121503926,30.128669211626633,128.13622741827834,78.80644312450802,1,1,0,1,1,0
55,1,171.26245540529925,66.10584010985652,22.538006321093064,154.54393840844327,76.1243456404281,1,2,0,0,1,0
46,1,175.6854211980784,43.21124802948496,13.999913793126833,141.23419848453457,79.52231080980619,1,3,0,0,1,0
57,1,157.2103963109028,81.82580606638312,33.10760516263958,108.52079096899219,83.10837970843716,3,1,0,0,0,0
58,2,159.84408978624427,65.17408077421739,25.50831366444258,115.51594119404976,73.42250106767435,1,1,0,0,1,0
51,1,161.19383500975084,62.10223729432382,23.900687341459815,109.2254013802151,75.30311853292238,3,1,0,0,1,0
56,1,166.8524594758295,86.81346437539536,31.183284863085508,91.19575239767904,89.86977878284824,1,3,0,1,0,0
53,1,184.0227542450293,81.79380250318613,24.153348386164467,106.17638800510791,91.50629954020953,1,1,0,0,1,0
54,2,159.68074742362955,73.40069883265235,28.78691206917674,127.30373878056568,87.1334225698861,1,3,0,0,1,0
65,2,163.80856020902516,61.20125047682691,22.807995026479166,122.1270891295018,65.8401480085201,1,1,0,0,1,0
49,1,174.5100306866155,45.371575741021886,14.898518091820929,104.7110868793163,67.59149297555746,2,2,0,0,1,0
56,2,178.84480397740342,95.72265939469895,29.92692545116483,97.32754108266734,74.0953485327736,2,2,0,0,1,0
59,1,164.08545855502615,76.10400241953552,28.266192181677603,123.87452265884352,89.23157176594009,1,1,0,0,1,0
63,2,169.746622119741,73.18215664595512,25.398199034940973,90.0,79.31187779951887,1,1,0,0,1,0
54,2,146.89189300651844,86.12112490556937,39.91296935057009,152.1096059663872,75.12152017901448,1,1,0,0,1,0
58,1,173.20367272174263,81.09637376900135,27.0325640992408,146.19001583870676,84.07250724022462,1,1,0,0,1,0
57,1,170.85477061143723,40.59975690519818,13.908145129462186,125.10065493513781,80.67714255878558,3,1,0,0,1,0
51,2,167.07160762648294,53.01879486362447,18.994354916107152,149.1713354862299,73.27606919352814,3,1,0,1,0,0
54,1,174.85102759991767,93.55885680432691,30.601909644942435,135.419317397095,77.05869134963044,1,2,0,0,1,0
53,1,165.7562211923447,59.18159226525224,21.540063078246746,104.75108185420652,100.98897703078546,2,1,0,0,1,0
51,1,170.88332897116365,88.20437158211541,30.20582614074395,95.6660575496542,68.24248211745652,3,1,0,0,1,0
53,2,157.77271878245992,40.0,16.06927090393227,126.92194218177151,92.6641855688309,1,1,0,1,1,0
37,1,170.1830402982178,67.94713338326454,23.460571267429813,120.27646238572224,77.11702450020212,2,1,0,0,1,0
63,1,167.67720100186062,93.83691759168065,33.37534024594842,129.67937236502172,78.24230303734035,3,1,0,0,1,0
52,2,170.64790500095023,84.26859426797859,28.937687836857275,107.15402977557505,80.9939571226977,1,1,0,0,1,0
50,1,150.32840437087353,83.27735006140774,36.85062021649391,103.89663358673607,89.28537402925694,3,2,0,0,1,0
56,2,152.21157830934078,52.48234645075556,22.652590038873676,129.7513892324219,84.83949671300697,1,1,0,0,0,0
49,1,160.7813971119342,46.45478611225826,17.97044652718994,134.57642635640417,96.61070457374556,1,1,0,0,1,0
58,2,156.44114159537915,96.42690357742703,39.40000420440314,137.31360137216535,72.6112034428335,2,1,0,0,1,0
48,2,166.10953613965674,59.29359273414511,21.489120198917863,144.61509285907343,77.50591809987407,1,1,1,0,1,0
61,2,176.25210352930105,92.80653028885604,29.875137887020625,141.587419506502,78.56901719478533,1,1,0,0,1,0
60,1,178.36175153707504,90.12631315489267,28.33010267134533,146.66657541569805,92.34973545798886,1,1,1,0,1,0
53,1,173.30276646893824,55.736791323134725,18.557991542211738,142.90335827214858,75.3282785575556,1,1,1,0,1,0
51,1,178.63258143259412,81.69707098820939,25.602662887124456,105.31882455458728,60.0,1,1,1,0,1,0
48,1,147.92221482175188,59.36185828735083,27.129431060294003,109.82574922749282,99.41706963814953,1,2,0,0,1,0
48,2,155.04482122589883,59.630132163785035,24.805686044318445,109.70932804755444,88.62220945510838,1,1,1,1,0,0
54,2,164.30537790305647,79.27433617936974,29.36493587572973,120.84544094180487,75.39128606803229,1,1,0,0,1,0
39,1,179.72872925328284,59.701309938068526,18.48199519136063,150.90488284819747,88.91689802326394,1,1,0,0,1,0
57,2,165.44518784686662,62.118125968694564,22.69394853242209,127.84328727869354,74.22542066978104,1,2,0,0,1,0
60,2,159.87694307209972,73.26390911809308,28.66278697591538,130.72555750495582,66.29338789150648,1,1,0,0,1,0
54,1,161.90929758889172,91.43572775436411,34.87966848349708,123.94503628567429,91.857180903487,1,1,1,1,1,0
54,1,163.74531775344659,62.926946442863155,23.469231955184796,145.64037923741648,78.8796527636303,1,1,0,0,1,0
51,2,157.52162696155534,91.97400666567844,37.06676874663335,165.3473003867437,76.94354958046063,1,1,0,0,1,0
40,2,165.2528340025627,83.37701398582001,30.53152556661227,115.06121253014291,84.24270309281961,1,1,0,0,1,0
60,1,153.61447564524136,75.55582035863515,32.018695931106514,145.18338287630195,88.47710199279086,1,1,0,0,1,0
47,2,167.17574971652678,71.34149219099713,25.526756158609537,134.2335665842561,89.7369988799137,2,1,0,0,1,0
44,2,165.83932381526805,75.58415864929455,27.482468985558906,118.73512877398463,75.80972744799249,1,1,0,0,1,0
58,1,162.25282591662392,59.73808224819743,22.69168454207398,148.26418645721435,75.46746380464872,1,1,0,0,1,0
48,1,158.82691589070131,91.1916072550251,36.14986373417939,169.0584593086615,94.88428555319979,1,2,0,0,1,0
49,1,162.7178717678655,63.66713484590438,24.046108114862676,129.6287797855839,89.3734287371253,1,1,0,0,1,0
53,2,175.18904164910856,60.042912766146614,19.563559636632565,144.28551506803984,76.75978945007202,1,1,1,0,1,0
52,1,157.4479924357601,82.6922904482678,33.35729044726428,105.91116608320004,79.03152377970007,1,1,0,0,1,0
53,1,169.8805974648109,88.18555221355196,30.55694125995316,136.69809721895996,66.8584746475758,1,1,0,0,0,0
58,1,165.7575875777436,59.314638591292514,21.58813144443422,126.09577683946208,76.13820532214774,1,1,0,0,1,0
57,1,155.21091867706548,63.10687680529794,26.195829090788415,139.91739563202398,73.8156743958183,1,1,0,0,1,0
47,2,158.57647315042126,79.99088753558115,31.80995145114678,129.85667425142978,78.84852538311985,1,1,0,0,1,0
47,2,169.51339780483505,78.55401518835941,27.337596559511425,128.4708171584156,61.862104857731985,1,1,0,0,1,0
46,1,165.85304015638354,67.27223116511573,24.456198931282312,122.11443461621768,86.56585142026798,1,1,0,0,1,0
40,2,155.32065785997887,66.1417845379801,27.416844290875048,149.81355845334795,88.16470376160434,1,2,0,0,1,0
49,1,163.81135108098516,46.036028295394374,17.1557561153064,103.6402659972893,84.6189019896129,1,1,0,0,1,0
44,1,165.80918832332344,71.59616743025633,26.04189528880793,124.47764085411174,68.90565087641082,1,1,0,0,0,0
53,1,153.0050015600376,81.55160623616985,34.83543708155363,90.0,83.82194259465734,1,2,0,0,0,0
50,1,162.79780674233623,71.51385669856823,26.983178143610647,113.66582014676062,94.69312108733477,1,1,0,0,1,0
60,1,168.73568824269174,101.52397496170941,35.65781429318009,120.11742531397914,89.30083893540701,1,1,0,0,0,0
51,1,159.03644705894345,62.533512194622595,24.724043090484724,161.84257817645454,87.15593400746192,1,1,0,0,1,0
53,2,155.3113465654364,84.91182260069132,35.201550481365985,119.95490187519509,86.75081941816829,2,1,0,0,1,0
50,2,155.41551111210651,80.04939409962954,33.141283744205566,125.95294484369724,78.43653613608433,2,1,0,0,1,0
42,1,164.22409238677398,85.8007672413954,31.81393802397774,146.28825417926365,90.64486160049285,2,1,0,1,1,0
47,1,148.874236945316,66.54995585083938,30.026773961606846,105.41641909471122,69.91799566625625,2,1,0,0,1,0
46,1,168.33014970919044,72.65838228665031,25.642590968201784,138.8307503193139,108.6979054682763,1,1,0,1,1,0
51,1,158.17324793214456,98.23877960552086,39.26602092221955,124.63863973982878,72.6641032551366,1,1,0,0,1,0
51,1,158.4322513950602,86.56378186593467,34.486493164890994,115.75158523172456,91.60413918982313,1,1,0,0,1,0
58,2,180.69493704129195,65.31259900469324,20.003454282359446,140.5384094293749,85.83817530707998,2,1,0,0,0,0
48,2,166.7228426063583,85.34690368886247,30.704183803264165,138.8446527331937,91.97636346463106,1,1,0,1,1,0
47,1,175.9867184791105,99.7296249437516,32.20063225670176,145.9874984475648,71.58776129442874,1,1,1,0,1,0
54,2,166.4470312011842,91.46494278852599,33.01433549750057,134.8054733978,88.5975957074694,2,1,0,0,1,0
42,1,170.24476882732756,87.3957776628897,30.153858950221075,109.29744933628012,83.33698366984662,2,1,0,0,1,0
65,1,167.06600742943377,64.28063885446943,23.030533399339244,123.69608569716506,75.15993751358424,1,1,0,0,1,0
63,1,170.83015945794338,55.59317721896177,19.049886947404122,148.2598491612609,79.62477971681069,1,1,1,0,0,0
59,1,174.92985933289984,48.761443591488515,15.93487498731394,131.56246360459926,75.13644158130374,2,1,1,1,1,0
45,1,148.15515475142493,58.45289154217129,26.63007973288337,116.31130249548293,83.14540167419105,3,1,0,0,1,0
56,2,160.82624495413117,68.29669505516235,26.40498008908903,98.95862785162917,101.60907447663254,3,1,0,0,1,0
53,1,174.75692942755836,40.0,13.097583645895115,133.4587466309697,77.99890674513294,1,1,0,0,1,0
42,1,165.6032000171859,63.56002214680653,23.176432712416368,124.91944351871454,90.38582341223426,2,1,0,0,1,0
57,2,156.74440132465062,74.30378415948688,30.243138428003334,130.11692322961744,81.5050849181883,1,1,0,0,1,0
48,2,170.7059146612716,56.924176602418925,19.534379449487563,105.55465452506805,80.76546069006632,1,1,0,0,0,0
47,1,169.5039165457142,87.85036448611875,30.576241001797495,126.59267643992862,88.98516836856254,1,1,0,0,1,0
51,1,166.39722392326556,64.19282310468353,23.184317878216227,136.55415717795006,86.81085876547284,1,1,0,0,1,0
58,1,172.97644222733098,78.28099388413725,26.16269090636753,129.75653387267084,106.36177757591955,2,1,0,0,1,0
55,1,161.99101669355076,74.78629436456546,28.499691064559627,124.29609377617179,82.10331591633093,1,1,0,0,1,0
60,2,159.5639235156726,85.0922910133011,33.42110489144332,166.2583747612868,74.11763361824997,2,1,0,0,1,1
38,1,172.5916187451245,58.48914527507792,19.635224485151955,90.0,87.76189666972712,1,1,1,0,1,0
49,2,170.85161879002334,59.91175715170611,20.524560262493242,155.0126916098303,76.74216386112656,1,1,0,0,1,0
52,1,160.6802899717112,74.81265870811029,28.976763448755452,124.07849065887181,77.37618962019698,2,2,0,0,1,0
48,1,166.0095613364519,45.228580719016065,16.41144250988674,121.54978760731794,77.62861147576764,1,1,1,0,1,0
50,2,171.85897061233553,73.7590331422024,24.973004928975755,133.9298589753676,82.6800060499455,1,1,0,0,0,0
45,2,161.44960649955385,47.1703586970028,18.09652541399939,150.96920883831558,101.52582504331045,1,1,0,0,1,0
61,1,154.70510539326872,88.26050410026032,36.87712977041364,108.46487913813436,85.41991436124987,1,3,0,0,1,0
57,2,146.95625930717307,94.17280233806864,43.60630787013041,122.33845636160768,86.91393215015037,1,1,0,0,0,0
57,2,160.94308345875976,55.29729637426318,21.348101691336545,139.00217165049682,74.28169266067651,1,1,1,0,1,0
46,1,173.40888446376783,92.33459715868287,30.705895664440796,140.49164658212513,79.18073943118132,1,1,0,0,1,0
52,1,162.5860722999307,88.28906983000721,33.39952281730292,139.45679050327828,90.26417628687207,2,1,0,0,1,0
52,1,165.9641212312725,80.25800329741998,29.138012782133714,127.40743056624346,79.84888273106294,1,2,0,0,1,0
44,1,166.48615583166608,76.78391073539673,27.70218189708446,106.6882591322875,69.18622154749039,3,1,0,1,1,0
51,1,162.03269496573597,83.85227794381424,31.938135163749315,108.66668569806711,77.18383139836573,1,1,0,0,1,0
47,1,170.9690256403207,62.4929272195413,21.379423715264284,123.01151040297177,75.17938664132662,1,1,0,0,1,0
46,1,169.19107497921212,82.242160580508,28.73026366029126,130.3727057616491,75.98853017408271,1,1,0,1,0,0
47,1,152.51976361478438,78.3799466726427,33.69401125936098,128.39912298283326,75.71267273300317,2,1,0,0,1,0
49,2,162.83967626862366,77.65345229895536,29.284668190650088,116.08733703099537,70.95279175726438,1,1,0,0,1,0
56,1,162.81397480932515,87.88501419332566,33.1536592338069,153.225483901584,90.49869388465582,1,1,0,0,0,0
61,1,172.43113841945723,44.257687252280434,14.885290836162266,124.44097266667833,77.57420836184104,1,1,0,0,1,0
55,2,169.54158384570036,86.80807879578646,30.200050745280095,100.6776598902443,69.49811371343941,2,1,1,0,1,0
65,1,161.24360816128103,75.0330537185753,28.859420501834308,133.38153320929646,83.09320787373825,3,1,0,0,1,0
44,1,182.73254518553233,76.41133549099831,22.883686190708577,153.87976193058077,80.53116254915588,1,1,0,0,1,0
46,2,163.61010183297654,85.58768096819749,31.973562582245197,136.28686606301326,95.48371662621047,1,1,0,0,1,0
55,2,165.93697063050826,70.8305284282223,25.72374331283086,129.38291996463488,92.18996537521696,1,1,0,0,1,0
62,1,167.20358608044185,68.87865851722349,24.637322296188437,115.8169866138868,81.21969364568321,3,1,0,0,1,0
41,1,176.53471534083195,67.23396122341985,21.57388980479199,134.91576433264578,97.11047694744768,3,1,0,0,0,0
57,1,179.04819902729673,80.2243396639077,25.024547724226007,136.97645818648516,84.66694887796496,1,1,1,0,1,0
47,1,179.94536913854972,56.07122688941071,17.31644387720059,116.53309574138171,79.63193591807338,3,1,0,0,1,0
51,1,176.97804410974808,85.09300069162586,27.167836595786437,112.62070705243289,92.43571060361086,2,1,0,0,1,1
49,1,168.75389100582478,56.92135723176313,19.987922474353418,144.87469561990633,73.0455807678193,1,1,0,0,1,0
49,2,182.4306318452246,40.0,12.018892941751744,143.81623904050844,84.20947565508195,1,1,0,0,1,0
46,1,155.05292148214437,78.96205739048585,32.84418944146988,110.63127769952816,74.92216392432074,2,1,0,0,1,0
65,1,159.2626226014426,59.79007109445884,23.572266570959496,121.4451949515364,82.78845887530312,1,1,1,1,1,0
53,2,174.84856576607035,81.43530114168472,26.63719918080233,169.95919782110502,91.93457474395314,1,1,0,0,1,0
49,2,148.1052588878468,98.56539149947876,44.934870251063955,90.0,79.77912914766856,1,1,0,0,1,0
32,2,171.59334537700286,67.15391078222174,22.807118903859106,141.20753070854502,88.28950818101309,1,1,0,0,0,0
58,1,167.22902753361933,96.30698974931407,34.43772707589549,148.14650871589635,84.81246378145477,1,2,0,0,1,0
55,1,163.5108873058024,64.79976906936703,24.237069466363927,121.82891434033279,74.89268915895258,1,1,0,0,1,0
40,1,160.3010433372767,57.52001610413805,22.384443452545977,114.45265778051336,75.06145958963364,1,1,0,0,1,0
49,2,161.8926879969914,52.265195099045286,19.941513092122094,144.87574748542306,76.51708377912537,1,1,0,0,0,0
51,1,164.80869905400263,78.45180960280582,28.88302680032563,133.34244779016657,83.8742368381816,1,1,0,0,1,0
57,1,177.74788496812667,84.95783495231959,26.890232231780978,117.0976393959319,103.73865698892823,1,2,1,0,1,1
37,1,173.91335045626258,78.54780846023542,25.969777492354833,162.84163438525871,85.40665856164273,1,3,0,0,1,0
51,1,162.7985104740674,88.8722514253658,33.532453300043954,138.77428617569674,67.6416762281455,3,1,1,0,1,0
53,2,167.46947107537287,40.87451207379836,14.57408452956587,137.8147423047685,82.31546082491845,1,3,0,0,1,0
40,1,172.69504337791463,96.06878924990775,32.21236205340396,116.01595149447996,75.72334023450644,1,1,0,0,1,0
55,1,159.99425856799436,64.44388677626476,25.175200010800005,119.30430760990606,75.81985487367773,1,1,0,0,0,0
52,1,166.3992547347294,62.89064031314636,22.713458237796598,123.78721124161073,72.6180693129774,1,1,0,0,1,0
42,1,180.86820138363095,80.71362013048308,24.673024322272543,146.39825737386917,79.1869122330162,1,1,0,0,1,0
50,1,171.23421278985333,61.341694485632864,20.920626478777482,105.07910683225296,80.1199862074883,1,3,0,0,1,0
50,2,159.66283599462997,97.23570013036715,38.14328275896773,107.76729166522352,68.45685678386654,1,1,0,0,1,0
51,1,166.44996990222742,76.93906688064807,27.77022975954481,138.74834750977956,95.8077874613818,1,1,0,0,1,0
48,2,158.65037818400353,75.04429211805994,29.815043131004202,150.51509625009845,64.36043067510526,1,3,1,0,1,0
57,1,162.91423627568366,79.98153995541571,30.135034157806864,132.5829360480627,81.32636801866663,1,2,0,0,1,0
38,1,141.49198897352392,74.17734869836899,37.05165429312791,132.98475238310783,71.35824202069098,2,1,0,0,1,0
49,1,155.9321802931325,71.32541553038939,29.334102671662347,121.76429992314375,83.70975223074127,1,1,0,0,1,0
57,1,164.64372669624757,100.59212675137252,37.10851837906429,140.26463378396477,77.43460259176078,1,1,0,0,1,0
56,1,153.8777850846599,103.6252635776381,43.763676120942414,119.08809449623021,83.36970679846412,1,1,0,0,1,0
52,1,153.55853607930007,69.15678967638232,29.32830055733078,144.78952655407073,77.14131265203646,1,1,0,0,1,0
49,1,154.87678011452832,91.2763473513505,38.05271340520302,125.37990338986917,65.10981693770209,2,1,0,0,1,0
51,1,163.01588241714188,78.26194013020029,29.450371095240698,125.05435149809406,64.02813291865698,1,1,1,0,0,0
44,1,156.9646854871726,40.0,16.235141680973936,118.05368271045674,73.83283807002248,1,2,0,0,1,0
58,1,163.2515841877874,100.10108636761346,37.55986149335695,118.87706022860209,85.71199148432015,2,1,0,0,0,0
55,1,171.6815600251999,68.97488084143524,23.401497901390538,146.85258134102764,74.66120956582948,1,1,0,0,1,0
47,1,168.76411918832454,82.73630994091327,29.04931615463618,118.0858442739775,97.01767832134286,3,2,0,0,1,0
55,2,157.10375004783174,72.34215252043721,29.310169063033964,95.25837573712494,91.60603210398546,1,1,0,0,1,0
40,1,164.21026538226442,72.75747000480926,26.9821767592085,160.88538754388804,72.90296184057621,1,1,1,0,1,0
45,1,165.34932537263705,70.7182889154308,25.865858021211867,112.48683484426942,91.80408729382435,1,1,0,0,1,1
60,1,163.7648730846291,98.35266704296264,36.67284773621173,141.3936844185113,86.29986768477438,1,1,0,0,1,0
62,2,171.6225549456863,67.532294811496,22.927820956315557,137.41381585060552,79.2416801898545,3,1,0,0,1,0
47,2,156.8415704069974,65.15590063540637,26.486915626216913,153.91898561503422,62.997419411014526,1,1,1,0,0,0
48,1,162.359389072011,68.78807590701177,26.095062710647156,90.33416935343986,74.89446220426831,1,1,0,0,1,0
47,2,162.28763435677897,90.4693202048004,34.35029472831845,140.63028143324567,76.00185514350787,1,1,0,0,1,0
50,1,169.85464987115344,93.82040276150829,32.51939162034755,116.28056433099115,81.18689949063852,1,1,0,0,1,0
51,1,174.22476104760452,76.61983344821441,25.24186551242346,147.24835733097032,94.3619145665911,1,1,0,0,1,0
54,2,165.83644547280338,55.94309154237009,20.341665183543142,108.55994803526644,80.40942442845974,1,1,0,0,1,0
59,1,171.10590481663064,52.50065734244785,17.932248424228803,108.99590846741307,72.6859849403536,1,1,0,0,1,0
51,2,167.0778387303828,94.15888352760754,33.73056399006171,120.34664292735643,74.74756841677623,1,1,0,0,1,0
53,1,179.00440348661778,97.7451161416373,30.504761762985307,150.96173092510963,67.11134236204721,2,3,0,0,1,0
44,1,148.9428704164396,68.11310807906011,30.70373856744753,157.3252962235971,109.62803966677934,1,1,0,0,1,0
40,2,169.37981775738945,83.87108673698957,29.234047467654975,151.12349007690398,93.96163304137357,1,1,0,0,1,0
63,1,161.6399523598126,74.26649892296241,28.42467601638236,131.61450472133987,75.8968064458988,3,1,0,0,1,0
57,1,169.53222442450357,86.40151879981904,30.06192977292179,120.13959237185358,77.84434618696731,1,1,0,0,0,0
48,1,176.6582083258077,70.47026503779705,22.5807447667673,109.8914656576578,81.15511665809203,1,2,0,0,1,0
51,1,170.84080755290358,71.26613417109243,24.41743104078406,113.07300250084536,80.97523962564158,1,1,0,0,1,0
51,1,185.04639074863226,86.00073310314362,25.115447215572654,141.66640054929587,73.91095414693002,1,1,0,0,1,0
65,1,158.56483622783975,80.52595164229612,32.02743063653512,126.92534802627543,66.01454399201477,2,1,0,0,1,0
48,2,171.25430574691393,65.01459370013741,22.1680684510423,121.08076305437929,74.73363227480543,3,1,0,0,1,0
56,2,169.14926680249246,61.98266872662904,21.663570262228735,114.4770379436296,87.16026352777295,1,2,0,0,1,0
50,1,167.94646179748628,58.915913976525985,20.88771349019669,149.59971033603887,72.74320730132662,1,1,0,0,1,0
59,1,161.45105685592415,52.16158727408134,20.011010230070504,90.0,91.5437092235381,1,2,0,0,0,0
65,1,167.62959324225702,62.10217739201285,22.100670263657683,122.33436567763023,72.07254987377475,1,1,0,1,1,0
56,2,163.68937326424555,68.58521191981791,25.597026210442156,135.88626673358593,78.10762164741784,1,2,0,0,1,0
41,1,164.76274167424737,85.17779444634485,31.376779833233396,122.68095920816535,77.78920652825762,1,1,0,0,1,0
48,1,158.03676178358165,91.02930885010392,36.44726972385694,134.4668134729236,73.32761880691866,1,2,0,0,1,0
56,2,163.53436747844069,72.95123555742225,27.27812912220769,104.55979206089765,82.72469792845372,1,3,0,0,1,0
59,1,178.6941423573486,96.29253722742675,30.15587936191718,137.66400236650347,66.2313058810737,1,1,0,0,1,0
50,1,162.98202697404554,50.64239867920975,19.064913466736822,163.03897604036712,82.6368954455643,1,2,0,0,0,0
47,1,166.60441966011498,72.43099281202909,26.09464553527798,151.24633964505858,93.42553389935381,1,1,0,0,1,0
41,1,175.24356135257926,78.4206668046041,25.53561899601964,136.77222022050677,76.47295991149875,1,1,0,0,1,0
42,1,165.81021043727674,70.35850336501998,25.591400400476502,124.35990856821375,79.88592539968609,1,1,0,0,1,0
65,1,158.93337317678828,76.52005150966023,30.293193010225433,114.37367742120242,93.11441820558241,1,1,0,0,1,0
49,2,156.07445966572396,79.58567057031571,32.67165991331059,151.30657224580594,81.59155853533213,1,2,0,0,0,0
48,1,168.4272109199028,77.41308458407168,27.289140582066306,115.04147293077247,95.14151872346508,1,1,0,0,1,0
49,1,150.75413904383316,68.64376250410561,30.20386986938188,142.92980045746967,78.75509257959935,1,1,0,0,0,0
58,2,164.29183117852293,76.81095830926829,28.457139511597987,135.76279574700243,72.59510976046163,1,1,0,0,1,0
46,1,161.61523879775115,44.00411152961339,16.847235248355776,127.18236195732925,75.66091831465138,2,1,0,0,0,0
61,1,158.37137854988134,75.47712034264342,30.092753531948887,138.77120186449673,69.97062154761132,1,3,1,0,1,0
65,1,159.26922933717177,82.88452485115793,32.674556003136445,141.32764866620874,97.94782397887603,1,3,0,0,0,1
56,1,181.62495648558956,93.22693865617961,28.261185571687715,130.50691785013564,63.44939144152847,1,1,0,0,1,0
38,1,158.8572102029899,53.28367472154091,21.11447589110145,91.42752899578261,98.24706823467656,1,1,0,0,1,0
45,1,159.084925650442,69.42388983811928,27.43158393220964,120.27529640488079,95.91516573546167,2,1,0,0,1,0
53,1,165.61181744010997,81.12087494958399,29.576717950658974,138.23272217815946,89.46339586413025,1,1,0,0,1,0
61,1,160.4810250121814,55.04463998892608,21.373106828142546,145.003763908516,77.18827459691421,1,1,0,0,1,0
49,1,160.92739019151756,59.94259273633843,23.14598073596874,138.25627978553263,76.54226310100222,1,1,0,0,0,0
55,2,151.71556502719665,79.4942736880275,34.53628090040004,148.82789635035383,95.4010846723678,1,1,0,0,1,0
59,2,167.43655333362557,48.271885719729696,17.218436513711588,121.13104372670477,85.71407022965546,1,1,0,1,1,0
45,1,154.49070624846337,51.89066515926304,21.74125053440786,136.25821373928738,65.53949325271566,2,1,0,0,1,0
51,1,168.22459191226804,67.87096740516486,23.98308643261637,123.95447806281769,91.12781182294779,1,1,0,0,1,0
52,2,145.67335663285806,80.23014238777154,37.807443175887016,131.62041818814865,68.94899529133531,1,1,0,0,1,0
39,2,164.71220018313576,88.85894317815075,32.752888512594254,123.63044452059424,64.02235812529631,1,1,0,0,1,0
41,2,174.79421378707457,62.63242828820785,20.49958861105594,148.4002893196409,72.44125517519475,1,2,0,0,0,0
55,1,160.92651948318138,59.38263968224482,22.930010945957296,136.33768970835996,77.61794476028136,1,1,0,0,1,0
64,1,167.53529214728488,78.59925246100977,28.003079990212836,141.33710811852535,87.82109193289097,2,1,0,0,1,0
59,1,158.28109724337776,68.71971098752189,27.429836557950114,149.7563030836058,78.55837845552391,1,1,0,0,1,0
49,1,169.16025942372914,84.95460053687081,29.688634091487167,148.26835215653625,82.26329031512799,1,1,0,1,0,0
55,2,171.17707779409326,62.68573918623123,21.393287868883775,138.549855958401,74.140557127244,1,1,0,0,1,0
53,1,169.71096463231817,75.49290648853062,26.211166073863296,99.52081225806995,60.0,1,1,0,0,0,0
57,1,146.40192682301767,87.54222706238309,40.84359918482886,117.97838508229154,82.80602251893896,1,1,0,0,0,0
56,2,160.526092468576,76.07468843551764,29.52221331598466,124.57630518252766,70.85098091634998,1,1,0,0,1,0
44,1,176.3471655071374,93.91240174886731,30.19854234776018,123.16335870529309,99.86506240019831,2,1,0,0,1,0
40,1,168.440387262524,69.07898910670772,24.347451592985767,154.31428989567405,83.17879866661795,1,1,0,0,1,0
57,2,171.0056170631382,80.91525230366149,27.670030677808146,138.46792646410594,88.23144666020114,1,1,0,0,1,0
59,1,157.14807646521712,62.69788056455129,25.38836428748514,143.7476173183757,84.08512670427936,2,1,0,0,1,0
49,1,179.66891776971423,73.87787664920893,22.885926615632147,114.97006834702788,69.93976609377312,1,1,0,0,1,0
51,1,154.99749156238786,78.5813669686388,32.70922392030436,141.67335367672447,97.20472395675301,2,1,0,0,1,0
56,2,154.72141347646786,75.70446920031952,31.62428171597029,140.82595072906847,107.28092237724687,2,1,0,0,1,0
55,2,165.81777921731359,62.75353527503823,22.823172275259004,130.74523617739692,83.91144358073362,2,3,0,0,0,0
47,1,165.74201736581006,74.21537783327544,27.016473637468245,152.4180086922125,83.34379523070103,1,1,1,0,0,0
55,2,159.98987927308147,71.34334022058633,27.872018225710896,101.0014434269993,87.53612519096444,1,1,0,0,1,0
51,1,171.03404320635843,73.4423928569941,25.106241001289657,149.03712664011323,66.1571569392699,1,1,0,0,1,0
46,2,168.0283828029517,73.51373993882166,26.037736195090677,128.65049327052455,65.5111945699536,2,1,0,0,1,0
50,1,161.9112083589427,79.14365002070694,30.189939842431965,112.22525476543028,91.11636870349348,1,1,0,0,1,0
54,2,147.95699279891886,76.15877255775499,34.78956066987567,116.34427904301364,86.22294782943085,1,1,0,0,0,0
57,2,173.34235741964432,53.81972944206673,17.911506418348043,125.9933352548188,76.94810631208264,3,1,0,0,1,0
58,2,155.62454556494566,82.12462474038315,33.909173588154076,171.39480455038446,108.39955119339079,1,1,0,0,1,0
47,2,154.64196716400505,61.36380135078387,25.660051526569546,150.73972218322422,91.14227718535813,1,1,0,0,1,0
52,1,175.36155325101606,60.73514391181714,19.75019090133358,108.65033961906167,72.04168884498867,1,2,0,0,0,0
47,1,161.76746435068452,69.87450749749493,26.701545762922038,121.4793482216508,79.74654670214116,1,1,0,0,1,0
59,1,160.4589603464359,69.78453295579389,27.103865175115008,122.76972983576717,91.57306974823416,1,1,0,0,1,0
56,1,160.19994740974406,42.18299539484441,16.43662614709927,123.9781474703319,93.8366815856522,1,1,0,0,1,0
53,1,175.80725409947541,90.1111465448229,29.15445544143979,96.90779139377966,85.09704215107384,2,1,0,0,1,0
45,1,166.42466016379433,49.903313364819,18.017478987935654,144.46636907357956,87.45741783363718,1,1,0,0,0,0
62,2,163.2985423286994,80.05617178495801,30.02134895418651,132.66419105924243,95.64634639495509,1,1,0,0,1,0
48,1,151.69844940193175,40.0,17.38191845122515,141.14564992384723,69.11815971505311,1,1,0,0,1,0
47,1,159.21887958961557,82.41523830378271,32.51010646448399,123.83922712625062,96.1400030271478,1,1,0,0,1,0
53,2,163.56855711096034,68.56969065521822,25.629052156479318,155.94151731156043,82.08393781098846,1,1,0,0,1,0
57,2,174.86877787866626,73.31132177646754,23.974331162522013,105.0251654073462,78.7726198382092,1,1,0,0,1,0
55,1,156.9089972783512,59.06977793634184,23.992176300116874,106.92218350550922,82.46988312233901,1,3,0,0,1,0
48,2,167.15928840461154,81.55989788185033,29.188760022178496,140.24163285133028,95.68299431394885,1,2,0,0,1,0
48,1,170.64621712360378,78.59663374298546,26.99048043883265,115.83969545945943,71.44430039046048,1,3,0,0,1,0
54,2,149.0913144076579,108.17875084339357,48.66730250493133,143.1427433106931,93.47873414368343,1,2,0,0,1,0
55,1,163.71435434833595,70.35152593795402,26.248228762893632,132.17701982213669,102.11620108996017,1,2,0,0,1,0
52,1,165.03432141301204,82.29106995001891,30.213717588292536,130.74089108269936,72.84314075047816,2,1,0,0,1,0
48,1,153.20093432793018,85.55308734131297,36.45128631735884,121.63030764666723,70.39489596270327,1,1,0,0,1,0
48,2,162.99588864998702,75.87069545704576,28.55753809925232,134.04242743248986,84.94798734706731,2,3,0,0,1,0
46,2,155.57785531436545,69.76687938178745,28.823966019121002,90.0,77.13996761316993,1,2,0,0,1,0
60,1,165.3289935272983,98.72430527888946,36.11819534079523,120.03704835372936,82.32112026307816,2,1,0,0,1,0
45,2,170.8216020989549,69.92072796169846,23.96185080611723,126.0915308995421,68.19787643930717,1,1,0,1,0,0
56,1,171.61006315789433,47.61651586491848,16.168588655131604,158.2259575894308,95.2903764752079,1,1,0,0,1,0
50,1,170.22639527841838,62.15276629100609,21.448980665864898,133.76368808544515,64.99150414864422,1,1,0,0,1,0
41,2,167.31819819727608,53.08108653005248,18.960659786262312,126.80146785531048,98.84142128318175,3,1,0,0,1,0
60,1,164.7870603351178,71.31108194101789,26.26097298698984,145.62591259623306,88.75401879697941,1,1,0,0,1,0
47,1,164.75426545569627,81.1692697654347,29.903243994304614,114.115843993592,97.45965517772561,1,1,0,0,0,0
56,2,165.69048700417753,79.78615311316491,29.062460314921797,102.98609791623417,74.67732094888471,1,3,0,0,0,0
51,2,173.62977468403733,88.14710109473282,29.238805804169115,90.0,76.82251735937014,2,1,1,0,1,0
57,2,166.50182029759654,65.58089811204417,23.655895239596298,128.74724091335264,82.81341322704283,1,1,0,0,1,0
46,1,157.32119691266618,76.53395396926386,30.922860912756928,147.10154222216994,72.51891040745814,2,1,0,0,0,0
54,1,159.90198824122527,55.78983281594425,21.819627506841027,134.9415517389894,86.72719860828734,1,1,0,0,0,0
62,2,163.67332694925966,68.41524179425373,25.53859762298284,150.50928461064717,84.52093419119997,1,1,1,0,1,0
49,2,165.02080185985258,89.07088471775637,32.70833068751073,140.70444290326245,83.40392890459225,1,2,0,0,1,0
65,1,168.28707123479498,57.24979296879775,20.214938103159298,126.00016391317149,79.98432000583418,1,1,0,0,1,0
56,1,166.33423913601357,88.45572480450926,31.971472108117784,99.15496664757704,82.06130923348404,1,1,1,0,1,0
36,1,166.07128591042257,66.31868139168353,24.046218309705115,158.344447100974,81.75277919627415,1,2,0,0,1,0
56,2,157.43081231158152,78.61515713188653,31.719535153184584,115.01663272857638,82.17140573569056,1,1,0,0,1,0
49,2,163.20945061070938,79.25391090004003,29.7529543932718,148.27685348926997,72.20919910738588,1,1,0,0,1,0
58,1,161.73097981375332,55.67388703679709,21.28458116627949,123.60719825748069,74.25818048979454,1,1,0,0,1,0
61,1,172.59637298814715,55.827755992342674,18.740744577275123,134.63209995315876,73.08986017268536,1,1,0,0,1,0
55,2,183.063524404847,77.76316164558192,23.20439613549733,114.69179968721333,86.21795450514419,1,1,0,0,1,0
45,2,156.9314368990943,60.749396663903646,24.66732560905369,135.46960944632184,94.91419231039455,1,1,0,0,1,0
49,1,161.35760741481644,76.55850122970362,29.40454960047685,130.4984396541655,83.28921256620752,1,1,1,0,1,0
62,2,159.12400704017358,91.33944260991922,36.07338889840314,137.58811653059757,87.10174689850744,1,1,0,0,1,0
49,1,158.95637214203836,94.04086929017308,37.21866148774812,113.2751100653577,80.44497522150778,1,1,0,0,1,0
54,2,156.50008054296734,75.28176205383352,30.73694110020211,159.7094023994174,83.49201692441916,1,3,0,0,1,1
51,2,160.2689449693864,52.32378010673367,20.370437465132927,109.53165124237042,78.58644714211115,2,2,0,0,1,0
37,1,164.78961457212353,94.84751010852978,34.92740005176181,118.68840646233421,90.65048835597341,1,2,0,0,1,0
45,2,158.65210262803302,75.08262429134284,29.829624008433537,114.42012584542402,80.98960755825301,1,1,0,0,1,0
58,2,150.43085891758787,82.43300150134803,36.42732185455971,137.19693801830792,75.92487760076482,3,1,0,0,1,1
52,1,154.34788070132225,63.72257801891572,26.748041989043127,138.0040848317435,85.3047253405812,2,3,0,0,1,0
60,2,173.43005428971037,65.6263666828821,21.818738672763036,113.5709441567574,74.49644708817134,1,1,0,0,1,0
40,1,151.93573576595625,62.146820368540304,26.921487165997018,90.0,87.84553328850856,2,1,0,0,1,0
51,1,178.75306759298059,69.04589176312754,21.608809266029745,121.27804534846736,70.41998640313045,1,1,0,0,0,0
63,1,167.28833965689384,61.92558153006809,22.127826219609883,118.12572628761406,82.90170456487623,1,1,0,0,1,0
61,2,181.1701292842799,66.85812882311521,20.369530979120366,148.8547903993953,107.0830113888986,1,1,0,0,1,0
55,2,202.14607900054878,43.367635126577454,10.612925039231323,143.08678597795563,79.83526890809406,1,1,0,0,1,0
59,2,167.232144642504,80.15114045600319,28.65960414832449,123.71719271772076,84.5006106605378,1,1,0,0,1,0
65,1,164.44395097785676,89.5200149488464,33.10429478420069,128.01137743810094,73.86478003634008,2,1,0,0,1,0
51,1,176.37302493759012,68.65143764255522,22.069134901173694,132.11757675525655,88.93898891357465,1,1,0,0,1,0
57,1,163.8397894094137,70.90373655597678,26.413768093124684,108.27638023246843,86.69270336897749,1,1,0,0,1,0
46,2,171.93299273655674,52.528442066980205,17.769535476545467,130.95766716301725,94.09589471025824,1,1,0,0,1,0
54,2,167.40462813872904,64.59656651984125,23.050190217360164,95.18577015890097,77.36523900610015,1,1,0,0,1,0
47,1,162.67435967034052,70.04153931327414,26.467777203616222,146.2759704787704,77.64450952480928,1,3,0,0,1,0
55,1,152.53882127232015,67.35794296289095,28.948631876190976,111.19537082110047,76.47658200498415,1,2,0,0,1,0
51,1,164.46987858835234,70.86676401876963,26.19810379323873,128.68897951979457,90.76410465084089,3,1,0,0,1,0
65,1,158.83736246693405,106.59172240918758,42.24916656904675,121.45343808206123,76.17191759332493,3,1,0,0,0,0
46,1,163.78396766613096,88.27321786354781,32.90684026200657,111.67065477106966,78.23312878240478,2,1,0,0,1,0
64,1,174.13001621646254,70.04045216121912,23.099451103459696,151.73365812611314,84.43350378327831,1,1,0,0,1,0
49,1,162.40734770483442,66.35670533155492,25.157846734306016,129.64366893604387,74.58038329078938,1,1,0,0,1,0
52,1,177.26957756133876,71.32292990877484,22.696597497977383,117.67114567841924,79.8164565438367,1,1,0,0,1,0
58,1,152.25628997181698,94.22547628894836,40.64600395859918,135.67114692917738,89.11908204410669,1,1,0,1,1,0
39,1,166.62519790956213,99.09576923220052,35.69223606598386,128.99945098312386,87.27919379348302,1,1,0,0,0,0
64,1,147.4073911977632,63.67198156028974,29.302848896435055,107.28827755226607,76.05202613721973,1,1,0,0,1,0
38,2,156.60558639860696,56.604905071628714,23.080199917646837,125.92232051346146,60.0,1,1,1,1,1,0
58,1,160.02828050556514,74.63067601247704,29.142304917964122,160.29551389855388,90.53253085398651,1,1,0,0,1,0
53,2,169.1738640381497,102.00585735703685,35.64171330287798,121.42967388713173,86.9970062049478,2,2,0,0,1,0
55,1,172.00377479052491,51.16532525221653,17.294172367148192,141.7358160876643,80.20263909387319,1,1,0,0,1,0
58,1,165.4355480509307,81.79726503745272,29.886916753396807,126.85256679462388,74.113207580224,1,1,1,0,1,0
53,1,161.26403034734795,64.7011594996189,24.879236271026237,148.87266037172333,73.53162368464164,1,1,0,0,1,0
58,2,161.64117532217165,67.62477804556174,25.88223961064905,125.46437786861148,97.27978289397656,2,2,0,0,1,0
58,2,160.89236553438846,82.49705676849983,31.868937216865024,125.83334672742777,72.79534426400211,2,1,0,0,0,0
61,1,164.95143335466787,78.03239400968828,28.678916776809796,176.49538337276118,86.06397142264105,1,1,0,0,1,0
57,2,157.8076774804564,63.66953473118605,25.566743822959605,140.00222166771013,67.65875604746685,2,2,0,0,0,0
61,1,155.66386257320266,81.48957364255605,33.629966932998144,150.02029540279995,86.47889157899844,1,2,0,0,1,0
49,2,155.50590138077123,112.33528233150912,46.45392679723139,124.0281559706918,69.37331423065402,1,1,0,0,1,0
48,2,161.6512007805147,55.24019211868966,21.13962652554009,143.05878782007161,84.83016989405058,1,1,0,1,0,0
46,1,181.42995562082305,80.97172654862176,24.598884372801365,144.62256113716722,90.8466105001683,3,1,0,0,1,0
46,1,160.84430748160142,66.242832853158,25.605160724841436,90.0,77.41411219619043,1,1,0,0,0,0
47,1,149.84428975902603,84.19998881218471,37.50003202734024,107.35576163425668,88.01953552437966,3,1,0,0,1,0
51,1,164.32567083240463,56.563509850869075,20.94717796614958,142.91917755639665,69.37946182000975,1,1,0,0,1,0
36,2,168.64011120529145,63.70342630730606,22.39963965133543,126.36085397552358,89.82724017885164,2,1,0,0,1,0
44,1,166.16332030481095,76.69248276811163,27.776816763668585,110.47314093509303,78.68289249659834,3,1,0,0,0,0
53,2,165.72679131375983,65.07482502502047,23.69340975322815,117.75264402138878,75.10433490990398,1,3,0,0,0,0
57,1,177.07905369854373,74.7747047617274,23.84626259090151,115.68234389400641,60.0,1,1,0,0,1,0
47,2,163.76741005326673,87.90623815326106,32.776662837611525,116.57031474610085,80.54983506247731,1,1,0,0,1,0
48,1,155.959850738784,71.36252227046185,29.33895018942711,126.0806849799985,85.2771305410852,1,1,1,0,1,0
51,1,169.32825500891312,59.452971034653366,20.735508818382854,135.21792075065983,83.8405346973933,1,1,0,0,0,0
53,1,154.14925047210298,93.59145361976567,39.38704124630529,119.37043328563846,86.6345535458589,1,1,0,0,1,0
54,1,169.22231968039443,66.67831546030368,23.284629471266204,99.78921897079267,74.29146056408285,1,1,0,0,1,0
52,2,174.6132435992277,89.96369307585756,29.506175116432825,142.11248171049675,70.4345370553019,3,1,0,0,0,0
59,2,174.3791764064427,72.22416184512919,23.751621633919765,103.59679210035958,88.18456483472518,1,1,0,0,0,0
48,1,153.08883641393396,63.59747370001187,27.1364367338021,111.30691093808882,95.98152219370769,1,1,0,0,0,0
54,1,163.6612624784339,97.64131580703746,36.4537179751373,123.64887763068067,77.26620416255652,1,1,0,0,1,0
59,1,171.50108804497856,71.95288506017636,24.46326686654744,134.67825680125947,72.88789203116407,1,1,0,0,1,0
64,1,171.13577630053237,62.46906667998589,21.32963378425571,120.07273809602448,70.24322037110619,1,1,0,0,1,1
65,1,155.13634740805844,95.66014951081092,39.74696123593695,116.89373275863053,101.32018742340226,1,1,0,0,0,0
54,2,155.0849621464586,126.04273793872883,52.40569099252391,138.35208930605768,70.67739605781927,1,1,0,0,1,0
45,1,166.85293136975443,61.70924278617093,22.16575534386308,129.0881778591957,88.38623239685155,1,1,0,0,1,0
65,2,164.44008572159208,84.82534603522731,31.369691734480092,104.00927981284865,95.88163306341322,1,1,0,0,0,0
32,2,182.49695467500288,79.10048726666265,23.75023522218488,115.68657389708594,82.06271800128323,2,1,0,0,1,0
58,1,168.75935788646456,43.463950768244544,15.261368241687991,147.63049297610408,110.5572681056728,1,1,0,0,1,0
56,1,166.22256769061653,60.23975041684524,21.802344136582228,141.98630541666373,76.25215033947116,1,1,0,0,0,0
60,2,152.71471678485997,106.06279927687908,45.47799430364136,106.23065188358993,67.82069890810246,1,1,0,0,0,0
53,2,161.7252879450316,83.15048880441228,31.79134781274431,123.22973263236995,86.52840610255248,2,1,0,0,1,0
56,1,147.34397735923977,77.78762968380853,35.829913544769155,131.36099916534656,72.63790660568651,1,2,0,0,0,0
58,1,169.091605784863,60.47776636082015,21.152010139521227,119.43171998674485,72.55902190690288,1,1,0,0,1,0
54,2,162.27764315327866,61.01176488556642,23.168408653059235,139.8974198432074,77.64481732511915,1,1,1,0,1,0
55,1,172.81403386288596,84.63681446663671,28.34009447830853,153.72303749062718,94.36045421787976,1,2,0,0,0,0
52,2,170.23738043666904,74.05387907698373,25.552768290814925,157.78591697727194,80.28427392492245,1,1,0,0,1,0
57,1,179.689256104782,58.83126346285909,18.22065369428721,132.47392213350423,76.29227624375622,1,1,0,0,0,0
59,2,158.99050700675434,63.30218844411067,25.04242235449837,131.77058847892255,69.26697314910652,1,1,0,0,1,0
55,2,152.95460109341585,69.05468658755004,29.516718066468464,110.22243115817092,60.0,1,1,0,0,1,0
42,1,169.7252350102948,78.78449928848086,27.349408737814063,133.65263277004996,79.12788392439992,1,1,0,0,1,0
47,1,159.6713907076227,57.503504164628794,22.554857873608157,121.42486220275215,77.94084288800244,3,1,1,0,0,0
55,2,166.9596494582802,73.01992806757163,26.19499695650495,142.7034109799744,77.6379527213816,1,1,1,0,1,1
47,1,162.001900644499,65.63330443221896,25.00829309192377,107.932662670004,91.5371857857998,2,1,0,0,0,0
65,1,170.49806676314847,70.43325070623132,24.22918549613332,116.68048266982535,83.9437264604728,1,2,1,0,1,0
54,2,167.42245247892077,68.68077934289029,24.502354324686852,121.71085984615843,88.39158886255909,1,1,0,0,1,0
60,1,170.26267996725565,64.40067423108496,22.215264282924366,141.5307963624891,79.97089424327142,1,1,0,0,1,0
57,1,151.6226512949869,75.27676135976556,32.74407701520766,100.17717607996443,97.07480712847209,1,1,0,0,1,0
54,1,169.96030677966098,84.66027930533097,29.30789886985999,161.49094112757749,86.34127877433173,1,1,0,0,1,0
50,1,165.3238230714132,44.83846237787958,16.40513587596335,181.5664942979568,78.71635298910887,1,1,0,0,1,0
53,1,174.09403713535,91.76928744287795,30.2781660728986,118.95583203671707,75.52765195687601,2,2,0,0,1,0
52,2,164.48801054047587,62.1611343467264,22.974731006940992,116.52785768484297,75.5515162948282,1,1,0,0,1,0
51,1,150.63299058951074,83.7191281982944,36.89644302476997,136.46103863915158,74.25757627315426,1,1,0,0,1,0
65,1,166.25443900199366,63.79504145566853,23.080245518252234,151.45003787198726,88.85298119309937,1,1,0,0,1,0
41,1,159.523491943647,49.89004085299049,19.604896963849004,139.7019219297322,88.77489144203382,1,1,1,0,1,0
36,2,171.06626544451757,50.94615098342968,17.409352929697544,139.57695829122045,72.60758072964377,1,1,0,1,0,0
44,2,158.8588542451797,93.49502717225256,37.04807612289463,158.99775053104432,88.80687581589176,1,1,0,0,0,0
42,2,159.08047342412686,97.5694786405789,38.55495803911987,120.47461516645262,90.57463928991675,1,1,0,0,1,0
58,1,170.33589049350192,76.5266403601058,26.375476658121176,142.47670001651161,85.38828514946233,1,1,0,0,0,0
44,1,170.45043763037296,81.95617236957092,28.20885288850637,90.1576902258166,95.34429872402457,2,1,0,0,0,0
53,1,163.37809001507398,75.90295632267245,28.43616740277881,114.67919612737137,87.69361152441594,1,2,0,0,1,0
58,1,169.52819358841882,40.0,13.917977257733481,111.33566103836475,79.03038195047415,1,1,0,0,1,0
57,1,162.6420405580049,68.93571086150673,26.06025310847211,126.85230584977741,80.91380990505569,1,1,0,0,1,0
60,1,164.15269761851195,55.357199849828234,20.543671676665067,124.99598946730637,76.75490569628325,3,1,0,0,1,0
53,2,166.47410528254522,87.95459397919888,31.736947193377176,132.03248096384303,79.14102155363791,1,1,0,0,0,0
55,2,180.7862899399375,77.01843954815199,23.564798501890728,109.40487655823911,79.66605408342895,1,1,0,0,1,0
57,1,168.71882138345762,58.30694120017883,20.482982455183112,131.3470240635647,80.39024170941119,1,1,0,0,0,0
46,1,163.9589984325449,48.84347936054847,18.169211479697154,117.94674541575772,73.62048232198298,1,1,1,0,0,0
50,1,164.16976392208375,63.476344718303395,23.551879065730848,137.70053695078983,74.69120248056358,1,1,0,0,0,0
45,1,139.6499916533965,42.61212313365127,21.849995161980893,155.3865450668627,91.82662078917555,1,1,0,0,1,0
46,2,162.79969367385138,83.36440297720306,31.453825821737027,140.39132486052375,80.46955799133146,1,1,0,0,1,0
53,2,163.9940996843363,85.64475049787487,31.845223603658404,116.42341263025754,78.47608955548634,2,3,0,0,1,0
62,1,172.1163295662954,75.25408110596011,25.403052458127867,127.11658538697725,81.1739849197622,1,1,0,0,0,0
62,1,150.52528229718968,55.032888972482894,24.28865192445344,120.13412070576634,72.47866009872845,1,1,0,0,1,0
47,1,166.18606190610285,88.47560848833601,32.03571085052963,104.25748423599501,84.46893488436291,1,1,1,0,1,0
62,1,159.95032221762108,71.21130625156242,27.834198086694673,117.58879797287976,82.63408322835822,3,1,0,0,1,0
39,1,180.88470203156282,87.96647792048347,26.88521575339938,135.4542750836739,97.34590589425983,1,1,0,0,0,0
53,1,176.3666043638928,67.96190346568467,21.84906351802389,129.37475157257722,75.3242478626785,1,3,0,0,1,0
59,1,166.4360234326597,56.19891627731198,20.28772171645679,139.09090975859328,100.11744370749715,2,1,0,1,1,0
45,1,165.348460343458,75.58942547326623,27.647809845885675,106.02446105301786,67.27318710305396,1,1,0,0,1,0
60,1,160.93431669487535,83.21959147750225,32.131297166982264,123.97344772851984,81.70171872088727,1,1,1,0,1,0
56,1,170.0165729180086,55.065742760275796,19.050175729766906,145.4126838839588,91.16973725331452,1,1,0,0,1,0
47,2,149.69017392329292,79.86590151625683,35.64304609994432,121.52543718106173,74.32469569759235,1,1,0,0,1,0
46,1,175.01537653708272,73.62010878950154,24.03499529676635,107.47456082462276,60.0,1,1,0,0,1,0
61,2,155.92922635582008,73.67619321741925,30.302058331992633,130.62084248286308,74.76903577062724,1,1,0,0,1,0
55,1,156.31563119539288,103.07530934524875,42.18420119086484,107.25439647247319,68.77924142649023,3,1,0,0,1,0
62,1,170.7651787578819,63.34532655520748,21.722807076060008,131.95136289227358,68.59528064139819,1,1,0,0,1,0
57,1,163.27184880364237,57.478698700063596,21.56176489558672,153.70687816102247,78.86943968184936,1,1,0,0,0,0
64,1,172.53142409449674,51.325797469528766,17.242462566422486,138.65728035862557,81.81293437028697,2,2,0,0,0,1
47,1,168.13134927485785,96.55781897290396,34.15781255326118,178.2606297059818,60.49277478213873,1,1,0,0,0,0
53,1,164.6981438853655,70.3364007912782,25.930012823122443,117.77042930443635,84.70290746359618,1,1,0,0,1,0
47,1,161.62159799465073,84.46824682144614,32.33662478826164,131.17080458185413,96.88649930119254,2,1,0,0,0,0
58,1,178.98496188978353,63.27454691218679,19.751312339773012,142.61167580797013,63.13623844184134,2,1,0,0,0,0
64,1,167.18394143355704,85.91463032979155,30.7381698732949,90.0,71.04592013279331,3,2,0,0,1,0
48,2,166.09979941690358,57.69521984096272,20.912291141073517,114.10495250353652,71.03674491101862,3,2,1,0,1,0
51,1,161.44188247664258,72.65248794937312,27.87520469169057,122.41127437442258,83.29808595544819,1,3,0,0,0,0
55,2,162.741521260084,59.11209123538501,22.319249197782643,154.9033817702803,91.40833501534195,1,1,0,0,1,0
41,1,175.85871604216084,62.14208878802478,20.093613812286556,146.23130145579134,85.32728452534155,1,1,0,0,0,0
55,1,170.44101724958824,58.153057258675545,20.018167394673725,116.36007076719088,76.57824619027743,1,1,0,0,1,0
52,2,161.65618796602982,74.00924815893346,28.320526664556805,136.1566469446608,85.17201206906131,1,2,0,0,1,0
59,1,169.60654688232597,78.76337282240414,27.380355394602503,109.92951953314149,74.14846501598566,1,1,1,0,1,0
58,1,169.58069224403758,73.46323586499737,25.54566698887142,126.84112542465456,87.90683562215062,3,1,0,0,1,0
45,1,155.92033568543815,51.09602928717562,21.017527766780574,137.70386323627267,100.53135950668714,1,1,0,0,0,0
63,1,152.8385711665063,60.37469649279007,25.845743062140958,118.61422623216203,89.49608028768591,1,1,0,0,0,0
58,1,159.58871044065845,73.25283156404122,28.76206649706203,130.49908046066847,72.49170499690506,1,1,0,0,0,0
60,1,164.46705489897016,74.19015003241033,27.42763858557727,131.0026563697873,79.84742462151921,1,1,0,0,1,0
65,1,167.7486426987062,78.49738183069623,27.89569217356187,123.82494268955224,86.60911067402255,1,1,0,0,1,0
55,1,163.78666053104087,86.59734736543395,32.28104110046743,120.70235179197184,80.5851841253842,1,1,0,0,1,0
57,2,170.69399467840628,103.4610632438024,35.509164429680894,127.54183837064558,85.80787911342921,1,1,0,0,1,0
59,1,178.07695258175485,62.49082329151711,19.706106081881153,125.12589775653927,90.18490777893986,1,1,1,0,1,0
53,1,160.98071522326396,52.7987372440883,20.373977898837957,123.96556413573309,90.00194475537941,1,1,0,0,1,0
47,2,171.53351622883602,88.60297901389116,30.112744798365043,152.19984947762705,85.13570939672785,1,1,0,0,1,0
54,1,166.66148766354,80.90366155821218,29.127128326695487,153.3585232591459,81.72891927825631,1,1,0,0,1,0
50,1,169.82969346665064,89.77493791645671,31.12632602208439,144.77337153651587,64.42477236206314,1,1,0,0,1,0
52,2,164.0408756789149,58.61671471449151,21.782981167096207,148.0555283612019,106.42186342709556,1,1,0,0,1,0
58,1,185.5223003943806,52.311099699674685,15.198530821763233,153.26851258874126,73.16471670858678,1,1,0,0,1,0
54,1,170.7566156089944,69.77444272151193,23.929922907739464,110.22244654743061,74.32484164429626,1,3,0,0,0,0
51,1,173.9856154146942,67.43580008477224,22.277365341147995,101.41879483763627,78.63826187519426,1,1,0,0,0,0
51,1,165.6341486731423,82.28842307289456,29.99431721013975,132.82868843130046,78.38736616159323,1,1,0,0,0,0
60,2,175.65183414573474,57.90911843224306,18.769019068321473,119.58165178648032,60.0,1,1,0,0,1,0
51,1,159.9536717806876,59.96565049793133,23.437653069886544,131.87601950978413,89.41598366268347,1,1,0,0,0,0
47,2,167.16489237916602,62.694102039800526,22.435540686051542,145.18869783896545,81.31639591243727,1,1,0,0,1,0
44,1,174.8127539383522,64.94544137479431,21.252129003602644,109.58416236463314,90.11014287749227,2,1,0,0,1,0
51,1,156.46522331792895,96.06437060724741,39.239791678182826,134.58919736195205,89.16998645352184,1,2,1,0,1,1
54,2,157.17441340581811,56.214334029301554,22.75534233975645,90.0,74.81237596538209,1,1,0,0,1,0
58,1,172.31715201910262,71.7914558093491,24.177742271553544,112.30425392067202,82.10375389388182,1,1,1,0,1,0
62,1,150.8557970338964,90.90071834493511,39.94324165142834,117.06314705008826,92.21906092710289,1,1,0,0,1,0
48,1,158.8996375651866,83.66001910301878,33.133868641590226,156.26335928821834,86.99019228921875,1,1,0,0,1,0
59,1,182.4857715453207,65.62744633677525,19.707316406930357,148.9771312521498,79.32706382907116,1,1,0,0,1,0
65,2,171.6413652585209,76.0797076268345,25.824083323057184,116.8221103101074,70.74637872442193,1,1,0,0,1,0
55,1,149.85900278998753,69.79572188868372,31.07872021722971,141.06732339901592,82.17059350342868,2,2,0,0,1,0
47,1,157.56277308087505,94.1112485290618,37.908299536504316,156.82846042515638,69.97209247361657,2,1,0,0,1,0
51,1,160.8080128526529,69.05336857076539,26.70358061387689,123.86452988406458,83.21911949000594,1,1,0,0,0,0
58,2,170.4551804589378,76.4959023065665,26.32799350215421,111.49898060005808,60.84419177531885,1,1,0,0,1,0
42,1,147.7016339626808,62.753270746566,28.76509197300715,102.46990152660246,99.99469920374344,2,1,0,0,1,0
57,1,171.1751740131922,92.65198785620058,31.620824188130474,128.30176693953973,74.62711716180533,1,1,0,0,1,0
53,2,158.61267279357892,66.81311154881999,26.55742298331279,127.8808981688289,76.63266339944363,1,1,0,0,0,0
47,2,166.15497125084016,86.85411336719669,31.460361742714102,130.69151291342246,90.92290560021189,1,1,0,0,1,0
62,1,158.3079014366466,50.416199141083354,20.11707882409162,117.1954886200008,86.8096021658624,1,1,0,0,0,0
48,1,161.30168650887268,87.11772966940342,33.48333689096224,121.8231792798189,82.47861347431227,1,1,0,0,1,0
65,1,165.0476532838652,70.88186149199028,26.02054609941433,169.41192537658782,81.47000458666479,1,1,0,0,1,0
53,2,161.0093299764954,108.05417822809318,41.681129509585894,152.89419033131145,88.13009042720613,1,1,0,0,1,0
54,1,165.15095419621088,95.14473177828938,34.883702305677325,135.50182559820524,77.7601936390485,1,1,0,0,1,0
42,2,173.1229847193656,72.03560986131653,24.034648521004065,121.4928461160549,77.85586369429356,1,1,0,1,1,0
44,1,178.81498417498585,93.64031830962402,29.285663244383432,160.88796390540392,99.07907539056195,1,3,0,0,0,1
39,2,163.29432638728997,69.39449019143018,26.024524215972804,138.30415879240508,74.91362337950314,1,1,1,0,0,0
50,2,167.05024177258875,67.49686315191568,24.187410359947627,145.79202198739407,91.96353404233858,1,1,0,0,1,0
61,2,154.9569219570973,81.16752590251635,33.80339701950418,149.31095645748007,70.61148603819024,1,1,0,1,1,0
48,2,149.57087181602657,79.17566355380818,35.39139339960065,126.671050083069,84.04713703354446,1,1,0,0,1,0
54,1,177.38511177906355,71.44968711503297,22.70732622766556,147.9679105783569,67.72385094105832,1,1,0,0,1,0
58,2,178.76344959707626,57.62073465465892,18.031063293641566,113.49486690915889,81.38188787461188,2,1,0,0,1,0
46,1,152.43863671523923,60.77248303513031,26.152720279714842,130.7681517399609,85.1882287336516,2,1,0,0,1,0
57,1,146.9176241061932,51.46373434802483,23.84259400513979,96.63054620488273,78.83261401392372,1,1,0,0,1,0
54,1,157.7454233421522,79.6571831317432,32.01189684626382,134.22337720062208,70.94255254899858,2,3,0,1,1,0
58,1,171.51534626111564,77.1253690509114,26.21750058242909,113.5552952898086,80.56634049152713,1,1,0,0,1,0
49,1,158.18511401172736,63.347784398522286,25.316298412645157,113.70269999102601,73.44272683242936,1,1,0,0,1,0
56,1,171.87987605204663,79.00027005760933,26.74105346077262,123.05469511951601,88.25573970119186,1,1,0,0,1,0
58,1,164.33001437814463,71.31353488919915,26.408162134938973,113.39534134773018,88.04882681595154,1,1,0,0,1,0
50,1,164.2003626241773,66.41217945577021,24.63199053301883,149.06083860253983,84.60476810610722,1,1,0,0,1,0
52,2,159.51651955766212,81.98834058402892,32.22112990657695,138.17252642039864,84.45620191438279,2,1,0,0,1,0
58,1,160.0942519914573,87.70526273748152,34.219540634186046,155.91196515426174,88.14146632321317,1,1,0,0,0,0
56,1,152.43920360311776,77.63588390491935,33.409437181356786,132.9247670794227,77.63972367628773,1,1,0,0,1,0
46,1,162.024230524445,88.82578002367507,33.83600611106906,139.29118492902214,99.98620570176654,1,1,0,0,1,0
51,2,177.51081696177476,59.909861527815394,19.012913407929613,125.07615829115319,99.64041052383605,1,1,0,0,1,0
52,1,156.4483973409161,76.56670795121552,31.28223235215279,141.28591270829693,90.01699683156914,1,1,0,0,1,0
46,1,180.8980572906773,105.71807629379848,32.3058703691573,122.91393333877153,66.39016333373884,1,1,0,0,1,0
46,1,153.20181493415075,81.87591405017046,34.88416571146815,99.07056716491832,60.0,1,1,1,0,1,0
50,1,159.40577725156643,78.06817922438324,30.723163780353694,115.67999729431962,99.86382994084558,1,2,1,0,1,0
44,1,175.1053430010148,94.16242555685382,30.709931039088232,123.06673917400845,74.89600929762577,1,2,0,1,1,0
57,1,147.55262867881083,58.61287706808787,26.921492791640983,112.56473456219065,85.24037562236884,1,1,0,0,1,0
55,2,169.38254125759005,92.08229063767757,32.09510683078418,150.17501351501036,67.43773059500116,2,1,0,0,1,0
61,1,160.19751738744398,69.7097311436994,27.16325713775963,136.55355863746723,74.22468399483108,1,1,0,0,1,0
58,2,143.24895548319543,71.38336223670144,34.78676729307811,122.59865352544892,81.60415301327501,2,1,0,0,1,0
52,1,168.20081599916915,79.74991271904194,28.18863327772275,155.76812153547766,92.3028457723486,1,1,0,0,1,0
48,1,162.3868453604394,86.60086278794319,32.8413142790487,107.02476379229142,67.46677754027674,1,1,1,0,1,0
46,2,157.12867736998783,83.82566455725872,33.95205732103852,110.98065207485064,92.45079550256979,2,1,1,0,1,0
44,1,169.9065059806947,83.12481872791938,28.79457635336854,137.1083799545674,79.94672961495321,2,1,0,0,1,0
53,1,166.53988417938086,67.31155320473991,24.26906782363951,119.68121509017094,72.39029214896836,1,2,0,0,0,0
50,1,161.0868500526682,82.82031670124765,31.916606438244926,96.82728672202428,91.92184869546004,1,1,0,0,1,0
65,1,166.74212624526672,58.73241097277139,21.12453503774861,115.57240647104446,72.37128904180564,2,1,0,0,1,0
59,2,165.85708693684074,59.25480419471115,21.540486151761776,141.35812966984102,87.70046084504453,2,1,0,0,1,0
53,1,168.40007442098977,71.40964615878947,25.180962306520613,169.50600317027377,93.30999058863235,2,1,0,0,1,0
56,2,159.91454007214261,54.145314374361995,21.173125559309792,111.0575489614731,88.4370378105269,1,1,0,0,1,0
38,1,158.30382417984885,61.696879853886784,24.619565766899075,90.0,95.37396009563318,1,1,0,0,1,0
57,2,158.38546612149298,58.45756533846133,23.302905267608285,119.09988174589037,92.86029410232045,2,1,0,0,1,0
62,1,161.55943786232345,89.65011087265228,34.346790746289024,125.50278268603589,84.84917036281819,1,3,0,1,1,0
57,2,157.93017409897624,59.30884817346036,23.77876317271565,139.27929206375518,86.73665314053376,2,1,0,1,0,0
52,1,156.68405895231777,74.86975694121796,30.496977272288348,136.94408549056294,93.56724677212827,1,1,0,0,1,0
51,1,161.02629578759178,54.37727256600091,20.971225750625038,106.8797499239504,62.64369578162166,1,1,0,0,1,0
58,1,159.08615879896385,66.93669591869632,26.448404584056615,113.07323447731315,73.49499517384669,2,1,0,0,1,0
53,1,156.82393635520083,80.4278476633616,32.70255956433722,110.08343436381699,79.82604416469921,2,1,0,0,1,0
40,1,170.3882841799649,82.75650550714956,28.505107595807075,97.39999707621706,89.80371719797989,1,1,0,0,1,0
64,1,153.10659120605752,72.70281538209487,31.014405032967233,173.36538965920386,78.15211065746412,1,1,0,0,1,0
56,2,158.87432953832257,86.01523309532088,34.07751431973653,146.05234297516182,83.2622011996681,1,2,0,0,1,0
51,1,168.93779402530515,76.25076957335658,26.717178585443413,106.70881198288782,67.54467444145264,1,1,0,0,1,0
59,2,151.68905516931855,66.1255661024725,28.738289181252124,134.8416802593534,100.75737360501671,1,1,0,0,1,0
55,1,164.09131359035146,51.98807112598985,19.307787978110543,127.36035001881714,68.73991628456692,1,1,0,0,1,0
65,1,159.9556475406192,69.2514481554306,27.066350596090437,161.50462978654613,60.06230137835553,2,1,0,0,1,0
57,1,157.87029990532548,82.17998520033429,32.97351082524895,120.29995993506898,79.2932466186706,2,1,0,0,1,0
39,2,149.66278873273947,70.2163627817882,31.348059504285008,105.19840656915218,78.76837530909779,1,1,0,0,1,0
44,2,145.94241845631927,81.11185459689908,38.08213198831687,127.25690466100929,88.39555645156054,1,1,0,0,1,0
56,1,154.4053545707485,59.54413822838494,24.975506254437462,152.3557835022931,89.24603093142866,1,1,0,1,0,0
49,1,165.9937464664063,57.81720910238546,20.983294206538066,124.49321519923754,84.80641128786871,1,1,0,0,1,0
45,2,147.49851864297491,61.17015723396967,28.11669562921237,120.13608740359992,76.91954559798288,1,1,0,0,1,0
59,1,149.54547521707002,89.89307822284015,40.19570941842466,124.19476292843768,83.32181057801326,1,1,0,0,1,0
55,2,150.22751597562143,70.7562200208209,31.35202893695412,98.74419252666193,67.55009136740253,1,1,0,0,1,0
42,1,180.69734558598128,66.4311769025746,20.345501565987117,103.47177843783622,88.81824431785616,1,1,0,0,1,0
51,2,164.06487602045715,69.4571025146723,25.803904915645262,116.52741338890242,83.35034811858392,1,3,0,0,0,0
56,2,161.89331435648077,75.00767594435551,28.618566809258674,114.73964201690167,97.88128831434798,1,1,0,0,1,0
50,1,151.34067504864458,83.81612026034838,36.594533940713504,130.74852938054647,75.6485721415264,2,1,0,0,1,0
51,1,164.1008075717288,89.04681193888696,33.06716320103505,108.40399158443591,93.65395675050351,1,2,0,0,1,0
65,2,167.67984285126326,58.02345168560942,20.63677570011364,140.4237857821246,66.70865501541176,1,1,0,0,1,0
49,1,170.39886982779544,85.17995028757953,29.336207062182883,124.0776279968147,90.6918423706866,2,2,0,0,0,0
54,1,160.64395720957896,82.29791158881986,31.890404440356715,136.18119709250877,83.97231950879939,1,1,0,0,0,0
46,1,173.49713767428457,68.34105590549845,22.703721775580597,121.85403414260007,84.91079628257137,1,1,0,0,1,0
59,2,160.32324185139552,69.94756188964561,27.213199730352848,113.94777498942715,67.66650240378884,2,1,0,0,1,0
51,2,167.638276902197,82.92223297893713,29.506969793015077,123.94474685561205,90.61244792033395,1,1,0,0,1,0
44,1,166.24396336854468,74.11351021057555,26.816717358129434,124.08700296902879,76.21883334025911,1,1,0,0,0,0
65,1,154.74988025069305,53.963325615791064,22.533988222037596,145.84949045955193,91.55149853094821,2,1,0,0,0,0
60,2,169.02818703213305,91.69790153602997,32.09527716797479,125.82857298837283,86.57722564918923,2,2,0,0,1,0
51,2,173.76994997194248,71.94300161140643,23.825345178579898,132.46823502961377,63.918025631574345,1,1,0,0,1,0
47,1,162.97430734678287,92.61833199776007,34.87053956855769,168.47727618576963,94.40282616905856,2,1,0,0,1,0
37,1,174.96138040854171,74.09178232015175,24.20391666882407,136.60770558531559,69.55037734326464,3,1,0,0,1,0
56,1,175.54092675024083,60.30617999068656,19.570640797024463,128.95033733621108,81.54680011532658,1,1,0,0,0,0
50,1,158.75048065381526,62.59113569071585,24.83606191996853,113.22962848952814,85.27500331667844,1,2,0,0,1,0
46,2,162.4486474672256,61.4659800566491,23.291776338904352,168.10077500569906,72.19950779909203,1,1,1,0,1,0
48,2,161.75340910322754,63.949562785196925,24.44165977160457,136.18154073119672,87.80148728959668,1,1,0,0,1,0
46,2,154.95532038631748,73.95496536667024,30.800257927369287,127.83800487111057,79.23723879822664,1,1,0,0,0,0
55,1,159.8973103609141,70.29961540835667,27.49607046209768,150.51719396313132,75.4843862914837,1,1,0,0,1,0
50,2,150.04613167032326,84.14952846871424,37.37679684104618,90.0,83.75196720727668,1,1,0,0,1,0
44,1,173.1175090862868,75.2771216865787,25.11776632274777,122.21677250219565,79.4711966809531,1,1,0,0,1,0
62,1,157.9112043950185,75.24250777302325,30.174311537830413,119.50863359552491,75.95976503756843,1,3,0,0,1,0
51,2,166.66309863719692,58.844281222247545,21.184848288255942,99.82500756014798,88.13326717041632,1,1,0,0,1,0
57,1,159.47767848588168,78.40121098382451,30.826410741987747,121.03105064838324,100.13337811201502,1,1,0,0,1,0
50,2,166.19965262426254,80.6161245226456,29.18513408529801,129.54975155334327,87.0950230426223,3,3,0,0,1,0
43,1,165.62865717877614,66.37669825521763,24.196061738110526,139.58061391603044,88.65743591291303,3,3,0,0,1,0
53,1,168.1395937927917,85.44439621626373,30.223419381755157,119.48934006216655,60.0,2,1,0,0,1,0
49,1,177.47855154702927,55.74357552964803,17.697139352600026,92.79512818881102,89.2144334828659,1,1,0,0,1,0
65,1,165.92917823890824,67.19989409499695,24.407486844531853,99.18763418642726,102.55216165716857,1,1,0,0,0,0
64,2,159.87219014993534,60.7015863819701,23.749484751978706,126.06176708058335,76.04114587156029,2,1,0,0,1,0
65,1,160.50088684250375,94.19699062574034,36.566395770116266,140.7710109437863,63.78694145151732,1,1,0,0,1,0
53,1,153.89717531953744,59.64158345470059,25.18186363478105,143.44171193748497,78.80256352819768,1,1,0,0,1,0
46,2,174.22463492239172,72.67265250524576,23.941529162004215,121.2908662170759,81.06815334274168,1,3,0,0,1,0
46,2,151.2451818473295,62.36400409021666,27.262827428721753,129.51285878431995,72.48686840313543,2,3,0,0,1,0
45,1,166.1734659902895,66.6006183999372,24.118756060344047,135.21544442125108,78.20022752299637,3,1,0,0,1,0
47,1,186.7358777727169,61.22437754756957,17.55774929765066,142.31735313654747,92.91330015020365,1,1,0,0,1,0
47,2,163.81248119300145,77.85916463815973,29.014544899895935,117.86085381179468,71.27940631041915,1,1,0,0,1,0
57,1,161.20081238497383,71.27099294345574,27.42700319602378,123.07102738967328,78.45530095233826,1,1,0,0,1,0
64,1,153.03800664732572,80.99610566285799,34.58322878138933,141.9753396890188,79.65541804689224,1,1,0,0,1,0
48,1,157.71667457860744,61.23090111423155,24.61588350036093,163.01528770170387,76.2792940953349,1,1,1,0,1,0
54,1,150.03389637728992,86.56130162717061,38.45430815856647,114.47376514933272,87.31965053672688,1,1,1,0,0,0
43,2,166.69564104253718,102.9920560880546,37.064252108661066,117.68322890764044,67.28327374411687,1,1,0,0,1,0
45,1,165.77780506320883,56.20685234311051,20.452033459562525,129.4004469547499,79.764360918923,1,1,0,0,1,0
62,1,165.64081748837629,67.99796340485335,24.783416470228133,126.90331108906754,76.08681315307906,1,1,0,0,1,0
53,1,166.46831782039516,76.20467769689242,27.499097995647958,107.5770663485475,88.87634859988366,2,1,0,0,1,0
61,1,156.04881502618966,51.89173479333913,21.309695280835264,131.54963558067854,78.62904301564124,1,1,0,0,1,0
41,2,163.92531737696888,74.42214050162926,27.695556146940778,122.85373510641168,94.6074139592879,1,1,0,0,1,0
52,1,177.00298843002946,82.8942275535009,26.458370355797733,118.99243950347544,67.96623753674714,1,1,0,0,1,0
47,1,157.41027442326188,67.23642275986575,27.13553866360295,108.65188380602129,78.71087244115785,1,2,0,0,1,0
42,1,168.90144303013602,49.042208162060504,17.191085342531984,107.65390391482073,78.2476290189032,3,2,0,0,1,0
48,2,157.16372450703832,101.68420114281551,41.16696559688328,116.80267906598492,78.48641001511149,1,1,0,0,1,0
48,1,160.98300125178625,88.23281519634456,34.04631371951649,124.54262121001528,68.43531923410872,2,1,0,0,0,0
54,2,156.94850593041497,70.64711683766218,28.680061024288502,102.89897671437237,71.3232288653885,1,1,0,0,1,0
65,1,156.36828545954927,55.53750404105466,22.7137587835265,129.03859446722618,81.36800056629608,1,1,0,1,1,0
65,1,157.4938420078299,67.7439510140185,27.311362531573742,121.17075030289315,65.38169853746649,1,3,0,0,1,0
53,2,165.3241080510715,75.45289379847961,27.606002569181534,164.95904498518806,101.67979120932388,1,2,0,0,0,0
51,1,148.34710474194776,83.74864256041256,38.055692314483764,133.44852478977288,91.92772082376958,2,1,0,0,1,0
43,1,162.81449781329573,97.30608592915505,36.707419552876075,96.23225359875158,94.60898985245318,1,1,0,0,1,0
55,1,161.20711943301112,72.22172275250239,27.7906950195782,143.9162300079127,85.746903775675,2,1,0,0,1,1
54,1,175.6970723472918,40.0,12.95779012796642,170.47703371790396,71.70603454531546,1,1,0,0,1,0
51,2,178.85448146921522,59.40468861808627,18.570391975433143,122.07025696510033,82.56709322182074,2,1,0,0,1,0
56,1,157.6038381431248,74.46026222795827,29.97719423758855,146.00991184430717,82.93776980987803,1,1,0,0,1,0
51,1,172.07334482234032,58.41125668993566,19.727377191763598,123.0476428096706,77.26995765243828,1,1,0,0,1,0
53,1,152.28920189556297,79.16682093807609,34.13539905001257,113.04451577847827,91.65205609297053,1,1,1,0,1,0
38,2,153.70375768762256,72.9783740937333,30.89051957822843,122.58796143957663,88.44187229519196,1,2,0,0,1,0
50,1,168.78006440872304,67.1328279480917,23.56636747939326,151.83641037728285,77.65909213796776,1,1,0,0,1,0
48,2,157.4425790267291,66.27212831326685,26.735390242461797,112.76446258824184,88.52176783359185,3,3,0,0,1,0
64,1,177.03534528070318,78.19892871485243,24.95059109640716,119.76450190770117,79.26726004826631,1,2,0,0,1,0
56,2,168.76277732163229,88.88562886625975,31.208882745772957,108.59975510445447,74.17185562184375,1,1,0,0,1,0
52,1,160.0965219405112,93.56425181115574,36.504479039405126,123.74003379312857,69.46010646488769,1,1,0,0,0,0
54,1,167.2052274858263,75.05092679841447,26.8445641783412,120.29296507657503,91.2386880596992,1,3,0,0,1,0
64,1,170.19454988629772,90.34747637465564,31.19067180029436,169.22311293751426,85.15910344803282,1,1,0,0,1,0
58,2,191.30843902901776,85.005105290315,23.226124698736122,136.6113857333443,91.91175459139754,1,2,0,1,1,0
58,2,154.94769725482405,86.63415073868491,36.084348592174784,117.55037117861886,81.80181308257173,1,3,1,0,1,1
51,1,168.32835378176418,74.15212035259268,26.170319320657338,125.56314034999959,60.36647309632273,1,1,0,0,0,0
45,1,157.5000317262243,68.01787001055749,27.41963924737658,132.49246413725672,90.84523187766271,1,1,0,0,0,0
65,1,164.23450337988837,83.67545256903149,31.021962376801252,137.3815391237057,88.37127517656253,1,1,0,0,1,0
58,1,155.64335762209186,61.911637172939464,25.557072583489788,99.29256386443176,62.4124787622247,1,1,0,0,1,0
54,1,175.44402494201125,74.00644882242779,24.043207301397825,139.44962171116393,86.74071891071304,1,1,0,1,1,0
58,1,156.23479885303337,56.76715565715553,23.256351834296968,130.80038170274338,74.70104956818315,1,1,0,0,1,0
50,2,165.1558707579342,81.53856129012334,29.893379261911818,117.95556967705551,83.5436509416778,1,1,0,0,1,0
39,1,152.0730993890714,109.56493479935443,47.37691632823534,138.97918328488296,88.0321526724632,3,1,0,0,1,1
55,1,159.5122241376001,75.5947853326409,29.710085176554287,131.71148499551066,74.71141482789577,1,1,0,0,1,0
54,1,156.76851170834888,85.04726732150843,34.60530593112149,128.32452589192633,69.17010014483313,1,1,0,0,1,0
54,1,162.42636747051725,77.21972728615759,29.269493013285672,186.89942303900452,83.21830776015872,1,1,0,0,1,1
60,2,159.28990232689574,86.01388002953418,33.8994027637292,123.89047336131058,82.68494655351121,1,1,0,0,1,0
48,2,170.9855364256064,69.9442874707235,23.923983813952656,129.3325419662575,62.819430123253674,3,1,0,0,1,0
65,2,159.56466621325174,80.95841928392952,31.797176958054518,131.0279318808963,92.40340659273315,2,1,0,0,1,0
59,2,158.02178431486257,52.69733870007809,21.103513207171453,156.80872080808263,69.84262086835295,1,3,0,1,1,0
60,1,166.31230653855533,75.4766985349807,27.28752344134681,128.47347489429654,74.44841120435218,2,1,0,0,0,0
64,1,152.74687109207346,83.47611372660087,35.778124951294515,117.406799223155,92.45158003614513,1,1,0,0,1,0
57,1,172.44491167759685,66.7995231829151,22.463250184902464,133.38637109022437,83.73966381746908,1,3,0,0,1,0
43,2,160.16233792339816,66.30229774259644,25.846859379498643,138.19131731163606,97.73667459150154,2,1,0,0,1,0
61,1,157.6963459706758,64.04221778913615,25.75271980277248,143.35431709754337,89.33599791099209,3,1,0,0,1,1
48,1,180.6045406465854,45.169679406992,13.848083654888184,123.16958655444147,89.13683527921086,3,1,0,0,0,0
51,2,173.44012580696273,71.30969397753067,23.705515992034645,136.41282292802973,87.22342714332397,3,1,0,0,1,0
58,2,159.71859741434736,80.2359802147932,31.452718433680918,122.57948310145997,94.95583975316563,1,1,0,0,1,0
53,2,151.8910329179599,79.1136435623052,34.29154995207802,180.42446134054128,92.16860425572706,1,1,0,0,1,0
55,1,161.79241809238223,69.97244920970041,26.730725358599276,140.63782314986076,85.08044503657014,2,2,0,0,1,0
56,1,168.04692594877105,55.1904440347958,19.543518010992837,134.73295835048395,92.31241989117291,1,2,0,1,1,0
44,1,160.70932386666396,71.44120751051446,27.660921144001065,126.64939262382993,94.56898502185041,2,1,0,0,1,0
51,1,156.5498038275335,73.775832563599,30.10295045062263,110.45289923861976,75.44588901919079,3,3,0,0,0,0
52,1,153.9944756835453,79.5634195604463,33.55082142645717,150.35489572965682,84.69685648774444,1,1,0,1,1,0
63,2,169.42750093562447,74.37034949824326,25.90788808693586,118.09836466859106,77.85839888770596,1,1,0,0,1,0
48,2,157.6847089912175,82.53360284505587,33.19339254387868,149.4646067018539,85.06532984950805,2,1,0,0,1,0
61,1,179.2548862720219,75.67173427850427,23.55004176920212,117.56357369072528,60.05442825754792,3,1,1,0,1,0
58,2,155.09117139245805,75.32904891175265,31.3175898286817,138.81368729935036,74.07428275794412,1,1,1,0,1,0
51,1,158.83209486409393,84.9368232942965,33.66816804377703,118.75920067809331,76.90641265396604,1,1,0,0,0,0
49,1,166.67792078687864,79.32639153540286,28.55364466875707,122.98582061234916,91.20473868365342,1,2,0,0,1,0
50,1,161.47917191386844,82.01391591159398,31.452452950281728,122.94006921372446,72.95590763004527,1,3,0,0,1,0
47,2,168.57023999042008,80.8355942474519,28.44728508468571,128.5633849277982,82.12397740633526,1,1,0,0,1,0
52,1,160.36992473381886,82.5948122617669,32.11492555394505,126.86220617078924,94.03657998524794,1,2,0,0,0,0
58,1,155.42728607116385,82.13580709143575,33.99992831374404,128.97032677254825,88.58363390449513,2,1,0,0,1,0
57,2,161.5355791493989,62.05217079623124,23.780478718129544,127.07919863603634,85.39169214108271,1,2,0,0,0,0
51,1,148.3279362518481,78.28365989918014,35.58157868719944,110.82033410296127,61.60010708581925,3,1,0,0,1,0
53,2,169.9261213905926,100.34054800125077,34.75010964945024,103.76412188677631,89.40656833989608,3,1,0,0,1,0
57,1,154.76796339428364,90.9864153492401,37.985200207202894,114.62214172811527,73.21413009875096,1,1,0,0,1,0
45,1,163.2647852620009,77.71944347711438,29.157121004855544,156.7022027755717,86.58557061021152,2,1,0,0,1,0
54,1,162.6483468673368,81.05201021770726,30.638287238762963,153.12535455284157,62.955466301248734,1,1,0,0,0,1
43,1,153.2850116110072,73.22904336003191,31.16620898375415,184.841530203756,86.9123964037247,1,1,0,0,1,1
51,2,164.65424356864668,64.89751450296076,23.93768832087568,96.4713018414812,96.30077893608816,1,1,0,0,0,0
42,1,154.87299224638983,40.0,16.676642267636474,101.48138166848217,95.4127077650789,1,1,0,0,1,0
49,1,146.38612041147837,73.55586731699533,34.3255510978559,108.40844400146386,101.83322093197921,1,1,0,1,1,0
49,2,164.6988888795405,62.70983325015905,23.1182154822573,126.73401104099565,98.03334542862032,1,1,0,0,1,0
50,2,162.44927183157648,67.66039815038145,25.638877722166136,127.40419292947406,99.52206838372535,2,3,0,0,1,0
60,2,173.35245256515609,87.87262224900458,29.2410932559873,109.98710736881054,95.50260791554841,2,1,0,0,1,0
50,1,158.68181190614365,53.27663852560459,21.1583849208803,130.41435727697626,89.01421985221336,1,3,0,0,1,0
59,1,166.67375763655312,110.99961539724234,39.95646150989615,147.62201930618215,77.0207061832345,2,1,0,0,1,0
58,1,171.6275407594766,78.28718138100761,26.57765735404681,117.7274555904916,87.57495918620826,1,2,1,0,1,0
48,2,170.79124708182778,87.69645952884133,30.064282323932833,117.48494998657995,65.83758525773091,1,1,0,0,1,0
53,1,164.52376727748145,56.32246435845855,20.807713427730693,159.3437763940494,93.88213628457359,3,1,0,0,1,0
52,1,161.22872096062937,53.92869138711323,20.74603300957531,140.2189921177519,69.0643885898982,3,1,0,0,1,0
48,1,171.040545653758,93.49075934280545,31.957333910989234,130.22526432097627,85.15659394781571,3,1,0,0,1,0
52,2,165.29368969283144,66.51836959913098,24.346080162639428,129.88096661589532,75.12687660589043,1,1,0,1,1,0
39,1,162.8402350804664,79.33769006466005,29.919622550281222,139.832892030179,70.32722737694533,1,1,0,0,1,0
55,1,171.16111975592312,48.09489119348361,16.41680760322234,139.70540792575093,68.34222577354879,1,2,0,0,1,0
61,2,159.75636312211614,91.09227376084624,35.69153385301609,139.298179140107,91.1167591954756,2,1,0,0,1,0
55,1,155.52205326050597,63.35280456156708,26.192797340786196,128.07942847120282,64.97823620695003,1,1,0,0,1,0
53,1,169.3917593881478,108.16027945564821,37.69495619905316,114.8812001040134,76.89464423969257,2,1,0,0,1,0
43,1,171.2614746205923,73.13063944156544,24.933314355283258,114.8807368399761,73.02328780674897,3,1,0,0,1,0
58,1,160.34104494461158,70.9064027531368,27.58011254286694,107.60667149908446,83.73013035483946,2,1,0,0,1,0
57,2,178.70198641341705,72.83563787900553,22.80789305494264,120.05052275319522,78.7891875377939,1,1,0,0,1,0
61,2,156.17692381784826,61.33699875910822,25.147151211124633,117.00825663117566,100.83070345844779,1,1,0,0,1,0
61,2,156.8615188026572,43.64875413785859,17.739403845554893,121.63242107977226,63.27873861020475,2,1,0,0,1,0
49,1,169.07563581204028,80.77393613306272,28.25590281253561,162.48093666825392,83.5106676587686,1,3,0,0,1,0
51,1,162.92920498288856,56.0588291548121,21.117677153319107,143.10086638054753,90.06281400274362,2,1,0,0,1,0
62,1,156.86261730243092,74.17412313563143,30.144876348451028,130.83414719057328,75.9270105483982,1,1,0,0,1,0
42,1,165.85915122988345,83.02550719238106,30.180932924997137,156.64994456546174,81.74869618104744,1,1,0,0,1,0
55,1,149.87985963965713,57.62157200231793,25.650660162469894,134.16969566033515,96.0620223754509,2,1,0,0,1,0
46,1,163.1199208465122,73.95971844736373,27.795932293876408,157.6280583118062,88.51808449867487,1,1,0,0,1,0
47,2,160.89423241839043,85.97316895312149,33.211002294214815,122.98679182703754,79.83425665857871,1,1,0,0,0,0
58,2,167.23604500533756,67.97685549387641,24.30531725890474,128.29923340849967,104.51670265414371,1,2,0,0,1,0
52,2,169.14697890018584,54.9492678261202,19.20584498855667,161.109889913857,74.14155704838932,1,1,0,0,1,0
54,1,174.64060518687307,83.25536417118477,27.297430533229512,111.21699447418898,69.06078176515946,1,1,0,0,1,0
60,2,166.72664490626457,91.23491488803248,32.82094260087257,153.30714265239448,78.96642737208329,2,1,0,0,1,0
60,1,165.24743497891515,49.02465448385393,17.9533330545134,115.35046317976017,82.9000927824929,1,1,0,0,1,0
56,1,173.3556531488947,77.98470148515024,25.94976306312376,136.44605676078447,86.6206427444781,1,1,0,0,1,0
56,2,156.7711918232073,83.77699359394587,34.08727240906086,143.6798824313087,73.39517674943205,2,1,0,0,1,0
59,1,151.93485946955744,88.88577535162499,38.505024861606046,121.51533779092713,78.58132797932835,3,1,0,0,1,0
46,2,158.04925389300158,61.03986870906681,24.435919785692782,137.02402914919404,71.72865937150553,1,1,0,0,1,0
43,1,153.43416267504486,79.01216479496716,33.56215398364737,146.64117811363417,62.643507377892256,2,1,0,0,1,0
52,1,153.40758530671155,74.09174923695227,31.483005129577272,132.5706492594195,68.48036553074724,2,1,0,0,1,0
57,1,158.47886257101922,70.64801144367432,28.12919158694519,105.19466007862641,86.3505941712287,1,1,0,1,1,0
61,1,170.1182118547543,69.85171385619364,24.136564143651317,138.40593472602103,97.32674741646203,3,2,0,0,1,1
53,1,168.77024697027653,79.84157622104755,28.030918604471683,122.2856480099766,81.97039989773253,1,1,0,1,1,0
60,1,160.4249015613063,96.50891840780123,37.499362571386754,106.76268477619726,76.32864977385236,1,1,0,0,1,0
55,1,171.41442578569286,75.15644076480628,25.578287723749824,170.1380711528111,91.44109436741769,1,1,0,1,1,0
44,1,160.19948153001394,68.25240286026775,26.594739037759886,143.6831541385599,89.12561756632687,1,1,0,0,1,0
55,2,157.76124728972533,66.56109414941908,26.743595196158775,119.06607921424316,95.28182864612168,3,1,0,0,1,0
60,2,170.14060322092902,66.91904879921873,23.11712507337925,94.4825658609757,87.48986646522478,1,1,0,0,1,0
48,1,155.9629226664485,81.37620696046986,33.45451305495132,124.02541992750135,71.41655759334635,3,1,0,0,1,0
55,1,167.26476757029775,58.84192342309893,21.031871406487195,164.18808865187557,89.85968395298785,1,1,0,0,1,0
50,1,169.53908880999361,73.80841324508364,25.678294737967917,131.9634354539748,77.41869008037902,1,3,0,0,0,0
51,1,174.03282055596713,83.08406873811404,27.431871556476697,108.88982554608896,60.0,1,1,0,0,1,0
51,2,163.71101135192643,72.91540117270726,27.2059243874441,123.4642954013009,73.69225052484894,1,1,0,0,1,0
53,2,166.08229514565852,71.43883718253466,25.89928061327076,142.803273806264,81.82179785913999,3,1,0,0,1,0
44,2,160.4292281939883,75.59453359837823,29.371315848093673,107.74338225895501,71.84647135788667,1,1,0,0,1,0
59,1,168.49070320844524,93.05959952678468,32.78002598845936,120.74356039027356,64.10122811156481,3,1,0,0,0,0
60,1,161.19050732603398,53.78872610262514,20.702001442132964,130.12848873901117,73.26892352739702,1,1,0,0,1,0
59,2,166.29040149873336,74.64216928633725,26.992921320681024,108.17279957482555,90.60789725463306,1,1,0,0,1,0
46,1,159.5492974605136,50.12153102186759,19.689493128695098,139.92199522818893,76.80665200451907,2,1,0,0,1,0
57,1,158.52524192662102,87.25735789702594,34.72203810710378,126.20827166593622,66.9501248554793,1,1,1,0,1,0
59,2,159.752795041241,89.58482671072879,35.10245791082449,133.85393263641785,86.38191509382258,1,1,0,0,1,0
55,1,161.26798107678084,82.43399534186433,31.696408204539306,134.75320355076445,82.2662464489516,1,1,0,0,1,0
47,2,157.07045209677634,63.237183548858766,25.6320612143425,129.25699271610978,83.8080655312358,2,2,0,0,1,0
49,2,168.1400765828543,75.7008655999292,26.77678081825914,138.4496792890408,78.69196919427627,1,1,0,0,1,0
62,1,161.3063246670209,67.5781012902293,25.971868389709414,140.67979270890277,83.03876600736633,1,1,1,0,1,0
52,2,175.04475633851692,57.553312848531206,18.78330957072127,144.01896684457316,82.07361285822807,1,1,0,0,1,0
48,1,148.25142332077007,75.01646927964512,34.13177520172956,120.95212507698103,102.22709767505202,3,3,0,0,1,0
47,1,159.52147002387315,83.42392223144215,32.78327361589419,113.09041589740762,74.72534871790634,2,1,0,0,1,0
48,2,158.41923962914814,79.56868806422239,31.704897137709178,139.3133131634476,68.38086175656422,2,1,0,0,1,0
56,2,173.11517020782358,100.83248147609464,33.64574902808763,159.8688369915399,87.40609802516627,1,1,0,0,0,0
39,2,166.78861143568258,52.99645303744959,19.05083509859968,117.92479824544311,69.19164708049342,1,1,0,0,1,0
43,2,150.4073411027287,62.50110872677516,27.62801313067581,145.31754832188497,92.28535760696509,3,3,0,0,1,0
42,2,163.34597399630445,60.25291731392072,22.581937945930335,122.21874704027013,81.74382645923188,1,1,0,0,1,0
57,2,168.01140761781025,65.25676450856034,23.1178795414977,153.25730786932453,77.23842242274343,1,1,0,0,1,0
46,1,164.86135275845302,40.0,14.71710109449122,104.9132301424409,89.62345911308485,2,3,0,0,1,0
40,2,168.41186557521252,77.20166357468315,27.219571573459845,135.71742378877238,85.84883601424686,1,1,0,0,1,0
51,1,156.0039394073607,80.50470098498994,33.07882775770691,106.0640497044939,102.75749327183769,1,1,0,0,1,0
55,1,160.07068705553766,67.79686942766733,26.459767417599565,114.8376528557099,80.38175349047312,1,1,0,0,1,0
48,1,153.76795898308958,61.96272457228265,26.20588351304004,150.99341105810547,88.62085369648561,1,3,0,0,1,0
49,1,158.61253004321523,53.954552321188245,21.446336113469098,126.55805282239214,75.58054124099354,1,1,0,0,1,0
61,2,168.11087257517062,71.97837509946905,25.46891438939216,131.39274792777815,90.08620111515911,2,1,0,0,1,0
62,1,159.73047517061244,76.12099757432512,29.83519659426328,123.96160499977138,83.84011500747242,1,1,0,0,1,0
55,1,156.11292541471386,71.7786356623714,29.452181964495857,116.17707327498898,93.36968583569995,3,1,0,0,1,0
49,1,171.1152353048643,106.07477608850752,36.227199777478866,102.64339176057966,87.25778118372459,1,3,0,0,1,0
57,2,161.19566933169452,76.44370384480693,29.419479277349247,119.2338343837033,71.6789231223743,1,1,1,0,1,0
53,1,167.5657531893035,77.46442723256656,27.58873503034234,127.51537718477599,74.21791485323334,1,1,0,0,1,0
52,1,163.2833804329125,88.13756011870564,33.058036743198286,111.81103855074775,81.20362519902365,1,1,0,0,1,0
60,1,164.97865720183577,67.64038855693344,24.851383126061673,135.99086213726076,83.30232903602482,2,2,0,1,1,0
43,1,154.659281332521,63.95076854858009,26.735837477983935,152.3122714829545,95.62158121876597,1,1,0,0,1,0
53,1,161.33999238770303,56.40945189957533,21.670444306915677,140.79122466938216,79.70890564933192,1,1,0,0,1,0
53,2,163.07320454250507,68.95860633968815,25.931238800694,136.0345864139023,78.20101318472196,1,1,0,0,1,0
65,1,159.25192576709335,73.19004062518466,28.859088012199706,124.89647882058512,69.76844802915815,1,1,0,0,1,0
49,1,165.95621822924178,80.79059705709248,29.33416687942586,158.37417900387007,79.8995974631639,1,1,0,0,1,0
58,2,163.38035666793274,83.04163443554488,31.109727628843753,98.03573165781833,76.47594441432472,1,1,0,0,1,0
54,2,159.95939372178415,76.21530033556567,29.786718872469137,152.9699718632314,79.36387528517223,1,1,0,0,1,0
52,2,159.034084022226,101.10001485413815,39.973372965615376,114.20890016149352,86.37864932543435,1,1,1,0,1,0
54,1,175.69275319073105,75.06693910973183,24.31873670236608,110.44007073733732,83.14099326339056,1,3,0,0,1,0
64,1,149.8420088912289,102.95553380889554,45.85455899065415,133.90567282771457,74.41442434652589,1,1,0,0,1,0
54,2,143.30711438133034,80.7754736169862,39.331817084204694,148.77516712757867,82.02286557870633,1,3,0,0,1,0
46,1,163.1615993740866,71.82582408085948,26.9801717463251,151.72952751666344,93.51932843440167,2,1,0,0,0,0
47,1,167.7671715628604,55.97529251070194,19.88760137228838,110.8155389457513,104.86802028715039,3,1,0,0,1,0
61,1,161.69435579679566,69.02175139598467,26.39953360112241,129.26553658841533,106.58872600349991,1,1,0,0,1,0
52,1,163.71096056941093,53.089045271404245,19.80840020464103,102.58084635216711,96.90804305473227,1,1,0,0,1,0
58,1,182.42517915545545,81.91687177847585,24.61522423316447,134.5529333355241,102.12779507091295,3,1,0,1,0,0
46,1,172.88205871328927,60.84727531068927,20.35828943789377,97.89051453179303,84.4987422873387,1,1,0,0,0,0
50,2,163.98634508332216,85.4094015798879,31.760717585559924,129.14457153395253,85.86985639211039,1,1,0,0,0,0
42,2,167.34145214582924,86.46821658499834,30.878019346795053,128.4520256084082,82.21542146193181,1,1,0,0,1,0
62,2,160.7719836065968,67.59383871708113,26.15088379594051,105.54698955073228,78.3925200684012,1,1,1,0,1,0
43,1,157.45464499970228,74.17016301175882,29.917016387259775,132.53516594503145,76.56780486829466,1,1,0,0,1,0
57,1,149.04765667640496,84.56236247325657,38.06508489534813,147.0651729417503,87.48108590202567,1,1,0,0,1,0
47,1,157.90293410171842,66.83002573997442,26.8034827498853,151.90019335390306,92.74268739452192,1,1,0,0,1,0
53,1,154.03143304176695,59.39604575618637,25.034494200283408,126.18480807706418,68.45405356666915,1,1,0,1,1,0
54,1,165.64716831538558,58.374576603727995,21.27432116825147,129.13949763749028,79.9388693783253,1,1,0,0,1,0
50,1,164.75274146162542,68.12188767557504,25.096974767159853,134.46340378279248,84.79966402996688,1,1,0,0,1,0
50,1,172.18154172162357,52.97010682851459,17.867247954936747,117.3722188937148,71.75060641360713,2,1,0,0,1,0
49,1,164.98533161186256,71.38500141763849,26.225048766496126,119.81943013784672,95.47332946333454,1,1,1,0,1,0
59,2,152.2799157470824,73.50259245705237,31.696944639365885,105.84916795427259,80.22068125007534,1,2,0,0,1,0
62,1,149.9584137764418,76.19506183466545,33.88325701150061,124.05214297281226,74.77427414660754,2,1,0,0,1,1
38,1,163.6067133165858,82.12495807038418,30.681240883366403,131.73182107216905,70.55986494582368,1,1,0,0,0,0
52,1,157.46919556002678,74.90547797156904,30.208027072944866,120.20174440918437,65.86050960343292,1,1,0,0,0,0
48,1,162.16156635485854,57.638537086965826,21.918815863314634,131.2796864707763,73.97762673747265,2,1,0,0,1,0
56,2,166.65025989880783,55.921029625938715,20.135534778751406,136.24286472439184,79.61541563032877,1,1,0,0,0,0
56,2,163.21886773998085,95.87119654268052,35.98714768185304,148.96218845673818,98.20963626437687,1,1,0,0,1,0
54,1,160.3221578647135,58.258218700056034,22.665750417885036,102.57426346565964,82.42431534261428,3,3,0,0,1,0
61,2,177.87776926357236,69.54226836591299,21.978877265401195,136.51012351441545,88.21186595629595,1,1,0,0,1,0
48,2,148.11243476965208,97.50325452518084,44.446346704383416,127.35470796912702,88.07388456970253,1,1,0,0,1,0
51,2,161.69100806434307,79.14709966897858,30.27354417546547,137.80784735994902,90.57458834271048,1,1,0,0,0,0
65,1,172.38358709117247,58.343250794841346,19.633548358719157,141.72230200154277,90.02674219608485,3,1,0,0,1,0
46,2,155.16177500659657,58.2320379665197,24.187585147002316,120.84910827032063,96.86069058456813,1,1,0,0,1,0
65,1,168.68402374610162,76.34640742641452,26.831237381625776,128.18912258157036,90.6086687714234,1,1,0,0,1,0
60,2,168.7736346478813,86.99219478352119,30.540144071181548,125.90749100305547,75.46164715312085,1,1,0,0,1,0
46,2,157.6010045410509,65.1884741270985,26.245379258633513,161.04887170490525,78.98624506208108,1,1,1,0,1,0
51,2,169.26844252250766,76.51191785294847,26.704047497155564,140.9734973939933,73.6960614584247,1,1,0,0,1,0
54,1,150.41001997498853,79.8475702556314,35.29459211663068,105.28837484056174,60.0,1,1,0,0,1,0
53,1,179.4503076661553,87.18903675421893,27.07531170624395,119.70981403378238,77.3240261563542,1,1,0,0,1,0
61,2,173.82104709411004,54.2833182300283,17.966424792802165,133.38388715930847,70.06662937342918,2,3,0,0,1,0
52,1,160.9399837593432,52.66418365123483,20.332344064327074,97.22350865666765,89.68069089873671,1,1,0,0,1,0
46,1,161.4835586571353,69.58066204527027,26.682832725594054,131.4329921645834,77.53772909568237,1,1,0,0,0,0
57,1,168.66365749601204,57.47792113300849,20.204961371295507,155.22115014673548,75.75903562595147,1,1,0,0,1,0
42,1,170.93862501906864,72.60678186054436,24.84830535837195,125.45178103612898,90.82587591781376,1,1,0,0,0,0
35,1,159.81876615890005,80.01496782940195,31.32677501205902,141.4645899119599,90.80157955500314,1,1,0,0,0,0
53,1,148.17993030154176,75.82401845317982,34.53250033593649,137.96592869195274,80.23157185999715,1,1,0,0,0,0
47,1,172.4497285951629,51.31315265007423,17.25455121285129,143.78671759208248,92.11863201558552,1,1,1,0,0,0
57,1,161.79334028667247,88.24221349065203,33.70971734313382,163.5274655915576,84.43827036325206,1,1,0,0,1,1
49,2,161.63379984311885,85.54541378134648,32.74404779742677,115.86862555441725,92.20087748173795,2,1,0,0,1,0
47,1,154.87960854961324,46.08668318620661,19.21263662521431,133.48500205072014,78.10336308769008,1,1,0,0,0,0
44,1,167.57572753143282,61.513597328211496,21.905284511191624,163.5670288383701,87.42851751863502,1,1,0,0,1,0
54,1,153.5334547304335,72.1516763997879,30.608382612750326,142.78223913873043,83.5142450423443,1,2,0,0,1,0
56,1,171.17861648922357,60.57738171649931,20.673379371459347,119.02121513115154,68.6850725481151,1,1,0,1,1,0
47,2,160.96835166547496,98.23385996087103,37.91230727983308,138.7323337526011,89.1616060842296,1,1,1,0,1,0
46,1,139.72981553023948,80.5541566506485,41.25815316848131,126.61208485086804,89.72859852314906,1,1,0,0,1,0
56,1,171.44951468743483,53.465377981475484,18.18863556091438,106.36779003664923,97.87382090276765,1,1,0,0,1,0
57,1,176.40702701498526,63.39915081945352,20.372844912853644,96.02600979308181,74.80365050467024,3,1,0,0,0,0
45,1,167.04481199843542,57.64960942942817,20.660003236103694,131.84828400610283,77.5577307421333,1,2,0,0,1,0
61,1,149.60768471299264,83.10669241175519,37.13027742141496,119.29704067580032,78.3502693730401,1,2,0,0,1,0
54,1,167.14214171059893,88.19482014042788,31.569750768495936,141.74107188438535,70.62250257288542,1,1,0,0,1,0
51,1,180.83391675695975,88.70911012101743,27.127417085612073,142.3197162183087,75.1555782219407,2,2,0,0,1,0
56,2,171.91272167411782,71.75201506248288,24.278288629323026,125.21031456862184,71.8547813429924,1,1,0,0,0,0
46,2,168.42340244841694,71.97545411970654,25.373451090752923,123.35274370184942,73.15820431682016,1,1,0,0,1,0
58,1,163.74571756821686,58.32304044673564,21.752053096944824,124.08297033355943,64.18013442175899,1,2,1,0,1,0
64,1,163.28045989685197,107.31899288393065,40.25391809210412,136.37774393694815,71.05283957895529,1,1,0,0,1,0
44,1,166.0457743995459,87.05781079257093,31.575634477797824,104.16269469862297,70.74388100195529,2,1,0,0,1,0
45,1,171.159860104005,52.152786743688694,17.80219991975892,127.88384106989706,74.54570730816373,1,1,0,0,1,0
53,2,155.86502022926607,46.459974141762515,19.124128063623846,142.58235326021097,77.82659689653131,3,1,0,1,1,0
40,2,161.76647055438505,98.67312722714173,37.706990561111354,118.5938428070076,75.94396305589265,3,1,0,0,1,0
51,2,172.95989425042387,92.77511836783603,31.012779758916732,133.4440708153002,71.85630861157854,1,1,0,0,0,0
48,1,166.71788481988696,72.18021527231923,25.968914087714058,127.17606209276535,74.17118687730161,1,1,0,0,1,0
58,2,190.81317021651574,52.055737326131194,14.297230144588843,114.48880232969874,85.55741801444348,1,1,0,0,1,0
65,2,147.9049615652652,83.58488426281302,38.20869981933268,108.16962445723428,84.3561136831732,2,1,0,0,1,0
64,2,174.12035658664482,81.89380341934081,27.01170175400738,110.24805713043199,74.50603199627623,1,1,0,0,1,0
48,1,162.80619620797094,99.62855489064034,37.58737282939326,132.92412261778605,97.72810519045414,1,1,0,0,1,0
43,1,135.0,82.6213657700282,45.33408272703879,156.63925970612598,87.23706581399094,2,1,0,1,0,0
62,1,157.75062791179354,68.2411880753357,27.42233210020415,125.26277600770268,74.71386177838222,1,1,0,0,1,0
51,2,169.62177418312214,94.19551471693003,32.739121425716185,143.09614436127876,79.38191350874945,3,1,0,0,1,0
48,2,166.33779237961667,82.87360880309507,29.952590183656753,98.15924763127362,90.27188746654176,1,1,0,1,1,0
44,1,157.00102805465968,103.22189174525072,41.87615722345652,147.88711203452132,106.17329007054508,1,2,0,0,1,0
46,1,155.08280214067292,88.86867802351169,36.950595400257285,120.16882233200128,89.91300816101908,1,3,0,0,1,1
53,1,167.65232285089797,83.48463217571744,29.702115871764317,151.6226931620165,73.23761190856087,2,1,0,0,1,0
55,1,160.63504984936569,82.92518507124589,32.1370363977275,130.06918627808554,89.47020361604201,3,1,1,0,1,0
57,1,150.4907702084358,56.17129340354346,24.80245636559419,107.90502918177381,96.71441306782567,1,1,0,0,1,0
56,1,172.07645760858748,83.76885424562259,28.290437347118555,121.65625278676325,89.08230472327612,1,1,1,0,1,0
61,1,163.37269995069406,92.73900634896653,34.74589201071745,121.75980036650283,79.51515431307945,1,1,0,0,0,0
56,1,162.94925651125433,66.34319930141707,24.985707089954396,136.29769087690815,95.84514881593124,1,1,0,0,0,0
49,1,151.96641253849364,75.59306244083407,32.73306835899987,171.99082648774163,77.71002767066075,1,1,0,0,0,0
56,2,167.71955947138213,68.36149221457015,24.302117034146974,140.65414256590304,99.12122910870774,1,1,0,0,0,0
59,1,160.36177145854208,99.9275632166201,38.85828299920007,158.44286656498744,73.60379995962488,1,1,1,0,1,0
42,2,154.59570572959612,98.53104282157801,41.226667146962896,90.0,77.74181815035257,1,1,0,0,1,0
58,2,160.7674748211962,55.64640873993946,21.529837938236277,113.70723751496179,72.78820843443633,2,3,0,0,1,0
54,1,166.64743145073933,58.99734052731681,21.24394588950564,134.38164456968764,87.89651139917433,1,1,1,0,1,0
49,1,189.49214100730026,71.35564351182117,19.87219872855145,117.05223427231994,75.97465366408385,1,1,0,0,1,0
50,1,169.6397572970465,47.259140202501776,16.422169534021076,121.6827995667819,66.1020238366524,1,1,1,0,1,0
53,2,148.38912238131502,68.02573878911025,30.89364377533921,105.2150827354853,81.17424334070621,1,1,0,0,1,0
55,1,149.36803962816288,83.06962353304806,37.23290137512439,127.75873692517828,82.75253768653195,1,1,0,0,1,0
57,1,170.07854748608727,83.47657620797855,28.85795499295552,122.83002011031508,83.87886323741343,1,1,0,0,0,0
48,2,180.0648941277378,65.99808611989585,20.355100060239348,119.94655375460353,100.34918717455939,1,1,0,0,1,0
61,1,152.2020660389236,82.71520370383068,35.70625055664702,124.15954294551214,62.54016661945016,1,3,0,0,1,0
57,1,154.16451495314476,72.9073358908501,30.676258393530947,139.4953681627013,89.86791342202434,1,1,0,0,0,0
53,1,180.71694571639136,76.15966024606712,23.31992997382553,106.25465525029503,66.60076847738391,1,1,0,0,0,0
54,1,157.54108003219267,53.691129795027564,21.632908120583117,134.63176245762682,76.93552273712187,1,1,0,0,1,0
45,1,164.38822727124318,78.05967205373506,28.885859737488605,99.25958522540576,67.49063341700997,1,2,0,0,1,0
59,1,174.25047754991814,84.94849802774246,27.977425666330674,119.25009672961326,78.23989147130851,1,1,0,0,0,0
61,2,146.2658172999292,92.81674521632763,43.38510477065615,126.71442960694343,92.82309534886386,1,1,1,0,1,0
46,2,176.6984353950433,99.79909796250242,31.96400632514409,129.35306408387507,82.97599374254435,1,1,1,0,0,0
57,1,160.60249075692428,81.86643360997174,31.739590454017403,100.24656711507228,95.50771423852369,1,1,0,0,1,0
61,1,182.1541734219354,58.10344627088405,17.51151176615031,90.0,61.28229437276396,1,1,0,0,1,0
45,1,169.89290574286755,82.16131716402062,28.465374662210195,108.4859121626256,86.1415560232814,3,1,0,1,1,0
49,1,155.85581435621444,78.4561561158523,32.298400022941806,124.37993633197775,87.19530537302191,1,1,0,0,0,0
56,1,171.23975567913953,69.5693159826113,23.7251263665878,139.56181980722695,67.46878300993123,1,1,0,0,0,0
59,1,174.33930921935342,79.5016397175194,26.156850148523574,139.59767592831545,79.21012415240399,1,1,1,0,1,0
38,1,162.04883110265413,69.58072882970099,26.497028207804693,143.95281233132152,66.44500578011939,1,1,0,0,0,0
51,2,173.628045364057,74.46859746470795,24.70207421271486,129.41438416767335,91.33204088983797,1,1,0,0,1,0
50,1,165.34052619284128,92.23264892061798,33.73852181174527,132.01042834165438,74.15749884321235,2,1,0,0,1,0
45,1,173.12708350830076,77.12991261224103,25.733141811586293,99.81248347795871,85.72754900717311,1,2,1,0,1,0
57,1,148.30768009114033,72.38677116993694,32.910306143354305,119.87696454456801,96.43749218418213,1,2,0,0,0,0
51,2,161.44524261196088,67.85342624020545,26.03282375686837,138.91389197585144,77.95091619615626,1,1,0,0,1,0
34,2,157.22429202219223,64.42305530247845,26.061656843069237,121.27663241150013,87.95505731797839,1,1,0,0,1,0
54,1,172.35902745011904,66.0519379767642,22.23399453921956,114.62183881562446,83.47085736869145,1,2,1,0,1,0
58,2,178.8317440573887,77.67205834321304,24.28709604357451,142.10153579300479,83.94029699756025,1,1,1,1,1,1
50,2,154.2465473159984,63.344244614717525,26.624181088774627,172.1728779923966,73.25636425852419,1,1,1,0,1,1
48,1,176.6555306272737,78.30788192845284,25.092908333258727,145.703803107801,62.10778605422817,1,1,0,0,1,0
47,1,165.05891737661668,79.61389043897584,29.222062301558015,124.77971963210715,91.88480407727008,1,1,0,0,1,0
53,1,151.9243779331628,76.76467014303985,33.25879073650607,142.11517071617303,88.08306872219477,1,2,0,0,1,1
46,1,167.3399855146655,94.21057134007967,33.64342357708432,134.0622880653951,94.70253009715023,2,1,0,0,1,0
58,1,179.8495549764792,66.61632806924476,20.595007544849967,146.66552663317694,96.23336386906888,1,1,0,0,1,0
52,1,155.08539522040434,69.53175825189605,28.909555170510718,125.80958522193254,95.15817587073745,1,1,0,0,1,0
50,1,175.12158992816828,68.70047564333221,22.401668219239554,124.31312967406339,63.43138935318123,1,1,0,0,0,0
45,2,153.53267228966848,76.19297612340371,32.32312334781064,100.27931938568838,89.85608423719451,1,1,0,0,1,0
49,1,170.2605026853794,92.84489044349857,32.02802696779252,114.60990247780703,81.89138209961875,3,1,0,0,1,0
34,1,156.4112785060687,73.63360333328994,30.098158277888352,138.05701128888256,63.69500020488891,3,1,0,0,1,0
55,1,166.8782402158406,83.5685601623424,30.008445380864575,111.13223804214354,100.33325968315108,1,1,0,0,1,0
57,1,161.20986036936728,110.03572239517823,42.33996506514723,142.19835716651824,84.64897709116362,3,1,1,0,1,0
48,1,161.44792158960877,80.12837744591091,30.741243549939707,122.90953764286301,77.20595670450984,1,1,0,0,1,0
65,1,152.6922377865581,61.49550799438036,26.37603275723457,108.47975212240813,65.7559884907039,3,3,0,0,1,1
53,2,159.67754658688224,75.00853654414853,29.418666971247607,127.645145899662,95.81745521399674,1,1,0,0,1,0
55,1,150.39832310064327,78.0360694025937,34.4992297017856,109.94883257075794,75.43425045001423,1,3,0,0,0,0
46,1,177.06997432357264,73.65289003900705,23.490915573453606,128.66392717710514,74.41791009636987,3,1,0,0,0,0
47,1,165.72232262114608,79.98494064656556,29.12367688819595,132.77308197310052,66.75025443539946,2,1,0,0,1,0
51,1,156.39186077805545,73.82641237674471,30.184464136434585,155.42139498534618,81.4629726670455,1,1,0,0,1,0
64,2,171.84082345884843,87.58935139129423,29.66187634274358,113.70654627125452,66.90898781769312,2,3,0,0,1,0
50,1,158.92191120060775,61.46726599501467,24.33752093115228,129.1330118833504,94.13710148226056,1,2,0,0,1,0
50,1,139.12157705514767,76.90977471477288,39.73676930428249,148.5397105649056,74.32067828791843,1,2,0,0,1,0
54,1,148.78161830971604,57.85634674120745,26.136802173161406,128.60841729913884,86.5327086983204,1,1,0,0,1,0
59,1,164.25684687169476,84.46949298402382,31.30782690162359,134.361047484131,83.78418345416995,1,1,0,0,1,0
52,1,176.92080944130217,60.2494497623441,19.24842723629903,132.23399962542638,76.7360189823008,2,1,0,0,1,0
47,1,162.04441444765428,75.8392216888427,28.881898387440337,111.10583929363612,87.22548728482654,2,1,0,0,1,0
53,1,163.94964470680247,76.28728197505588,28.38122796563614,115.6999622648487,85.05727084771182,1,1,0,0,1,0
49,1,168.19595173492854,99.59386061827016,35.20476828656508,143.07006855049573,91.60368304829285,1,1,0,0,1,0
52,1,151.7030284134094,86.5334160715309,37.600649554141626,131.38326110170334,92.33540023869696,1,1,0,0,1,0
56,1,165.00379270517809,51.0385127866756,18.74606667242372,137.78258509762517,73.32030548335763,1,1,0,0,0,0
53,2,170.07459745380564,59.151441006880034,20.449675723156332,143.69498788893193,76.10020742851377,1,1,0,0,1,0
58,1,162.1964312727301,97.1250921846534,36.918908709659,119.9403181374669,82.87110881879501,1,1,0,0,1,0
56,1,166.60900862460284,59.82205442041429,21.55084796852366,102.66433902552535,62.52388872563342,2,3,0,0,0,0
51,2,165.96854110501633,62.38204074164183,22.64686154823189,116.75629022516922,75.22917291548065,2,1,0,0,1,0
49,2,164.01429958813114,70.49855022663982,26.20696680885267,133.5507361438403,93.31085741159615,2,1,0,0,1,0
60,2,159.99296445518237,88.44512778752956,34.55191661966976,123.64759249033908,94.65837884031208,1,2,0,0,1,0
63,1,165.3984292976155,56.90817389056791,20.80232551552585,136.22753448030412,78.31338159437655,1,1,0,0,0,0
46,2,149.42375939508852,80.83833082716482,36.20578932465365,136.47383610763774,68.15804390751256,3,1,0,0,1,0
52,2,163.81411028022123,64.73280132135159,24.122470657190217,131.65476627707082,79.7272056518046,1,1,0,1,1,0
53,1,178.76705379477428,62.63144753827531,19.598258594078306,123.91076769874373,69.6161564278253,1,1,0,0,1,0
40,1,180.83577496344938,61.03401825694465,18.663937005659136,131.50104655196697,75.18195608587307,1,1,0,0,1,0
52,1,172.83555123192085,76.05703059371783,25.460868131065006,132.65847223631124,68.59371366712136,1,1,0,0,1,0
52,1,162.08020960849367,66.49820504454912,25.31336861624349,114.81478977919186,83.04813717298688,1,1,0,0,1,0
60,1,171.9933286275963,85.86930658191223,29.027842145574088,113.87495592780847,77.73790675104584,1,1,0,0,1,0
58,1,174.63461702434884,59.70554631609437,19.57735447193649,125.35519461004976,78.77862095697948,1,3,0,0,0,0
61,1,164.65685697329002,62.29123386357962,22.97562271733814,182.99110752705613,86.55802999490302,1,1,0,0,1,0
54,2,150.14168613236475,62.176323096902074,27.58179067077877,145.84201971742843,74.59698726035673,1,1,0,0,1,0
61,1,174.01321619355258,69.23867988780863,22.86568999188566,132.02751773077864,64.6882250859077,1,1,0,0,1,0
43,1,172.12229104025457,77.96638265169965,26.31680416872147,126.40539916512668,80.40266777040387,1,1,0,0,1,0
55,1,174.6846140831786,58.54102765785166,19.184524192322332,134.61578891077363,74.91949318907011,1,1,0,0,1,0
50,1,162.40970501963267,114.90458176008227,43.56255975697542,125.6232586425248,94.09746327499028,2,1,1,1,1,1
43,1,160.57348978625134,84.98703207729763,32.96134848260823,117.69011764145877,82.37144367110824,1,1,0,0,0,0
56,1,151.1605158154947,40.0,17.50585233868862,173.45712505797985,79.17679061665108,1,1,0,0,1,0
50,2,152.94838858744293,83.58684893138079,35.7312444348086,90.0,72.582300814142,1,2,0,0,1,0
52,1,152.39782484012593,84.31034932011455,36.30139812205139,123.96205246615739,82.4689445978565,3,1,0,0,1,0
45,1,176.9526742896858,73.41071613920786,23.4447280627873,112.5954643886909,60.0,1,1,0,0,1,0
44,1,153.0992644992118,92.93022055020712,39.647039110455985,135.7937615522127,91.03094920977004,1,1,0,0,1,0
65,1,167.1666869056279,74.5785120554665,26.68789030605149,125.83886932294386,89.691308510886,1,1,0,0,1,0
54,1,168.1630292974954,60.289568304508336,21.319701994373233,131.80210011989107,64.86346811344767,1,1,0,0,1,0
47,1,160.53208377722308,70.79934479926021,27.472966240123394,157.80830474633672,79.70561591683838,2,3,0,0,0,0
41,2,176.6425127381084,105.35538594342002,33.76496271726238,130.8580397305733,91.49834348195292,2,1,0,0,0,0
49,1,171.13706082381233,74.32459072496782,25.377240088344745,99.21574738567992,81.23443135050341,2,1,0,0,1,0
50,1,154.9022230566111,92.35228060408843,38.4886185604652,141.73297312999534,81.50715289639078,2,1,0,0,1,0
43,1,168.15316883036803,71.16726037202938,25.1692419595436,142.10654227702415,68.59275050582379,1,3,0,1,1,0
53,1,159.77644790677817,87.01792487871674,34.08656189127245,137.87713351389655,83.62690884470437,1,2,0,0,0,0
49,1,162.71723806816985,94.04628229909449,35.52012654271351,127.67913856447285,90.10230199521177,1,1,1,0,1,0
57,2,150.22832397274624,62.313348247791176,27.610701669009426,132.3597317207599,76.55346975559581,1,1,0,1,1,0
51,1,162.92245965576214,73.48736201252706,27.685396112911455,135.34465617058925,86.78048163804527,1,1,0,0,1,0
55,1,173.90752279498741,57.898276746857974,19.143833131091714,126.51664666529182,86.43438757635154,1,1,0,0,1,0
55,1,174.0999428087905,52.491642538692744,17.317807417661438,94.3213014071488,87.20342727092758,1,1,1,0,1,0
53,1,151.18201392757442,79.92347033824595,34.96826464354773,129.39638805164049,69.88583070124304,2,1,0,0,0,0
53,2,164.8630556183973,82.89260651180928,30.49784172023483,131.11475005957504,85.93149850102417,3,1,1,0,1,0
64,1,161.45376317504383,73.67722824272764,28.26421546346932,133.0659381850992,89.4906479514174,2,1,0,0,0,0
57,2,174.97069280852944,70.6694724928363,23.083477037066643,120.48347155078557,89.42233438296314,2,1,0,0,1,0
64,1,156.6218497197448,53.998310931972526,22.012809634533888,118.86106081127676,74.96519246819877,1,1,1,0,0,0
46,1,165.8110367768897,74.42612456444488,27.070640770317834,145.2460232505267,84.66949946650196,1,2,0,0,1,0
44,1,161.53933132490891,73.34068040489586,28.105309557817048,121.73418737498842,75.3043778612681,1,1,0,0,1,0
55,1,141.6506734043214,87.9790117463186,43.847192627540686,128.23208181174584,88.94260726850354,1,1,0,0,1,0
53,2,173.77488243573825,64.20507361350181,21.261570533649554,153.36830736205823,60.0,1,1,0,0,1,0
46,2,160.18650781750947,65.92213229418621,25.690903589252635,149.4363339200847,79.93075073769324,2,1,0,0,1,0
45,2,175.68208643505926,81.38293867360402,26.368073870242863,132.15222959548345,80.0386669004047,2,1,0,0,1,0
57,1,158.8349367811113,53.68957483395579,21.281287349801133,129.5436657674441,80.41710338336843,2,2,0,1,1,0
55,1,157.15858377543378,74.81168058583157,30.28957626711559,140.4842444517301,80.80310008556447,1,1,0,0,1,0
43,1,165.58953509339966,65.5006365406833,23.88799760651554,178.23010106040297,81.41613392071919,3,1,0,0,0,0
63,2,164.50624641328176,81.45917544722138,30.100604925989412,107.91185922835948,74.68758307959408,1,1,0,0,1,0
60,2,147.93941925989213,70.71267289747513,32.309440285817146,99.72131422968577,70.72491334182088,1,2,0,1,1,0
56,1,173.10187020479117,59.11375640053902,19.72808986269289,109.3724254581378,60.0,1,1,0,0,1,0
48,2,149.8874499362396,66.80976007107718,29.7378365611797,129.24382347470893,72.19733546380483,1,3,0,0,1,0
39,2,152.7625084013766,40.0,17.140616149503455,156.11112482863462,101.5901647737484,1,1,0,0,0,0
62,1,156.14535147189167,66.64045163751425,27.332528684159495,122.70005378935502,61.41361153919603,1,1,0,0,1,0
64,1,165.47059012990715,42.93432848084271,15.680613239889665,125.74874794230702,72.25252979094408,1,1,0,0,1,0
49,2,154.30593456884418,90.27086793618318,37.91249444139636,122.32427475057685,77.21036652471074,1,1,0,1,1,0
59,1,177.6460882557524,76.81885013929828,24.342013811884065,90.0,74.44515234533043,1,1,0,0,1,0
56,1,153.36966392551918,52.791721926702444,22.443309364498035,151.90547725786496,75.57409364539384,1,1,0,0,1,0
59,2,171.4039122725313,80.65439922368435,27.452797067210604,133.32378183267852,69.26513992102323,1,1,0,0,1,0
55,1,171.83570210994458,72.85412370345954,24.67330545516781,135.44088861542394,72.760907608785,1,1,0,0,1,0
54,2,162.56983109159896,64.79988689665942,24.518524929244013,112.25903804308017,66.78601207744619,1,2,0,0,1,0
51,1,165.48729976930858,60.751453120353226,22.183360192425592,95.86620802638446,82.24223445585886,1,1,0,0,1,0
50,1,175.7100184699179,77.44045816620427,25.08273356281544,132.63661846812,60.0,1,1,0,0,0,0
43,2,163.79780262295444,80.74072535299135,30.09376352765334,126.51687143509159,67.52122856839354,1,1,0,0,1,0
38,1,171.991904197139,67.68806942300054,22.882112574742685,117.84942057679214,61.47270260486539,1,1,0,0,1,0
62,1,166.136081899556,72.20036838892015,26.158418612952094,121.52349924329039,93.31967913114411,2,1,0,0,0,0
60,1,147.70527331668688,77.92167232907701,35.716283656749894,112.11836070559602,99.51742301169844,1,1,0,0,1,0
61,1,154.99011401120967,57.014784572066425,23.734467487687095,110.93027400919077,85.9383345016895,1,1,0,0,1,0
47,2,171.3230766088539,67.71703515723037,23.070988651539995,165.6410173809853,74.9029986515176,2,1,0,1,1,0
45,1,158.80041070754888,56.4629849344267,22.390334971715248,90.0,74.31269655504592,1,1,0,0,0,0
53,1,153.7685984416745,89.30306313095065,37.76861365621484,110.53274419610233,74.115068906002,1,1,1,0,1,0
56,1,159.5823334988974,75.55804948878885,29.669560675123083,128.82068970052683,70.55517079766895,1,1,0,0,1,1
41,1,163.36400133861815,78.43138288792946,29.388481590954267,119.32507132356619,83.95802593089893,1,2,0,0,1,0
39,1,172.78414548696824,74.95659347633156,25.107418526864844,141.6114795523223,87.07866728717599,2,1,0,0,1,0
52,2,165.54893572389545,49.861102119513305,18.193199740368456,108.5871000554646,81.38936396539029,2,1,0,0,0,0
49,1,166.8743538891799,79.15939249264538,28.426491327676683,114.53533126109744,81.86898529213087,2,1,0,0,1,0
59,2,166.5055601479083,41.30269193201511,14.8977566837927,114.32972698462119,77.37562546496405,1,1,0,1,0,0
45,2,167.77223819856385,40.0,14.210841467859261,117.48033642127498,89.27358821812292,1,1,0,0,1,0
65,1,166.0984277187889,75.29919519459024,27.293503786372355,106.50129618043947,76.50899359799989,1,1,0,0,1,0
61,1,165.38882066158368,88.86681092884626,32.48832302448598,131.8985940572003,80.22373235609714,3,1,0,0,1,0
56,1,151.74713142710016,98.5468770131376,42.79587257391235,138.57841787440222,83.63995315251852,2,1,0,0,0,0
53,2,160.51700416867882,86.96963321719727,33.75402340966103,109.54738389848544,78.66953290252137,1,1,0,0,0,0
53,2,168.53287868453327,70.1066389786142,24.682541104299066,150.00344478208802,69.62210300171037,1,1,0,0,0,0
51,2,175.20156130742265,88.37813896050508,28.791806039430245,112.86062458952142,87.14333810465064,2,1,0,0,1,0
54,1,158.96881360384242,93.3499898974287,36.93944866422625,105.35704711366479,80.87385315058982,1,1,0,0,1,0
51,2,167.14193336605143,83.69324637537821,29.95846594940021,147.7662645998534,71.14887744686366,1,1,0,0,1,0
52,1,157.4236245254244,43.16933869946061,17.419495828475338,116.81065686684045,65.92051267626303,1,1,0,0,1,0
50,1,150.3612590745087,92.2962404517274,40.823675543232625,136.49892940897044,79.23139812974334,2,1,1,0,1,0
47,2,165.02088437174436,40.0,14.688659748809318,118.78987822368897,81.32833644400664,1,1,1,0,1,0
57,1,158.3589244591547,69.60043343129865,27.75408137127134,149.8214501484524,85.64854882272058,1,1,0,0,0,0
52,1,159.0316949484126,105.3222002464001,41.64401055788917,152.08948142645588,71.4081249967574,1,1,0,1,1,0
51,2,174.08384662956587,80.43117581120656,26.54040028681013,126.36225139992183,87.94534647602285,1,3,0,0,1,0
40,1,149.56942370327033,70.88032498409065,31.68400400390402,124.60981116608968,90.4891211177582,1,1,0,0,1,0
46,2,163.17635240280228,95.47889236533905,35.858567042501754,96.9178249109034,85.66792901111947,3,1,0,0,1,0
65,1,159.49460704563637,79.3376291427104,31.18797750939175,114.18922988573759,98.37791063898993,3,1,0,0,1,0
52,1,163.6291208132686,80.5995973479031,30.10313168318407,108.49409335000652,93.34218469791345,2,1,0,0,1,0
46,1,166.5807922897295,81.25727147224839,29.282785647723056,90.0,85.66080267187144,1,1,0,0,1,0
57,1,160.08555329479458,76.61985932511331,29.897650968915347,123.89431047739423,78.08179952093164,1,1,0,0,1,0
36,1,161.64010039257695,95.94621842028334,36.72228013762497,90.0,95.63602086018703,1,1,0,0,1,0
45,1,152.20015656280498,77.31187190370476,33.374593931114966,112.18984808085354,87.18699526117796,1,1,0,0,1,0
56,1,150.47224879040957,58.39234662890953,25.789510895225316,125.65601226974955,79.99217471327805,2,1,0,0,1,0
60,1,157.77072357277697,58.104487453644296,23.343009133021845,135.6519673651418,97.11640044419751,3,1,1,0,1,0
50,1,158.86199483013237,60.56934753610015,24.000090094510707,133.4839888318921,75.47254088595862,1,1,0,0,1,0
56,1,178.60159243246085,78.43543780481252,24.58904554779438,119.94446493651203,82.8213206573108,3,2,0,0,1,0
41,1,175.3365717450685,78.665766310883,25.588260068126818,142.22931893372103,84.08191857307743,2,1,0,0,1,0
43,1,167.80262054242792,65.8299552696526,23.379008147677006,116.65677151229377,90.93236630701409,1,3,0,0,1,0
65,2,163.41773681227426,77.36423505328433,28.96955689764161,148.73267064503793,82.30454898734253,1,1,0,0,1,0
41,2,160.6870493453139,86.04948014292945,33.32625391840983,120.41983670287864,85.74702383030264,1,1,0,0,0,0
64,2,160.70579024559282,76.24448025840502,29.521971649771995,131.32566315818096,92.93696482742989,3,2,0,0,1,0
53,1,161.90162565731097,60.22308339682131,22.975267067011618,102.07982068877392,77.29238977609464,1,1,0,0,0,0
55,1,166.7564328411875,73.94608321415362,26.59193756502608,129.5751841094872,80.12751340337068,1,1,0,0,1,0
44,2,164.53751852558892,103.52746312059995,38.240686979144776,127.85910802185737,67.01037721454233,1,1,0,0,1,0
44,1,156.7355272521995,76.60445786228902,31.183089772847563,102.05255805864127,79.640631662178,3,1,0,0,1,0
44,2,156.56057415456644,69.40035768108137,28.31371772840105,141.5064877134636,69.43347150938153,2,2,0,0,1,0
55,2,162.40644767923223,70.69878211056054,26.804357290718585,107.42293072283137,89.43790079008964,1,1,0,0,1,0
49,1,173.1617489878845,58.07317414353945,19.367414029980615,119.25019513992008,66.83058255900039,1,1,0,0,1,0
42,1,178.5616815186026,52.334544383168364,16.413904926280747,94.00435959058629,74.54866665499773,1,1,0,0,1,0
50,2,161.3437393882894,74.25647476619905,28.525291519262957,107.77840677427368,68.83072405233553,1,1,0,0,0,0
55,1,169.88142592937038,95.6299332348632,33.13615074309227,119.60134862493874,89.23644482076087,1,1,0,0,1,0
45,1,164.04490897856053,55.30968340196337,20.553020657129636,107.57306992255036,74.52259658146552,1,1,0,0,0,0
52,2,176.66936034337115,103.831392216491,33.26643054703863,120.42203239082335,73.03945892156418,1,1,0,0,1,0
57,1,174.39503627806005,88.08782593984415,28.96327395564274,143.8979066640432,80.48728955564475,1,1,0,0,0,0
37,1,154.88547396262322,59.84785934573836,24.94751215610761,136.92165594577477,75.82650827724136,1,1,0,0,1,0
53,2,172.89149516139872,73.80901284015123,24.69233365390696,108.500268471277,89.4869161272859,1,1,0,0,1,0
63,1,168.22287910649536,60.54682101323853,21.395440010988203,137.77051234975968,93.19520226894413,3,1,0,0,1,0
52,1,172.0184357110311,86.82799103522822,29.343354793451713,147.51463283034067,81.9044253908631,1,1,0,0,1,0
51,1,168.64569032792033,78.27823509677252,27.522667936651942,125.94211595962359,98.20171621382153,1,2,0,0,1,0
51,1,177.1361982282479,64.84698728486636,20.666891773994596,138.6150361549365,86.7677408018365,1,1,0,0,1,0
45,2,171.91549618645286,74.96102815280238,25.363283992146282,110.09295211536856,65.7181778891729,1,1,0,0,1,0
52,1,162.98952777953156,85.68585327086498,32.254456098240496,107.39309694817538,76.17314063837509,1,1,0,0,1,0
63,1,158.37579020326774,83.27861888624825,33.20136388725182,125.95028662871056,93.7448615308639,2,3,0,0,1,0
53,1,151.69294104364013,92.75944326691862,40.31135441827265,113.11942055919066,72.69581636662862,1,1,0,0,1,0
56,1,173.3751177533147,64.87833825655514,21.583714095617754,162.14469445526265,62.01442849156767,1,1,1,0,1,0
50,1,171.87281478553768,59.28804166098608,20.070247419972628,121.17171690701772,80.54006722109293,1,1,0,0,0,0
47,2,150.80543814707534,69.28810646261644,30.466648871735167,125.82845389076778,70.37925431433969,1,1,0,1,1,0
56,2,172.05734987823132,88.85709239568234,30.01550394216146,111.90663353281926,66.24207082411714,3,1,0,0,1,0
46,2,167.03225527519479,76.96408416850032,27.585916407254363,153.18342715487174,74.82978183014724,1,1,0,0,1,0
44,1,152.81434005131084,58.05775205695341,24.86176722323078,111.85174141662456,60.0,1,1,0,0,1,0
49,1,160.84070782863952,59.768426896519635,23.103611550758593,126.30592779357782,94.50559671787485,3,1,0,0,0,0
38,1,169.19858472672632,68.63360249863402,23.974156887813642,109.05807010570568,83.17655142524151,3,1,0,0,1,0
48,2,166.11749403475753,72.59343376526498,26.306713662791505,150.24781099890416,84.00547597212409,1,1,0,0,1,0
50,2,159.03954017413955,52.30936410150978,20.680889672906112,105.63996283424099,88.83413567624129,1,1,0,0,1,0
58,1,161.1311183268539,87.90788274335367,33.85859850619074,105.78138518327052,73.44809994849933,1,1,0,0,1,0
65,1,171.4870941041323,71.53785414827558,24.32613018227001,123.78034807179651,78.3445970086979,1,1,0,0,1,0
52,2,156.57236292881646,89.4751937770879,36.49828314088784,150.50499014237198,76.92226746115365,2,1,0,0,0,0
45,2,156.58801935545787,49.78794016686378,20.305191852017852,171.52232427177123,77.76105892788608,2,1,0,0,1,0
52,1,182.1099240149855,89.51590324063565,26.991869893162765,119.85205992684662,93.99436960289364,1,1,0,0,1,0
54,1,156.06249962184415,74.5750780517698,30.619394573084232,129.5975690405602,73.92949654688576,1,1,0,1,1,0
53,1,177.58432192052186,76.31363488712236,24.198748015763957,126.03224364471451,84.29003850962722,2,1,0,0,1,0
63,1,156.61613407558883,87.23881292244418,35.56614118868867,138.65441576735927,77.32013610292022,1,1,0,0,1,0
58,1,148.2056045933234,79.13617835241389,36.02846992727618,115.17528991199023,80.00924898354764,1,1,0,1,1,0
58,2,154.7555971430519,97.67909441916969,40.785791415895105,138.49682505150608,74.169471064706,3,3,0,0,1,0
53,1,160.75330306677216,79.076735822837,30.600528223523508,110.61945316056571,89.27182851021534,2,1,0,0,1,0
58,1,155.22281419189088,53.37993173986746,22.154752781085108,145.7315784759848,79.02517061716068,1,1,0,0,1,0
47,1,171.9121636418489,94.29210846641132,31.905248720982215,114.61022820440547,78.46236852050222,3,1,0,0,0,0
53,1,153.4594234494032,106.96643135774889,45.421386032568726,128.11211009200986,94.59618816915487,1,1,0,0,0,0
61,1,147.86036053983844,93.88206898363467,42.941689801214785,167.7422787804743,73.37945185756526,1,1,0,0,1,0
65,1,159.17739018068744,60.09537755179808,23.718013298894444,141.67008178759238,80.82903565847454,2,1,0,0,1,0
52,1,154.3560233906873,40.0,16.78853607919922,124.52189192508908,75.26749882480105,1,1,1,0,0,0
58,2,181.34735266183185,70.33539568861393,21.387080047245245,98.82087774610795,100.82497036823176,1,3,0,0,1,0
42,1,176.98370745473994,89.7691039076765,28.658952527270593,128.05744449806232,86.39679101870335,1,1,0,0,1,0
50,1,172.6951019675294,64.36184659682962,21.580845500658018,159.09026206012825,70.42459363244188,2,1,0,0,1,0
59,2,169.8052316606933,71.67032801938996,24.856344467580044,116.35195940215446,83.36857698492956,2,1,0,0,1,0
65,1,170.82901315143636,66.98916770334688,22.955212523319254,153.8131818283159,95.36225806260738,1,1,0,0,1,0
51,2,155.96026973263363,80.29299666268018,33.01031826333779,141.93633716565864,88.0316394849562,1,1,0,0,1,0
62,2,162.44648729080342,83.86541725707605,31.780612477439902,140.4126018394513,87.99539658828071,1,2,0,0,1,0
50,2,162.7181096055055,79.84590695046995,30.156496016465365,154.92474791413974,70.75871620687607,1,1,1,0,1,0
51,1,184.5768505315817,76.58644267232627,22.480058399052236,114.98260094440587,89.126543165581,1,1,0,0,1,0
56,1,180.48585776200687,99.9296405434549,30.67665270475429,123.53997810554075,79.26128687421043,1,1,0,0,1,0
57,2,145.1128462106864,74.6260515435211,35.43877840240931,159.30978982905833,95.47743897385683,1,1,0,0,1,0
48,1,166.85049369399545,72.95299399382216,26.205239183798188,100.85455970746895,61.77498540237404,1,1,0,0,0,0
56,1,168.77557981801849,53.57672295469099,18.80861985633792,123.83130858158195,60.40243955473801,2,1,0,0,1,0
57,2,173.55238000158312,66.15568125374196,21.963725059505514,116.32574049846077,76.17444605730252,1,1,0,0,0,0
52,1,175.004782822205,76.51647487463053,24.983605744466455,131.49751700596235,69.32620663131941,1,1,0,0,1,0
37,1,169.23965468586144,66.48501597940094,23.212371705216906,145.7571167377737,76.02365460019314,3,2,0,0,1,1
50,1,165.9730026970413,60.28747280142556,21.88528350079481,163.72441999301984,99.66933559961225,1,1,0,0,1,0
55,1,153.72069116864134,63.59048669993076,26.910854736155745,117.46470377563413,103.3862425092439,2,1,0,0,1,0
48,1,175.12434068720853,84.0016674230508,27.390179622750985,125.69941708316323,80.5229349794517,1,1,0,0,1,0
65,2,163.09882302516542,70.95623675484431,26.674047490244657,142.9711698794982,85.32069241815685,3,2,0,0,1,0
53,1,162.41241176527063,63.19809159879203,23.958825972896467,104.78685906757194,84.24811470431275,1,1,0,0,1,0
56,2,164.66998317652525,72.19849578798036,26.625591654986057,134.3370521667233,76.89132147404551,3,1,0,0,1,0
63,1,155.60100415214458,92.57810537819455,38.236972437308914,107.72036127418805,95.67521011303444,1,1,0,0,1,0
40,1,166.68464525163182,61.23720739958446,22.040639293305087,115.75520015193217,81.05373448539582,1,1,1,0,1,0
58,2,169.9640085250531,40.0,13.846692922133622,152.53695778451154,86.22958385581069,2,3,0,0,0,0
35,2,159.63572799962552,82.02267921313324,32.18650024367914,150.69635117460828,87.31711677879116,1,1,0,0,0,0
59,1,166.98882877047004,81.060132210523,29.069159204450127,129.35463513768858,95.86874560830302,1,1,0,0,1,0
54,1,156.66173013581906,92.88203405583641,37.8447709118328,141.52765479950045,77.57406768337364,2,1,0,0,1,0
48,2,173.90313919397127,70.94215897797088,23.457923076309857,119.33922742469412,72.02517938219556,1,2,0,0,1,0
56,1,171.3718658294138,92.20251373634271,31.3952330420542,137.360521396929,94.94744233675173,1,2,0,0,1,0
65,1,160.0264708146068,82.13739380454243,32.074305664499434,119.38564207557006,89.06235051919286,1,1,0,0,1,0
57,1,155.6327715501216,91.01515855182198,37.57609341785534,90.56469991872112,60.0,1,2,0,0,1,0
65,1,157.0497698013904,67.74614567493785,27.466921312113772,126.00469897996005,109.21860413487283,1,1,0,0,0,0
59,1,158.73230331370496,40.0,15.875571011348452,112.70119353402322,89.68497053300511,1,1,1,1,1,0
48,1,179.25782200342906,71.16108983001622,22.14554434490312,130.94955192657508,83.86162121842982,1,1,0,0,0,0
57,1,154.88982003302257,98.38316053323754,41.00860723706637,122.7697459653933,72.3733840228171,1,1,1,0,1,0
64,1,155.96666724763244,91.1418549673482,37.46746231348939,107.38179644849504,79.95868745617273,1,1,0,0,1,0
47,1,156.92931103322746,70.07877603002679,28.45629614200564,134.78119423257138,72.08175335688121,1,1,0,1,0,0
65,1,162.94672335496273,65.97555637981058,24.84802056228425,134.0374313355257,77.40473736322824,2,1,0,0,0,0
50,2,165.88590761137576,90.39378267838089,32.848804918319715,126.95974840944137,73.35304632538941,1,1,0,1,1,0
58,2,176.8418091265477,73.1192523509115,23.380933340067852,151.28662013290597,66.1201003668154,1,1,0,0,1,0
55,2,154.43738434924703,54.3967778669606,22.807007241657445,134.42159979255652,67.08319135226277,1,2,0,0,1,0
48,1,169.01205341058542,89.39508917711272,31.29524136967791,117.44319291170973,76.00223907571146,1,1,0,0,1,0
43,2,165.83125949879238,86.14813124324519,31.326585630274653,125.98532369043959,102.22250294081837,3,1,0,0,1,1
54,2,157.39289015929805,88.68306852543142,35.798966686219316,123.03348003110145,77.80924671098339,1,1,0,0,1,0
49,1,156.9832629139701,73.46155943112052,29.809414081596813,145.381385719292,86.51407680892257,1,1,0,0,1,0
48,1,174.73046120583177,76.05539676562438,24.911093386509634,116.96283498683722,70.9873145629496,1,3,0,0,1,0
55,1,161.72119113248627,67.38382029259394,25.76450284334491,130.81080426702115,87.22388290361292,1,1,0,0,1,0
58,2,146.80463960090026,109.32796838064176,50.72846432655592,109.85129343157641,96.32865386999725,3,1,0,0,1,0
45,1,167.6644415389931,79.30436685331763,28.210784846556543,106.60874383548166,107.38415465794162,1,1,0,0,1,0
49,1,176.54466666691474,93.72555902655581,30.071066768351542,119.774108502374,70.54359403105275,3,2,0,1,0,0
54,2,167.15304514159578,76.62937555789382,27.42626707893492,139.22784131469967,75.22771258654527,1,1,0,0,1,0
62,1,166.75858124037754,56.70097847058595,20.38985654840055,105.8276671139739,77.1557559137975,1,1,0,0,1,0
47,2,160.86733017348317,66.06552998822819,25.52931811812074,115.38505743755074,84.13160492848264,1,1,0,0,0,0
46,1,158.58404908992915,58.4064297276379,23.224247690501056,132.85659552553935,96.7691121683125,3,1,0,0,1,0
57,1,171.25282229034335,63.32725286669968,21.593108836137098,135.59943831078306,96.57949729553312,1,1,0,0,1,0
54,2,167.97239380711179,74.36350720365702,26.356275664357195,116.36616292814918,60.0,1,1,1,0,1,0
50,1,160.398411332016,47.581557718013244,18.49432694250048,104.97455161726607,86.33031532658713,1,1,0,0,1,0
47,2,168.31664903120367,57.828672964035334,20.412165163018287,108.56521964881361,65.88404417478836,1,1,0,0,1,0
65,1,155.0516919285247,40.0,16.638224197876273,141.20704272078115,91.44232471628735,1,1,0,0,1,0
53,1,174.3581209223144,53.200157495876375,17.49961758042525,118.9168924229904,87.74207881546043,2,1,0,0,0,0
64,2,169.61733647152772,67.20667775018346,23.359952161118603,124.11587705114626,101.77950851091492,2,1,0,0,1,0
53,1,155.66580267903646,73.45188953274486,30.312136055425466,110.4496660754387,83.59284567841792,1,2,0,0,1,0
54,2,188.69441604695385,78.70200804785692,22.103839397169065,133.3462817584807,68.10742808136774,1,1,0,0,0,0
65,1,163.77300259966054,108.53856286184214,40.4668541432226,149.3841594798863,64.49376030342479,1,1,0,0,1,0
62,1,161.49617225142333,95.42964846252579,36.589700744133076,139.88075320742684,96.28041186489845,3,1,0,1,1,0
51,2,162.16192191699955,78.13439489017209,29.712862096694547,129.15344547039612,80.69258804945007,1,1,0,0,1,0
43,1,167.4620653859978,50.25370555416971,17.91988442362681,126.68879045743545,68.81095208850913,1,1,0,0,1,0
54,2,155.07457048725854,93.24421401822738,38.77401005429186,113.66798934296386,68.71215178591495,1,1,0,0,1,0
47,1,173.41745542519527,66.98753853959104,22.274522404352698,96.14709126983637,81.39079722345775,1,1,0,0,1,0
52,2,162.69364358347468,73.50826358822766,27.771222186129577,135.24216559968062,84.93266758863159,1,1,0,0,1,0
47,1,159.17654644921032,70.26182108948183,27.73072641421336,114.15520189020083,72.73608786550226,1,1,0,0,1,0
58,1,160.16091120882297,83.53217701950112,32.564224353238714,110.79481700280834,77.47707703531233,1,1,0,0,0,0
60,2,174.28156424126695,73.49607341340992,24.19698407763055,133.57905927333314,82.73416323974462,1,1,0,0,1,0
56,1,168.15920214840008,52.14367253326229,18.43997549027062,113.44399572372532,62.34248598125083,1,2,0,0,1,0
65,1,149.54542118247062,89.74471698106558,40.12939865654465,111.33667217457324,67.3054728633895,1,1,0,0,0,0
57,1,169.53125457729737,87.81390724025997,30.553695736437053,127.20185333216259,68.8258889087772,1,1,0,0,0,1
51,1,158.8495556681847,89.13454628092937,35.32433944578895,103.15087465151507,84.02852803930703,2,1,0,0,1,0
49,1,172.71370913372837,86.23391243172757,28.908427498389802,136.6896741433671,92.44529850875816,3,1,0,0,1,0
58,2,149.35408422629703,53.37564632145994,23.928139961493017,142.84174276330896,76.56408807504953,1,1,0,0,0,0
52,1,172.52413880134705,56.62172571292555,19.02319086145259,115.9491154006619,86.40245955661541,1,1,0,0,1,0
46,1,163.00132778073257,47.12563826704285,17.736787427268535,148.38843391695747,81.37175585756204,1,1,1,0,1,0
48,1,175.2606009008263,55.14745531408162,17.95382074108112,139.36810599328686,86.49615063485639,2,1,0,1,1,0
53,1,163.07232495776813,69.2379732076111,26.036572969409118,157.53003689063954,100.15977187009523,1,1,0,0,1,0
51,1,155.89294873337903,56.84738949849379,23.391473620380257,131.30994609782553,77.32776672164441,1,1,0,0,0,0
53,1,146.8533169162616,71.19301539920241,33.01185034170121,115.93906439255902,60.0,2,3,0,0,0,1
57,2,163.87833343140053,56.16371300813299,20.912826481137106,92.62416762039972,72.33453377783566,2,1,0,1,1,0
48,2,165.34076608729575,80.71582025698122,29.525602829818087,109.66063358709482,77.00227974659802,1,1,0,0,0,0
56,1,161.78943864756945,46.73450547017264,17.854073370701563,160.2437015244376,80.37965827377693,1,1,0,0,1,0
58,1,182.93446539861472,76.96908856763281,22.99986425140556,145.79876180189038,71.63759173381145,1,1,0,0,1,0
60,1,168.0186309213109,70.58845720201566,25.004536394699773,161.7360189322296,64.07580489186839,1,1,0,0,1,0
40,2,139.1195578230311,60.962454404533645,31.49822395226802,122.1197693206154,88.38851332639173,3,1,0,1,1,0
45,1,168.27180275180584,91.14625269726608,32.18964025955125,151.36484706361756,69.19583745497837,1,1,0,0,1,0
55,1,172.88582910530204,85.46741148463357,28.594450613294722,109.2731862188308,98.57800345431498,1,1,0,0,1,0
65,1,158.1057470232624,59.604796370243676,23.844372380295482,118.48182013514597,98.812727765386,1,1,0,0,1,0
47,2,172.88079205953383,88.89060683383525,29.741466827246096,105.58546992357894,78.03768972615224,1,1,0,0,1,0
61,1,167.11782660822928,77.22818037365124,27.65223533859695,152.9162739886605,80.60206314885129,2,1,0,1,1,0
49,1,178.6717061712237,68.70646500730777,21.52216889529606,119.52983691082345,68.29408521995146,1,1,1,0,1,0
37,1,155.5595210558531,74.82801691161319,30.922246724550696,148.3930171100801,88.14682197772626,1,1,0,0,0,0
52,1,169.2189386327901,67.83890440624178,23.690863581675135,132.61501124116313,75.4251011521504,1,1,1,0,1,0
55,2,167.6870060754985,42.0483011986897,14.953733373967998,113.69980009687536,77.64560733006668,3,2,0,0,1,0
55,1,171.5249294015683,52.60918578902818,17.881629076874276,140.4105727388098,98.8750561252215,1,1,1,0,1,0
53,1,173.30905205253714,84.43937235890786,28.112696425406934,109.86074669540078,76.97000585584296,1,1,0,0,1,0
50,1,175.94624352180443,77.53626701480866,25.04637565571336,114.41786209618465,96.84552756414647,1,1,0,0,1,0
51,1,176.98538209778278,84.63572747841236,27.019601275219003,120.30625756607753,86.29545352666966,1,1,0,0,0,0
60,1,170.1440845860545,79.34362828034375,27.408063210781496,142.16080254746882,80.88836689010502,1,1,1,0,1,0
44,2,162.72878855206199,74.51297089818343,28.1386395849366,115.96398352500485,78.91713723379665,1,1,0,1,1,0
37,2,156.62012697767105,75.14785426028666,30.63525086225346,156.48147831674848,86.55737060229772,3,1,0,0,0,0
50,1,158.49651854165188,64.66580484064548,25.74158194740651,120.26602467507306,113.17460702186885,2,1,0,0,1,0
51,1,154.33614659490823,92.68591274684847,38.91154057438738,143.61202263005237,75.2926857303295,1,1,0,0,1,0
55,1,167.42111356638094,58.26066311959384,20.785236528895915,123.2618350990685,75.2712709588731,2,2,0,0,0,0
49,2,156.1433121992571,80.30855807013698,32.93935213466924,105.6778923959147,68.86610538443581,1,1,0,0,1,0
58,2,162.38147075351003,71.95967007521303,27.29079720020554,124.29974203027845,67.04030356784467,1,1,0,0,1,0
43,1,167.62102603681637,77.11117980108814,27.444818210891217,115.47426081800754,60.0,1,1,0,0,1,0
57,2,154.1256680166151,71.25362166478574,29.99556174131557,111.85449597550786,80.6024260874088,1,1,0,0,1,0
49,1,168.98441017211283,63.29743150628789,22.166279605864723,134.46984087350833,84.90199035012937,1,1,0,0,1,0
59,1,162.87778874755946,86.3204550632763,32.53793534782256,139.8581297420438,80.03380631298266,2,1,0,0,1,0
48,2,172.42400856055065,60.4850349582272,20.344754849270057,127.36022039588187,90.94542944879167,1,1,1,0,1,0
46,2,167.72589124064805,46.074870273235135,16.378114562057206,128.98185819685318,80.57579835621115,1,1,0,0,1,0
53,1,147.2022215861236,65.2790644349908,30.126258112269568,97.11068815318852,86.09505898027419,1,1,0,0,1,0
47,2,161.78288413880207,88.90932394293287,33.96895299746937,124.86881969456184,68.5818787907802,1,1,0,0,1,0
57,1,166.76209578780606,83.20096931185518,29.918078472652734,145.82218541746977,72.96981003727932,1,1,0,0,1,0
60,1,171.77955323512683,75.93688270120094,25.73414994220553,147.5705573518741,83.82278637936346,1,1,0,0,1,0
49,1,165.2769022987819,77.87874079189902,28.509827650416078,140.60252030631608,86.31354596401245,2,1,1,0,0,0
64,1,161.94506809899445,83.7549267953429,31.935587529643342,112.203239638279,73.2230287220695,3,1,1,0,1,0
41,1,166.68817653914266,69.7378127811219,25.099133633181044,138.12837776608683,72.82524167517586,1,1,1,0,1,0
47,2,173.03621850040292,81.88452542973208,27.34814068066653,115.29925303444601,72.20152439341862,1,1,0,0,1,0
55,1,155.9565775946683,63.55245234560242,26.129128293249725,141.60135924786294,68.66301640227822,1,1,0,0,1,0
35,2,174.2543519179103,55.356946456701124,18.2307636014843,118.88609452681598,85.24287018215661,1,1,0,0,1,0
44,1,167.19669548754948,40.0,14.308846077710406,111.16234040330728,79.20895696354893,3,1,0,0,1,0
49,2,165.5321292796709,50.475803200071226,18.42123043924189,121.89519671382314,69.0242318308608,1,3,0,0,0,0
55,1,151.65655841873902,70.948236545481,30.847446018318703,124.79565914717462,82.87522411045067,1,1,0,0,0,0
59,1,156.89959323469031,77.80122738027465,31.604055301570707,129.78713669034465,71.77759358099522,2,1,0,0,1,0
50,1,174.8189193040598,80.26609568534379,26.26366172775486,124.26788990981917,89.10814598826738,1,1,0,0,1,0
50,1,171.72867158638596,67.33188481841228,22.831537112596354,133.9280685459026,72.02636346681145,1,1,0,0,1,0
56,1,168.91407879469872,81.9175722927545,28.71080536459043,160.3738751692067,60.0,3,1,0,0,1,0
43,1,153.156217676971,91.79695475350138,39.13442969169433,112.72585316201585,60.0,1,1,0,1,1,0
49,1,163.76270451604142,71.48094566622326,26.65387062581814,108.79481296882193,63.98017004871018,1,1,0,1,1,0
57,2,155.06834433101636,90.15135333890424,37.49090730769806,136.52737430836086,87.01440252534817,1,1,0,0,1,0
52,1,172.78655903254875,72.87734045958562,24.41027114469397,133.42581902980206,81.29460574466465,1,1,0,0,1,0
65,1,177.64631803618855,73.89144710823214,23.414330854762248,98.70036159719655,69.37205549048164,2,1,0,1,0,0
46,1,181.26204198335816,87.28116152453308,26.564814083436165,101.84439607284463,70.02299384246301,2,3,0,0,1,0
43,1,171.33614232746936,69.83159785603355,23.78778533076309,146.98114614332144,60.74303627975321,1,1,0,0,0,0
55,1,164.2650592936052,60.66959969845095,22.484370854972553,138.33544882483804,69.00273267418525,1,1,1,0,1,0
44,1,164.1116287045436,85.10367906649114,31.59872970806256,130.2396028597759,99.9901700961935,1,1,0,0,1,0
55,1,178.8372817319364,64.34175411086231,20.117628146989976,122.0260820343085,86.6354407527999,2,3,0,0,0,0
45,2,164.63155346299612,66.13811601210665,24.40201373143729,117.57468294263039,89.88378764930482,1,1,0,0,1,0
53,1,155.752280281847,93.09082530110213,38.37408677624241,131.06910926817395,88.40194296841,1,1,0,0,1,0
57,1,174.49940162046474,82.83266394281442,27.202808525452937,158.67704541075298,77.34606406199589,1,1,0,0,1,0
52,2,163.7379317784011,56.35431358712407,21.019799228753822,115.90478644337307,78.8104849988442,1,1,0,0,1,0
55,2,166.7259444844915,72.51022732927498,26.08512330854925,132.71449392746865,75.2443519405428,2,3,0,0,0,0
43,1,164.2954966357915,78.50289960991486,29.08267695422443,138.97861158248776,73.91391061731765,1,1,0,0,1,0
60,1,168.23580264286906,59.555601819818364,21.041939551443786,136.1582993806233,96.60364927884912,1,1,0,0,0,0
65,2,175.9980826651515,103.91330111831462,33.547122032383214,126.68182365878772,78.21365561665772,1,3,0,0,1,0
59,1,166.41734355021646,72.90224020690358,26.323504264318398,127.2822909582505,75.87604426206153,2,1,0,0,1,0
65,1,169.262346611932,75.74923174076676,26.439760536802936,131.19325834438902,81.37732317114256,1,1,1,0,1,0
52,1,161.5155262068874,85.87303915576656,32.917608832521694,120.3867163530221,71.16295112359461,1,1,0,0,1,0
56,1,149.80641178814264,59.09825501554922,26.333819482949988,117.09083300699254,84.64239140176235,3,3,0,1,1,0
61,1,162.33932136320075,69.05080476815976,26.201206639808237,145.72402723382902,66.5633181227822,1,1,0,0,0,0
45,1,167.14108441459152,89.0747758371789,31.885138442024445,110.02319239199996,92.58235213688536,1,1,0,0,1,0
50,1,162.5949071756027,104.9335557460941,39.69177425158741,105.09673395846913,75.9140678223677,1,1,0,0,1,0
49,2,153.5225075064434,87.04632435098398,36.932297630524765,125.83792439595804,73.05344204525066,1,1,0,0,1,0
56,1,174.5697594342771,53.75826985658437,17.64035237646425,143.6317906936091,62.11402946555404,1,1,0,0,1,0
54,2,153.2274868197391,68.53656206608214,29.190999032574805,113.09864136163387,70.45721331055212,1,3,0,0,0,0
46,2,159.58028351982563,54.13887445848504,21.259387986287916,132.25870897825007,91.69366880784703,1,1,1,0,0,0
50,1,165.13235385806604,79.99041418478723,29.33415635234568,130.20984217769475,70.93852443949291,1,1,1,0,1,0
50,2,158.79770438546018,86.58932843849126,34.33807395411224,105.83569315273253,70.96245619957384,1,1,1,0,1,0
57,1,172.4310858168645,78.88420115423577,26.53132293804565,125.80455954534943,81.79505560071766,1,1,0,0,0,0
58,2,153.01257310738862,92.39589725015614,39.463759004936264,169.17162258613493,83.51873870735544,1,1,0,0,1,0
44,1,158.59859015502144,101.26189808966238,40.257557223992244,123.01845702650925,86.50078410703559,1,1,0,0,1,0
49,1,158.29793192995479,77.04461103530237,30.746223848766157,110.42404896149272,87.46358353093694,1,1,0,0,1,0
45,2,157.1092213754106,89.34950817799856,36.19835323563874,138.59697238535105,89.86560874116816,2,1,0,0,0,0
58,2,167.28457084960058,50.18134049950672,17.932072472398538,140.11110989158138,84.97875061326769,1,1,0,0,0,0
65,1,168.84382121676063,73.15935460388624,25.66253299525054,138.84870773884253,82.50701352560561,1,2,0,0,1,1
46,1,158.49326665718874,64.2463523269398,25.575659528085023,163.37906093560588,74.16388670206628,1,1,0,0,1,1
51,2,159.57806313604218,71.4732607906436,28.06707899993018,102.88876614781887,83.39574664525084,1,1,1,0,1,0
53,2,158.76529763449108,82.46013493934413,32.71394185009585,116.39348369069076,82.08585974674058,1,1,0,0,1,0
44,1,165.37145913788407,81.42268677237543,29.77311756475259,121.21306378917363,83.4976755850024,1,1,0,0,1,0
62,1,167.57111930598265,55.173451349412574,19.648609013716296,164.78008739249447,94.15024464903767,1,1,0,0,1,0
49,1,162.2808175269782,81.60635365167006,30.98771830057132,127.07637761145433,66.51692995104565,1,3,0,0,1,0
58,2,185.0058550966137,90.6228887306733,26.476889035617667,144.75374580750878,94.20735390847162,1,1,0,0,0,0
57,1,168.14820598199213,74.59179946999977,26.38193270191586,100.86798788243759,90.06266534873927,3,1,0,0,1,0
47,1,169.83768479881638,42.4646652233439,14.721754890557216,131.09352656789895,66.10176434034116,2,1,1,0,1,0
64,1,171.24807426315505,93.48714761248051,31.878693661181916,90.0,75.0311631917083,1,1,0,0,1,0
56,2,167.1107840307223,53.30000206000282,19.086147344197812,129.42934104431453,61.482035070156186,1,1,0,0,1,0
59,2,165.4893660140248,64.3286894475585,23.488999536672516,136.19926876042308,84.70110713140777,1,2,0,0,0,0
43,1,174.0816021056844,81.37836320374194,26.853642358056746,172.07993061006553,78.51308310259499,1,1,0,0,1,0
53,1,171.63415325386265,73.10334318797875,24.815887698549897,120.43672570952339,88.13444477142357,1,1,0,0,1,0
44,1,173.36712277986834,69.27560813448527,23.048722736988076,132.1265527028772,78.43876587955317,1,2,0,0,1,0
65,1,162.70000271640365,64.95795331579546,24.539019876533384,109.55346490267605,109.9335247935498,1,2,0,0,1,0
53,1,167.4731185919887,78.82571613427316,28.104619497195507,105.85127911788041,66.69979743389315,1,1,0,0,1,0
48,1,168.39793435519843,64.46765695337506,22.733607962331533,101.25697220742634,72.59021693596611,1,1,0,0,1,0
41,2,156.4715131433932,81.8142767281788,33.416313034289125,108.77114524382107,95.98673845830749,1,1,0,0,1,0
65,2,150.43974670335072,66.43816809408158,29.355701437292073,123.18366117859593,84.97801088935373,1,1,0,0,0,0
61,1,176.69816355335834,78.68144136737229,25.2004464892466,149.13075805541527,76.01088580023149,2,1,0,0,1,0
44,1,162.54661416691383,60.6871628545657,22.968941378084374,133.76746894998828,95.70800145278581,1,1,0,0,1,0
54,2,178.42999127505863,87.39850527710809,27.451640113847443,131.06372175807732,60.0,1,1,0,0,0,0
48,1,169.93422370665127,76.68290336330614,26.554421461112607,126.19153935329244,89.68929132346571,3,1,0,0,0,0
61,1,157.75385312734406,69.457609410341,27.91000282069639,110.25240364692995,89.80562422827026,1,1,0,0,1,0
54,1,151.24468466922752,40.0,17.486373471902255,122.84740954730698,65.47080535126622,1,1,0,0,1,0
40,1,157.8036698174004,78.63619630299556,31.57826759389974,121.81064875889876,80.18694672322756,1,3,0,0,1,0
56,1,164.62971748300674,41.29061900917851,15.234735825830514,161.56965350932043,65.09694389579437,1,1,0,0,1,0
61,1,167.87051938465774,70.81413801916992,25.128762682620387,131.5933435887831,79.6365992712563,1,1,0,0,1,0
55,1,165.14134942780865,74.43653483599434,27.29445893463742,129.7399191942261,97.95067723132922,1,1,0,0,1,0
61,2,170.11313391673824,73.03590810496125,25.23833743766262,164.47110214086854,90.69794702779278,1,1,0,0,1,0
41,2,168.72404911274006,75.52215293751526,26.528969691690968,130.18081644990772,60.0,1,1,0,0,1,0
59,1,171.5031557624089,86.76506277693088,29.498548987725083,129.0725238509724,85.72692877260296,2,2,0,0,1,0
40,2,170.0316896463874,62.591411798640586,21.649855720151354,101.21108832499496,79.45950634644929,1,2,0,0,1,0
58,2,167.69153842952016,76.14803154781572,27.079234495595433,130.36506484549707,65.43320088618188,1,1,0,0,1,0
45,2,155.35367528047004,56.132901538328355,23.258110397997694,145.60780273677304,86.61820400156745,1,1,0,0,1,0
48,1,182.1569960882547,46.39932053207583,13.9836295165675,128.32378222629413,83.07423042942608,1,1,0,0,1,0
51,2,168.21463212849386,106.91907282419095,37.785714924172545,115.12844250452912,99.17788700716591,3,1,0,0,1,0
65,2,164.44523098834847,74.86184514846857,27.683306476392687,141.25621182466503,74.58250539588146,1,1,0,0,1,0
58,1,168.3077499488549,90.58767431745665,31.97870567383817,133.89813499650063,82.65103382566382,1,1,0,0,1,0
61,2,149.8921374893839,59.3230386509238,26.40375430614333,119.56206549517472,81.02344896657853,3,1,0,0,1,0
51,1,166.3785228375792,83.1644640823884,30.042997724946286,113.71745595055489,80.23216363993505,1,1,0,0,1,0
44,1,141.98340460806278,58.342746063846214,28.940877487906068,90.97700811701542,71.97805305703683,2,3,0,0,1,0
45,1,165.12855611042826,77.65973844054868,28.480758852959532,128.63576787312377,83.05095848548237,1,1,1,0,0,0
41,1,171.25870836973075,46.648684889959306,15.905014750088313,135.43222111458493,97.94027603135616,1,1,0,0,1,0
62,2,171.8507543775377,81.99473670949084,27.76406738810337,141.14241658218054,93.19115754394406,1,1,0,0,1,0
50,1,148.73656494707936,59.07466960499133,26.703353610313044,143.13454542760692,76.14624736668962,1,1,0,0,0,0
60,2,168.7436823456664,88.74897814692933,31.167955640719526,141.90231285891446,81.17612160179404,1,1,0,0,1,0
45,1,177.0470750820297,68.20202120036905,21.758038087429178,108.56777509745753,68.48345469050973,1,1,0,0,0,0
54,1,157.33678290668217,54.031691571112475,21.826697652742123,120.19381745569692,60.0,1,3,0,0,1,0
43,1,167.70003624764,94.44800170759983,33.58353908043735,126.99113471717399,63.945107141199955,1,3,0,0,1,0
55,1,157.98672359592405,65.29045465737946,26.158239255208137,159.52609145727507,80.4895211005687,3,1,0,0,0,1
54,1,160.82673638687237,88.23810630135418,34.11455267607922,124.50427649501712,88.3699450826984,1,2,0,1,1,0
47,1,162.2781324945225,83.02440134033121,31.52722530424967,139.87679292673636,70.04482547134121,1,1,0,0,1,1
65,1,153.61637233668247,53.06776206424309,22.48825531404653,132.9881962666951,69.24671948685696,1,2,0,0,0,0
56,1,167.07252800489164,62.62154092295513,22.43435882878624,127.47185558045375,82.61994261609969,2,1,0,0,1,0
57,1,165.4172573552017,79.54009100517459,29.068622488125428,120.3182741343632,70.67616487722202,1,3,0,0,1,0
52,1,175.15540134248977,85.15180900925097,27.755356503859268,129.80177829695015,79.6663799188346,1,1,0,0,1,0
53,1,169.88665479383792,78.94669611154924,27.35365909284557,131.04073794066363,70.42687360788825,2,1,0,0,1,0
61,1,167.9386262858153,99.6268439511545,35.324431392313976,134.10067990844507,92.63855620503818,1,1,0,0,1,0
60,1,159.3768248687725,55.58064850006018,21.881307468127694,90.0,94.30700813839607,1,1,0,0,1,0
52,1,155.8887265823362,71.05625306892118,29.239698068877182,136.16008963135653,76.83290434461252,1,1,1,0,0,0
56,2,176.57072336305282,60.48397152537728,19.400052618036213,129.44091468885887,82.26186601232405,1,1,0,0,1,0
57,1,167.10222595139203,62.06181798077124,22.225934134526405,107.48788923031697,90.01422283795496,1,3,0,0,1,0
49,1,159.9766361622709,89.85271725959433,35.10897043450115,132.62776215397696,70.82235834251263,1,1,0,0,0,0
53,1,174.01687608378074,82.02828464944066,27.088246559492905,119.99491577454131,93.09785748363777,1,1,0,0,1,0
58,1,159.11310151990872,66.18196766633284,26.141336795961465,154.11385930182772,75.65617257936717,1,1,0,0,0,0
52,1,172.66657149101542,79.16399126925808,26.552850541589848,102.79106571711021,79.7245143267515,3,1,0,0,1,0
42,1,151.8813752872512,69.24282871559566,30.01689453744584,137.8930906316554,80.14940932882247,1,1,0,0,1,0
50,1,168.72895256329227,75.12592476795159,26.388251222146966,139.13663292590815,74.52074941464974,1,1,0,1,1,0
58,2,170.0707928301812,51.519136559216996,17.811853038758976,114.53258722441858,90.7703841749627,1,1,0,0,1,0
53,1,158.04977268502316,76.9778415846918,30.816121549202176,136.82338609983898,89.02182758396563,1,1,1,0,1,0
45,1,150.8984806409632,73.66215215291842,32.35002862521626,115.09237746538973,75.17333163133061,1,1,0,0,1,0
56,1,177.8461697825295,71.77287595820714,22.691923781003723,116.69473029997997,80.22724201742027,1,1,0,0,1,0
37,2,165.4796930078273,70.22933354539524,25.64656077145722,135.76837007804986,93.63256348103377,1,1,0,0,1,0
58,1,164.59832203734354,60.50855504401288,22.33397238769598,129.59302208653094,62.84258811670802,1,1,0,0,0,0
45,1,171.37379118051155,96.09467355555313,32.719789945090554,116.68681168754989,72.36568567838228,2,1,0,0,1,0
56,2,174.74084857853694,89.98325439485919,29.46950325135605,145.94468391747816,74.033280096141,1,1,0,0,1,0
54,1,168.06425289768944,54.4425680832114,19.27471230166651,132.84210998047425,90.15072716170327,1,1,0,0,1,0
62,2,168.96904393176874,94.38780271031364,33.05990358138109,150.508308371231,77.51026435320841,3,1,1,0,0,0
52,1,161.08462029455487,73.52085326496189,28.333640763595024,122.72305883387322,65.67244909974363,2,1,0,0,1,0
52,1,160.93838110294323,93.3278025693728,36.032283310065196,149.7583068523253,71.39175262603155,1,1,0,0,1,0
57,1,153.35196148159983,81.06842862246133,34.47252414328259,142.30375793972772,86.35826529994372,2,1,0,0,1,0
55,2,170.2299880782087,76.96841209818258,26.560753384448514,113.80095152311641,86.34170396156853,1,1,0,0,1,0
46,1,150.91314894986448,93.11671151185388,40.88589112104771,136.2717767313561,78.16192021348768,2,1,0,0,1,0
46,2,169.54861667276816,76.6841410951767,26.675775639061317,113.5394567132565,72.35069763612081,1,1,0,0,0,0
53,1,164.07667394401508,81.9458750136483,30.439212291976226,123.85643451331313,72.27303766091987,3,1,0,0,0,0
52,1,167.46506458883195,65.2225957202456,23.256782762586415,106.47591425475568,90.4926577830002,1,1,0,0,1,0
64,2,166.25515538527478,60.42581171723609,21.86111207733443,130.7541911737591,71.79153572451365,1,1,0,0,1,0
58,2,154.50166335816996,68.29034412371908,28.608361332579623,135.6116341469743,75.52853132642667,1,1,0,0,1,0
54,1,162.25990325216134,69.51990472739543,26.40503472020539,137.44444364990673,84.7743951818999,1,3,0,0,1,1
49,2,179.95938600453303,73.15616918210813,22.589257190008023,135.2459836526328,65.28837641113273,1,1,0,0,1,0
46,1,173.22605876933468,71.63202579920959,23.871559098201963,190.31705867025084,81.66491164888829,1,1,0,1,1,0
53,1,173.54441833943886,66.81371088433383,22.184226626104955,128.94214453207334,75.90176875591676,3,1,0,0,1,0
48,1,174.2486878109773,43.50837435514197,14.329591964535627,90.0,65.55031088732939,1,1,0,0,1,0
52,1,155.69776188123683,65.13058489207864,26.867065792029656,121.00318468229143,89.19403114535447,1,1,0,0,1,0
51,2,161.52950181692938,48.9282255039294,18.75235249727763,120.73293726529036,72.70880074441354,1,1,0,0,1,0
53,1,162.62091250532455,84.34277701516835,31.892980613318066,109.81791616933532,70.91137220246094,1,1,0,0,0,0
52,1,170.76888701277224,81.59063394486459,27.978395930330457,124.7151507548676,90.5695350896866,1,1,0,0,1,0
55,1,170.45073397324853,69.68975870269489,23.986738992252338,125.86414942074866,72.3217115409164,3,1,0,0,1,0
53,2,155.41199770300082,87.38966742520539,36.18186930620348,132.12555486406615,105.25347415687142,2,3,0,0,1,0
53,1,160.40078923838158,92.82907646112011,36.08037378043572,102.23511126406774,88.67735856344345,1,1,0,0,1,0
42,1,172.4295007707716,90.72602288743882,30.514673799665392,112.47709074292408,77.48629774811792,1,1,0,0,1,0
51,1,144.43821235327044,69.78608596980551,33.45065542639897,132.94695016774372,90.12934781469659,1,1,0,0,1,0
56,1,162.58012737877692,67.5106111867098,25.540954346943213,148.58871684640275,84.27942916649192,1,1,1,0,1,0
46,1,150.0410769238164,99.61408103665386,44.24868692100601,126.41729463241435,83.53677125264603,1,1,0,1,1,0
47,1,161.94316230165754,83.19202869366597,31.72170220798,148.3035090918393,85.49486015342316,1,1,0,0,1,0
54,1,158.22710989899315,65.04115787758063,25.97924185263247,127.49222396829782,79.82554801029298,3,1,0,0,0,1
32,2,168.34517015436478,64.25977601827131,22.674508691010395,90.0,77.99256217676283,1,1,0,0,1,0
60,1,145.69959275063403,56.72886702806872,26.723136764639126,158.26942459267983,75.66714303224722,3,1,0,0,1,0
51,1,163.11959906821278,54.230410301563154,20.38123983913154,132.84690155742692,71.38096671996935,1,1,0,0,1,0
41,1,145.14402831199246,61.20105485324405,29.050964997580362,123.90670296854758,89.34608993974098,3,1,0,0,1,0
55,1,158.07079415408262,74.99990680648533,30.016320459211922,126.109728503395,79.06282571847122,1,1,0,0,1,0
52,1,156.66586201727785,78.2527492077615,31.882389195118137,101.58443479554809,82.21529686693249,1,3,0,0,1,0
46,2,151.14143276797108,75.15856721654266,32.90117609339844,111.76580801309413,87.98988565484662,1,2,0,0,1,0
52,1,163.07929283192823,46.51891220396229,17.491695627256636,126.58951015161173,73.82992678581101,1,1,0,0,0,0
53,1,164.92587628073423,49.68897946562175,18.267641355712747,137.486384504064,90.72214098865267,1,1,1,0,1,0
57,2,166.44199631921356,71.04609892588383,25.645690926396952,116.49217100165757,60.0,1,1,1,0,1,0
57,1,177.2000381141457,70.17018023579921,22.34729541610538,145.5966266534559,84.63898305960642,1,1,0,0,1,0
50,2,168.32814984842602,64.87240235263135,22.895307514822623,112.24370421878153,81.3185621759526,2,1,0,0,1,0
44,1,173.71889365406076,75.32850884121117,24.96118854665418,144.28367533128664,95.23712992194251,1,1,0,0,1,0
53,1,157.9988533697884,70.267562768886,28.147966137209437,125.4674994420261,76.94114987120585,3,1,0,0,1,0
57,2,167.48746394719018,79.61238806162005,28.380238313098324,117.1064622996897,88.4902289493567,1,1,0,0,1,0
56,1,177.056645911049,62.56412966454651,19.95726121431294,130.41723954818818,80.86540912152905,1,1,0,0,1,0
59,1,163.01262926306055,97.24133135837741,36.59387427650421,127.1736240864764,70.33444159317332,1,1,0,0,0,0
59,2,165.64114495785665,71.50398029974987,26.061161650308744,105.52973641186016,68.41159346554541,1,1,0,0,1,0
58,2,160.31728862543787,73.18979130866752,28.47670854880641,131.30094732708903,77.8798304774277,3,1,0,0,1,0
43,1,168.92395335925693,49.89789616253884,17.486373941356348,145.90541481819582,72.56373845083682,1,1,0,0,0,0
47,2,152.7841706964745,64.11103679745457,27.464777048792048,111.99120470173068,89.6633280155905,1,2,0,0,1,0
53,1,165.98308911449766,61.09851935700195,22.177010384132924,105.81997914246317,90.18069842934672,1,1,0,0,1,0
43,1,163.81866526226813,64.47094986049702,24.02355654380469,151.80407001588333,84.24523152272106,1,1,0,0,0,0
64,1,160.45183764753483,78.85270103032717,30.628602633131173,134.71840329091464,70.60087051918345,1,1,0,0,1,0
50,1,161.90564388674463,82.13042563874282,31.33142136303902,120.74612458771223,92.42711165201001,2,1,0,0,1,0
48,1,168.91370257446482,83.37447944686662,29.221558304809424,121.22931982256718,85.49766182984548,1,3,0,0,1,0
49,1,176.9932852822811,57.550131185523874,18.370997448782756,137.64427312627487,82.95692240222924,1,1,1,0,0,0
47,1,144.790223676366,66.27800011466167,31.61483484472729,122.04496385390986,87.46341224662198,1,1,0,0,0,0
49,1,161.4732153971026,89.7137928990054,34.40790506091604,108.78175828311244,79.33967107763361,1,2,0,0,1,0
48,1,166.84761481099576,65.58538944023215,23.55955573366196,99.57821835714535,79.36845088293495,1,1,1,0,1,0
40,1,175.15046884432306,81.25340614207963,26.48615811234118,125.67403041248623,75.91089219660098,1,1,0,0,1,0
46,1,171.76134763769835,81.02319989215201,27.463666279375076,161.97885805715978,70.48696175670908,1,2,0,0,1,0
65,2,162.84782291079884,40.0,15.083289873823732,96.69308939913269,74.37687592964404,1,1,0,0,1,0
53,2,168.00576056591197,89.85154104843092,31.832971765688704,144.55916276394336,73.02578518863044,1,1,0,0,1,0
65,1,147.0982282045487,67.48766259917828,31.18957833975658,132.38998591468544,93.71755128186815,1,1,0,0,1,0
48,1,155.81248344102403,71.86642919424682,29.60203497057231,130.70066565706531,83.33441442290373,1,1,0,0,1,0
42,1,150.27026829807616,56.299190384240816,24.93193728944595,131.1436092591201,85.01968547912088,2,3,0,0,1,0
48,1,168.73725527626385,73.76581727459737,25.907958784970234,149.36190171344836,72.25456819413644,1,1,0,0,1,0
65,2,161.69537509537352,69.82023037862561,26.704600246131886,90.0,87.05530767940253,3,1,0,1,1,0
59,1,159.01589628453942,51.6194559751459,20.414198822854352,113.61831258995342,81.37480872764154,1,1,0,0,1,0
43,1,169.30292016379474,76.96001721860027,26.849503446549768,118.57195775563763,72.54623825742395,1,1,0,0,1,0
57,2,160.75350327203037,53.15353953056571,20.56891092245285,143.38662365820667,90.93022021206491,1,1,0,0,1,0
56,1,156.66055956623998,85.12629615401914,34.68521499228765,116.12557772567064,68.55400596962248,3,1,0,0,0,0
59,2,158.54319344493948,81.32293969796322,32.35324644685304,156.85953251705772,76.5110561332638,1,1,0,0,0,0
56,1,161.23648483798775,74.99339190668525,28.84671435547535,92.85377506399944,93.93333350134061,1,1,1,0,1,0
56,1,170.5493251359319,78.34724260976489,26.93541714685528,115.77702626448452,76.13815127729706,2,1,0,0,1,0
49,1,162.24921333007813,66.0694203313713,25.09777935450248,130.25625969399937,61.940868270961474,1,1,0,0,1,0
51,1,154.49424738967963,84.36447618628787,35.34556988066056,117.49607376950205,72.85299997747826,1,1,0,0,1,0
42,1,159.71581329591388,66.12708185299942,25.922896349004148,132.79760807079873,72.73913039807682,1,1,0,0,1,0
49,2,156.105962008088,67.48812794781392,27.69417304038735,110.77048326549713,86.46568487125765,1,1,0,0,1,0
51,2,171.20328930199324,46.85870213584542,15.986965829209614,122.3168506549481,84.81492223389897,2,1,0,0,1,0
60,1,164.61830497730443,57.207271480478006,21.110328102193087,140.21046648077393,74.76580315196864,1,1,0,0,1,0
54,1,169.2800511580508,58.39249074330722,20.377243604464642,113.52034352052232,73.1038414437123,1,1,0,0,1,0
57,2,154.60335276088693,80.41589746316816,33.64372677677187,113.77933997939704,90.60112973192756,1,1,0,0,0,0
57,2,176.05871723372098,63.40838093825843,20.4565125940677,124.96300929479526,87.94817259900795,2,1,0,0,1,0
47,1,154.44472560065222,70.59149990276005,29.594175632720667,93.88692227248205,72.05687607925604,3,2,0,0,1,0
47,1,167.98495011308697,65.53880651352337,23.22510996769991,128.5295153382288,64.11279820545778,1,1,0,0,0,1
39,1,164.85710854618347,61.095267201579404,22.479788025333775,108.46625661035482,79.42227698358127,1,1,1,0,1,0
55,1,164.61708225346604,72.6865632717911,26.822813853813383,141.6406991382157,75.0150087415778,1,1,1,0,1,0
53,1,151.48506059752177,69.67220470717996,30.361270673072337,147.9903597936466,78.63839190452939,1,1,0,0,1,0
50,1,156.88752589196775,66.01003680266551,26.818417433660567,151.59498495338298,81.67999285684309,2,1,0,1,1,0
51,1,156.17830316215168,75.3002986158534,30.87132703258896,110.18421072810972,84.25473747674765,1,1,0,0,0,0
48,2,168.58594148485082,84.94686849643521,29.888537330105972,108.3439411564652,82.63584959359197,2,2,0,0,1,0
53,1,159.97759733126293,76.26518145520623,29.799430756429278,120.95210113594823,74.98692275342663,2,1,0,1,1,0
53,1,170.03193262199395,68.86203318087564,23.818744125851257,146.0184797832547,92.52627340613816,1,1,0,0,1,0
50,2,154.76586081180236,67.96561859361432,28.37520048953582,147.79189441277234,67.7951261968825,1,1,0,0,1,0
51,1,153.4220188613902,79.13291931535313,33.6187685420394,136.88754704486067,82.61962902320292,1,1,0,0,1,0
51,1,153.58342751315303,76.76057963823634,32.54239667246934,126.65570527448254,88.08799149964122,3,1,0,0,1,0
42,1,165.2937582062088,79.21706664945391,28.99384737945793,145.66398534225098,80.93941819981734,2,1,0,0,0,0
63,1,170.28515453968896,92.80190592796865,32.00393060438064,130.59716897120558,80.18713742287775,2,1,0,0,1,0
58,1,156.02339886765245,77.7254841771542,31.928900766427052,130.95178093740165,77.84917540398901,1,1,0,0,0,0
63,2,168.17335854976778,74.42826198384658,26.31621844600128,110.6580702646836,74.51255228324747,1,3,0,0,1,0
43,1,158.29417488034608,58.781550378444145,23.459090447119635,102.46119365771953,91.14768568283642,2,1,0,0,1,0
54,1,157.49146917898702,118.78484594498929,47.89023520352711,153.10900945339043,74.78316837979742,1,1,0,0,1,0
54,1,163.15935117593722,57.56250728131264,21.622990785050654,90.0,73.34090789476548,1,1,0,0,1,0
47,1,173.16435661840748,89.24732060079515,29.76310107717407,132.98947824974357,86.35152992512897,2,1,0,0,1,0
58,2,156.46080158985094,72.215681464035,29.499891047032047,134.82204026160042,83.50024693141434,1,1,0,0,1,0
50,1,169.96259614722803,85.08619628561674,29.454550321573954,142.29939526261873,87.43442516339283,2,1,0,0,1,0
46,1,168.0753584114703,74.32886270723768,26.31172950129327,124.02687356366874,87.64510228726529,1,1,0,0,1,0
50,2,150.59711370264958,61.959624522533936,27.319671973021244,128.0897972633146,80.38272872765586,1,1,0,0,1,0
44,1,158.29313860996086,82.11073682603937,32.769949243782165,121.5353353081932,83.9906860206725,1,2,0,0,1,0
51,1,153.87791459338987,68.43838994824867,28.903284652356387,114.41148080736313,77.1107372517996,2,1,0,0,0,0
48,1,163.6138538293633,69.20097264739573,25.850684665984375,136.34666226326016,83.3197346585954,3,1,0,0,1,0
47,2,155.54945701629924,82.56045666018215,34.12204784545384,132.20867430663193,92.51972398229829,3,1,0,0,1,0
53,2,160.93083764133024,84.75012026149366,32.72365306057711,114.44986550163405,87.19947439017764,1,2,0,0,1,0
61,1,168.62811025038988,101.25716107845197,35.60949386459453,121.7055568933999,80.59599303603402,1,1,0,0,1,0
60,1,168.6620096866322,62.489049275310194,21.966930478308765,122.50423665391622,90.44589065271444,1,3,0,0,1,0
55,1,154.0052903907125,56.10855849168156,23.65689984600208,110.17786230728159,60.0,2,1,0,1,1,0
62,2,167.86557589658426,83.44821893089753,29.61377567867434,124.18503416856116,85.89678901859817,1,1,0,0,1,0
44,1,174.5149164850385,73.87049306745149,24.255257541914737,181.58300777397096,99.3621088360706,1,1,0,0,0,0
52,2,163.60954911121786,62.39244014305015,23.30851877067357,132.01813345800912,90.81671812133084,3,1,0,0,0,0
55,1,160.89815703102275,86.10365561911401,33.259786037811836,140.90094854515695,72.60983538051414,1,1,1,0,1,0
53,1,142.88024161073528,77.97155880571945,38.193711636389345,106.84277229954772,73.53962028633703,1,1,0,0,1,0
65,2,169.00136639639499,87.36815946288898,30.589526523729386,118.02660631041205,68.88122154936671,1,1,0,0,1,0
38,1,168.34199181156166,88.73620920693511,31.312370636346625,140.50782547627492,77.01300531559161,2,1,0,0,1,0
47,1,152.6485871437805,47.738784587039305,20.487349668700126,121.89657567461437,71.0250164689804,1,1,0,0,1,0
65,1,163.7097945112359,82.21357234889092,30.675679588035234,142.43454927472533,77.60162463897032,1,1,0,0,1,0
53,1,163.36671475847967,77.03649557458368,28.864854124642083,105.95350129046068,83.41185154346476,2,1,0,0,0,0
50,1,172.37828348254774,70.88101795128081,23.854199248405887,100.41679329977843,93.86188063420758,1,1,1,0,1,0
50,1,158.31830798514753,52.51334149263495,20.95112627578532,111.7113669717335,62.31156588611037,3,1,0,0,0,0
60,1,163.33825717521302,84.7783441915882,31.776722063548227,115.85276549279438,78.24269909312017,1,1,0,0,1,0
61,1,152.23092669960266,62.331736500028484,26.896975278025756,108.21993822397903,84.42624965995836,1,1,0,0,1,0
57,1,155.58869609908322,66.51692666227648,27.477428880314765,119.93749607771733,87.65858627183087,1,3,0,0,0,0
50,1,167.88379717758133,81.10523906567215,28.77606075947901,133.89790056822005,112.03962290409861,1,2,0,0,1,1
52,1,181.27854776454438,95.94737623558872,29.197137581969493,122.94226364548034,76.34004761031989,2,1,0,0,1,0
49,1,159.13956858223762,93.57139975065047,36.94764595822032,124.44799868095794,65.2573595579518,1,2,0,0,1,0
48,1,160.9837657287952,70.9205446672447,27.365784203050495,154.74559272129585,83.34168446746123,1,1,0,0,1,0
53,1,168.47264541055722,87.36999468334362,30.7824738064489,138.83360047316165,88.0805804053271,1,1,0,0,0,0
57,1,154.56283125170253,65.63689382970698,27.475012050910927,135.52020073544617,71.38060749261375,1,1,0,0,1,0
60,1,171.95132982813513,53.77846467267972,18.188518307917423,118.4891583578218,84.42190899924236,1,2,0,0,0,0
59,2,168.07618963193121,61.27104363794351,21.68916786890583,123.65116885629172,80.34837086574376,1,1,1,0,1,0
54,1,172.78710495884192,60.87533647319195,20.390070081535878,128.88493402164949,84.32043920604387,2,1,0,0,1,0
46,2,156.68715477362693,58.22878951388044,23.71761270668583,120.88451049300764,78.53728360618261,2,1,0,0,1,0
51,1,164.02465493357997,81.61659828680992,30.336133314707173,131.39823872955012,71.18518312526876,1,1,0,0,0,0
47,1,156.96927000628818,82.8126068073696,33.60989677295448,143.69077703735115,87.08289376613821,1,1,0,0,0,0
54,1,160.52942329909789,51.01431334324819,19.796242007885997,158.75747107928393,91.0427435058017,2,1,0,0,1,0
42,2,159.5181119357374,60.758572956723945,23.877429071388946,138.5543154640372,63.97991662878532,2,1,0,0,1,0
56,1,168.45575671768347,73.34503491485783,25.846337190060332,150.40014815805404,69.61151002875482,1,1,0,0,1,0
48,1,164.51576407216095,70.64821657560861,26.102744081311585,101.56404306104201,77.49918491246379,1,1,0,0,1,0
42,1,150.13295743556336,74.29584362960824,32.96191529277011,134.1262044559399,74.0019061850205,2,1,0,0,1,0
63,1,163.06543613164737,74.79201308945194,28.127516626086894,132.80394635940232,76.00741326211553,1,1,0,0,1,0
59,1,155.40539368930297,90.36285195219158,37.416034170191864,143.57012654452447,91.60849459412593,1,1,0,0,1,0
54,2,167.75274113740824,79.4853330656759,28.245401179053093,139.02736770100384,76.12993363480791,1,1,0,0,0,0
56,2,148.9464291887932,93.31233138966395,42.06092780142948,132.05380869371984,72.56188733649833,3,1,0,0,1,0
56,1,164.0016552463628,70.09253933228601,26.060055201712494,131.3521993438037,73.56632169615379,1,1,1,0,1,0
47,1,155.0118626645849,98.48656549323314,40.987093534243975,145.5652884271107,84.4296695650339,2,1,0,0,1,0
58,1,165.3970322075848,87.29939985198209,31.91213297868137,112.05556295264768,102.95812511875343,2,1,0,0,0,0
42,1,149.33583323984118,59.74241066288036,26.788887832621505,128.65347660428972,91.54713237433347,1,1,0,0,1,0
44,1,158.47956838559907,56.553378862241004,22.517076229718597,127.12932734700738,72.16195742059489,1,1,0,0,1,0
60,1,169.65480405614522,73.3826581082454,25.495358030117043,136.62280404716296,80.34239396667647,1,1,0,0,1,0
63,1,161.91319144422894,81.15158570287167,30.95512371225251,139.45248557746288,77.19248320790216,2,3,1,0,1,1
46,1,167.62551321084976,55.09400623331547,19.607585288955,112.0429399927085,90.7269678974451,2,1,0,0,1,0
48,1,172.51014597783927,78.32267390721296,26.318323467983916,138.35264320107387,78.51150038702664,1,1,1,0,1,0
58,2,167.29410765474447,59.916276526124435,21.408366300018052,144.14868745992698,91.10327083989847,3,1,0,0,1,0
54,2,163.0750811687305,79.4932276925183,29.891996617447333,129.02438291814906,81.50175519484912,1,1,0,0,1,0
44,1,180.9559159380177,76.87935933158477,23.4781667952711,175.32283611711648,103.97811005352142,1,1,0,0,1,0
65,1,181.19518226878031,69.70261435924706,21.2302826028074,106.84126054983169,89.17976887745586,1,1,0,0,0,0
52,2,172.12331347267886,54.36706246686566,18.350862124304975,133.50698523691756,82.49248005553254,1,2,0,0,0,0
65,2,173.3266344708598,85.5993994283498,28.49312668727697,142.17479404433416,86.35592465677735,1,1,0,0,1,0
55,1,152.74969474131632,53.11736134201692,22.765426491097053,111.28906508827069,71.37912373783308,1,1,0,0,1,0
65,1,154.422103978163,63.96485803881581,26.82393633525716,147.20842035204495,66.38999813870058,1,1,0,0,1,0
49,2,167.58228670966596,82.5928008912326,29.40938682885554,139.94181351568434,64.58098677043591,2,3,0,0,1,0
49,1,166.94387092611404,85.59238514727778,30.71101500648692,133.9029245141491,81.74265360061074,1,1,0,0,1,0
44,1,171.0306309506895,87.73218487544578,29.992395154973742,135.665753969201,95.10722971061455,1,1,0,0,1,0
59,1,162.20987471457414,63.484298285195116,24.12746786237525,144.2165367849836,81.31480918124497,1,1,0,0,1,0
50,1,161.5703490735088,62.131934599260404,23.800799722533366,120.35030573909435,89.5245503517494,1,1,0,0,1,0
52,1,166.0458525801938,69.20398181215975,25.10007495599455,112.26254647913656,73.07116078495471,1,1,0,0,0,0
52,1,173.12032669321607,88.07837036623225,29.38821068981361,130.64352010958382,85.6166271141652,1,1,0,0,1,0
49,1,160.34028912059054,67.49641319218976,26.25399329467248,130.8579153991162,84.03588422142728,1,1,0,0,1,0
48,1,168.81828768781128,84.63743167561516,29.697746401012576,102.86188773896154,85.66098640551012,1,1,0,0,1,0
59,1,159.82034671462947,40.0,15.660147718744044,129.80675994481672,62.63233857139785,1,1,0,0,1,0
42,2,159.85067222357804,95.94275514307411,37.54769243975799,128.50510658951822,98.1771609941123,1,1,0,0,0,0
52,2,161.47402716312436,79.16470606213743,30.36171156281398,91.56712777098713,88.98730875729386,1,1,0,0,1,0
63,1,144.7463002382778,57.68911310436323,27.534609309201066,116.77768285844579,70.52425519614374,1,1,0,0,1,0
45,1,154.30014882709187,67.25053148000893,28.24639519339025,119.11575710386745,69.72646639995968,1,1,0,0,1,0
43,2,162.53987848964957,64.62607729855523,24.461773142715877,113.00158996359265,60.378166827895676,2,2,0,0,1,0
50,2,174.0276922967856,70.31842857318938,23.218407781903565,142.57349506734025,91.47593885874615,1,1,0,0,1,0
35,1,166.82064391067507,68.68761119549085,24.681913527516688,101.66677330278796,75.5782711553471,1,1,0,0,1,0
44,2,176.20335798460314,68.36093628083611,22.018089912089337,111.98624023011936,87.48622843109551,1,1,0,0,1,0
49,2,164.6894325682707,65.24689664233387,24.056275766844085,131.1899090246998,63.26272737939101,2,1,0,0,1,0
39,2,156.06528409606608,83.33773679085486,34.21598820689076,115.80063019386019,75.01163466721547,1,1,0,0,1,0
56,1,163.60479539784225,60.214211142451774,22.496084930866413,139.93559136665488,76.34405031814097,2,2,0,0,1,0
54,1,163.2645726723367,94.40743699333208,35.417858254908346,134.5540163595683,76.63253005625307,2,1,0,0,1,0
53,1,165.67440881913762,90.82014029980128,33.088060361435595,137.580126684814,63.80546571188577,2,1,0,0,1,0
49,1,160.1189910574118,80.70347294645273,31.477956767838478,114.65573921049717,60.0,1,1,0,0,0,0
58,1,154.60661350486083,73.41723790514389,30.714390848903278,140.66041104799734,91.60533192431775,1,1,0,0,1,0
48,1,164.87956426282673,76.33894643607034,28.080995494291066,115.3580544304733,94.33570436638665,1,1,0,0,1,0
38,1,180.62450357728454,58.34526660173587,17.883490800587122,156.6132533403598,91.99145006527077,1,1,0,0,1,0
51,1,152.7682551117388,51.7417180387583,22.17045512150199,106.2345653396677,87.63749361435397,3,1,0,0,1,0
54,1,155.460941264107,77.83440891022616,32.2054258277772,119.11690500237965,90.76456825888538,1,1,0,0,1,0
39,1,159.40118042216062,84.97499894336084,33.44322121070905,121.83270909352811,72.2955086011485,2,1,0,0,1,0
51,1,174.23104523454293,84.97976119288832,27.993965450942806,131.52956925558962,83.68685657597372,1,3,0,0,1,0
52,2,166.06445678587548,76.76124128792678,27.83483239521118,130.69641313781568,74.94542442738467,1,1,1,0,1,0
53,1,168.6476533648993,78.80776377664357,27.708205443154128,168.1951669311913,87.27121950385391,1,1,0,1,1,0
52,1,164.4970333064219,71.53134318435112,26.435056340612455,138.34121947185835,86.75658561151867,3,1,0,0,0,0
52,1,164.83272790871098,83.89325541938435,30.877359559747024,111.1955388738286,71.75071802597188,1,1,0,0,1,0
64,1,169.7310809667976,67.19175180616023,23.323472459989123,130.3110893087562,76.61856042105417,3,3,0,0,0,0
48,1,163.7095052447037,65.32659525014911,24.37486571790015,139.48074561374293,83.43053883909127,1,1,0,0,0,0
50,1,158.22291510901812,80.8957351818381,32.31371295551756,90.81886990771366,92.45489110636177,1,1,0,0,1,0
57,2,164.18766211872878,47.52782780696681,17.63059332898149,143.30896190864382,64.92542555198332,1,1,0,0,1,0
59,1,168.92192201908247,65.21716145506183,22.855454600284602,144.9734647970652,93.62956110913177,1,1,0,0,1,1
53,1,167.1269645586127,61.24633040277612,21.9273940951381,120.93894128400991,84.91618300035591,1,1,0,0,0,0
61,1,172.2531064282941,73.78305534913993,24.866949354213087,115.09334202611652,60.0,1,1,0,0,1,0
56,1,161.82977075300184,57.39371399788354,21.91530359781672,115.61679881510412,68.74776352983933,1,2,0,0,1,0
48,1,156.9080650003204,89.09581908808326,36.18818413223397,124.4503576714963,90.31971946002753,1,1,0,0,1,0
59,1,157.20597851555428,87.62422475760947,35.4557006749812,116.23503908742465,72.37515647723268,1,1,0,0,1,0
57,1,157.28584890792268,67.06943982035213,27.110990054318762,131.7479831187952,68.49688972649378,1,1,0,0,1,0
62,2,162.81333904308403,62.58607119821307,23.610094408882638,161.5221364787006,84.97182224659011,1,1,0,0,1,0
46,1,169.43667523372258,75.51783490255076,26.30478087705108,117.09948854397356,65.60469998601644,1,1,0,0,1,0
58,1,170.51346407850804,82.60917035465289,28.412595318089338,132.59489027607052,63.71375567717503,1,1,0,0,1,0
46,2,171.06826700721038,88.10064341203724,30.10510654113574,120.31049682907661,93.0719780154373,1,1,0,0,1,0
48,2,162.16422117303787,80.48521871444602,30.605962889624756,113.8014875330276,88.55294535712768,1,1,0,1,0,0
57,1,158.07213857254845,62.43038709782136,24.985346109557423,134.20770901324235,82.35045934757072,1,1,1,0,1,0
56,1,179.67646740723202,65.7751520574893,20.37414815731926,131.0948725127038,85.34095894246482,1,1,0,0,1,0
59,1,168.18893689168956,46.017687729089246,16.267841854304923,119.23399948668919,75.5220899703068,2,3,0,0,0,0
53,1,158.07340560955294,77.95755415825043,31.19899359995539,134.27275688807092,89.29857271664636,2,1,0,0,1,0
55,2,164.6147715205727,70.90534211641268,26.166241762051683,94.63779284311343,90.2218009880234,2,1,0,0,1,0
43,1,165.19592572346835,72.96599884280992,26.737565901374786,166.63266493800745,80.01389820338706,1,1,0,0,0,0
45,2,171.26657625192814,92.3155975260359,31.47239934014383,181.75683219960177,69.31608836910266,1,1,0,0,1,0
54,2,174.0930953000487,78.43300239249454,25.87830017502236,131.68069402019322,81.87916411164146,1,1,0,0,1,0
57,2,157.37959898786104,77.69740284138337,31.369647121385903,118.93296776357185,89.2010314473112,2,2,0,0,1,0
50,1,168.81131430905214,66.25108817430981,23.24823107526425,108.48570904507635,71.16221651517154,2,1,0,0,1,0
52,2,163.57801374208296,71.51259452843611,26.72592060893785,115.51106361674057,70.25497414887509,1,2,0,0,1,0
48,1,176.2091452323746,79.63181287337629,25.64659501244524,105.70735368348423,73.15618480488799,1,1,0,0,0,0
47,2,152.55018319809335,68.01386769729434,29.22617666872575,115.04579190230898,81.1552292058684,1,1,0,0,1,0
56,1,164.74017129624045,69.74974964877138,25.700621559060323,121.25892233947684,80.78659022379341,1,1,0,0,1,0
54,2,161.42811663149973,89.5660093549568,34.37042201814939,137.0773908096012,91.37781945384842,1,3,0,0,1,1
55,2,164.26890716825125,87.39719683722123,32.38819665237747,125.6485724677653,88.30773931283308,1,1,0,0,1,0
47,1,154.0848765150217,90.72899862815386,38.21431580436486,160.49028193889976,74.80840050274173,1,1,0,0,1,0
61,2,154.70072913242868,80.90939705716502,33.8075923907231,137.8811600635356,86.1586151729134,1,1,0,0,1,0
48,1,164.8208137034123,85.3424824107535,31.415296541636945,90.0,77.93871501771719,1,1,0,0,1,0
51,1,154.81298861354594,70.97957271433732,29.615467412135352,103.9259118406011,70.30371301752903,1,1,0,0,1,0
39,2,150.0868474433522,86.68262665430971,38.48103921505246,90.0,86.73246126640059,1,1,0,0,1,0
50,2,156.94301960041454,77.85818282450707,31.609691319251684,139.11998512033415,86.99373287730121,3,1,1,0,1,0
53,1,156.0504509457699,67.65783980982883,27.783571443724792,136.9287837226671,86.77432551698331,3,1,0,0,1,0
50,2,173.147158124334,41.574410002144845,13.867410097331868,142.1311879416202,72.04033239416698,1,1,0,1,1,0
62,2,156.87307197134137,62.833574031781154,25.53259526926859,133.86082287417577,107.09180037684376,2,1,0,0,1,0
52,2,153.23767263076883,89.49415370426625,38.11216069027488,128.3353573739044,81.54855282684801,2,1,0,0,1,0
33,1,160.05364533185798,89.86567547341328,35.08025189132915,125.1707254590938,79.5196174401944,1,1,0,0,1,0
47,2,149.01175396499414,60.818197375698944,27.390028891651205,170.2532976853281,81.78217171434856,1,1,0,0,1,0
59,1,155.26910594831446,52.18037505583189,21.64397839383324,135.88836067662112,85.50609055756202,1,1,0,0,1,0
54,1,157.3122017146809,76.70473321561306,30.995407107520077,162.72090509249378,84.29984926696541,1,1,0,0,0,0
59,1,171.8928055007686,75.41575484414682,25.523879321601907,125.23865177799608,75.61819694604068,1,1,0,0,1,0
57,1,164.7630884781844,76.9930643258209,28.36166719168794,121.21480617286713,84.49285663903729,2,3,0,0,0,0
52,2,167.93929172817312,71.10031542192691,25.209654454358173,121.11898877805336,60.39709961981152,1,1,0,0,1,0
57,2,171.27284958058794,55.36265186847493,18.872952104765123,119.46788478636267,81.06849613421143,3,1,0,0,1,0
55,1,158.9973946682434,78.89633611044599,31.20878197966889,125.73273917504756,78.79340071445824,1,1,0,0,1,0
50,2,165.75781680136984,40.0,14.558343268695447,101.29520363728673,81.8254616592142,1,1,0,0,1,0
46,2,167.35504535319745,70.4376177645343,25.149365918743875,131.38649435634954,87.84537820222205,1,1,1,0,1,0
51,1,152.26954917530074,65.51124118837714,28.254635165209233,143.57854413286537,95.27667067648622,2,1,0,0,1,0
56,2,153.88990108404454,72.60008540086764,30.656099047495406,172.2017216278008,74.70381062099374,1,2,0,0,1,0
56,2,165.47418661362917,56.44728769086876,20.61496343332527,155.42518687270996,81.37242647771153,1,1,0,0,1,0
64,2,159.0595988215229,59.74415610622287,23.614332040701115,123.0627242404297,96.34718140344772,1,1,0,0,1,0
53,1,154.915286864568,71.00650868418043,29.587591108089125,90.0,84.4175789314633,2,1,0,0,1,0
63,1,168.18642246483768,72.40377577029484,25.596427170595426,90.0,96.6081974874997,2,1,1,0,1,0
65,1,168.1040434365815,91.05938381954343,32.223179291164556,138.18544733717377,88.0170888899773,2,1,0,0,1,0
59,1,162.30373228069024,80.41659537474617,30.52731925909721,107.93848244898679,72.7170074350399,2,1,1,0,1,0
51,1,176.31602811930412,49.03952366091522,15.774756175985337,141.78621367422386,85.12976399142325,3,2,0,0,0,0
50,1,160.18421820696886,92.6900128516737,36.12380510051878,94.36908527621276,78.63508437141724,2,1,0,0,1,0
52,1,166.97193258276604,75.22792033811868,26.98311649102864,151.98810823368606,87.58364939288069,1,1,0,0,1,0
59,1,156.35038162495914,75.58928253078065,30.921626634218217,121.63834708067023,84.44546571386081,1,2,0,0,1,0
54,1,165.2535369299455,86.59348683724689,31.70908430483848,134.57427047036046,72.52004464118068,1,1,0,0,0,0
62,2,160.9424886185858,74.30498212994594,28.68643033855129,140.0902957755864,62.906351604977786,1,1,0,0,1,0
53,2,177.5989649956363,95.05509781206625,30.13662069970831,119.13393893663893,83.87777102223855,1,1,0,0,1,0
55,2,161.71015854909825,72.06610201421731,27.55855399536495,122.83256373241866,90.23210451047464,1,2,0,0,0,0
52,2,151.08164496776422,91.07187670805479,39.89889578581069,99.44092855287514,81.84888897203523,1,3,0,0,1,0
56,1,163.2952291506411,81.70158262502618,30.63962715472092,133.12455965704612,87.38966867257788,1,1,0,0,1,0
60,2,148.4196347543352,84.31994677558126,38.27785621435441,136.07926749522144,69.63395471270964,2,1,0,0,1,0
39,1,141.291945797393,62.589837136316795,31.352271360907835,107.6744141052032,82.5853385537739,1,3,0,0,1,0
54,2,164.79934360981864,65.55249679419994,24.136721688973882,128.02395136597454,73.1013612971695,1,1,0,0,1,1
47,2,163.38482960878733,68.105153534819,25.51270558035632,140.4981874861671,91.19189047431354,1,1,0,0,1,0
47,2,175.94618096269176,64.43462417940573,20.814194598278558,102.79803876667229,75.80270490016677,1,1,0,0,1,0
65,2,162.9999542332311,95.25863007737073,35.85331912017607,129.61255367935152,81.23446833247618,1,1,0,0,1,0
55,1,150.37731942288923,48.76211742845164,21.563431725141086,123.80689713658269,85.56469167704275,1,1,0,1,1,0
43,1,172.15413020693552,69.39368242824528,23.414508257555646,106.39056668833433,76.35198655507966,1,1,0,0,0,0
47,1,178.58097294500593,89.06810172607373,27.92877112011003,114.52387361729039,69.87052154636626,1,1,0,1,1,0
56,2,166.37323243334453,59.87451931928262,21.630926958496158,132.59680843475547,73.86351850355213,2,1,0,0,1,0
52,1,181.92016847593547,74.24807497168806,22.434866991940705,96.95126893044551,87.13355862853187,1,1,0,0,1,0
55,1,161.0157693624971,43.483799593888335,16.772224330164978,142.9895478026034,101.20946092118791,3,1,0,0,1,0
52,1,160.2301337512115,62.94038071443382,24.51551241319983,138.91758944707385,78.70750236172623,1,1,0,1,0,0
52,2,161.29599873819913,76.96228780040786,29.58222126831545,123.2847748818524,70.14196153122144,1,1,0,0,1,0
50,2,166.7669147802766,63.998497856902624,23.011768266773856,120.15021212366935,89.24780117513377,1,3,0,0,1,1
47,1,169.70484033905248,81.0456073813692,28.141096949438758,132.6676897988542,86.87044604210664,1,1,0,0,0,0
53,1,167.05406944590626,56.18127552916985,20.131562143924832,105.71286239878974,93.90410102990188,1,1,0,0,1,0
59,2,157.45145043263912,95.02397543816375,38.330092234605495,121.51673421818673,94.08298180648407,3,1,0,0,1,0
54,1,161.41380493135625,90.40736595660621,34.699440006960685,141.7037195081917,66.40677135171927,1,1,0,0,1,0
48,1,159.68221340735087,64.18332539962398,25.171501758469663,139.462497046248,86.14103144654725,1,1,0,0,1,0
62,1,162.4287899130481,69.74480738977654,26.435398499616518,119.9181380876529,89.17518490978499,2,1,0,0,1,0
40,2,170.99177991673406,61.486248060893445,21.029431228927965,135.4667516368579,90.73126049209965,2,1,0,0,1,0
47,2,184.56379862120608,81.88665843169002,24.039205438246302,111.43136927269575,93.26070648435199,1,1,1,0,1,0
58,2,165.698818918692,57.97284346148021,21.114741873916127,146.3102085415111,85.15302314261682,1,1,0,0,1,0
64,1,160.59709297131099,70.67795845418766,27.40366419134717,138.89044205763707,102.53973779675944,1,1,0,0,1,0
54,2,161.87897637395952,82.90487164983686,31.637281026506226,134.98187606344678,85.76762041893151,1,1,0,0,0,0
44,2,175.49491810221593,73.43653436970865,23.844217988901647,116.46050345820707,75.65112071393835,3,1,0,0,1,0
52,1,167.62538665106575,54.93555682764768,19.55122373691508,110.22648202457603,84.59136605466698,1,1,1,0,0,0
40,2,149.2492081628607,59.914534386198355,26.89726472108997,122.51840601300808,79.39612269316761,2,1,0,0,1,0
55,1,165.17845199684297,56.201956774488195,20.598929591570627,131.1833348626757,90.16401830271062,1,1,0,0,1,0
51,2,167.61910440501623,71.31767924206942,25.38342203299578,126.02951831251983,67.21628860203799,1,1,0,0,0,0
46,1,158.11982355818387,95.59520134523956,38.235207388504115,162.93861447668155,86.60068556168277,1,1,0,0,0,0
58,2,151.60243680113203,76.2165563716419,33.16171315911954,147.983068848129,67.27255375268267,3,1,0,0,0,0
52,1,175.10208755196632,83.01342515722153,27.074826724208084,100.54320955460057,89.39579734833714,1,1,0,0,1,0
58,1,160.106347972598,89.55308639241129,34.9352178180737,92.19638042134096,76.04124206249023,3,1,0,0,1,0
40,1,159.17784935573818,61.63149875064484,24.324138279578335,152.87241547808097,66.82628647166298,2,2,0,0,1,0
57,1,154.66094837454708,58.88398837023325,24.61704278126051,145.86588103458968,73.67554137808649,2,1,0,1,1,0
58,2,151.122183963664,70.97021916675705,31.075612972640748,124.14962159071486,88.58464001208236,1,3,0,0,1,1
43,1,162.96954408227944,59.64997771287838,22.459360418437235,135.10282845719752,95.86051501236624,3,1,0,0,1,0
55,1,161.17683335935828,62.66870525469954,24.123786949691347,121.72096479173135,71.28827163547679,1,1,0,1,1,0
53,2,165.94834589833076,73.83239272796799,26.81026380086258,141.71008416033501,76.47595432235315,1,1,0,1,1,0
52,1,149.23109899557275,66.22561662438305,29.737697273230346,154.51049045062712,76.29492829072677,1,1,0,0,1,0
59,1,165.0636254355375,74.46449182660645,27.33043038200496,133.6588199970558,89.11368503911135,1,1,0,0,1,0
56,1,166.40095753337226,73.82651181228002,26.662490091350133,103.29696462441358,80.01751086692089,1,2,0,0,1,0
50,1,172.87290987363028,85.65496856520521,28.661484159958096,112.61927078065625,68.66054268153032,1,1,0,0,1,0
58,1,160.76976170237822,60.83442157340319,23.53643309688017,130.79533511839853,83.77746722905468,1,1,0,0,1,0
38,2,154.95905289304162,88.78312497904192,36.97400712470107,135.37137673807007,79.50499089273166,2,1,0,0,1,0
47,1,187.2019568946876,63.673162215622646,18.169193507915296,96.77862992226315,93.03293839585884,3,1,0,0,0,0
51,1,168.57765640797004,76.94464384296842,27.07561748604368,128.61161701628768,88.00567116607793,1,1,0,0,1,0
57,1,159.91765304633805,82.01570028881822,32.070385662425444,148.70655013079823,93.96859457386607,1,1,0,1,1,0
47,1,153.66284588245307,58.16357466917272,24.632775317643453,154.31902057719114,75.43690538544095,1,2,0,0,1,0
55,2,159.49595268162446,99.97752057407705,39.300948156461835,138.14971240728698,67.84901890359815,1,1,0,0,0,0
60,1,156.61690786284024,81.54408721637182,33.24414631748465,108.54533087718794,68.37389598892585,1,1,0,0,1,0
42,1,175.40018923630566,82.6473101661028,26.863871935858995,132.68365931736338,93.33948010194554,2,1,0,0,1,0
46,1,160.99700861417088,83.8067748279413,32.33281477588032,105.10617998236616,84.74976913003294,1,1,0,1,1,0
52,1,168.71720463719367,64.14589146007216,22.534612921103598,125.15368411999675,91.51543063960422,3,2,0,0,1,0
58,1,157.47764086593446,63.837810423151545,25.741875320348456,151.87854671683692,88.36599783082417,1,1,0,0,1,0
63,1,173.3673394150283,70.2854709194571,23.384656254857152,149.85799645621574,86.17490750032512,1,2,0,0,1,0
48,1,165.25423116144245,48.86050735949482,17.891748978815677,116.99671794717045,80.1201931258402,1,1,0,0,1,0
54,1,178.27137172929713,54.60312723893456,17.181232069315545,141.32154185115976,79.440584998789,2,1,0,0,1,0
48,2,171.27287501626586,63.90325663095051,21.78441065976289,121.20212003407856,86.39168384876466,3,1,0,0,0,0
63,2,151.1716485997816,70.4627938803348,30.8332397991227,143.15032391989948,80.01687278365048,1,2,0,0,0,0
52,2,161.40882804132798,58.11131359277958,22.305200132547746,164.67577672663992,81.79080085631941,1,1,0,0,1,0
44,1,171.66804447953757,84.47432268218952,28.66459422402305,131.86540936225308,72.78523175707593,1,1,0,0,0,0
50,2,147.88720131854677,67.52179874159128,30.873283621303013,165.2177896809457,71.73470551009954,1,1,0,0,1,0
59,1,162.1278148948321,102.06178583420555,38.82827566147955,147.40794498665792,66.21149859132433,2,1,0,0,1,1
56,1,178.90924731978404,80.5563934657228,25.16717316041066,123.04996068975404,97.36728137213476,1,1,0,0,1,0
49,1,154.4130892722802,60.72247953721639,25.467204379734724,121.60465945326688,81.63636210644886,1,1,0,0,1,0
43,1,161.13113103969647,69.5506075330996,26.788106495645238,138.6981858041129,72.19104937769968,1,1,0,0,1,0
50,2,169.93245169273058,43.99457953022615,15.235142648467184,101.57344917900248,74.91290542032576,1,2,0,0,1,0
44,1,161.84992673027048,87.36141611916241,33.34990883101635,102.56748196863109,91.02997162800261,1,1,0,0,1,0
61,1,173.78071019796818,73.42849509270494,24.314284385831446,128.91787728697744,86.66795055154563,1,1,0,0,1,0
62,1,156.7697382107972,92.29053293454214,37.551966741017694,148.78089597752052,67.26859670162047,1,1,0,0,1,0
56,1,172.79230326049867,97.75665732042549,32.74142337089738,155.259595768495,93.96391249633378,1,2,0,0,1,0
50,1,162.64680611935205,71.43539445630617,27.003643646357016,114.61797040409188,69.52691886091779,3,1,0,0,1,0
47,2,152.46143334937236,65.8728030164102,28.33910609217061,138.83392000044557,84.6073543151923,1,1,0,0,1,0
58,1,160.56776409788384,80.68471826756625,31.294971986687212,147.65792179834997,89.96447111633694,3,1,0,0,0,0
55,1,173.15089934826534,86.18668195253701,28.746876166044288,125.30525959554612,76.89239308621579,1,1,0,0,0,0
59,1,158.64529795412398,74.91918156492338,29.76724315406234,122.27459089027712,68.4958677418003,1,3,0,0,1,0
38,1,159.03900246690392,85.88124712840309,33.954008756804,132.40810981361633,79.90360499836339,1,1,0,0,0,0
55,2,166.39139716949205,60.99970439845084,22.03261235552515,116.27892454059636,77.37153114837173,1,1,0,0,1,0
63,1,150.85929794709057,82.19304078717002,36.1152714236259,139.99344938763227,70.45353496658879,1,1,0,0,1,0
56,1,172.97602841708775,88.99355904347968,29.74313434752688,113.05943164062192,81.40529134184447,1,1,0,0,0,0
49,1,159.44472147621462,47.71658441540988,18.769342382696042,153.90177007298738,88.06934281851603,3,1,0,0,1,0
59,1,162.41921316342197,53.25161068742418,20.18635673357818,111.7210858011636,85.71976280319416,1,1,0,0,1,0
49,1,149.19651607341365,55.80815859654878,25.071500643550394,118.18032211399989,78.00813114047303,3,1,0,0,1,0
51,2,166.99020589932974,91.45945196200903,32.7979420586479,139.28665087091332,62.23397762248989,2,1,0,0,1,0
65,1,166.64635192111945,78.9731467707881,28.437264764569974,90.0,82.74554198984873,1,1,0,0,1,0
52,1,178.00144919993303,66.73952661544776,21.06376716933121,108.72293857341089,73.99569257288192,3,1,0,0,1,0
49,1,170.99806460673997,62.65647390524879,21.42809487789546,138.24643025538973,76.86288643041856,2,1,0,0,1,0
44,2,148.05083170125633,96.44581284808709,44.00091165971657,104.35187141719729,87.1359063160219,1,1,0,0,1,0
48,2,167.13323913818363,65.4236245784885,23.421189115156874,120.85501335433703,62.62423376008109,1,1,0,0,1,0
53,1,165.75088906810174,71.1819570079507,25.90944980628066,111.73528224158234,77.66891925697438,3,1,0,0,0,0
60,1,171.47061874135292,77.87050831544138,26.48460985281424,129.57765107333972,68.06719299472445,1,1,0,0,0,0
46,2,175.3958216980538,82.16683605829874,26.709027641304733,125.4463281275053,86.97809240425674,1,1,0,0,1,0
55,1,155.30464444537745,91.27907820983205,37.84446397674375,112.79667668007487,90.66793388242156,1,1,0,0,1,0
54,1,152.3209123125194,81.70068462378597,35.21329226864897,123.65526979230556,96.08156327936382,1,1,0,0,1,0
50,1,165.73040234963347,76.35199485364845,27.798157994208825,140.85615044585757,71.9092484404643,2,1,0,0,1,0
50,2,164.29486743276425,57.6849470584481,21.370491262154367,129.80313106561854,82.01061217686238,1,1,0,0,1,0
58,1,166.2466242632743,82.8103461986017,29.9625608717923,121.10097961187812,81.60371482450778,1,1,1,0,1,0
50,2,170.33455241180246,72.42418793777846,24.961928048693338,122.3456217950058,80.45741140426586,2,2,0,0,0,0
47,1,167.13868889915895,76.34968742367431,27.330858975427212,132.05151914285656,86.49203495883717,1,2,1,0,0,0
54,1,156.0829338107776,60.676987340131646,24.906526833519816,126.00681359555618,85.22402640674296,3,3,0,0,0,0
63,1,169.49691841936516,73.8780453280719,25.715311098452542,126.56926797644569,94.04847425297547,1,2,0,0,1,1
44,1,153.59497103839254,44.98634943765943,19.068949104169498,126.68217257098705,92.77375626140918,1,1,0,0,1,0
41,2,161.06748415912858,67.37483868398382,25.97060028700279,110.99003931967627,80.13365415455371,1,1,0,0,1,0
58,1,157.68647291950907,84.90833883130156,34.147700687122615,115.93566237919242,81.35404071755613,1,1,0,0,1,0
49,1,152.57671198847135,90.60478406392272,38.92016083896153,126.32813273188987,82.65742843069229,1,3,0,1,0,0
50,1,165.81825168164121,61.39589337316087,22.3292769114686,113.22452921577712,87.2236846252615,2,1,0,0,0,0
51,1,150.22812030971653,65.4516252960728,29.001333591272175,131.4897848208814,99.18083360477115,2,1,1,0,1,0
52,1,161.91721436784678,88.8568854548849,33.89261196351687,134.1315149218872,69.20201019180574,1,1,0,0,1,0
56,1,157.98735773948613,78.07593085403441,31.28041449158693,107.33075405603094,84.86027977603983,2,1,0,0,1,0
54,2,160.96551011815072,57.533362083141995,22.20516952664085,98.25698805735561,81.29838859175419,1,1,0,0,1,0
61,1,173.02041443213596,85.28651408341044,28.48955514791398,124.47444611655263,73.72210102863869,1,3,0,0,0,0
49,2,154.5310352204938,78.72723109604833,32.96807194097729,129.1399715416322,60.0,1,1,0,0,1,0
61,1,161.22509484170982,89.40286379008415,34.39427412885594,102.87163797859682,79.77198050359306,3,1,0,0,0,0
46,1,153.63387140906983,86.91980266336212,36.82517189616687,126.50838175114552,79.06471489969448,1,1,0,0,1,0
41,1,172.85061493928748,84.78532537855176,28.377807169766992,119.63384747378649,96.25112514840758,2,1,0,0,0,0
47,1,172.30074019450552,73.90546444890114,24.89443444067891,148.67684644188557,69.14514905255739,1,1,0,0,1,0
47,1,173.7198279270972,114.17549574307185,37.8332913552944,139.69128169800933,94.92985140608816,2,1,0,0,1,0
43,1,176.31731460292036,85.10729418692137,27.376432781115692,123.98112804094092,82.79742711779433,1,1,0,0,1,0
53,1,177.01733710778655,70.57745103755889,22.523421424141578,141.04587157031247,94.18241919990388,1,3,0,0,1,0
52,2,170.4514735506947,78.59892070449064,27.05297694364041,119.429644296001,71.67980429480923,2,1,0,0,1,0
60,2,172.1548087671157,70.25263866449751,23.704146593330954,118.79609244246173,67.69423043626423,1,1,0,0,1,0
49,2,156.4421207820038,61.5743434960236,25.15894354380543,110.68923421808202,75.81824342977099,2,1,0,0,1,0
50,2,159.6591272951423,77.12371162477712,30.255227294463896,133.50138796204757,62.05330796163772,1,1,0,0,0,0
62,1,175.64421696751472,91.7377642720403,29.735855735393358,140.86688079083265,70.91086409423818,1,1,0,0,0,0
41,2,174.93190269366582,67.84005460796473,22.16910442381735,115.84746468219247,81.33182128133242,2,1,0,0,0,0
61,2,167.42727229844107,70.3564156592925,25.0987043225249,158.8410626171127,78.2470104581294,1,2,0,0,0,0
50,1,157.58590007184142,63.87471308254551,25.721379028086126,127.43614713921214,104.15159635033947,1,1,0,0,0,0
45,1,168.08954870075058,79.48346355658359,28.131660089484726,97.9185243940154,76.46079500984135,1,1,0,0,0,0
59,1,166.4211573862586,64.74268848244981,23.37618597703347,128.67777320905918,92.35261382341386,1,1,0,0,1,0
50,2,191.5040687226712,83.59334232357224,22.79374466776223,128.0499015957434,73.9453385313644,1,1,0,0,1,0
51,2,150.24340615066114,60.45018147570526,26.779765345277482,108.8773924716773,83.03883174299163,1,1,1,0,0,0
62,1,166.80309465455855,91.30988438722409,32.81780917763685,148.90985693138617,100.65414681063257,2,2,0,0,1,0
62,1,157.97571265188134,90.48234435861511,36.25627631556035,99.58581966541284,77.80814081510012,1,1,0,0,0,0
57,2,164.6388493497381,79.81564222045826,29.445800687479178,119.94214487517165,72.73308147285806,1,1,0,0,1,0
55,1,146.99097876417915,70.32870790248808,32.55002114639236,121.78547719872302,75.19328205944787,3,3,0,0,0,0
56,1,166.78611033338936,92.35288416063217,33.1994356984552,139.7453211656085,81.28226913433997,1,3,0,0,1,0
60,1,164.63552771438142,77.44233704948654,28.571387441770423,139.51368847146983,60.0,2,2,0,1,1,0
54,1,162.77450200665476,77.44315548631714,29.228753163875055,159.88110148219158,89.78883746508593,1,1,0,0,1,0
41,2,166.50211661480654,90.48940064863909,32.640604574798544,123.05307317601148,79.1277600501089,1,1,0,0,1,0
56,1,175.59757550621583,60.549224838087405,19.636837990015096,148.0488303944465,76.20812362075468,1,1,0,0,1,0
63,1,165.58747860263512,102.54759614017458,37.39990490553357,111.71937183924459,76.5058399963638,2,1,0,0,1,0
50,1,169.2041711356244,79.22124153404111,27.67065977924517,120.40382898054997,73.87577966455052,1,2,0,0,1,0
61,1,161.41952419310442,84.434990848749,32.40487384046268,101.3811863862383,88.5099300156759,1,1,0,0,1,0
59,1,159.77769718165683,59.835854454850136,23.438465863271944,130.58459595549857,72.88717431206206,1,3,0,0,1,0
51,2,180.58704038349862,71.11600795513485,21.80691390292431,136.11446034729894,88.74164377960952,1,1,0,0,1,0
48,1,165.8979465626076,87.18743059720644,31.679028766606486,132.05437528681557,85.46416874822359,1,1,0,0,0,0
51,1,175.3007688884322,63.54638338763311,20.678698287579753,164.89863811009528,87.48723259725746,2,1,0,0,0,0
44,1,166.32007702858039,88.0749542201281,31.839267754502124,159.97632042391876,77.63982866078022,1,1,0,0,1,0
55,2,153.43410929000314,104.98458042744676,44.594539527676375,123.6909880342147,81.170110541022,1,1,0,0,1,0
52,1,157.09857733000933,70.60021711851297,28.606289693809735,112.23858272098053,70.94352784237807,1,1,0,0,1,0
43,1,158.53882662710487,110.5686394634696,43.99068113805537,107.58013189758537,97.47335433070167,1,1,1,0,1,0
54,1,162.1900354903389,50.24664190416259,19.101114349686643,120.2462720974514,97.44283750565326,3,1,0,0,1,0
59,1,171.20567650210398,53.072644717262534,18.106495865577745,127.53915274731557,77.74358553361645,1,1,0,0,1,0
52,1,163.6175417831518,77.65964648503228,29.009195331270124,134.15364434300332,81.99094533488993,1,1,0,0,0,0
44,1,169.80444486533125,69.35042001778105,24.051988475212102,145.2532484125723,78.48488297284435,1,2,0,0,1,0
60,2,182.5506008929264,72.56140822900907,21.774047650399257,134.95218283525818,60.0,1,1,0,0,1,0
55,2,157.58630327870065,71.48530923899457,28.78590346636735,155.91948284478104,95.53073686009552,1,1,0,0,0,0
52,1,168.8266636325909,88.42514940395877,31.023709585253748,133.40741754749448,81.47667795174812,1,1,0,0,0,0
60,2,168.46899648457327,79.66354167798903,28.068527677845854,144.38439635228877,88.46534215884999,1,1,0,1,1,0
58,2,161.82653615074383,104.5788966462759,39.93416232716357,150.14431771263864,95.98093700915481,1,1,0,0,1,0
57,2,145.36520033582588,79.94310273010522,37.83206939829018,153.18747468444542,76.98664748103309,1,1,0,0,1,0
64,1,172.6275492982581,77.99649915587668,26.17308404351849,132.5627080041187,89.51109104496572,1,1,0,0,1,0
54,2,148.2037560461547,76.06231443751793,34.62989024861864,125.29793811961919,98.51669536048027,1,1,1,0,1,0
38,2,160.3604779866355,95.30854538092608,37.062708777888545,140.7632406691696,80.05532923595247,1,1,0,0,0,0
56,2,159.08469019993183,68.98093479328989,27.256639006003482,129.7800430553705,94.45411556196254,1,1,0,1,1,0
52,1,159.6503973558053,78.32839455388525,30.73117866935587,127.59256536930552,78.18998973639553,1,1,0,0,1,0
54,1,168.0370333954094,78.06599974456253,27.647248395347965,160.00042490308914,77.47861904338866,1,1,0,0,1,0
61,1,165.10798087525328,78.0858441585822,28.644165668035935,129.86771311810685,72.09619017294327,1,1,0,0,1,0
57,1,148.38172091926845,46.687963416819116,21.20528542813664,111.6925408613333,93.08983972020226,1,1,1,0,1,0
52,1,150.79449504080978,83.60222770892567,36.76604169784632,131.73063452430978,88.25144046736624,1,1,0,0,1,0
53,1,167.24444306747557,72.38272864374889,25.878050593389002,170.33079431985144,90.69220888704223,1,1,0,0,1,1
54,1,156.53149688685343,75.19162878323075,30.68781842196097,122.34309559673042,86.42296724158935,1,1,0,1,0,0
59,1,164.7500459020819,94.2769754402249,34.73398022238672,145.6622565570197,97.7344177099308,1,1,0,0,1,0
62,2,170.452368696911,86.41920681408979,29.74433024246334,105.08258902393807,91.68871536926486,1,1,0,0,1,0
43,1,155.10427898725717,76.87889388770854,31.956526500323854,152.28471341557778,60.28887951957191,1,2,0,0,1,0
46,1,174.1749657044578,66.61708033275482,21.959079311748788,131.83560730652505,86.4293143725118,1,1,0,0,0,0
51,2,162.91142357173769,71.14615914783126,26.807010355119658,99.53972093171086,68.12329082600039,3,1,0,0,1,0
44,1,145.6536030870533,73.2766058758046,34.54004349249401,142.34520920145047,79.49318030560374,1,1,0,0,1,0
64,1,153.51730668055836,64.01538725291941,27.162497042811612,120.49706475057629,90.03514176468427,1,1,0,0,0,0
60,1,164.62764690739243,83.49747914659952,30.808306243072334,123.22760559701516,92.3168124311673,3,1,0,0,1,0
60,2,161.95203093222398,56.94877904259953,21.712589431909652,117.65744248823367,100.25820163512262,1,1,0,0,1,0
54,2,158.9795816077769,89.91409460677032,35.57501370727269,137.81432771139535,76.57747322653837,1,1,0,0,1,0
58,1,168.18976976359176,68.96508579397508,24.379799446269107,132.20962661121052,90.35959100517006,1,2,0,0,1,0
39,2,161.24297025917807,56.52275953040958,21.74011200484771,122.53801297721944,94.69461334088584,1,1,0,0,0,0
64,1,159.92311538509148,83.84568982775994,32.783722067025934,163.44584624110917,86.78533948679744,1,1,0,0,1,1
35,2,159.13193041268627,70.13282308573932,27.69533729630065,122.38144980337387,98.80896757755728,1,1,0,0,0,0
56,1,160.74127318208238,92.74358475589825,35.894596074953355,149.48410340797076,66.47149950937296,2,1,0,0,1,0
52,1,168.30537005484257,59.15720344511368,20.883904047983584,128.90914472793557,77.13309853848867,2,1,0,0,1,0
52,1,160.1288199922914,99.04590230682392,38.62758049142957,115.95160218101591,72.91914271965075,1,1,0,0,1,0
57,1,160.93903533011513,98.79295994204588,38.14197787405752,138.62314351903274,79.34450729401742,1,1,1,0,1,0
53,2,165.90734114055178,65.6804675011381,23.8619004068492,130.0087011664327,73.78480234027205,2,1,0,0,0,0
61,2,167.93439787178357,73.61172884204362,26.101633947279197,122.32168767070617,72.33373776849106,1,1,0,0,1,0
49,1,161.00674899157625,76.41902376579027,29.47903912641622,127.71494738496209,85.74877600060677,3,1,1,0,1,0
47,1,169.68424554189443,61.93307729343559,21.509960650584443,133.92480250478587,64.4767230986767,1,1,0,0,1,0
48,1,159.1640576680614,75.18924466892157,29.680124429988087,138.61570651652926,106.38920536692103,3,1,0,0,1,0
48,2,165.36015607348165,60.04108260382668,21.957695965383213,94.99615526688216,71.39584532343746,1,1,0,1,1,0
50,2,171.22344882032064,63.7428784580163,21.742285301626172,131.73234029326014,98.14937891076303,1,1,0,0,0,0
45,1,157.32786005559254,63.40142111511799,25.614608446512584,128.29311241610483,74.00764770058566,1,1,0,0,1,0
61,1,169.57648649519746,67.49278596195123,23.47070256257987,135.18104835834876,64.39966385869964,1,1,0,0,1,0
56,1,148.50886363075924,78.27786426159246,35.49230606359322,148.0502688906681,69.36637675773795,1,1,0,0,1,0
54,1,158.13414653099346,76.47348088519774,30.58155332447074,123.04752727995971,76.530446003498,1,1,0,0,1,0
49,1,173.3315124670595,64.24874511130153,21.38501682639583,146.36722126876685,80.2040380141698,3,1,0,0,1,0
63,1,169.6579786707822,63.57941699075839,22.088588486847513,112.54333763598163,83.91643862128073,1,1,0,0,0,0
52,1,158.61302933944148,77.42521112408518,30.775468907547904,94.5663769636472,74.44088361365704,1,1,0,0,1,0
44,1,163.1680864344108,66.97038780535595,25.154307931889132,147.89489782986666,73.00243164406376,1,1,0,0,0,0
44,1,151.6473039359897,86.1121629465183,37.4451099958526,116.10094961874631,81.07803679162983,1,3,0,0,1,0
59,2,165.25361606303125,56.079759833054496,20.53544896090988,98.62235064379995,93.06944333906466,2,1,0,0,0,0
62,1,167.52556459372806,53.52086092184277,19.070448644559022,117.87983095100714,62.92768634685652,1,1,0,0,1,0
47,2,163.088186271561,79.56268539173368,29.91330693162155,120.69643028673471,94.82024015042887,1,1,0,0,1,0
57,1,162.15410428945754,71.3508429778364,27.135836714302936,123.89869424911251,84.455949610525,1,3,0,0,1,0
63,1,148.27972916215955,68.08513905173287,30.966260331618543,106.75682995266753,76.81513647344534,1,1,1,0,1,0
56,1,169.19903550912494,74.13509703815238,25.895726178423867,114.52311512411646,68.45997770498765,1,1,0,0,0,0
60,1,153.56920622558263,56.49189477941003,23.953989926288017,146.10973728779095,80.33220156117403,1,1,0,0,0,0
45,2,164.4059689387228,72.22601117846285,26.72135450329712,150.39492573462758,77.21140904848765,1,1,1,0,1,0
56,1,156.1085777177947,64.19865029873287,26.34343260053987,130.69943802255494,74.40989104318913,1,1,1,0,1,0
57,1,166.01576753161004,65.68092972752433,23.830909450476327,125.3149381295772,74.78019734747423,3,1,0,0,0,0
53,1,163.48061846183236,89.05038407271775,33.31986651431469,133.80593445664127,63.581256255234074,3,1,0,1,1,0
42,2,154.60742555851866,81.82441201656103,34.23120568300019,114.6678369395822,90.41570798287657,1,1,0,0,1,0
60,1,179.8892107764007,73.4833793438666,22.708000102693276,90.0,78.85319056670583,1,1,0,0,1,0
56,2,161.25606493618423,86.58861030777972,33.29880545922916,158.9719801387129,61.574652447723906,1,1,0,0,1,0
47,2,165.17226972923459,78.39895580510836,28.7366411613761,150.43820229209027,80.77379880801304,2,1,0,0,1,0
58,1,156.20450228429743,43.83749192597677,17.96629821630141,109.99145925072818,76.16828262440073,2,1,0,0,1,0
53,2,172.0598299026833,70.80922593655815,23.918330818811192,130.19528437225952,77.39466903861039,1,3,0,0,1,0
44,1,174.89029552001142,50.74394573569086,16.590245426242415,112.29044352982585,81.39524892382067,1,1,0,0,1,0
41,1,168.1420612153253,90.61445219977594,32.05123255070029,145.75458548528118,86.52456759908016,2,1,0,0,1,0
60,1,175.5249167039004,69.16019527179286,22.448051994289933,108.67815830542376,80.73340671893864,1,1,0,0,1,0
64,1,165.0944993997207,64.53270666015568,23.676345748998074,143.9674417874886,64.42001860781491,1,1,0,0,1,0
46,2,163.61567668331458,82.21945392725668,30.71317839504267,95.90344808068612,85.88151291582626,2,1,0,0,1,0
48,1,157.1150986074062,71.87697844670156,29.117492171215915,118.21235379823216,60.27222381120848,1,1,0,0,1,0
51,2,166.78084620725565,80.43756705869315,28.91788859425894,125.30144313091776,76.54668210450183,1,1,0,0,1,0
57,1,169.2704278747422,52.15991773266421,18.204330593150203,134.15011804252703,71.36484376615273,1,1,0,0,0,0
58,1,161.09508820554996,48.178230084580576,18.56462766684981,146.71904869288255,91.94718190770222,1,1,0,0,0,0
65,2,171.6350538176241,71.93397691761709,24.418674746121994,139.61363698167628,78.91506716448718,1,1,0,0,1,0
56,1,172.842802064741,84.03890675915208,28.130522410601635,111.88089251600982,67.33866468381221,1,1,0,0,0,0
58,2,169.6867679616177,56.25087775631802,19.535896615100803,116.16009691975003,88.701954759228,1,1,0,0,0,0
42,1,165.92518637068588,67.18648413840087,24.403790433650563,126.640638702541,84.46287200742096,1,1,0,0,1,0
35,1,169.10261650091908,92.95687064813127,32.50729557332453,123.4802032172674,69.53240046439049,1,1,0,0,1,0
47,1,156.08180273050323,57.89101833279142,23.763294164147766,112.89903352240837,83.79727363774592,1,1,0,0,1,0
36,1,166.6150193747128,56.14278656073287,20.223935357727512,109.98035689044696,88.68683426293481,1,1,0,0,1,0
58,1,168.56622840027228,84.99257768542915,29.91161493692234,136.51494568486984,73.10950365156316,1,1,0,0,1,0
62,1,159.9443820976095,99.20427416420874,38.778624731681255,130.0163324079735,78.67641815893342,3,1,0,0,1,0
54,1,162.52889629171412,60.99998176919146,23.092371356882445,90.0,76.33948761297437,3,1,0,0,1,0
46,1,159.16758797592374,72.18627111149738,28.493469761683627,169.9032955903904,89.64118584376646,1,1,0,0,0,0
46,2,156.79366645078306,68.1693351173896,27.728860742979656,145.59588923368565,74.63879681596232,1,1,0,0,1,0
59,1,162.11182509364164,54.73317239302416,20.826736896455976,146.61157131628892,76.42586754766495,2,1,0,0,1,1
61,1,170.5389011512347,76.5723035001704,26.328419637584553,155.82978194763095,70.68375097286813,1,1,0,0,1,0
60,1,173.59313394639562,80.10010367213158,26.580796512472883,111.85108489562415,85.67481538658032,1,1,0,1,1,0
43,1,160.33110812445284,69.76491904209941,27.13947900049469,140.36323298485917,68.58019243584542,1,1,1,0,0,0
49,2,161.24799738822455,59.12167469757624,22.738303986272406,118.22207654286375,74.43212410011623,1,1,0,0,1,0
48,1,170.24557114175278,52.52051535472926,18.120798595190358,147.90726494125903,83.11108912282084,1,1,0,0,1,0
62,1,153.06849911948157,61.13867032841878,26.09422132104774,182.52846331608689,66.88128646674218,1,1,1,0,0,0
57,2,170.5935120612748,86.68804843963541,29.787510300796672,143.30606821247912,83.48787120400317,1,1,0,0,1,0
43,1,167.92379608656398,49.90930456992109,17.699338360669678,108.91610615202273,75.3416170289024,1,1,0,0,1,0
63,1,162.2943749728768,99.80850439085839,37.89314157291072,97.23209528741202,84.83835283077084,1,1,1,1,1,0
48,1,155.9895796721589,76.25541124151536,31.338592835168942,133.65822104860013,82.33825042185137,1,1,0,0,1,0
49,2,166.9226656890412,100.49749654664204,36.06821253607512,131.34945726530856,83.12143457299798,1,3,0,0,0,0
54,1,173.57314764344105,72.74553994174643,24.145783001303805,133.81403593275422,65.38724897964539,1,1,0,0,1,0
49,1,169.6596091253293,55.697434312920464,19.34987954188819,121.42890538031777,100.39993922837435,1,1,0,0,0,0
44,2,151.46296758676272,85.45067707283077,37.247967952393395,156.62048268472856,80.12653021792998,2,1,0,0,1,0
63,1,164.45315973381798,68.03674573635547,25.157013812188342,153.42979329762522,90.63622177755241,2,1,0,0,1,1
57,1,164.98687295986525,64.82601540920389,23.8149977862529,123.7964979403268,76.14462946957498,1,1,0,0,1,0
49,2,177.55159653890271,53.574500514405024,16.99452251914051,129.90691397878797,79.30298590782789,3,1,0,0,1,0
64,1,159.21690588359212,78.4526957933802,30.947780767163014,131.25352482709997,96.0457122249008,1,1,0,0,0,0
54,2,153.76824354153464,81.91785717688762,34.64537578529981,130.1535074274419,87.66862896499612,3,1,0,0,1,0
47,1,165.84800904780107,77.18585407037835,28.061907542697348,142.38152189371482,93.00852688046692,1,1,0,0,1,1
43,1,156.7645321728387,77.44453452024017,31.513392039580378,149.57401036698334,80.49815480493804,1,2,0,0,1,0
48,1,163.10742859349995,99.6871813337294,37.470702412134024,123.92709453634166,107.0646727918554,1,1,0,0,0,0
47,1,168.99816500462475,79.59052908816945,27.867461747841368,164.79785948275563,64.00695908255345,2,2,0,0,1,0
56,2,164.60805967103573,70.1302435607433,25.882317228071827,129.6666978222577,69.63063322672149,1,1,0,0,1,0
47,1,155.2779511826054,58.73786216059301,24.361192948837413,121.27986581741854,75.24265181610201,1,1,0,0,0,0
45,2,168.33084475695784,71.47588639441801,25.225056291592967,118.6358481531597,90.4727315858401,1,1,0,0,0,0
57,1,154.0575594855929,69.15039721465085,29.135914351401247,121.72839132201908,81.6884736977185,1,2,0,0,0,0
45,1,160.82842167646902,95.59135796090708,36.956686964821245,142.66140818163274,80.51146768887813,1,1,0,0,1,0
46,2,160.58956703187485,93.40341714597184,36.21830408565283,131.6482831620523,79.5841886281983,1,1,0,0,1,0
58,1,174.45069852542886,66.49658677851718,21.85012512600036,103.4763195836147,87.88561741234236,2,1,0,0,1,0
46,1,173.22352821035156,71.82155820784276,23.93542057907899,128.84834027008438,91.80873136028269,2,1,0,0,1,0
51,2,187.24481301944775,75.83939327630789,21.630933300806888,122.70163691111202,67.88153371050575,1,1,0,0,1,0
59,2,159.80186063322125,93.30717226066781,36.53855470631017,118.34878362079297,83.99694731526242,1,1,0,0,1,0
64,2,163.4162766091244,75.1193194841301,28.12943589370101,109.43356723462686,73.5906983989819,1,2,0,0,0,0
48,1,166.5119472318716,53.940395274219554,19.4546456746505,111.97160049729483,91.19135970260135,1,1,0,0,0,0
57,1,170.72998477198223,99.84296472903867,34.25294090218977,112.58455498337379,87.01981899453226,1,1,0,0,1,0
50,1,156.60395496362148,92.90880239766494,37.88361466096025,142.60086012351732,84.34458882935205,1,1,0,0,1,0
51,2,169.59513680244305,76.67288850324208,26.65723101526027,138.9636649134267,77.65484695604529,1,1,0,0,1,0
41,2,173.70061667118748,87.57491799644725,29.025320153213595,142.5701355758066,88.15454187040265,1,1,0,0,1,0
61,2,173.92111292188602,63.422240527913814,20.96703251810243,155.9426483536554,104.33425507743144,1,1,0,0,1,0
53,1,165.8808126241501,103.00883306986512,37.43537249277678,136.91989438426478,95.07104324076874,3,1,0,0,1,0
46,1,151.2757367006618,83.33401516284644,36.41528842766521,116.97588166781853,96.63079125950586,1,2,0,0,0,0
50,1,159.9774511091545,52.92336471698031,20.679017543222862,133.10433921618542,62.49465678020118,1,2,0,0,1,0
65,2,172.90027765452007,108.02195921545928,36.13438508348255,110.9712633111336,90.25462834516733,2,1,1,0,0,0
57,2,154.68701265797478,82.8471631807415,34.62341787451285,103.88685612816644,76.80739797899489,3,1,1,0,1,1
49,1,158.94185656658576,53.892257575009594,21.33289587416181,195.59612256236318,87.6344621774897,1,1,0,0,1,0
60,1,162.89777011848,65.89259793381629,24.83169423920983,102.64183680418088,82.77061881952352,1,1,0,0,0,0
47,1,163.66002853315098,69.08233121051879,25.791805168167294,116.96563893176616,69.66420718847229,2,1,0,0,1,0
58,2,164.1169508598261,66.52077213365821,24.697352617703668,136.39337840548157,73.04813386482505,1,1,0,0,1,0
59,2,161.43642498344676,94.9433467367369,36.43019311280635,133.47697473512326,84.40836101664951,2,3,0,0,1,0
53,1,161.36281543101643,77.71472070936169,29.84670307134432,108.38131553369269,69.38429361974404,1,1,1,0,0,0
51,2,166.46917140809364,81.32786934649535,29.347543765094805,114.05710993075564,88.57832818606461,2,1,0,0,1,0
65,1,146.14214258999925,72.14718934937785,33.780686905019344,134.08849220913442,87.73582453410002,1,1,0,0,1,0
43,2,147.23138290600116,62.93269803235212,29.031907298397297,127.04055982916033,76.29528628523165,3,1,0,0,0,0
63,1,150.68652967615898,77.7827549333539,34.25582716424678,118.0789619210546,97.58206935482119,2,1,0,0,1,1
41,1,166.22274425755373,75.68540901681087,27.392474511770132,131.38428020064163,87.19915332028215,3,1,0,0,0,1
53,1,158.82943406690933,58.36267689591962,23.135198302242163,120.59623539041998,81.60115738943439,1,1,0,0,1,0
51,2,159.45674792034427,74.31084251052154,29.225798128961134,152.3829098491047,81.21444396109821,1,1,0,0,1,0
61,2,159.170760569995,70.92500402016633,27.99450457662135,113.66490846071105,82.26010702924518,1,1,0,0,1,0
44,2,159.17774621012416,73.93137317267987,29.178574451212732,117.71938796120156,80.72595437258934,2,1,1,0,0,0
50,1,157.01034875702888,76.23949286597366,30.925977974036954,152.72747851878734,87.64800271448267,1,2,0,0,1,0
41,1,149.41903787952285,122.56756854088474,54.89890718910793,125.09108765543041,81.97611954992779,1,1,0,0,1,0
48,2,167.1346740557146,79.38272645781724,28.417959664734354,136.51665939379373,75.77437537913389,1,1,0,0,1,0
52,1,176.01615642488275,60.548994706569395,19.543478725389832,113.05516317722636,85.38049674503041,1,1,0,0,1,0
54,2,163.46943466231033,69.73538667258532,26.096369443134684,101.83921289182074,80.05754711885488,3,1,0,0,1,0
63,1,159.3150671367239,78.00988562494481,30.73519262782275,110.38750874944341,85.79930486777236,1,1,1,0,1,0
44,1,165.84259288397325,78.48933350641616,28.53766811665077,118.17042654088476,73.37816915412151,3,1,0,0,1,0
51,2,183.36096527743814,64.9242869809211,19.31049540508658,105.47788456971018,86.8387020768659,1,1,0,0,1,0
64,1,165.8514526299029,49.24005608450044,17.901110753527274,116.5688961644535,77.84737286000707,1,2,1,0,0,0
43,2,162.66466998613132,45.280829224934166,17.113068888709464,127.0572715223785,76.67856893537558,1,1,0,0,1,0
44,2,163.55088824819302,55.66490551765217,20.81017162852942,139.34071414768223,60.0,1,1,0,0,1,0
48,1,167.77799255681163,63.68001129724257,22.622111788830548,164.13052579729464,81.38015589942864,1,1,0,0,1,0
56,1,173.4009645423793,82.7533943737386,27.5221779702944,131.93260832866184,87.14761052193431,1,1,0,0,1,0
50,1,168.06528961935854,75.19966681023926,26.623175797129804,109.48230399321294,67.9002125272592,1,1,0,0,1,0
60,2,169.42324150958288,77.28429919159542,26.92435448220385,105.54339790164727,77.86556293986044,1,1,0,0,1,0
54,1,166.64096423526354,77.8465413437449,28.033400535705113,103.33106284151229,100.62239227501539,1,1,0,0,0,0
44,1,148.22044236447192,79.5406909759629,36.20538326688966,125.5938534246388,82.17566219231409,1,1,0,0,1,0
52,1,158.80104092467948,56.81447469362432,22.529539029280443,136.54575649982837,90.80277258669301,3,1,0,0,1,0
46,2,175.3195733946706,66.26165159758447,21.55765146785284,99.12565742420995,88.40897387289877,2,1,0,0,1,0
45,1,169.27272245784826,71.73300509231618,25.03485421572228,131.08787239565356,85.35826288203373,1,1,0,1,1,0
59,1,169.5709542895743,61.35892119773611,21.339035544952626,110.77791064305137,76.44053817549727,2,1,0,1,1,0
58,1,153.51391682219432,78.48482056538094,33.30352199348897,121.31998609552822,89.1152011369748,2,1,0,1,0,0
54,2,165.3478612305161,49.4368650147594,18.082303704562126,104.76568054236415,75.32393390381351,1,1,0,0,1,0
54,1,174.04346425757524,70.58393281614048,23.30185065935137,127.01856446434772,75.55154456674694,1,1,0,0,1,0
59,1,163.91579417504832,93.11700068165243,34.65671336036492,103.43559405628953,94.13778049962394,1,1,0,0,1,0
55,2,170.03762899990562,46.21631606072769,15.984727737215927,130.65683750023308,90.98043738522566,1,2,0,0,1,1
65,2,180.42073286928735,99.57743181570861,30.590602875397007,142.31775882205596,79.26599687032547,1,1,0,0,1,0
47,1,154.52236382494908,65.88387489112958,27.59284284518414,174.60800807517813,83.4969635002661,1,1,0,0,1,0
55,1,166.84105668569836,89.8319839498447,32.271944030523876,140.2496914131277,85.56528945523887,1,1,0,0,1,0
55,1,174.092840225333,68.37873123865776,22.56104527304241,98.10223577165252,93.37246306206774,1,1,0,0,1,0
46,1,167.85814679265357,48.43069503945348,17.18841590314406,154.33093144095906,86.6589351555514,1,1,0,0,1,0
56,2,160.19568272626063,83.8949057227723,32.69143428673661,166.50686242763933,63.44001646958852,2,1,0,0,1,0
50,2,179.3187904025506,106.653924749086,33.1684548426748,125.11810239712605,76.1734528805078,1,1,0,1,1,0
52,2,165.4790944971221,90.0102863254958,32.87046680346268,102.65785215581049,85.61523786161982,2,1,0,0,1,0
55,2,162.0955607379712,83.52058882268832,31.787129060428178,121.76391192078825,77.58706865148126,2,1,0,0,1,0
51,1,170.98976730990984,75.72292180272892,25.899245983344322,132.07506255484086,85.59534135084691,3,1,1,0,1,0
53,1,157.63251647860335,107.42915829621751,43.23451141938556,136.4509319752109,79.55086976562326,2,1,0,0,1,0
42,2,173.48767783195095,86.42211614578724,28.71359883341912,109.0737608167311,61.901306161740145,1,1,1,0,1,0
56,1,153.69543345714266,72.84800304819477,30.838675913577717,144.05391193100567,74.2484829953857,1,1,0,0,0,0
46,2,162.63625938232752,69.90147656521583,26.4272270298731,133.78140575397327,75.24737082821702,1,1,0,0,1,0
52,2,164.25188318860913,62.79911500081283,23.277310961150988,90.0,96.68201369221799,1,1,0,0,1,0
46,2,183.78467247188632,95.78867207266293,28.359304470320275,127.14362326354843,86.31400054361175,1,3,1,0,1,0
42,1,157.29812574876559,57.092775812517374,23.07459370740878,123.96562480556598,76.05178323912995,3,1,0,0,1,0
59,1,175.758040254159,92.94718162332106,30.088866165009062,148.9252607636281,74.59818832856392,1,1,0,0,1,0
65,1,155.8997324098726,74.95063543836307,30.837884654438632,112.81830779606598,87.80124037043824,2,1,0,0,1,0
51,2,175.92925524992228,62.48243901185504,20.187467732258238,100.41664216339065,86.17098155688899,3,1,0,0,1,0
60,2,167.5667426300497,88.40672042930207,31.48542974233189,102.67238560588342,60.0,1,1,0,0,1,0
55,2,136.1605070268032,48.84881774826438,26.348247687368584,131.32615567347537,80.03176246037721,2,1,0,0,1,0
52,1,165.61409693638086,81.1409572664077,29.583225596919668,109.7755361871317,70.11225444680889,3,1,0,0,1,0
63,1,157.69303577244224,65.91455454399649,26.50673849820218,147.20706221264317,95.80273908993004,3,2,0,0,0,1
53,1,167.13399880909353,79.36691706358386,28.412529692425533,105.05766343211813,66.00710498607607,2,1,0,0,1,0
59,1,165.36183894853403,78.10029688390716,28.561571422783754,142.7209043351972,70.68341275641164,1,1,0,0,1,0
65,1,176.53126187571542,78.37465517268257,25.149675845423886,132.10315066018308,82.99131069515643,3,1,0,0,1,0
48,1,157.51533167473445,96.63399591318111,38.947920458334785,101.78620099475154,95.24327859686792,1,3,0,1,1,0
63,1,153.27671007300205,55.266336450396714,23.523846470386864,142.5682972776707,84.91132176263875,1,1,0,0,1,0
44,1,185.94511717374058,78.33241334812188,22.655411245115033,128.2643311328793,82.03754913152547,1,1,0,0,1,0
