age,anaemia,creatinine_phosphokinase,diabetes,ejection_fraction,high_blood_pressure,platelets,serum_creatinine,serum_sodium,sex,smoking,time,DEATH_EVENT
52,0,520.1786965341687,0,30.62219675756999,0,208620.4589297533,0.5212007531724385,147.52270163881778,1,0,32.43196598373224,1
50,0,149.34558048490186,1,38.42058799808519,1,105342.32232402693,0.6458246918820109,138.62557049683977,1,1,58.3555736717309,0
49,0,68.96157580680539,0,48.34201675688826,0,79302.20853891753,0.5,138.07420059225947,1,1,78.5809953868671,0
63,1,814.4328394970945,1,58.77493279475925,0,140518.1582238371,0.5,140.6735067563969,1,1,202.98357868056058,0
53,0,118.28560077753653,1,39.25062032715255,0,313076.82304813265,2.904952648640517,138.43853538384846,1,1,170.59677345032122,0
68,0,84.7504606861038,0,39.818094249455854,1,416421.6892476791,0.5,133.90378191765393,0,0,222.63120873164775,0
61,1,1159.5616263642862,0,14.03562316242046,0,115740.90011830008,1.5122675754067587,133.00101267865065,0,1,174.03621772481284,1
63,0,212.93000502040007,0,18.8920869573474,0,280972.0494023138,1.5303719332627772,141.9416763504098,1,0,17.943710547775638,0
50,1,2296.4354330756805,1,26.106711751698683,1,255263.29553544289,0.5,144.17902924589504,0,0,148.24048932374134,0
59,0,114.53466899011929,0,37.118508729064516,0,98961.44595328526,2.291894386079567,134.76645052232934,0,1,276.7587410368876,0
73,0,470.79228944242993,0,24.863709037148794,1,387613.2172196031,1.8572512562760584,141.2736930214606,1,0,131.90673018266946,1
58,1,667.2070464138808,0,42.665894747854544,1,436973.56766234897,0.5,132.11888354913836,1,0,23.901655426229944,0
78,1,215.91586552176946,0,28.058274926236116,1,371356.16664115526,2.2219538943602593,141.80811724300392,1,0,154.66123565668065,0
54,0,681.2835356011425,0,43.23753930656167,0,216821.4608580267,0.9618546609056525,138.68673800953482,1,0,161.5494294505109,0
65,0,791.3218062373975,0,33.19534443566049,1,324739.067048428,1.1169916363668282,140.94692420687386,1,0,163.70259136927774,0
56,0,114.64391775539724,1,51.84215726623261,0,269784.5678031712,0.794132817181041,132.01227085482046,1,0,192.38923446430093,0
44,0,773.666664648269,0,42.19343865887167,0,168691.36572574347,2.407258652636415,135.61468983101614,1,0,31.95408105662442,0
63,1,294.2831018846676,0,43.305981122500995,1,306744.6130052255,1.1107639995368328,139.48589667720734,1,1,50.26046979268678,0
79,0,1796.6836789236822,1,45.0300121555043,0,342506.5772082731,0.6631229396447329,143.29533207974566,0,1,7.359953005084826,0
55,1,71.11979579397199,1,37.70933635221944,0,370567.42342646525,2.0260048261893493,134.63508950703599,1,0,247.12733355045637,0
40,0,641.5024325942385,1,60.25697076087759,0,250291.24069601245,0.5,131.93023058596998,1,1,279.5445448783237,0
57,0,737.5225549270181,1,42.15382893981284,0,175646.05356295567,0.5,139.2408740057186,1,1,150.5346866665951,0
56,1,698.9996417412721,0,30.153358417025537,0,204743.73463898795,0.5783085260043036,129.7067776523658,0,1,125.61832610299429,0
70,0,1000.4774391863301,1,31.008188357211573,1,333783.8904029593,0.5,135.84666791485938,1,1,110.05228402712227,0
47,0,409.00940530128923,0,60.24146198057694,1,188674.47934101487,2.127150598519903,136.23994066002584,1,0,198.9635927426799,0
56,1,254.6689010525577,0,39.04499471672183,0,318814.20254610776,0.5,134.98999539700498,1,0,80.45005794066907,0
59,0,2069.4330031004843,0,30.61411997188154,0,171130.4044374641,0.9174242419254567,135.89300907902228,1,0,207.04590383675438,0
58,0,432.11425426866623,0,38.48931289774622,1,392831.84895381867,0.5,134.9193485274257,0,1,40.868395846000865,1
61,0,1401.4127154451362,0,20.18124500221982,1,67959.43333185263,1.3632659545821038,138.5239521174394,1,0,59.62271934646893,1
49,1,316.3852044228546,1,35.11318904065075,1,221160.32306201415,1.0336273003547145,138.09939148128666,0,0,77.0862961970641,0
52,0,510.5270875789736,0,41.07338445096401,1,124342.14107079612,0.5,131.37158329319914,1,1,128.72665842796238,0
58,0,575.3113126407424,0,31.957237349485972,1,320198.7896885859,0.5024528753501518,131.30923808325414,1,0,5.624370087108913,0
86,1,213.9281306371671,1,66.64339039409121,0,143442.06495604414,0.5,142.474645822295,1,1,150.21284135007843,0
60,1,1045.913183468567,0,52.9936773678185,0,349679.9943970513,0.5,144.96263712893938,0,1,236.61076354386685,0
46,1,1105.8025847579627,0,39.26363021272621,1,236777.8738695297,0.7456472626829761,137.38217139611604,0,1,263.3532366374789,1
54,1,1160.794489152509,0,36.28579983668026,1,195880.58812358964,3.551708141381636,128.57055748399628,0,0,106.76048013881811,1
68,1,153.41930889836354,1,56.117312727778426,1,350924.7133474801,0.5,140.2973924374838,0,1,90.34834613407658,0
73,1,1877.6397129555016,0,43.04580998470142,1,264784.8023161399,0.5,139.601207848945,1,0,113.49223574514113,0
62,0,1932.9752506967566,0,32.6581077036212,1,413516.05984023295,1.6967227100257096,139.01920351036085,0,0,264.76485442242785,0
71,0,1459.6903515875424,1,23.156545136496497,0,153552.63901789475,1.4429637731896763,131.1064335079972,0,0,213.68940698997707,0
50,0,697.533843422688,1,21.19279294995361,0,93866.57494743887,0.5,139.5761569605921,1,0,161.42099019463532,0
45,1,177.3617708926368,0,39.4497875428959,0,207253.15528649394,2.2139903381561488,128.48761447435785,1,0,53.873601330771855,0
68,0,1278.9870425194642,1,51.00063347183615,0,201940.38331853854,0.5,141.31422996653555,1,0,225.79099741810046,0
56,0,905.8336508614354,1,53.47766973411793,0,265353.3808646466,0.5,135.10488477219468,0,0,226.0522256524705,1
57,0,528.4657569677474,1,38.04798028405495,1,202905.1858860208,1.5590919508502987,137.52294364425745,1,0,38.18877647502258,0
59,1,345.731815694741,0,40.93273843008802,0,331068.0789397201,0.7462625301624252,140.19460795066746,1,0,106.99995319252255,0
54,1,586.3646307496314,0,26.558383013702162,1,168204.6692516657,0.8369759698708098,137.41321074672706,0,1,229.31829756982083,0
50,1,831.5684806907201,0,28.31120742926107,0,356491.4508221185,0.5,137.28570175533514,0,1,221.02783459214203,0
58,1,765.2713624869838,0,35.90975058061803,0,224091.89600159967,1.0017828285427972,135.782719239103,1,1,18.210627599954684,0
64,0,644.7529590730246,1,51.275371298368924,1,191322.93692826125,2.578955313814672,137.38835202578645,0,0,181.16631969586174,1
59,1,469.363857298149,1,21.119324704478565,1,411385.8634904623,0.5,136.72528663874036,0,1,136.8220228571199,0
46,1,925.3856770641283,1,41.61395652525061,0,25000.0,0.5,138.85056347279806,1,0,100.34400913140408,0
64,0,1240.8791753976357,0,41.36873161809263,1,277180.96534643474,1.756465959840596,137.63221125287336,1,0,260.79495300834344,0
66,0,161.7298251452685,1,22.63141500624351,0,224080.71457231464,0.5,132.7481986189361,1,0,174.86713599493459,0
67,0,779.0861397011132,0,29.89320784539482,1,289059.66648701037,0.5,132.15335300584854,1,1,177.13343865487136,0
68,0,201.73541611091264,1,30.266256668777725,1,396709.71540940594,2.32382505328709,136.34541626301083,1,0,29.327011388757715,0
85,0,706.3408872813493,1,32.62417422285546,1,432998.1366094175,0.6916068850206004,140.84670820775688,0,1,91.2215443643773,0
48,0,450.7549369767034,0,65.27750618699795,0,279892.48481098656,0.7148447154507179,144.69435650658434,1,0,215.59204807381306,0
57,0,153.10788653990429,0,19.14857159708702,1,310175.63164191664,2.341208591348295,129.92213634703424,0,0,96.12556968716662,1
74,1,72.79758792028586,0,23.321749628447634,1,232700.0245469734,0.5,137.05979973328553,1,0,221.3528687028686,0
59,0,356.38538747590695,0,32.12228744800206,0,342121.0753049499,0.5,133.91910634667977,0,0,103.56353981942416,0
45,0,422.2627575755817,0,40.59092870035498,0,268017.9668031887,0.5,136.7119018715233,1,0,238.12204741842888,0
66,0,268.4531467668205,0,68.25353945499089,1,241777.6445721611,1.1543640064723628,143.72891448006746,0,0,43.989294534071426,0
76,0,448.3101322407335,1,46.26904408707226,0,523495.5745894427,0.8673215671664326,134.86816480372988,1,0,250.594730309301,0
44,0,391.3758299648366,0,41.45033144313411,1,340771.4753406246,5.941267427765717,139.25308327170916,1,0,49.452107642427734,0
52,0,48.37181464952175,0,23.737491663238703,0,108227.60794177037,2.0146805507007928,141.25981253715116,1,0,188.8159426857172,0
52,0,1303.323627061795,0,28.161084274749022,1,202574.8000174668,0.5,138.11135126345798,1,1,165.30922451452582,0
40,1,39.461692585836005,0,34.807828200670116,1,193076.43034841167,2.1247649536230004,137.91254733359264,0,0,42.855972329255295,1
58,0,208.55169928855747,0,44.100127485035856,0,289775.89203236473,0.5460076913832228,130.01288685572572,1,1,125.13790079781768,0
73,1,336.8348122196665,0,38.75828322718838,1,217136.62162688255,0.5111511536875091,131.2597316326165,1,0,23.684402739652622,0
60,0,69.30732634446146,0,28.88260903913151,0,309191.1105809206,0.5,135.67447291618205,1,0,67.64361642325679,1
75,0,103.71382844419809,1,44.62171276861099,0,391356.9595071468,0.8799451160492643,139.67418774453134,1,0,282.2299754205634,0
61,0,592.9127450898161,1,48.36379058992445,0,183995.4488765518,2.773976962594755,134.94920021681102,1,1,159.47242909455196,0
60,0,786.473255597775,1,39.52829529750076,0,472434.2888923195,0.5,132.66921867543095,1,1,6.609136969006152,0
67,1,1095.8832032456717,0,49.51047976172045,0,312435.3543668735,1.099688189857432,137.91660269154073,0,0,197.68874236585395,0
56,0,144.47508977586946,0,34.09644343301913,1,178859.8487356744,1.5516333168678027,125.88068133093515,0,1,191.6762529558223,0
40,1,20.0,1,40.1696756255508,0,326988.8615695334,0.5743416366433015,144.2649025125485,0,0,7.532841761515458,0
72,0,174.0165955424586,0,33.228273299547865,0,362237.2655838351,0.5,135.30551740035213,0,0,51.42728092697088,1
86,0,412.23057562412873,1,34.978497706420065,0,355745.7659560682,0.5,140.4822553051478,0,0,38.80751395038667,0
87,0,831.56486081973,0,37.11815013183673,0,298276.9039402143,0.5,129.1983608643697,1,0,207.25685726512174,0
95,1,931.489974183816,1,26.685541958639483,0,243184.53597416944,1.2121244672179405,135.38355114085206,1,1,127.66113813271201,0
57,1,951.364058858125,0,39.94123094421933,1,151026.84467830628,0.5,144.0502701601275,0,0,185.57748017094056,0
70,1,35.69284350995347,0,33.88663501645426,1,137807.849307901,1.2615808236794466,135.06132305690787,1,0,118.263551787537,0
49,1,79.92094877068729,1,33.66773910202528,0,362908.2900701132,0.6409546992935817,142.6115645935599,0,1,204.11428396997218,0
53,1,1370.5081192012315,0,52.03874996004675,0,79997.19086457719,1.1234501198152569,135.96398772524176,1,1,123.21133570428755,0
53,0,377.1156491785436,0,22.645847710261766,0,244885.3822700659,1.834581100162705,132.151235174442,1,0,244.17847826593402,0
72,1,20.0,1,42.947101102036704,1,56993.02289948246,0.5246158003327388,133.25406063779806,1,0,198.4610608197756,0
59,0,447.87174701351194,0,21.474134208996396,1,25000.0,0.8209069435545787,142.01624026247998,1,0,60.74936500746049,0
46,1,1597.722391756826,0,17.918464057009196,0,264265.2535230258,0.8615476357735738,135.32894488399586,0,1,107.95009130257152,1
51,1,730.2470835920192,1,28.68937919715689,0,57052.143991411955,0.5,137.63149792441908,1,0,54.801759475167884,0
40,1,371.45125030407996,0,42.98975983236498,1,345049.4462083922,2.7387294543841443,133.54584318489765,1,1,36.965035559415675,0
43,1,1418.4970946045264,0,19.627918571396144,0,319270.66862529464,1.576137943579392,140.84814732478347,1,0,31.775667261199104,1
74,0,521.2779545498795,1,33.616235752870196,0,347350.8245512184,1.9337906528015563,143.62488283197186,0,0,257.76800604164316,0
53,1,397.7875939493225,0,18.848094686338133,0,85869.05686314759,2.271211626892967,136.12830025248314,1,0,145.26687241147602,1
54,0,344.21904738273196,0,41.536666697468064,0,303497.5824360317,3.1278959234795316,130.6879066062518,1,0,142.46635267580047,1
76,1,131.8536076052836,0,31.00233714419674,1,277395.4183771432,5.48988549246257,131.29519022689138,1,0,233.05917824253774,1
65,1,1316.1285834273547,0,31.332788459387018,1,195186.26051831938,0.5,136.49807688904554,1,0,85.72106841225401,0
55,1,778.0111525004161,0,21.514957762948953,0,111673.3232544024,0.9088436608306388,137.3388002218725,1,1,71.00397654712341,1
40,0,108.20708798507191,1,42.26906811062774,1,300173.2746570068,0.5690680958255944,134.5523669935406,1,1,174.12187262935004,0
55,0,1785.5549967877819,1,51.00254628727245,0,267631.4830268329,0.5,138.4858113911146,0,1,14.6587926663307,0
44,0,309.6158025521695,1,42.477847174113094,1,220951.73224585125,0.5,131.61897086037538,1,0,44.42313555833098,0
63,1,2072.2833907425747,0,33.865342762866916,1,236665.21566914106,0.5,131.2925240012102,1,0,216.2031203743535,1
53,1,210.18405048992963,0,23.347777241208348,1,433550.16617056367,0.8283996349551116,134.4151367010134,1,0,208.40552261001687,0
62,1,22.956072197896425,0,31.715876771151787,1,212376.91732017233,0.5,138.64572701502087,1,0,279.2845869855788,0
50,0,85.17994732888084,1,45.348440779402544,0,313607.7894185153,1.1008309580046873,129.8748006583337,1,0,108.46115351302268,1
47,1,100.62840225155983,1,29.29020032773546,0,159517.78921977134,5.491941724701074,133.07937588437383,1,0,153.34977407102406,1
60,1,1041.0831675071822,1,39.23372144353705,0,319619.0144896441,1.1879902270850977,142.73718651747438,0,0,13.754239786070443,0
54,1,427.13698262202513,1,46.186995173159886,1,183024.6731379807,0.8738620201633818,133.259140745726,1,0,110.03297041381387,0
46,1,20.0,0,50.345745769404395,0,266965.0966423571,0.5,139.23881329171414,0,0,138.24705602990136,0
70,1,483.5140644704841,0,25.964149473954173,0,424155.691795572,0.5,132.62539088931803,1,1,27.983609692829056,1
72,0,25.716325729769352,1,23.63677657102455,0,310794.9458980691,1.4719004327297662,136.9168375505206,1,0,94.39073187184002,1
60,0,818.6014732511297,1,43.64263845643068,1,341207.5345320768,3.768939934979054,135.75200017123322,0,0,76.29182992956329,1
54,0,555.0247781523948,0,42.15405453323617,1,280027.34748131444,1.2706217645645517,133.5860245845468,0,0,43.25723667833313,0
48,0,41.75084055519903,1,28.628051163133783,1,212643.35985907004,0.9760235282939969,133.27160795469337,1,0,66.1824061365088,0
61,0,638.2404415281516,1,14.0,0,144051.55237749722,5.355399973288052,135.98080138443996,1,1,46.351785541459535,1
58,0,381.3306968639098,0,41.78938253136854,1,224870.54415021828,2.2532055846031067,140.9923748226608,0,0,258.269123721516,0
79,1,1747.270991982443,0,33.763201427481825,0,339381.32091779436,2.975040815400261,141.73424168429023,0,1,193.3352564990693,0
69,0,1248.0736352052613,1,22.153745915706047,0,220235.9622331009,0.5,133.83548135180007,0,1,34.92211779989188,1
41,0,327.7131234806557,0,57.877900373926074,1,84541.11429581535,1.1569861224571494,137.59251234108433,1,0,249.69840375921225,0
49,1,232.53203502748121,1,31.176625175020533,1,132372.4163890259,0.5397901259067344,136.38449681256384,0,0,11.60185652650053,1
67,1,937.1416117901014,0,14.609132952669572,0,224695.49416599172,0.5,135.85912359291228,0,0,107.95441095700009,1
44,0,20.095846099906197,0,46.84271469966952,0,439526.2462168951,1.9824857569679208,139.426679718445,1,0,34.223131701534115,0
76,1,197.3408336870545,0,32.205647011220336,0,322865.90564938576,0.8568159334610143,140.89613141673576,1,0,152.36994723462718,0
48,1,693.5308456812121,1,29.287744891288536,0,224308.29637176532,3.2331289226824524,140.9264950808954,0,0,260.46389351067324,1
40,1,455.5151573370406,1,44.16758966218036,1,221982.2236811159,1.1692291816134204,137.19790324690032,1,0,99.42271616255799,0
70,0,235.12426691248498,0,63.72687203117034,0,232883.51500937282,0.5,146.24050161942634,0,0,168.9855083136315,0
64,0,40.29313099554664,0,56.3091380263566,1,340952.89378795214,4.434806960747877,143.41377102719463,1,0,92.30859985895276,0
75,0,143.94683129799,1,31.601932657822292,0,117699.18428618196,0.5,135.41446542751967,1,0,252.25281554324425,0
63,0,1790.8765081577221,1,50.76286489348041,0,298999.94100983505,0.724352028837661,140.65489428011395,0,0,211.34884828160997,0
46,0,724.195077196319,0,34.94116579752735,0,293873.57024329784,0.5,132.3576826936416,0,1,227.9336954517566,0
53,0,47.55226506491767,1,27.11000960844281,1,276525.77794911165,7.329111482096526,136.29349214460794,1,1,229.01357886879993,1
58,0,185.9571827519217,0,42.19690679880177,0,372518.48700969096,0.9701807163295159,139.6150549693217,0,1,52.30558437966284,1
64,0,468.64250815878063,1,64.9451226703939,0,443300.6980070553,0.5914367239732683,138.8873722397954,1,0,125.02160298748993,0
58,0,61.771286607927635,0,24.693233281271496,0,214010.3432858875,1.0188095317750343,129.65726261928958,1,1,126.12445260361777,0
62,1,846.0914470640301,1,52.37152493680445,1,335234.17423727876,0.5,141.69040893513446,1,1,194.01614309194383,0
77,0,566.0349781946173,1,54.83225580814907,0,459856.1036542126,0.5,135.67813448468283,1,1,263.5003192319968,0
81,0,304.1699409476385,0,22.196488469798417,0,210548.81188946267,0.750884789220734,136.0529584750476,0,1,283.6456228735239,0
44,0,1243.2144811493395,0,43.61044937765652,1,416326.9551931694,2.428827773390025,130.05250277067964,1,1,83.57807327196703,0
71,0,659.8197205398245,0,27.044594756246234,0,437939.01610189345,0.7782110576749983,130.49763441308244,0,1,221.3575048218247,0
52,1,706.5625710062913,1,34.25070689807906,0,247115.32213529974,1.530339340436232,144.32541856229827,0,0,190.57596030771862,0
82,0,430.45699105141216,1,26.73105644201639,1,438990.34035827394,2.4104219919416745,144.33487829415418,1,0,257.716089200626,0
58,1,1216.0882632470557,0,47.66730551559188,1,331810.0294956211,3.672943968267307,144.02655469620683,0,1,178.1918277783442,1
47,0,41.963693214621216,0,27.14484982755995,1,356124.63269709586,3.458611747964982,137.8339259816501,1,0,73.36840958917301,1
66,0,641.3436155052594,0,31.64961882598451,0,273221.25741286227,1.0662474251232297,135.03117977093402,1,1,243.95607337419054,0
64,0,412.967312648124,1,43.51239563492905,1,209268.8088013166,0.5089898234565333,134.39051902741232,0,0,161.56622202583998,0
70,0,711.8940682485859,0,32.813175172608474,0,388978.5643245422,0.5,137.41671584877383,1,0,66.78786032173707,0
64,0,674.4897369306727,1,14.0,0,303856.6587873559,1.2188181392615451,134.03067929098734,1,1,175.53277400956438,1
66,1,158.62330665270042,0,35.730952549151716,0,445174.2552589461,0.9714307504508782,136.27733688893397,1,1,284.33295101576175,0
56,1,1588.1905720013897,0,30.408393776663594,0,214363.48421064852,1.0957563077183377,143.80825275442282,1,0,165.03385312391688,0
66,0,4603.335116645976,0,40.64373586974305,0,246928.6184934034,1.2880199090137259,134.14242263457226,1,0,14.500574379154251,0
52,0,1047.7647836369779,0,60.08791424259411,0,345131.921423282,0.7544798269952437,132.42217866681997,1,0,211.63159284862883,0
44,0,1359.6017388522475,1,41.589933630221516,0,307966.74903285765,1.2421531335218552,133.71473692376892,1,0,115.35815445257742,0
51,0,100.8189690040823,1,51.33204975884554,1,117865.08065198635,3.1854665414554835,138.09526287918632,0,0,270.3356968336448,0
41,0,900.0015374383573,1,52.03765977106795,0,421885.283594287,3.6079238278998784,133.44060863115493,1,0,179.00191158786006,1
64,1,266.15668613289506,1,58.13863562553992,0,221404.0354627402,1.4896518083357682,140.1712024887663,1,0,88.62233509463503,0
52,0,41.60342785822089,1,37.43894969643058,0,282581.9376083403,1.953159755882513,141.07498927451547,1,0,133.14610388642464,1
56,1,226.68011238307326,0,32.78029714972517,0,250755.65667295916,1.884201224122898,142.49833665604385,0,1,142.34925200210532,0
56,1,331.429001777562,0,47.650496958954875,0,114216.4561875744,1.2282769909290234,135.57807927160383,1,1,284.4399154662193,0
71,1,94.30165692932633,0,43.709745077291444,1,323982.116736071,0.5,132.71797163189288,0,0,169.15849601396158,0
44,0,219.13203283733122,0,25.961142213744694,1,274260.3933579097,0.6922210827159299,130.1151065815023,1,0,261.7472074455413,0
65,0,771.9377011327476,1,16.470048487606,0,163513.87330042632,0.5,139.5486474894932,0,0,12.669342872545913,1
64,1,726.8897989847349,0,14.0,0,392459.4032475544,3.747305873364032,135.02795531487598,1,1,49.641531623847435,0
55,0,822.7923026484849,0,45.47633285994503,0,171867.8457451276,3.903174248781199,139.3845000442258,1,0,152.29598048557264,0
70,0,160.0711220443553,1,50.15307270011394,1,278703.09409447334,1.4135112931597908,137.08340487423837,0,0,161.51354834195706,0
48,0,115.76096623478405,0,58.431102893107834,1,46810.55623034673,4.92686564847298,132.0580828113358,0,0,29.050215574590087,0
61,0,2388.6701875615977,1,40.417849906358484,0,162462.24061670867,0.5,138.7357812940231,1,0,101.74353284122495,0
71,0,333.34717674052644,1,40.48923904565762,0,400914.51118028525,0.5,136.4232153220019,1,0,121.79666108196615,0
46,1,65.00436942250376,0,23.127004285229862,1,253544.5448102305,0.8319325317833001,137.39454485005527,1,0,151.53773782748894,1
46,1,633.2400991132654,1,31.747836596331222,1,325774.98508425336,0.5,143.03990189934586,0,0,229.6090524299238,0
50,1,79.11997870960418,0,34.98324968650356,0,340840.536690174,0.5,138.4885316374171,1,0,172.37489521344793,0
54,0,185.96750530502385,0,52.31560381739321,0,386982.08022955945,1.1594158241008246,133.88285763473144,1,1,228.99042565444353,0
54,0,541.0682265155102,0,43.82130960235835,1,106055.14261665079,1.2472465019457768,129.17439765975868,1,0,220.8455498654114,1
58,1,682.634283697835,1,42.50022543941956,1,308060.70792727545,1.1256795669966846,142.29686303902966,0,0,115.76296034162287,0
50,0,51.35977184033138,0,56.72732466004577,1,132242.1482965342,4.058173538375147,134.15454443669066,1,0,151.50498602838252,0
51,0,1064.097477516161,1,42.29423575310017,0,355309.49044468,0.861402281649342,140.63378355955152,1,0,27.05793556845221,0
46,1,256.97797927315435,1,47.01867224870129,0,489029.67685311596,0.5,137.89710463910228,1,0,227.59217811974148,0
55,0,375.8647638783679,0,23.76921498632607,0,360005.4782006194,0.5,135.06511085331508,1,0,17.929102904829637,1
53,0,146.53165823826066,1,28.801484922312557,0,329543.4368765063,0.5,140.73592485595407,1,0,74.95639626223176,0
71,0,106.86615758588428,0,37.12571006430432,0,226028.69954133668,2.742598302438306,130.3949813496194,1,0,94.15372920008701,1
69,1,669.4260918245052,1,57.31392535965951,1,247390.98706593443,0.5,139.23680347721347,1,0,264.8488567558569,0
42,1,122.0876507066395,0,70.05876739826468,1,413868.01497475477,2.199893138671568,136.60737513026518,1,0,231.04387100660605,0
57,1,68.84422828949441,0,39.04528947328545,0,248068.72780481284,0.5,138.18172040550797,0,0,232.51171938485726,0
60,1,99.86214587981057,0,50.4403065155033,0,66430.3975035928,1.854686576620031,132.37398372271252,0,0,4.364293973957878,0
73,1,1171.3532884176648,0,54.598530593777184,1,256263.85003075973,4.304535120302663,130.2070601273054,1,1,197.91473712855336,1
75,1,445.25073107768327,0,42.78115189858055,0,310808.1385110605,1.062931592376485,132.08614810543577,0,1,120.93681312892481,0
74,0,60.43896927052986,0,19.790902535385907,0,327357.181547853,0.5,143.63299186460955,1,0,41.81107409351357,1
50,1,189.8933183525235,1,26.052028898918344,1,165154.49875830166,1.9941868796536266,138.71443227395707,1,1,173.33561255639867,0
43,0,153.36574425955627,0,48.6796665898692,1,251532.61401877567,0.7192074757193606,141.15802956192013,1,0,110.14298593363809,0
50,0,423.2801648447885,0,36.03515020798337,0,191104.76289536082,0.5,136.62022744534573,1,0,138.2228271627508,0
44,1,320.1292933571328,1,40.61394659641266,1,303161.5330268205,0.5,144.73728062346743,0,1,65.03484647298853,0
66,0,2878.8110866959487,0,55.57679538772226,0,185273.21137974138,1.7601228781943747,140.8387540156727,1,0,218.16524224375073,0
66,1,171.7385263964194,1,39.93673064158844,0,286079.6858323854,1.8343988108701712,142.2826216688897,1,0,68.3626195391233,0
48,1,179.00100055940948,0,25.753752037281842,1,278186.96946950763,0.5,132.29661360064736,1,1,106.33838171223324,0
47,1,346.2649553122303,1,42.5431939237063,0,344385.1512763809,0.5,139.74929209982278,1,1,40.80651188640101,0
50,0,1085.1462458940318,0,41.474209203508025,0,148000.3530702878,1.5222213738589998,132.5048114043728,1,0,45.38271465727271,0
70,0,64.20511871431964,1,64.42605655393534,0,276283.2699963278,1.393104415088048,143.42936169334592,1,0,242.41088682370187,0
40,1,45.12328235292518,0,52.25260835193737,0,315963.30984587956,0.5,134.30146972087826,1,0,144.46229263928007,0
67,0,84.79894077570916,1,39.72367881095109,0,325016.2505739706,4.008304014533696,131.12323776385296,1,0,284.7256808688337,0
69,1,250.1700294132756,1,39.479723206220505,0,270223.03760730353,0.5,136.4201990914579,0,1,198.73419989175642,0
69,0,161.11381757407588,0,47.47617611830151,1,183169.7728252717,3.822647369694039,138.25705429409368,1,0,116.6613983076598,0
68,0,452.47229376960127,1,15.469778415613877,1,264278.3291806394,2.1819770185653176,130.15232422276404,0,1,156.2280786113575,0
69,1,1706.3859544483955,0,53.22002502807476,0,61345.19307317972,0.5,139.27488191601526,1,0,233.91956989950245,0
55,1,181.08016982880957,0,40.35138294611074,1,172526.21283397483,1.7683622671878338,135.10211205502821,1,0,56.48337393822794,0
51,0,496.76546448060253,0,45.76680648343261,1,207291.5478456943,0.5,136.17471582009128,0,0,100.92845941939304,0
40,1,56.5754712872524,1,50.563690373759144,0,174177.37745061802,0.5,142.6242206713558,1,0,142.10090915480285,0
53,0,119.52091661341,1,36.84693399497543,0,353335.18780628365,0.5,133.97246127109563,1,0,59.747368600172045,1
62,0,879.4504402467326,1,35.38439664128984,1,175504.23625847197,1.470463301499352,136.6574375513547,1,0,17.084056573185165,1
61,1,153.24204925603044,1,23.82633429661651,0,273555.3057318289,9.155643424596514,130.26667227916707,1,0,261.99272944190056,1
70,1,2051.018815666339,0,39.35354795234979,0,303444.7917281034,0.9804050207963315,135.17682859287416,1,0,43.7788998928937,0
58,1,726.3375200148389,0,43.46651943055934,1,337252.9705108586,0.5,132.69467912534336,1,0,254.96803759186247,0
66,0,364.7213435898218,1,28.970231875612228,0,264730.5116611576,0.6494710206152728,141.42872786596322,1,0,182.80610308662008,0
72,0,233.01437875462815,1,48.62352463717353,1,260832.37578827827,0.8298958285660262,133.4485211913318,0,0,132.80284666360814,0
61,0,55.69577659367623,1,46.73381595127766,0,375703.03500987176,1.646474698648903,138.0104453574112,1,0,5.801444371900704,0
57,1,218.96389021878153,0,30.64709008454058,0,335205.110592766,0.5,136.3137106566267,1,0,49.33111486606728,0
43,1,23.93169882546592,1,37.76382128945754,0,369780.1237960678,0.5,139.98905618011628,1,0,217.44150815119912,0
48,0,130.95061121372171,1,43.60648170863317,0,226399.106111811,0.5,140.39904447774342,1,0,130.06142095006808,0
72,1,163.61602706020588,1,27.846169900861298,1,282458.64733605145,1.157269112205177,133.64171247922894,0,1,224.33225246497463,0
63,1,152.53831382668176,0,29.079642875733228,0,358672.20486771566,0.5457544238178235,138.2303803906372,1,0,170.58277106835465,0
40,0,163.10498308403308,1,40.534643993390134,0,195340.58400384313,3.6852785688301473,139.15313536806596,1,0,34.534360514776765,0
62,1,237.74929873657894,0,55.17306917587711,0,336662.2379981024,0.5,132.0043501999121,1,0,194.3511601273594,0
52,0,99.49548865395997,1,34.7049691674316,0,273970.2018540481,0.9131074394741295,138.05107078247462,1,1,207.79785438593873,0
70,0,677.8502505752975,0,31.223917158682283,0,391828.650676201,1.100860123813113,139.4145527915019,1,0,210.57827355902364,1
53,1,854.7475133763044,0,47.29387535636162,1,306047.0398367281,0.5,130.93836846323464,1,1,58.07122873099364,0
60,1,358.6658399158033,0,34.78266725568991,0,290431.64876115444,0.5,135.03368296801077,1,1,42.81511838208215,0
77,1,412.80016128315646,1,25.70096720873253,1,266899.8574379639,0.5184228328094923,136.4072284980703,0,0,158.78939275678667,0
70,0,408.5288588294814,0,22.714214673582134,0,340984.3046830745,0.6349223443298961,140.5784148214711,0,0,185.04399023413677,0
64,1,900.3653881818713,1,41.09752555277095,1,326557.91897043673,0.5,131.8270541236882,1,0,85.6595865425326,0
79,0,80.97814858285541,1,30.68419284101827,0,155471.71796134964,0.7316590537687742,133.04831376168462,1,1,138.95758683907073,0
75,0,116.11434701506363,0,54.07914328124231,1,373526.57175089454,2.5139644303815687,138.25725582960942,1,0,200.8685981789771,0
51,1,1021.7664366320206,1,47.07520065013027,0,282876.5137927319,0.5,135.61091438636407,1,0,274.9109849328148,0
59,0,1288.4729241399468,0,38.49824340763378,1,230876.76565002138,1.2898548054209726,143.95839485275488,0,0,170.8632676927729,0
65,0,243.57536263142214,0,54.76452413462888,0,164964.65216563578,0.5,135.5774190296468,0,0,226.9594147727908,0
75,0,649.1623233481458,1,47.489362648387186,0,248685.88019878554,1.7302850587322574,143.6992076462628,0,1,61.0232180083805,0
57,1,421.074544154869,0,15.251974089484229,1,486282.621639967,1.954296069278637,132.91128135999597,1,1,235.47653391439536,0
42,1,932.9163089254831,1,36.694381260984315,0,411551.5907668576,0.5,141.50501941641136,1,1,157.91101379560635,0
67,1,1755.5269045734124,1,29.216066194922625,0,231685.29830596555,0.5,132.96504458454416,1,1,238.80555757126655,0
57,1,1580.4750569780958,0,31.724662550415175,0,211620.9003805004,1.7141579917396936,138.13011292717448,1,0,179.3016682232825,1
78,0,663.4049042174679,1,28.13647041723727,1,297987.67824621545,1.1258963003674192,137.98277326682825,0,0,59.683579088153984,0
40,0,193.96920696327862,0,45.16943966287113,0,97440.17329012256,0.5,140.41400776485855,1,0,27.731257725067927,0
85,0,31.15126980180775,1,26.689061936295502,1,348714.11006930715,0.5,140.72965802599532,1,0,150.33281797759008,0
52,0,309.1042410892043,0,38.1748210578326,0,198376.0365761735,2.8571077662150586,137.3813567978807,1,1,87.7277047232252,0
40,0,1039.4093647602008,1,36.734895831466346,0,220892.63054545122,3.1078372698448744,138.81566815501665,1,0,99.40049633639019,0
61,0,644.6168559964377,1,28.71472053283476,0,218350.96893668763,9.4,136.93861485720416,1,1,127.05204369649185,1
72,0,2312.2556197441377,1,28.59985462558562,0,327955.8799213886,1.5871909380126912,136.76605210234453,1,0,144.32177967641647,1
57,1,374.7090796629348,0,32.25941915738111,1,210514.70865545585,1.0767902527547117,134.20408577066962,0,1,282.64137677588957,1
72,0,726.9345167971121,0,29.268099979379656,0,106628.10849458407,1.5115082028420954,139.88320880828945,1,0,272.7230166823492,0
54,1,1191.5757561318421,1,22.71560278035813,1,194126.16924658988,0.6774151913314796,143.84226206183757,1,0,178.13712133284997,0
75,0,41.106011098206494,1,36.5453766168009,1,186187.63791213566,2.4897146593072157,141.13641820610735,0,0,201.506206538876,0
57,1,1542.1076711701285,0,53.531787505217295,0,141927.36359461,1.2456623138392384,133.74177607978396,0,0,78.47970464697647,0
65,0,299.9882262261969,0,35.82313316888582,0,314891.0194993382,0.6680562890533136,135.25487334379352,1,0,24.13344744781329,0
81,0,1411.2315231943794,0,48.58859233315758,0,155358.45261793953,1.0157108666575845,143.5464327196324,0,0,121.68943169267527,0
66,0,257.55394420493053,1,34.60867110866947,1,210515.91026528017,0.5,130.24204468462406,1,0,169.9627110076591,0
55,1,1163.3455570414483,0,38.11396721381367,0,181062.61554847972,0.5,131.30991107685773,1,0,72.09092637380913,0
52,0,71.29835954209499,0,52.41949716202812,0,269363.8960246022,1.6172662915140037,139.1315502815599,1,0,251.8482816832408,1
66,0,29.516116084763397,0,29.071165535024413,1,91909.04493716106,0.5,137.54394684536172,0,1,125.24613286207135,0
48,1,322.6284624191023,1,38.051886080219774,0,289439.03003880166,2.6410639424571443,136.2458575751643,0,0,27.426741552195363,0
58,0,628.7608803241213,0,26.555057583935007,0,229301.94658640822,0.7471382117869164,140.5969818633998,1,1,58.09665562782161,1
55,1,544.2442304232885,0,34.01136643364911,0,184930.7915541172,3.910304825183213,133.99916981004904,1,0,102.74425471811746,1
40,0,1121.7305615112903,1,23.302289098288924,1,329672.57658504805,1.9441446196662697,135.0231539112491,1,0,113.51717598570539,1
64,0,1214.9655558479656,1,44.598835861960296,1,184573.8991863105,0.7251224571127237,135.8431264086654,0,0,129.42228600067398,0
73,0,913.0698761489381,0,45.08408505535567,0,390541.78882300836,0.5,136.09503100105667,1,0,77.91126711598471,0
57,1,346.33809545029936,0,45.434497804282564,1,331395.82193207927,1.604697495996481,135.0147778773082,1,0,64.92213401729656,0
43,1,535.479154330179,0,46.534635095617716,1,197361.9012934821,0.9121091656432281,132.11963524965188,1,0,124.70449900815122,0
66,1,2113.028744780099,0,54.37929858833381,1,297697.2627404248,1.4505006878195312,140.06296375668236,1,1,186.9168018819353,0
40,0,358.20920652450445,0,33.55113307643895,0,273154.245795621,1.4836160984004596,138.10355934195854,1,0,106.97021481670276,0
53,0,728.8477715691741,1,38.03225710534701,0,100007.5142913998,0.537351831215899,132.75283038246877,0,1,59.370313783147274,0
60,0,75.26519410959489,1,26.72185725039739,0,235893.19150222876,2.6458926619444805,141.2592280056553,1,1,272.82126830488033,0
54,0,701.4243967352262,0,46.497025087770126,1,305438.88655277545,0.6315121004659809,139.31454306225842,1,0,263.41008947027785,0
41,0,1099.2823668873627,1,35.0121073275895,1,306815.99957635434,1.3175386838881034,138.30052072907674,1,1,167.2413596512381,0
65,0,117.23851600899779,1,51.38553568039786,0,250486.29443923515,2.3033439821653436,130.85170491763523,0,0,113.32931294492138,0
61,0,699.6950402793952,1,17.101578349675126,0,240692.86050024276,0.5,138.74375278504104,1,0,284.6793004268155,0
58,1,407.93904428518243,1,43.239307246436866,0,247628.66198348705,0.5,132.50814645602927,1,0,87.07831205369904,0
75,0,20.0,0,51.30707046136418,1,218411.93755217732,3.4036658258765353,135.0036886159713,1,0,177.01815345075988,0
56,1,1122.3102271052335,1,36.942701102657225,0,124101.61626847164,1.9005386779618918,136.6648139118262,1,0,117.55136296446034,1
67,0,235.72931944548785,0,20.669530086105432,0,236629.47164679435,3.723374076834292,141.20465642793266,1,1,280.73526036027386,0
40,1,942.1693381271667,0,37.13358714127193,0,307659.0686971877,0.9347004292272049,130.68703356237347,1,1,102.21372180176112,0
66,1,545.306274412012,0,29.731445371408803,0,413068.6226893404,0.6915527184913302,143.0242419255405,0,1,41.855630299988896,0
50,1,1727.8228193930888,1,43.493113924480696,0,192127.97950435724,0.7193430196148369,142.65558931521133,1,1,247.5123320440191,0
69,1,525.4612046594127,1,26.145088077893867,0,473744.8534129793,2.2484227809494874,138.2265503550421,0,0,77.05047910126132,0
47,0,52.13082030926013,0,21.622492944196342,0,488782.75114233396,0.5485834846339369,138.84942779627983,1,0,160.0816997359479,0
71,0,79.03972650263599,0,25.50692406167716,0,254730.8756057713,2.828038680550062,140.95988614246963,0,0,86.05213137565957,0
59,0,509.51691229231943,1,57.52525002596826,1,166259.72267839016,1.8924581389156316,132.58641345823037,1,0,151.48091865959546,0
72,0,2061.7935426962335,0,41.15264826598211,0,178744.58830736816,0.5,143.4024828444577,1,1,111.59955793124162,0
77,0,77.13847650814186,1,40.65234561883753,0,235550.42424788128,2.866287320425502,143.04674851556857,0,0,148.64685401485744,0
65,0,548.1359998893319,0,44.191529735855795,1,241829.26000981493,0.5,140.0532813888865,1,0,139.24501808737097,0
48,0,604.6967816795623,1,41.33426747403224,1,135715.84334418824,2.552935873075043,135.47048076559406,1,0,9.068071834294372,1
66,0,145.45836732395458,1,59.23934979123962,0,314785.72517461044,4.584218601312306,136.91494972668286,1,0,170.9162705999609,0
50,0,219.39104586597912,0,38.58901162540678,0,233976.49781480996,0.5718495852698691,134.9067689760177,1,0,106.26618884484017,0
64,0,759.2370878712181,1,48.75558764411811,1,137859.40754020785,0.5,138.85114080358596,1,0,231.6717900853639,0
51,1,313.7576687391103,0,40.12830386817988,1,469388.88690692966,0.5,135.79435456188557,0,0,180.8053668630513,0
48,0,73.97225273236414,1,51.77298073351044,1,210215.21796377483,1.978319744150725,137.06073890792743,1,1,214.9516634508175,0
50,0,872.8652468983337,1,46.74327953584118,0,293465.9212031135,0.6263309316365957,135.89365773902153,0,0,46.95525068901565,0
65,0,189.524822862434,0,45.9897760081902,0,111103.4358372897,0.5743910682794592,135.00829603711352,1,0,7.722213468513466,0
59,0,2182.88014292599,1,45.42530396613276,0,274982.8082002767,0.5,137.5463139857013,1,1,155.5822967698038,0
67,0,76.43985488319404,0,38.70137353227804,1,25000.0,2.7221452490532956,148.0,1,0,87.47328023176028,1
54,1,462.6364457544282,0,51.88896304568608,0,234962.32199198872,1.1381730890512778,131.90567540460853,0,0,55.28218347705994,0
76,1,2664.1041348783324,0,37.88086774354316,0,162123.18548399917,0.5,142.07688563328463,1,1,81.98618028553548,0
43,1,2333.932693469935,0,32.24249570695673,0,338330.1833764295,0.9839107630311582,133.45831722312855,1,1,92.79955051821297,0
59,1,530.4591387625267,0,38.031455008776945,1,191053.78723895666,5.093998633191522,136.76819572248493,1,1,22.953784051957893,1
47,1,388.24408936210057,0,18.0533479170481,0,382708.6587186789,5.583447491414646,134.66040639577807,0,0,121.31296082964559,1
63,1,20.0,0,37.68171834218781,0,181528.4307136012,0.5,141.2259935076046,1,0,250.17951387045605,0
77,0,230.96663664409382,1,39.73597127882402,1,283558.6742000631,3.8431270599190746,134.21584405509626,0,0,187.2834540618975,1
62,1,520.9432874684557,0,60.17666278408488,1,315405.64183304884,0.8932088846576058,136.682712983448,1,0,149.85667346144308,0
72,1,347.36485748362645,0,31.922654879247396,0,309447.2105316382,0.5,143.09383340362265,1,0,237.2470555670579,0
66,0,73.82989302872832,0,50.716325974753545,1,387452.1694342174,3.821628906031054,142.60453603292495,0,1,88.20680041731923,0
62,1,669.1681895063084,0,38.55388944293172,1,368512.80457141285,0.5085310657813716,142.34755180841216,1,1,180.19639747328782,0
72,0,339.42108933627367,1,25.496646589562463,0,277547.8372487171,2.8498082645514864,141.93248676069572,0,0,151.85142812795627,1
62,0,332.12783779287383,0,35.45524228138647,0,227780.55891911362,4.869291080491342,138.57906166199353,1,0,167.67531125029416,1
60,0,665.0518598715108,0,49.74020719880724,0,325033.49877898965,2.79482952632362,134.108592863746,1,1,213.35504933481255,0
57,0,46.39347299240043,0,42.82322705153789,0,153155.11364016656,0.5,140.541951020052,1,0,34.726297442890704,0
67,1,510.1859219794782,0,44.22987636609656,1,263820.5540672196,0.8618110449054718,136.62693222981588,1,1,147.28533188193234,0
44,0,1860.116464498574,1,37.03933762047884,1,203640.97062736208,0.5855194501148372,139.51307921476507,0,0,102.39039750981527,0
73,0,176.43862122398227,0,27.314940568079262,1,209374.23443159732,2.2422539061290014,132.50832630643208,1,0,106.06604408300593,0
40,0,1025.7300896900042,1,27.40114574347602,1,295477.3342437459,1.1158593068734126,137.95822552605082,1,0,51.337302238512926,1
59,0,1162.5847281490708,0,30.612479405452767,0,146432.23284492077,0.5,141.1264442052076,1,0,19.31067606202148,0
67,0,136.6493375901116,0,50.731037284041136,0,203706.68893997354,1.6831522816257083,145.85892710895112,1,0,244.35783182713112,0
52,1,20.0,0,25.722963929889477,1,435770.6298798057,0.5177959609444132,126.79084050862882,1,0,54.12329579009367,0
64,1,520.4360890916332,1,29.931071711196772,1,174892.86998187384,0.5,137.93327712491302,1,0,213.2689990651766,0
52,0,632.9796485111281,0,51.365631721805805,1,353679.8317461108,0.5,143.43469404293924,1,0,12.796724448845644,0
54,1,304.6145348403916,1,26.96216790302539,1,163080.13437576866,0.724962825233234,137.39328947087196,0,1,183.28548309960922,0
74,1,1440.4194018043952,0,32.17533086440743,0,459669.00687070936,0.6726549883755109,136.2635131622341,1,1,74.2095594908863,0
68,0,725.0629268900565,1,31.835769082164084,0,212413.50588675146,0.5,138.76867789330217,1,0,224.23877795357188,0
53,0,1505.4635503205805,1,30.25775003193434,0,227678.46384296232,2.7019374716275464,137.6448517513746,1,0,83.18687665147795,1
50,0,314.4232368994517,1,51.039860063889755,0,359910.5936718788,0.8091868118298301,138.91969547080967,1,0,170.06366438515715,0
68,0,818.287225044107,1,38.39057084805257,1,508720.4323234824,0.5,142.65334525349252,1,0,116.2670696730215,0
50,0,1546.5917756480849,0,33.16839548430652,0,321719.197588781,2.6017095447175174,135.7865203962751,0,0,53.0732850170108,1
65,1,295.3203932555511,0,25.146709770322424,0,196155.90288428427,0.5,143.7597373858361,1,1,274.4633898587885,0
61,0,307.60692314257403,1,52.200226024291176,0,265106.963329094,0.6281998848782423,140.55138148074175,1,0,249.7979978917623,0
53,0,1550.0600800537152,0,38.93320252099194,1,258023.88331400478,2.398339907066685,135.1254629899512,1,1,157.0881060481466,0
68,0,414.7353754622145,0,37.02812402184768,0,325644.2619163332,0.7134523158572146,141.15720805846902,1,0,194.6225737063371,0
86,0,131.77485967581137,0,56.73239416081242,0,234894.85230630013,0.5,139.46773216575681,0,1,284.00142521438505,0
40,0,376.5809550146339,0,17.905771510180347,0,262851.08744463034,1.3534769164380964,138.46701370648447,0,1,183.12100311815257,0
51,0,426.7374173418135,0,32.706506865025816,0,293522.29334344657,0.5,133.5715736754797,0,0,263.9701627554591,0
55,0,20.0,0,40.80722018080415,1,254427.5831221363,0.5,132.33147842512432,1,0,52.62228422633724,0
52,1,1229.2794479136426,0,49.20684078068434,0,354267.411020937,1.2016745313769686,143.1062703815335,1,0,148.51748588353178,0
76,0,617.4694715174736,0,28.562471543404218,1,349301.5590171936,0.5,142.7353620269714,1,1,244.61444034264144,0
58,1,555.634941776974,0,34.802562146912116,1,60638.814847719186,2.6534552000072846,138.010569592939,0,0,165.52418629990518,1
65,0,670.0004880046954,1,31.397470995578516,0,138334.01701523855,0.5,139.5872576316175,1,0,215.96326240776798,0
65,0,794.5193777579713,0,14.391297852286431,0,447259.4709496811,0.6664994810266462,131.16233161036288,0,1,221.1837077642033,1
76,1,450.64113031240527,1,40.730051515460104,1,260948.18534012642,0.5,143.28384545082062,0,1,266.38352551116077,0
45,0,733.8704281775897,0,54.35662855336368,0,250162.5669615362,0.614276663739146,131.73259844825688,1,0,119.91104079885415,0
56,0,1403.140943655159,0,48.54997483055761,0,153936.93806268307,0.7595961851666979,137.47321749421855,1,1,192.6542771848979,0
46,0,286.99678038010245,1,58.31614158053604,1,199405.63716175972,0.8655880953060884,134.1169780212917,1,0,222.1602206178041,0
40,1,422.8261280208849,0,46.600585847254834,1,194492.37970000366,0.5,143.70104528800002,1,0,174.1188267187322,0
40,0,1290.7835176785275,0,35.13397571995114,0,221827.47067124944,1.4521029657211797,137.94068312995182,1,0,179.60699328212786,0
50,1,38.06558200204237,0,42.96248851937811,0,425013.3395263589,3.8344261466814444,135.64589487395472,0,0,15.21159739445991,1
53,0,488.3988578433756,0,63.35012603592462,0,337629.7104585705,2.124211131894867,134.94776778165286,0,1,181.25051521972614,0
78,0,418.23964557499363,0,19.406530756068772,1,316472.64942909067,0.887569008770858,135.44752420077035,1,0,90.79328326192841,0
63,1,1510.526284849229,1,46.48558075928519,0,350524.2853961025,0.6279603031726343,132.94559315673234,0,0,6.794538656968831,0
58,0,1160.3335686433918,0,35.0755162684286,0,288203.0740419752,3.973819362268041,132.44150730714904,1,0,43.39216949245538,1
46,0,23.157755722868323,1,67.062604408415,1,201345.48316523217,0.5728871767676865,138.17644731081555,1,0,20.56984357512809,0
46,0,34.35890003807385,0,46.72188747257851,1,253985.48067742048,0.5557860905025886,135.35985196681722,0,0,51.48093349510334,0
67,1,164.12080264654617,1,21.203558074423512,1,249650.7469603556,0.7556730035769195,139.04975998556944,1,1,268.83081838301973,0
80,0,73.25267134544272,0,56.754129348820314,0,202418.6915756688,1.2096723472301396,138.82712101694872,1,0,124.19748603926736,0
49,0,186.8157710035054,0,44.965190450245615,0,258407.07552817668,3.343922953700308,139.2784144501169,1,0,239.6233288542403,0
60,1,103.54369293481565,1,62.59526063602735,0,383941.25330048695,0.5086987966023969,140.3728897685391,0,0,107.35844124349622,0
61,1,535.2688134763388,0,47.75317983170308,0,216293.80286221916,1.8532579837183498,131.08519248570397,0,0,6.37039235357321,0
52,0,354.857110138923,1,31.007113067019063,0,219766.19428885542,1.2431857919279474,139.29939058546387,0,0,217.2847963452372,0
79,1,276.3508171908472,1,34.884878449562194,0,173601.1344614279,0.5,137.81816878738147,1,1,76.12382757279053,0
85,0,20.0,0,28.179921135011732,0,242706.69010991164,0.6926696427873629,137.93713276538725,1,0,254.39592128077916,0
76,1,522.4309652681832,0,31.65896581681954,0,130197.03828502045,2.992927400829607,138.36363358269523,1,0,161.14628351412708,1
80,0,3121.7378828403953,1,41.11320742238093,1,197586.42470523602,0.5,136.90567895211177,1,0,150.08698893777293,0
69,0,179.459592088347,0,43.57942262476682,0,270845.14502336475,3.500591460523584,135.00560372378425,1,0,227.07781627240408,0
42,0,110.62711382897284,1,52.673211860921924,1,282744.9744783758,0.5,141.30171559559633,1,1,65.993948878471,0
55,0,208.36691758051597,1,35.087483568523524,0,306757.56999162084,1.077290061969539,141.67408104268347,0,0,59.998546802375515,0
58,0,568.1502148205078,0,47.402034128716615,0,240165.04530271795,1.9903690692042748,129.99276996056426,1,0,222.98628829157136,0
61,1,240.6011346029073,0,41.72748503935054,1,467081.4656869742,0.5,137.2930160878922,0,0,276.0570453153788,0
75,0,24.440460056826954,0,43.18377299804526,0,256658.762627439,3.38434619593665,128.56709241377757,0,0,144.6891240067422,0
54,1,359.19890744233845,1,34.70230793314756,0,145658.1261719701,1.7510902425072346,128.81237517792408,1,1,196.08055924525777,0
91,0,594.49691082086,0,34.70287811958461,0,193737.95387210575,3.253847381794057,132.51280167648216,0,1,135.6663882633902,0
60,0,219.1409946326802,1,26.981302313696766,0,485090.6504042953,1.566093631674555,134.88883000599606,1,1,75.9955499008414,0
66,0,946.0123614723724,1,46.92645578781962,1,176171.27058964924,0.5367836348944645,142.4836200791466,0,0,220.94667590502684,0
82,0,20.0,0,35.93596161609435,1,138288.61330670363,0.5,129.425316366409,1,1,117.35052161708246,0
71,0,448.6739353335788,0,38.084327715498816,0,463799.9240774221,1.2243202123319523,133.8015639524564,0,0,252.92433307639143,0
52,1,47.46054954963083,0,32.87802045040849,0,353535.0358717243,0.9088225338139707,139.7864786332478,1,0,251.76358537549342,0
58,0,503.7844863585969,0,49.08289156079293,1,313084.51285041193,0.604991929593757,134.20972585367247,1,1,128.89461606185648,0
61,0,1401.9851722385304,0,14.0,0,404177.8290303473,2.264524401742751,135.13050508865402,1,1,272.0188626595707,0
40,1,62.530290882882696,0,43.97133982552758,1,294468.88548814744,1.5074299317745246,135.57084060000142,1,0,202.3969673708642,0
59,0,44.53567111328987,1,44.193636632929284,0,305647.47733379964,0.8217472132941576,141.83297424930447,0,1,224.54875178329473,0
55,1,523.4922905338418,0,29.748852051553154,1,211400.72803574495,6.395447829589692,134.3708926787891,1,0,198.72680035672155,1
58,0,319.9310443493552,0,32.60801850723319,1,374176.63112257206,1.9855923065368961,133.45586707140995,1,1,67.76224932764546,1
65,1,587.2183487862935,1,40.58450114511079,1,246532.20016993314,0.5,136.34087926511907,1,1,283.56019699119287,0
81,0,774.645770601827,0,49.32679710214532,0,373745.2898749967,1.9766992993020234,138.536156990125,1,0,141.5080418313038,0
80,0,287.16271547022626,1,31.463695582333152,1,277879.6427743817,0.5,143.00558704083977,1,1,41.555769943251434,0
67,0,158.80871478165633,0,39.81989030655774,0,248242.83788831392,1.4252888664717502,131.37885604727916,0,0,192.39714254106823,0
51,0,195.50780926249598,1,59.00345715720613,0,414235.90454103774,0.8575727336103597,135.1083295332045,1,1,247.029339844561,0
54,0,829.0709895681125,0,34.31194263025997,1,211455.12370702287,0.9246359053480556,137.74618552897397,1,0,213.66598871551622,1
71,0,86.42874567470548,0,22.06313211242057,0,171290.32859046952,0.5,135.60887901676077,0,0,228.17477464600498,0
53,0,1229.411702123051,0,20.474809660040087,0,304723.96752594603,2.0369076711378544,137.74666820703396,1,0,160.1767439934365,0
56,1,125.99062390516757,0,36.739274095203804,0,312625.6370355396,1.2204825907319856,135.96772340978808,0,0,230.10372502350745,0
42,0,66.00749522750344,0,46.75798671271525,1,303219.9750842153,1.0518853901014231,133.8486431594228,1,0,270.8780449275964,0
73,0,303.5087837225317,1,42.12604838271381,0,403924.817379029,1.7990880764427397,142.9976921202218,1,0,69.42872180341267,1
63,1,2877.018995432982,1,40.3769372034625,1,94265.0434724013,2.2204171891398308,137.30027149702937,1,0,234.24684441716133,0
73,0,20.0,0,28.719200371510475,0,365048.3523359185,1.2309456156562144,129.03872984104498,0,1,192.46353160829585,0
70,1,453.3668519604272,1,46.54549957593214,0,207368.62591841578,5.6835445552501875,136.90168525522435,1,0,211.68992917935466,1
66,0,122.54697794568743,0,43.79560375912526,1,279139.5881484502,0.5,137.0388348697572,1,0,110.55541378083329,1
67,0,193.62826305114282,1,53.54314633665131,1,167344.85774200916,0.5,133.10146519317271,1,0,262.02451211155676,0
73,0,607.3521383574824,1,25.879572321714527,1,208695.84311405424,1.7431358111972426,142.7929103931649,1,1,178.77386531968187,0
42,0,2515.2205410499546,0,56.135589930814845,0,408047.6434486005,0.5,129.15384992504525,0,1,212.86301813145775,0
50,0,492.6022411550095,1,16.240526683643164,1,313648.7671235036,0.8926755188487092,130.54106970984844,0,1,236.35228492114734,0
64,1,218.80934388665418,0,51.46108059535696,0,277741.560712146,0.5,143.46733403753615,1,0,121.79990155197967,0
95,0,772.3180726184768,1,58.915614442001285,0,450108.84688372276,0.5,132.8096954599313,1,1,247.58650483599993,0
56,1,598.6549321183869,0,31.18859702539263,0,359342.9995237923,0.8353781545618323,130.42018148644635,1,1,220.31292315555848,0
63,0,1260.408481334337,0,32.51093039685275,0,25000.0,1.364629972265893,133.2196859736947,0,1,233.54218430573587,0
50,1,413.36067119750766,0,25.97495953851872,0,168180.1314707825,0.5,137.02440541958205,1,0,214.8611974278054,0
65,1,211.18262843702698,1,29.071006060356112,0,170779.53130599193,1.0616092846691765,141.74582069587618,0,0,142.18484183055068,0
60,0,325.6353912710262,0,41.62192523601564,0,449596.06305767794,3.4201914843107857,134.66694615935606,1,0,136.22070434640426,1
59,1,1255.7693871413817,1,20.03154678004279,0,422460.7836418195,3.4065721424886,133.55818525844168,1,0,187.91811348503074,1
74,0,89.24605088754612,0,38.87039778210835,0,130545.95509945098,1.3207547721718862,135.41990009853507,0,0,102.95068397587477,0
75,0,1268.7417145405245,0,24.6679461209813,1,224531.93779090414,0.6294913742908084,138.08027007567998,1,0,108.84300410428385,1
62,0,437.87558848206874,1,26.857958941583945,1,228636.3039668926,0.8788291850911996,141.04631415752627,1,0,201.2082195326128,1
40,0,1023.2599267172878,0,53.583476065658544,0,299587.3204773274,0.7741801526558305,132.10652160493538,0,0,184.41903721267474,0
78,1,1071.5499616469413,0,45.146090793943614,1,255253.58942630148,0.5,134.5270539787726,0,0,176.15173320418054,0
74,0,2000.3049374897973,1,30.00428661736324,1,428155.9855376128,0.5964796244173294,140.88176072967883,1,0,225.8765296348009,0
56,1,686.6482410386565,0,48.34516904448387,0,296743.53918753436,0.5044073438134443,139.39016818026434,1,0,70.4675958770827,1
65,0,477.29331411317685,0,47.61967138533829,0,537190.8341168932,1.8254609151363812,134.39480859553194,1,0,190.95991881376185,0
77,0,178.91242668383617,0,35.39774010221719,0,385234.0711546618,0.9509874383756416,129.98085108347954,1,0,56.22364255164351,0
45,0,1854.4907148954205,1,36.48410067550523,1,103776.91289022696,0.5,134.98849459381728,1,0,270.85991146657364,0
50,1,1411.6707867072541,1,55.04238563194541,1,356933.13786824327,1.311762523584506,136.4141700716893,0,0,130.45031119927233,0
40,0,634.8398727182762,1,42.910070091302515,1,170619.55481532373,5.555919298468512,140.66405488646072,0,0,20.03297583411958,1
62,0,423.2045389600893,1,28.494351150570964,0,407975.2070312365,0.740384704551857,133.82908750686778,1,0,171.9096083961239,0
47,0,1468.9429289605953,0,34.66689506585414,0,242225.55370570268,3.0185697830848808,136.9681890530962,1,0,284.6460573138915,0
40,0,2201.2482930867886,1,23.699265132051373,1,415933.58407609246,0.5,139.46075547899184,1,0,108.03058345686553,0
45,1,330.08387805659936,0,28.166213429432297,0,249024.96615868388,0.5979532062622013,137.80771710877244,0,1,211.0389200848187,0
69,1,916.5727045945728,0,42.557315207438364,0,420523.44993553293,1.6104977553909163,138.63073904281617,1,0,175.870705185261,0
80,0,73.29795651804238,1,22.692691530197067,0,198556.96436125095,1.9462613471103534,135.4333831404612,1,0,164.4473982837757,0
60,0,129.92902863468757,0,49.61384421673585,0,287697.2758788046,3.668380657916761,141.60665993472935,1,0,225.7437025382015,0
72,0,890.8931777387435,1,37.747502418101384,0,315757.85920255544,2.485205263806868,129.53069281588654,1,1,200.6213146619919,0
68,1,1385.9004228167503,1,35.118586189512264,0,364265.06845881004,0.5,143.4800612611561,1,0,279.56082346507935,0
51,0,2158.506187599715,1,39.293387056332044,0,186640.20206002716,0.6763048122878459,139.5512785313206,1,0,117.62733260844954,0
79,0,957.7028812805901,1,45.59546905271192,0,195573.2171781669,1.6656124741948748,138.973975769245,0,0,91.47493783500626,0
66,0,489.1043159592841,0,59.97153458514066,1,453493.06209587445,1.458713209959187,130.5830191687212,1,0,158.23618754342883,0
80,1,435.9788897686816,0,38.25203402336547,1,194345.2225971585,0.5,138.9190331563304,1,1,136.51455562459216,0
59,0,1715.0434934911827,0,14.0,1,364537.50010823185,0.8492008986140809,142.14550004991128,1,0,284.3862622888259,1
71,1,1142.926763282596,0,50.019025673186995,0,323498.6687161317,0.5,129.31464096438367,0,0,120.94022787977465,0
43,0,93.97025761677352,1,36.33114661528644,0,190527.51873212587,1.2811541878120116,133.90432839251721,1,1,229.6711605479917,0
63,0,428.1651497562883,0,49.33444698412382,1,104076.81768910648,0.5,135.58038735913408,1,0,104.23724751309209,0
59,0,1728.3002530140407,1,22.106127475474374,0,191417.58631649124,1.0708634471463547,127.64520974698834,0,0,201.6246747458399,0
74,1,596.4958964356393,0,33.82643830051689,0,372009.1877894454,1.1363069749339343,142.61915028156133,1,0,282.0412451008119,0
80,0,668.1903470459977,0,37.64576370919683,0,367171.85187612294,4.577287375291071,136.19299446572552,1,1,277.8256391516783,1
80,1,114.37229119236747,0,51.3998153631068,1,247098.02921976428,1.5422553742670975,130.38807470359288,1,0,21.58180527806671,0
66,1,833.5993931431732,1,38.89167058761563,1,236810.96065806012,1.0516208886016005,135.35054442947452,1,0,117.26921329561256,1
67,0,137.8002870073835,1,32.262651173013076,0,184804.37156900082,0.8882172680433433,142.47227255738096,1,1,15.743960409474164,1
56,0,1155.9255217341463,0,31.48164424905209,1,260786.91219218692,1.6891072674109728,140.7831752820533,0,0,261.2793542273692,0
61,1,1613.7136222654785,0,42.42625453237603,0,373378.43687502027,0.5,135.93134564645737,1,1,197.6193562662276,0
59,0,433.4707461076051,1,46.17423592196391,1,197383.04756580657,0.5,135.07451490995345,1,0,225.57666627078967,1
55,1,262.1894168620525,0,36.3352289363151,0,168271.1391815811,3.25508610256544,139.56955056980615,0,0,107.1896820186638,0
67,0,701.4791220368156,0,50.13703978005207,0,260353.94191867602,2.4120168821712524,129.20639059208534,1,0,193.20997137282015,0
59,0,344.7959126053248,0,28.69450005488283,0,25000.0,0.5482379416628519,137.16375338226862,1,0,23.948556668003896,0
80,1,418.7828503581023,0,46.74792257026014,1,198302.80110875517,1.0363445060909795,138.53150997477084,1,1,247.29008391892273,0
57,0,57.28840793778825,0,40.95386018938205,0,373553.8795572673,1.7426740556604108,135.78620742848065,0,0,245.5542565041837,0
61,1,46.57524755686098,1,48.25131113946936,0,197245.73211960113,0.5,143.00187665368242,0,0,17.993274587477064,0
63,1,230.5977308685779,1,44.166094785878855,0,375735.39947613457,2.1834690820732936,140.32111869032948,1,0,255.7901973730915,0
82,1,622.302137522411,0,51.84812308295648,0,277985.3897819231,0.5,132.2900930388261,1,0,170.40683154275305,0
59,0,76.61639691406634,1,33.60500607676964,0,246604.4682828862,0.5174359314114368,135.99302411753538,0,0,175.63638508758277,0
58,0,153.52538769411623,0,15.22069416629244,1,189211.66268378933,2.6596607225988587,136.82641531485856,1,0,226.26357337544724,1
40,1,523.5212725669307,0,31.817763999986717,0,218030.75524108077,1.2995670615817374,137.83343446676582,1,0,165.96140220485432,0
60,0,498.8037581971031,0,30.47143730298915,0,413945.6811548328,2.4861142361783997,140.40660574946466,1,0,149.8391812918158,0
68,0,921.2576275286184,1,48.37706890890155,0,412497.19753821124,2.325091043405456,129.37102963032413,1,0,38.26732467860228,0
59,1,463.8238266030233,1,30.525732082220685,0,344321.6119953153,1.0310420288654636,126.30803616877634,0,1,24.67650055667711,1
64,1,299.86443093991994,1,41.51243336670668,0,111805.35179652681,0.5873900722991485,138.97781476401912,1,0,145.52251967064893,0
63,0,345.8435169558264,0,22.06449803802399,0,242744.85799673613,2.541828098082557,138.84737410587772,1,0,178.18712055777283,1
48,0,314.154719733909,0,39.449542077487045,0,432826.11905200046,1.3507612806070166,138.97386316655258,1,0,50.12382361412625,0
58,0,1225.3282256564773,0,44.876675138267494,0,281525.0066714893,0.5,141.38115998601413,0,0,133.01960333571435,0
76,0,1326.1097518247898,0,39.11498434419199,0,285977.4326839934,0.5157232365102319,136.68116378466434,1,0,108.4433306933454,0
58,0,353.3914364988179,1,38.31820747472016,0,346365.32907613035,1.7596909505026879,144.163534504791,0,1,42.569258215031056,0
60,0,277.4445866102004,1,34.467852131798104,0,206170.9784343824,0.781492986390451,139.73713276873303,0,0,146.10877740188934,0
43,1,20.0,1,36.818547530686175,0,278688.3895416041,2.7413605491088306,137.04323845549268,1,0,135.58645391179493,0
40,0,36.386252267266094,0,38.03056666372748,0,86246.90333945208,3.3575842924002544,143.18565356748786,1,0,6.272127862201659,1
75,0,58.890114067004546,1,31.734502394791328,0,308978.46643469966,1.6872624812284465,139.48313730697498,1,1,147.75722366362493,1
49,1,402.1330147324288,1,37.79305964486235,0,89978.20820472602,0.5,136.48365505409694,1,0,135.47595626211103,0
55,1,605.1309083607173,0,37.07444014134826,0,230156.49206064525,1.3363203837834636,136.78836901879217,1,0,254.40097106170847,0
72,0,508.1518894626477,1,46.77575324829668,0,228393.4005812369,3.2929259734914464,134.98678722936003,1,0,223.52966676049195,0
72,1,87.81737233708631,1,42.21653537538202,0,379849.35499606415,3.385067348226455,131.9400890031179,0,1,13.157332661045585,0
83,0,74.25655887445319,0,34.82862840444186,1,401503.72653176315,3.483555212309549,130.56467405630747,1,1,44.034853461521855,1
68,1,388.9259567383471,0,19.091472690655202,0,249381.98199012646,1.1753309561570624,135.2243825973302,0,0,275.5994883714626,0
67,1,31.17958637879636,0,29.513826021408825,0,413073.4561187931,7.174612080086519,137.9039316330201,0,0,264.30642317333167,0
70,1,910.6739413298384,1,44.73212556267431,1,241523.1972811592,1.2940222251542775,137.32218383475328,0,1,284.7525973157353,0
69,1,1003.9947941765881,1,45.56758250523271,0,309518.11627860187,0.9674405347144819,146.0011149811279,1,1,16.42253083803454,0
45,0,1216.5895643738954,1,42.393709656226434,0,269951.2344213749,0.5635287843676504,137.97934739073733,1,1,130.99243790932837,0
40,0,51.5300321226024,0,43.31764372249286,0,347987.17453314154,0.5,144.96913003882932,0,1,184.83668440734084,0
60,1,20.0,0,28.281546468013147,0,165724.96650424355,2.6179030326883423,128.53707428869498,1,0,59.69115386681198,0
68,1,432.7407930683747,0,44.40313436896437,1,291809.5116464294,0.5,141.97891061959044,0,1,152.03521595206018,0
54,1,491.4803941563687,0,63.81968476509082,0,241607.2870347442,0.5,139.71745769722503,1,1,156.7757215195925,0
60,0,375.0813857794217,0,43.460367830349995,1,313083.1019669139,1.508816044034739,136.1276806621316,0,0,114.36609797847315,0
59,1,116.2230341121012,0,46.83257128309915,0,257951.54338493707,1.3642016180778278,139.34361692203444,0,0,155.6908797322692,0
41,1,42.65076307296866,0,41.37081146062918,1,230641.89715928969,0.5,140.16942260445822,0,0,173.10020280540564,0
71,1,737.7881238045896,1,44.901259100565994,0,204190.92125720286,2.594014696200224,140.71231605261437,1,1,202.37439553291364,0
74,1,616.4526325325118,0,35.63164322103554,0,255077.70935405552,1.5887046026330105,140.7720716449939,1,1,140.05122684571282,1
59,1,1730.6493013551615,0,38.07025461006697,0,393190.71776003396,0.5,142.89065898449434,0,0,205.92169593041385,0
78,1,1077.7042393787524,0,48.766735716421465,0,474379.2062781822,0.5,140.24696132544122,0,1,52.64020547830046,0
48,1,116.65034149544876,0,21.020868128518458,1,274926.77326878865,4.511038394166135,139.6026990733575,1,0,154.57243736308874,1
75,0,112.34102807824662,0,14.0,0,244571.4418773226,7.308517808911654,132.68899537570417,1,0,212.556936056113,1
71,1,63.664619572129425,0,27.00346833212986,1,186698.22306489447,1.292433200175857,131.02406093967073,1,0,246.5765460373289,1
81,0,97.8982187216191,0,62.834807486725865,0,199689.44769433796,2.415664151554749,138.24596472559654,1,0,45.4086853804889,0
52,0,751.5982831807326,0,40.68428358954246,0,276257.38860337174,1.441950681821042,130.9380892534994,1,0,97.44124400783028,0
55,1,169.68989367805867,1,52.92571026366037,0,214415.5571881349,0.5,136.9626129614751,1,0,278.394364131118,0
61,1,1697.1187171942993,1,24.228053914089983,0,268493.2628585851,0.6571702946970459,139.8870874903805,0,0,40.620105505024355,0
71,0,1239.496452563482,1,15.809995945980678,0,430048.8292126809,1.1830884366400622,129.44447184077,1,0,100.9572301451185,0
71,1,88.63582713297514,1,53.71136744363743,1,249053.81958146466,0.5,140.7092624960103,0,1,194.84920449825634,0
67,0,20.0,0,33.38606258264723,1,244671.96079043497,0.5,135.81959371408394,0,0,110.93568802442654,0
55,0,395.24662103310044,0,30.80401305638444,0,305510.7590177221,0.5,136.31579639001257,1,1,162.71761393396716,0
56,0,75.41733879171474,0,38.05837008301314,0,184483.0530492721,1.1204857681258829,133.92647945815605,1,0,153.54814518084945,0
44,1,35.55662813550369,1,35.58198827276435,1,220302.40058030176,0.5,139.30947382337337,0,0,203.37029832405906,0
61,1,207.91135061719623,1,52.91708202959216,0,249458.22805273105,0.5,140.23939917139003,0,0,91.38385417864669,0
72,0,170.90030396269557,0,49.332943127754675,0,223947.57948603007,2.7471370476722283,144.8628447423761,1,1,169.4600813125727,0
41,0,284.8930633714416,1,55.946083203621825,1,218640.21384862272,1.523918905795055,133.92006873643004,0,1,78.43025915267006,0
69,0,57.98275375274267,1,37.49641303771405,0,337621.3573479729,0.8399839581594454,140.37532793795634,1,0,133.04509198846353,0
74,0,1111.4962072305093,1,53.78524157890402,0,261189.30819484984,1.73926295680017,135.48499911431446,1,0,275.07934826288243,0
73,1,426.5864185994822,1,34.19105704828279,1,332752.4758730918,1.2118913026559486,141.4533021690505,0,0,252.62684693968927,0
58,0,269.706392911044,0,36.1140883857518,0,226155.07781614718,0.599646718775065,137.9294342471046,0,1,88.33900556828236,0
42,0,197.53511444973947,0,46.23977741548782,0,121012.82117542718,0.9893648462282013,135.22263787924476,0,0,238.15380998327313,0
60,1,74.44440687608166,1,68.21750653234147,0,441094.2358099728,0.5,137.20155697722208,1,0,168.9155373760804,0
51,0,520.2356737394877,1,48.63036921134972,0,280916.7326473318,0.6965124595645008,136.66989342463594,1,0,30.11423323762312,0
60,1,441.1394754408669,0,59.513620371816174,1,240079.10357938596,0.5,141.17198319988856,1,1,213.63679994120943,0
76,0,759.7357574082721,1,50.40864169842037,1,261955.17660107228,1.8562264308585013,133.9487739549885,1,0,158.37660095671183,0
66,0,20.0,0,53.199257283280694,0,392039.6120121222,0.5544992285306992,137.86887574397937,1,0,121.31608571496369,0
54,1,438.8927496370309,0,50.744536284896654,0,265163.8711294189,0.57072394973361,129.92492719124908,0,0,144.5121098315378,0
67,1,38.4036988200584,0,46.18117732905317,1,349108.3050839356,0.905905379519551,145.25995683385273,1,0,245.53786957582273,0
59,0,1350.4498216677925,0,36.145297912260126,0,226560.1474362777,0.709800921923382,133.93829965078655,1,1,255.02513177665932,0
58,0,189.06902281440006,1,61.65084228366791,0,422353.7718715383,0.5,130.35346654807415,1,1,230.030658334368,0
64,1,55.14288976175643,1,30.538817115104024,0,387939.0563827209,0.7224400212686627,141.53736111764246,1,0,31.278902136988197,1
67,1,429.0455806387452,0,25.356150826936986,0,195940.80473474145,1.9749969044018802,134.53471524717753,1,1,204.10508127477505,0
54,0,51.469046953523,0,43.70728016474024,1,140936.45619399706,1.070481008612878,140.81566943607706,1,1,153.81303498999478,0
65,1,36.84072685843174,0,45.727784568344916,0,287305.57135355624,0.5,138.33606714830762,0,1,14.302968675941559,0
46,1,328.41368512319906,0,28.047142419190855,1,319672.8072841581,0.5,125.45323225992753,1,1,230.2621172468386,0
43,1,1256.460860361467,1,37.36877305754766,0,345464.67145546805,0.5,148.0,0,0,65.06630609111212,0
75,1,379.6203137941347,0,24.839235364944287,0,424733.6183305928,1.4434124493293037,135.58746596163542,1,1,123.35708496022089,1
53,0,845.2006533554913,1,37.110509870116836,1,230266.80839467468,0.5,133.2177147595245,0,0,200.75291857016333,0
53,1,455.4461501155745,0,50.66465490559858,0,136691.59536338062,2.354457231468363,134.9688099020841,1,0,223.94992763765302,0
48,1,1255.0006277765383,0,30.101070511883638,1,448437.3532870903,0.5,141.78670006793456,1,0,190.38351859242735,0
77,0,40.4585261219339,1,39.85717473747332,1,345650.38079232315,0.5,141.08080075737723,1,0,24.849002675765345,0
74,1,20.0,0,31.649166313261915,1,531464.3597365821,3.1816798791951446,132.9958433096004,0,0,81.43791971086743,1
51,1,140.59662394021495,1,50.20832217116404,0,469654.43459118524,0.5,134.6025191485531,1,0,125.02384403194077,0
44,0,1253.649627588422,0,25.207998040487976,0,379467.31146675313,3.426275540207823,132.05408739349667,1,0,117.09928125250705,1
74,1,133.40312639197955,1,44.64680201708038,0,253769.93620403612,1.3652775414333036,143.94598862436393,1,1,180.09677152000162,0
61,1,99.80910800505036,0,37.51613023603067,0,309352.7905972375,2.703162010449025,145.5158024998615,1,0,231.48047583521353,0
55,0,805.4452483246246,0,51.59820761025305,1,215172.52172939462,0.5643149608554033,133.93735763673075,0,0,77.77609865123658,0
51,0,31.791629011465457,1,32.84447717029855,1,307718.0449412699,0.5,136.61319355890703,1,1,93.85715569039857,0
46,1,209.1595884845756,1,35.750541560443054,1,328265.0850585995,1.7943011125270119,139.60934158416458,1,0,32.41663590049392,0
67,0,680.1907041699872,0,32.68248055735036,0,332536.8291497282,0.5,132.84532692767172,0,0,133.07773063408558,0
61,1,346.1675005147306,1,29.24219369392023,0,217419.12157981476,0.769300238339321,139.65926325508067,1,0,254.98554547679953,0
40,0,450.6786174733237,1,58.004324087355215,1,281714.9425345362,4.289298898889766,133.27236216363136,0,0,84.93357690017498,1
47,1,674.9076520280419,0,47.845652272773364,1,275162.97075552726,0.5,141.04129109116224,1,0,132.01408494991395,0
56,1,1526.4892066701702,0,52.49616075937794,0,354443.61896959256,0.5,141.96433739821418,0,0,75.08533843841066,0
47,0,286.4723338679249,1,39.0256940628361,0,156838.12169418842,1.5992714468098956,138.53156050817262,0,1,116.70611411963826,0
60,0,293.1946220225397,1,44.61080389983364,0,274719.8369403921,1.5520541876566543,137.45215870279728,0,1,274.409261406434,0
40,0,362.1732699879662,0,52.7977410522503,0,358013.19252482086,1.3245831293643393,129.32430067554108,1,0,48.67895549292766,0
49,0,573.8415894850307,0,41.763101256791536,0,333390.12970597314,0.5,148.0,1,0,143.6084016827005,0
66,0,1210.3004425691468,0,43.53211344153777,0,144028.98185335787,1.7843866544396703,138.25867870576988,1,0,151.32319738545291,0
63,0,627.4030226505563,0,41.33456208867873,0,264184.64367949107,1.1045063453089046,132.91239722600483,1,0,179.26856026269337,1
51,0,322.6059348854785,0,40.662422028000464,0,275265.87490030937,0.5,133.69994307866205,1,0,274.9930788214322,0
56,1,89.47043996424603,0,35.81684957605438,0,143747.63106352498,4.893436797246237,127.2425813492543,0,1,283.83562301083674,0
56,1,454.7474192902231,1,46.78751318832559,0,380352.5579721651,0.5,141.51653919644352,1,0,88.69197015392294,0
61,1,78.17384876067501,0,38.37533352975493,0,240292.28082000988,1.047626068354309,137.81720512921413,1,0,189.46345194552237,0
64,1,529.610808875376,0,24.674405040472507,0,289998.0220610716,3.212566780517907,135.33321430079323,1,0,218.34938905386463,1
67,0,2128.1996847807513,0,47.53141760096392,0,209463.16925582962,3.899127455133577,138.73148038403855,1,0,275.62698156679795,0
56,1,726.2649249808264,1,40.69744260578966,0,424292.04616616276,1.2524322493905382,135.68785083975052,1,1,66.61541916797165,0
75,0,1960.2009309682503,0,15.661503570546923,1,283639.59516787203,1.9401469872171049,140.48670731739855,0,0,207.61810809313474,1
77,1,265.63512426911933,1,47.01892542196552,0,205768.57211295172,1.1416923593999964,135.94154094113054,1,0,236.23102185431492,0
66,0,292.9454958747011,0,26.35848120661105,0,195579.60725303154,0.5,134.79863213164518,1,0,64.71197837843185,0
48,0,61.484385494915976,1,32.57995596533701,1,154106.09948219432,0.5,138.74626534065135,1,0,230.5923560850153,0
40,1,705.7990588697182,0,24.468338550033693,0,182909.68060265778,1.1628589339834905,142.91929386587918,1,0,170.76892272813262,1
57,1,1256.0057519488237,1,28.230598072156027,1,326975.86524457997,0.5,136.23111227760305,1,0,151.22842797929033,0
71,1,1329.4023274416545,0,52.04374382036884,0,160704.60026702413,1.5072619578870605,143.37111957916602,0,0,40.54008864004868,0
69,0,3965.1036259251923,1,52.246766089285444,1,250256.5273426688,1.5136199431456927,135.3200979665211,0,0,141.510231421974,0
56,1,50.88333804828572,0,32.71738768711727,0,250256.53925942953,1.048744165201633,137.63915993190096,1,1,262.6466069732956,0
62,0,830.905131468905,0,30.76181089560815,0,245484.34299932007,0.5,139.74911940087367,1,1,117.50986091156383,0
85,0,379.90077510486657,1,55.67178624046532,1,367700.74965089373,0.5,137.311250399816,1,0,141.47226830920337,0
42,0,497.2381563358552,1,14.0,0,274147.4185015065,0.6156845433720415,143.03086560783606,0,0,36.11828805906801,1
71,1,531.9555401296785,1,55.8321436892476,0,199263.4038979581,0.9705121063354573,132.43684752230604,0,1,9.87346023237732,0
72,0,1116.2088382498764,0,27.47713914935872,1,286821.08818871813,2.941812767072565,134.99038465142405,1,1,55.1100273573211,0
50,0,177.21142475158916,1,38.710013929624466,0,192597.03043295018,0.5,130.8658624903146,1,0,246.41988290719135,0
60,0,537.9734419689354,0,40.85428962226188,1,369520.4346062898,0.8501100459005593,136.04524678866107,0,0,51.55797923554054,0
67,0,40.90995002213454,0,39.47595262944886,0,304579.70274168364,0.5,135.83718538392725,0,0,93.88851936362468,0
55,0,373.9361057385106,1,24.225281225541544,0,502403.02948448964,0.5,135.44034930443922,1,0,35.529768762759616,0
71,1,189.95611599464848,1,52.13341199338027,0,131135.42429685948,0.5,133.7161688926655,1,0,14.036122833036893,0
53,0,146.95873322971076,0,44.7091196289066,0,187301.6773349779,1.305669480819227,140.91675908333062,1,0,139.85352953988328,0
67,1,279.13087388463293,1,26.80684562467451,0,255698.2736149011,1.1765646356871753,138.3705042647465,1,0,61.7116567487806,1
60,0,151.75719155081762,1,58.34407464352351,0,322215.64924956986,0.6166731079473124,138.13420370231688,1,0,77.39825080996269,0
71,0,359.89421495669603,0,32.841677519516956,1,218226.83245763846,0.6687693294024674,137.94363735962375,0,0,5.068266999334121,1
70,0,709.1748565219884,1,55.164669472814,1,221298.8171224868,1.3326118336557138,140.885866565605,0,0,157.1497077981319,0
62,1,594.1098103533034,0,22.3977726003113,1,347031.8127205811,1.3348796153271518,140.1493583992299,1,0,233.64104153255354,0
76,1,454.413309506577,0,25.654676368171202,1,422867.8959390542,0.7321720491054736,137.99381286902383,1,0,263.06412003726916,0
55,1,484.0735195833997,1,37.21233323334388,1,358063.02973285655,1.1921203029409078,142.38767260090546,0,0,15.24451884984897,0
59,0,88.21174947524464,1,17.210808877573484,0,183901.33077892347,4.660114315497354,129.2935553614046,1,1,83.64835404643233,1
77,0,508.4060931293644,0,34.9247942069248,0,233553.07736872588,3.521886375614108,136.83450416143774,1,0,260.88532317774934,0
57,0,1712.808497128106,1,68.31606021411669,1,304571.9940824536,5.309558426815495,134.22483955189767,1,0,205.22622489641662,0
77,0,576.2507013900646,0,61.445799050032534,1,94282.43835253699,1.1930408918605615,128.26038916160527,1,0,252.05460454799297,0
83,0,1303.4864059788863,0,42.95494324017729,0,268150.17615101155,1.4901799100819546,143.3453198858793,0,1,207.0162780844345,0
58,1,719.1656953724262,0,48.63092569547159,0,372833.3066276361,3.5943753578751414,132.15819992849305,0,0,113.55444861749388,0
40,0,102.64136238303088,1,39.76624240176531,0,185817.2816134137,0.5,148.0,0,0,95.4324975095722,0
54,1,174.73505925368104,0,50.825294075984104,0,300829.82359648705,2.1800047717253146,143.862504740373,1,1,123.61049216151126,0
40,1,243.10264377003182,0,48.57760930709297,0,190683.30110411881,1.068577759263828,138.93715700610403,1,1,89.46318536456653,0
61,0,276.29198892162435,0,43.931763220219636,0,243441.31515791835,2.9655720640256877,140.38809652471213,1,1,205.25167899203598,1
54,1,67.46169098533406,1,53.80070605897747,0,278321.42327856505,0.5,136.34752129299375,1,1,240.90584953239562,0
49,0,220.01345465629396,0,49.76169873101648,1,283468.6360567931,1.293323524340329,137.88042364397091,0,0,117.60289986093548,0
66,1,1045.51072344203,0,27.245237280329412,0,356123.92991456686,0.5,130.65103687268615,1,1,126.57985125182385,1
63,0,27.61878700033538,0,70.30199231994132,0,228316.88360452143,1.4860591170225905,137.88309102909204,0,1,118.9959690014081,0
48,0,576.4628231603741,1,41.92820350557996,0,221206.55024024472,3.7552691659115442,138.10930405373048,0,0,44.5597881188703,1
59,0,537.4804214186516,1,45.69905762883779,0,218687.08016821835,3.7048885507758715,139.27614456873556,1,0,225.06672632134294,0
59,1,21.537399344024085,0,57.97936070683288,0,124614.11355924158,2.2990653936299013,135.52069571610772,1,0,92.52255907679469,1
75,1,580.3180715286178,0,41.26404751927862,0,214709.11885264268,4.33567473232227,135.46514400158387,0,0,231.01713636160318,0
63,1,106.25289992011126,0,32.91037359448143,0,344375.1709569115,0.5,139.21938024196086,0,1,7.326469948424526,1
50,0,23.410327388583404,1,22.20687864231185,0,391722.55531846196,2.2701476566787444,145.66494765936625,1,1,35.80442484916654,0
54,0,307.0631215823134,0,42.636308958863076,0,242969.47931620217,0.5902796996939423,133.67355521062393,1,0,60.75869977128942,0
79,1,599.4842950861878,0,34.959513112087286,0,326933.46406237653,1.167796511092756,128.1984017445473,0,1,22.022437312186387,0
53,0,1106.4060033310775,0,42.76439712014437,0,347491.4640242541,0.5,136.14673472352558,1,0,24.18548448492292,0
57,1,440.4963845423859,0,34.2600803197368,0,328637.48015293595,0.5,145.33547784299827,0,0,131.87111331671136,0
62,0,300.47495996027595,1,32.067426571304566,0,217407.1572001416,0.5,137.23383384635437,1,0,192.60364426714617,0
41,0,1189.0924150813833,0,31.107736511959676,0,330956.5316547608,1.5377052940634632,134.7763268833845,1,0,77.77763389814113,0
57,1,204.19715443740657,0,44.78364792997201,0,328008.57253441383,0.5,136.0718443625584,0,1,96.31535852821345,0
41,0,20.0,1,23.878446962051292,0,242948.0907787595,0.5,138.33217478528306,1,1,273.2701816662326,0
53,0,72.19266965419845,0,33.02661821561924,0,451952.88156996714,1.1187376311666324,136.92585288922047,0,0,54.44359427285263,0
77,1,358.43013558305364,1,26.186864281294437,0,328417.34501443646,2.1142709304740643,142.3459413339466,0,0,269.1634760381587,0
57,0,890.5576078065509,1,28.530607929865447,0,323239.4867667244,0.5,137.48120407197013,1,0,15.194376722117042,0
56,0,629.8442748591565,0,41.47990536167114,0,441465.75561634544,0.5,144.73947878777642,1,0,151.5298451614679,0
56,1,206.08334354079443,0,38.099562513356524,1,267861.9406446834,0.9677724135705864,136.74725743891008,1,0,222.12113410077433,0
53,0,25.24694422801049,0,24.786660252615732,0,223778.00327541077,0.5209765733617713,140.26393668914076,1,0,36.19097935450147,0
65,1,20.0,0,21.218837319661624,0,347996.5500631608,0.5,140.36844308747237,0,0,49.74473739383367,1
57,1,1448.6053975410775,1,29.864551510761075,1,358748.9925188221,1.3607646663267519,131.84982369300207,1,0,15.251126786782825,0
62,0,241.36301833370536,0,39.59941280831002,0,205270.50808051758,0.9690946829334239,145.3252278361886,1,0,204.41440079766394,0
60,0,80.25098307049494,0,28.20360716075298,0,437652.2243800064,1.1805333975911911,133.8489525061974,0,0,111.62716989297972,0
52,0,266.9519264999992,1,44.00114123555258,1,192212.22332610926,4.205230855687647,139.31610832873054,1,0,168.6596803778309,0
68,1,695.5827277508034,0,27.20918631953467,1,249507.39620012877,2.2401556204848,135.2455941330929,1,0,91.00778860306873,0
66,0,1504.892304422849,1,53.588694000616904,0,182827.37106175697,0.5,140.88659701362877,1,0,111.25953344865745,0
72,1,79.72018427903504,0,27.266005857302268,0,153631.7673099608,0.9062073213526392,133.78566728263766,1,0,106.8086970856071,1
68,1,476.0734957764143,1,29.120737355885296,0,350497.93953509326,2.9072539056275226,136.06397374074544,0,0,167.86783064028373,1
44,0,22.710475612573088,1,40.281443627508416,1,260944.37104190077,0.5,130.46237287401016,1,0,113.4694490963404,1
44,1,287.29873242249664,0,30.4416469484524,0,130781.03313042366,2.944424726444025,135.08585501747854,1,0,186.01501945102655,0
80,0,476.3314233652968,1,47.65041622727439,1,218777.06441898606,0.5,119.22404523893317,1,1,211.51631408011315,0
43,1,47.52315942841748,0,33.28852981226451,0,267515.1129544632,0.5,136.07765521974366,1,1,27.806620551765963,0
51,1,405.09139957576434,1,14.11871289965515,1,211494.28419081465,1.2193554170387013,139.60012796639418,0,1,148.36787212892372,0
60,1,199.01764702732842,1,36.87835482932371,0,357457.6680720196,1.6983800234256614,143.6679854423878,1,1,193.2471620359476,0
59,1,249.27130961326037,1,39.316836256342235,0,139893.613539372,1.1650011980825268,131.76218216033882,0,1,180.2115291575115,0
76,0,269.88399920672947,0,22.902240181635243,0,254528.57551741082,1.5248655440149281,139.31009515428806,1,1,192.82452283603178,1
65,0,224.2424034471971,0,43.68041347248121,0,247302.01846214884,0.5,132.8738315121762,1,0,148.0653917444312,0
56,0,959.041333190322,1,14.0,0,272968.04771286994,0.5,137.97870967877796,1,1,134.91772853215537,0
64,0,1796.9520520780566,0,32.940227016040595,1,210314.2043561572,0.5236673787451926,133.8596620908515,1,0,184.75702400460693,0
60,0,426.6936631625477,1,41.030277621119325,1,218241.4476883587,1.2915764387498985,138.69722162946886,1,1,163.22699561783568,0
72,0,2713.031104147272,0,48.056416204889906,1,236697.84654855073,0.5007843242001268,133.61518250532086,0,1,157.06622737804,0
86,1,202.7211169195049,0,32.55781922001025,0,267834.08641147596,0.8087663964977526,142.99749859984271,1,1,126.40901244078457,1
48,1,2277.6333214628326,1,39.09900636088377,0,345367.2418325669,0.8387777879191523,130.48947931755706,1,0,17.246697894057686,1
49,1,22.182578321683984,0,34.96479303177548,0,284670.70191279287,1.1305861046460721,129.96127018935593,0,0,231.64902540430214,0
41,0,108.80601483451008,0,50.489745992358564,1,196254.6850744656,2.3103450762584754,137.36019671767946,0,0,151.99470123114136,0
66,0,106.88656613334685,0,48.80242845479339,0,296799.4850091528,1.303055622178071,125.68815418121383,1,0,239.8907049830616,0
50,1,723.7898870909665,1,35.397646569116304,0,150492.16923283413,1.240393465278812,135.08987392279923,1,0,53.81030016283142,1
62,1,1173.8304123270966,0,27.92070509120086,0,328834.51285612973,2.023896108874339,137.33871428702759,1,1,77.63148824085332,0
52,0,907.128524984296,0,35.18283812132161,0,262071.24298798986,2.2540598616420042,142.02998516890324,0,0,152.25948496615501,0
51,0,75.30119347485922,0,27.41064676262633,1,377024.286416827,1.2398415016600497,142.91241807170593,1,0,199.58244923545092,0
54,0,310.503011727595,0,35.31054772270342,0,343198.33793087705,0.5,129.7228125884772,1,0,83.36960656972046,0
56,0,211.79234532159103,1,23.392830200925737,0,186260.62260368388,3.3813221882853304,142.05224945708414,1,0,257.2649640712295,0
68,1,275.9055798380584,0,35.957911532796544,0,245276.37045986744,4.446638147437343,136.20058318351332,1,0,116.9300548215769,0
64,0,691.1934517263394,1,44.30605371226963,1,253019.2258621668,4.905728367869828,129.1078743755241,0,0,211.12997288677573,0
68,0,158.17715539163262,1,50.84861652203075,0,189892.20511384925,0.5,137.4077733838074,1,0,97.74048921057194,0
61,1,172.1135270911455,1,51.808863476183944,1,410991.3523281523,1.1607684924201607,134.69963449177442,1,0,101.32528005062132,0
66,0,108.0193656315281,0,22.87150710419298,0,271304.1654395679,0.5,137.6681678780538,1,0,214.7054215473252,0
67,1,150.2769208888196,0,45.12222397244582,1,344813.92352680996,2.644063717638678,139.70980476574186,1,1,10.981757518146523,0
41,0,2124.7859435897435,0,30.21697710529802,0,330261.72085376485,0.5,129.47084362901663,1,1,271.7642818292512,0
75,0,602.9217427238178,1,28.581944003710316,0,278732.71942644654,0.6477790011505883,139.5523216821717,1,1,14.418967505149162,1
44,0,1687.117042909377,1,22.93905629654401,0,83282.73105507897,1.1670343304395263,136.22758712612193,1,1,65.92303714788142,1
84,1,360.9211134311178,0,28.97696471153558,0,267523.39999512635,0.5,128.86025486265197,0,0,196.4591199972388,0
75,1,519.3850545765345,0,25.695265813804863,0,214928.39804403787,3.0644966500683153,134.36122740462858,1,1,258.2319574639124,0
58,0,702.4289513468144,0,50.07081741397545,0,252986.09646149652,1.6589967476816847,146.38431043416887,1,1,133.86149369203076,0
42,1,176.2804993942623,1,38.4448605599144,1,233032.66493334778,0.6307611796621831,141.02022665557888,1,0,118.01306935084422,0
54,1,219.16548047710967,0,60.99452100291943,1,223235.65574144575,0.5,133.0579412863653,1,0,158.0029017623115,0
47,0,735.2149242057656,0,56.62565510709723,1,197372.31420391903,0.5,138.82647846165713,1,0,32.10396198927175,0
63,0,96.91383203282938,1,38.400916412462195,0,195824.97857449192,1.333418881020325,134.25220422459304,1,0,5.373041652789364,0
55,0,64.1066621837594,0,27.229613025947334,1,127726.4693197514,0.5,141.4138353534561,1,0,12.961608539327425,1
70,0,491.1640360560059,0,20.60082278876493,0,381911.08340808604,0.6250187929836999,136.67335677324692,1,0,200.93276806644892,0
50,0,666.2109250435911,0,46.20597657251506,0,192809.37068253,1.6121159157971974,133.4958238778995,1,0,52.17208033894748,1
45,1,480.5413262115241,0,51.888560252010144,0,154294.14298316365,0.5,141.41717088046062,0,0,29.428528051419047,0
65,0,654.2620675776246,0,27.061801072447473,1,332055.4793916022,0.5,130.38722119551144,1,0,222.3749440387292,0
41,0,125.39891587474844,1,43.099884868115524,0,373348.8173942399,0.5,132.09052009914416,1,0,267.71264073428625,0
56,1,1146.4134280245605,0,32.95759694147698,0,352483.25724811637,0.6922763262766959,131.25109469537867,1,0,281.20702356552187,0
50,1,2375.234991228003,0,39.17472628209997,0,227494.57230414634,3.420811643329554,130.12953546451502,1,0,46.191513930948226,1
49,1,285.31698058183724,1,37.891200918564586,0,314741.8014173283,0.5,131.4216340674433,1,0,209.01086030594897,0
78,0,204.7360833668039,0,33.645119244478046,0,231524.6258743229,4.555667768964709,138.4264319187006,1,1,29.58738931102478,1
90,0,856.4859000992441,1,47.72801509020856,0,484061.59727383725,1.2405536488967313,131.2251792466358,1,0,63.82740806583314,0
61,1,68.69180741463398,1,47.64022447879843,1,326941.96222080407,5.2157589903052255,132.65678013381176,0,0,60.9490379403715,1
57,0,1028.3591634443897,0,34.94828399033729,1,316022.32571812335,0.9269353421126754,133.70404395912774,0,0,193.9151510818881,0
54,0,555.4219640808152,0,32.66331453358459,0,292412.4953531764,1.7725923325877455,137.6996935113819,0,0,21.87990428876686,0
62,0,160.87249767810687,0,31.984062288950167,1,25000.0,0.9080992803179432,134.72191944552705,1,0,38.37952654899731,0
62,1,1659.101650913824,0,32.77354518516983,0,68319.87645010027,1.376956804463052,135.88799708523274,1,0,87.38670108050044,0
71,0,790.5530783683008,0,53.248451566286555,1,299577.5578312522,0.7537936617045721,123.7438652577192,0,1,240.1142464720873,0
58,0,971.5393374273574,0,29.167233423332284,1,283817.62832974124,0.5,132.43341627051865,1,0,81.59879855673705,0
78,0,38.92308920157487,0,24.6853192660204,1,355887.19910176896,0.6242844910545904,132.34606590698797,1,0,165.52203688314148,0
56,1,34.328001440926904,1,35.57424924784748,0,209183.63792575823,0.5,138.29699009513948,1,0,165.43813265166364,0
60,1,1082.5191206593627,1,31.60261100552716,0,174371.1868699896,9.041927595278311,133.95407108529716,0,0,112.07801546374931,1
58,1,101.55872759148063,0,27.668221410053874,1,45913.970759278134,1.24302770239934,142.5915902494165,1,0,17.079460468812844,1
54,1,707.278439705147,0,33.6553164995662,1,284774.22025562794,3.1233848107755238,140.92582989156108,1,0,190.1964350629549,1
40,0,89.14624529498613,0,57.726449694179905,0,130908.65435270211,1.3464064156832034,136.07590324463536,1,0,239.60955429601015,0
68,0,837.73917148032,1,38.86414502947466,0,312127.7745546383,0.5708744403779122,140.09643780344666,0,0,34.73113471960107,0
80,0,676.1941137502045,0,42.03220104486306,0,223054.1931460526,1.0022432511109594,129.00353140204763,0,0,43.82357936049818,1
58,0,159.55625922062177,0,35.881583333205015,0,293475.1658676572,2.6196568412365875,134.00775100627845,1,0,23.699270554283284,1
57,0,444.58202254104003,1,14.0,0,448133.4573626168,0.9107584903266523,136.92977795692673,0,1,218.6674657547266,0
51,0,867.3427253441084,0,29.292251746740035,0,353093.98395764036,0.7400870382870428,136.82475895582286,1,0,197.67321864961525,0
62,1,825.2919957124698,1,16.3144057683225,0,211979.50561568904,0.5546636202012659,132.96228907082718,0,1,29.76373178835918,1
56,0,629.3109935300722,1,27.610061628569206,0,339063.02740513784,1.0284613770743523,142.49710293763113,0,0,40.41776730094011,0
61,0,762.3688999321924,1,51.595065134156286,0,290853.9930855621,1.360242328520768,132.75568812371142,1,0,69.2278469686509,0
64,1,510.57964427974775,0,32.420868552632655,0,283889.4651036047,1.1065455183410748,141.72348310199425,0,1,9.186997673426337,1
63,0,65.3490698726616,0,52.20957709633988,0,277205.89659069397,3.3131602426560063,136.264781116253,0,1,36.53715690199895,0
58,0,768.6931734242345,0,42.123062184940366,1,210217.7111129265,1.1168496146493558,134.59187895380197,1,0,267.3070057352835,0
70,1,372.9781759540228,0,16.290510550595954,1,324113.1970772103,0.5,142.76112387977807,1,0,43.51827508764502,1
51,1,1815.5185208740588,1,40.51855354849155,0,331489.26545872836,2.7559367222463336,133.87987478691176,1,0,114.23506841861027,0
49,0,360.01975850690286,0,55.33798628923591,0,197567.87117395035,3.0621917694648784,134.5525185084624,1,1,99.32978586302418,0
59,0,670.10768461667,1,45.636854953232216,0,262603.4904872937,3.232220603034233,131.1377686897834,0,1,97.3539662862717,0
70,0,124.96263534621177,0,54.19426498474936,0,262162.3586795441,0.5,137.85372289340654,0,1,197.7792309327823,0
42,0,334.70554763445864,1,43.619246462971084,0,277033.8595178713,1.848593292655793,144.21499214446413,1,0,276.24010722586644,0
70,0,1372.6206560794317,0,16.83332849074724,1,261705.1107563378,0.5,130.75206155675642,1,0,91.84610806741966,1
40,0,765.40588268908,0,41.75425378463982,1,349072.4679625435,4.409476943394768,141.2618368618092,0,1,205.8708620410581,0
69,1,1174.6851020929168,1,16.4647380559873,1,334218.8791757383,1.9493377296945573,136.6352209468452,0,0,47.6934765051623,1
56,1,378.7524237548416,0,37.9331052538632,0,125538.43091458234,0.5,148.0,1,0,143.16449802101278,0
56,0,313.06344015819724,1,49.837310986816654,0,297844.9026962236,3.867774696747158,133.08493888865254,1,0,109.90107682511653,1
70,0,640.2349477592697,1,33.19742232060365,0,234141.6220185111,0.5,145.5913261226924,0,1,67.6949161437297,0
55,0,1701.9924591600384,0,29.70451082073742,0,243742.10395231238,1.3535863510492219,129.469814665411,0,0,218.4520814944692,0
47,0,149.09305870561474,0,60.54949397604317,0,55589.14760302336,0.5,141.48545255835285,1,1,27.68028427571778,0
66,0,937.7982293441588,0,39.83405925753285,1,379344.8323396408,2.0283554405236095,139.49359805195255,1,1,178.84070822601777,0
53,0,654.956349238574,0,37.86646338463774,1,300558.95906727645,0.5,137.20326324241626,0,0,69.18204526864798,0
52,1,174.80918263539755,1,26.547368752464806,0,450882.51127370086,0.5,132.26662918140505,0,0,66.48443744025101,0
45,1,204.07794769344662,0,31.773975386515733,0,417432.76447958424,1.262325607897782,136.49211403685587,0,0,74.78459726242868,0
69,0,535.4570443088548,1,19.244261366058513,0,122044.59709240607,1.3943155790303419,138.70844316535474,1,0,147.06211851851128,0
58,0,693.013939757172,1,43.93973277845562,0,508514.1354789793,0.9311575090532326,129.76873430924311,1,0,184.30512039122831,0
53,1,270.06337218433765,0,36.66266875721587,0,396310.01118041493,3.842439569961126,142.29131472833947,0,1,102.95155208710935,1
58,0,1716.8444084637713,1,54.503506868969104,1,448900.3219897116,0.5,133.53027439839232,1,1,220.9208594065142,0
57,1,1370.764503054814,0,21.922890355559765,0,375531.55081815855,1.6346994917450963,136.1988532535834,0,0,136.17664546155123,0
64,0,681.9847371850091,1,42.95112910472558,1,371732.1224102863,0.5,138.06877922279318,1,1,12.823316040692507,0
72,0,1023.6752684634909,0,32.19458627302532,0,446999.97099623154,1.0890078273135348,139.25215263628147,1,0,210.07160335311283,0
58,0,428.65318764037244,0,47.11516947563333,1,291251.7450729906,0.5,136.6124262085871,1,0,48.480904718403295,0
54,0,147.77689719476137,1,53.830575560134626,0,280689.4403347785,0.5,138.7769771334412,1,1,162.49688487547488,0
55,1,466.64977570660096,0,47.19633949902895,0,222624.2503567094,0.5,137.03227679772868,1,0,145.7225517361155,0
69,1,734.2247716556694,0,38.7229532618599,0,302953.80105988774,0.5,135.13117875516383,1,1,102.6549239623911,0
72,1,843.7240725939637,1,34.122277021762294,1,334633.4874106463,0.5,135.47354876290478,1,0,146.55134876536064,0
68,0,644.9683882120332,1,36.052334788132725,0,389236.39762542374,0.5,133.4061611464366,1,1,121.57626133877038,0
76,1,895.3585779789088,0,43.42031750357241,0,237336.90170149325,1.2082999582887486,136.75351196951422,1,0,75.89061294474767,1
52,0,58.28649915952514,1,36.84494629150118,1,160493.56610871514,0.5181253724353925,138.2598805557576,1,1,13.850037565640926,0
45,1,476.157641823985,1,68.2807471520276,0,162118.33591776702,2.392751997691289,139.12133205368232,1,0,120.00712104571696,0
40,0,124.56972038366028,1,22.34629559865158,0,236913.57108752147,0.5,137.10750821559247,1,1,55.92313708231006,1
54,1,1959.4608568193134,1,37.38931117798335,0,229242.799503971,0.5,139.0804743874123,1,0,161.86605870475358,0
56,1,688.3685292936929,1,16.23250788313057,0,184805.1325496976,0.7331237772699059,139.66108356464852,0,0,275.18172654221087,0
58,1,564.205248220848,0,36.710030969019975,0,239043.0739270793,1.1376158783251595,140.43095321947527,0,1,139.80505375306709,0
44,0,1159.2390967057793,1,33.36150287833137,0,246235.57921460527,0.5,141.4428565281794,1,0,216.5708842208848,0
56,0,428.63373384444907,0,49.08261469066754,0,300728.47915810655,0.5,139.03898291013036,0,1,108.89373670341845,0
71,1,749.602740876576,0,43.985962457354006,0,281190.6171092035,0.5,132.6013718756268,1,0,48.60734449199229,0
76,0,96.96065675122796,0,36.578489213137644,1,277418.67932161846,0.5,133.01357507461844,1,0,93.19785755230467,0
44,1,573.6450258458391,0,46.32936684339266,1,193256.8487322714,1.1750444214714504,143.54039597822728,1,1,174.56417535907158,0
69,1,312.092002507855,0,28.396967900283336,0,310766.9496320336,3.6968529883656376,137.3994491625508,1,0,113.93922681284576,0
52,0,274.2584541404614,0,37.276341136811,0,361391.85399920144,0.5,139.87092584682222,1,0,68.64603168334008,0
47,0,1829.03301172686,0,43.9395045921422,1,395209.50471231004,0.5,141.05058908997208,1,1,167.69047736644183,0
56,1,207.93310288903587,0,30.832185417721927,0,220678.9422989788,2.084861210786382,140.9545673156899,0,0,107.85765678381965,0
67,0,401.4191867969313,0,41.380390524322,1,387013.71716506855,0.5,138.3106063672056,0,0,224.41086335668138,0
40,0,638.6042811770322,1,35.88187516403129,0,175588.24805324757,0.5099865223424793,138.45429558286662,0,1,154.332431682636,0
76,0,71.82887605082377,0,63.988067413614004,0,155890.7857372929,0.5,142.15662915460658,0,0,80.12113767115956,0
67,0,21.89247506319781,0,33.12926062571522,1,93491.43635740079,0.5,137.6350342523032,1,0,158.05526219939085,0
70,1,176.5316929517551,0,43.02939626761595,0,366776.60771197453,1.9348140592160987,141.25976378443735,1,0,23.316780513940394,1
51,0,308.38992368293793,0,30.117633405331194,1,191595.30674824285,3.909173206067626,139.02504175483872,0,0,21.85605593945679,1
65,1,663.2616698000753,1,42.393263670005226,0,166450.01074175548,0.6596918745387846,142.64103001358603,1,0,272.99173175713787,0
69,0,142.65780758107346,1,37.937698640541825,0,338780.2234680709,0.6704893301107172,142.80729442315106,1,1,152.35357343681738,0
54,0,1997.7439182625883,0,40.16272055928696,1,235042.80889250617,1.6450576202590124,133.13807558748508,1,0,156.1259370758758,1
71,1,347.1565402812324,0,42.334287032475444,0,322377.3970480828,1.3190313048893068,137.91039414488498,0,0,217.1620583018617,0
63,0,764.5211686277183,1,27.31590117312055,0,307992.05649872276,0.5,133.52725420875518,1,0,67.56149834956443,1
67,1,931.665653369946,1,47.690476397377225,0,239384.90654742965,0.5,140.64117834171012,0,0,119.89272599608132,0
48,1,1305.1888002772412,0,29.66853981362936,0,305951.92812019156,2.400728665731589,137.80166760190278,1,0,214.37530434537413,0
60,1,75.8283146379844,0,48.878620016623216,0,343439.2771973115,3.0144016785699987,141.33417146408945,1,0,62.42331263543523,1
56,1,1371.6131204916471,0,14.0,0,30311.640725653328,1.422060812004521,127.09697696579028,1,0,277.6266162550055,1
71,1,905.9551264680514,0,26.830402260499525,0,185068.62398929495,0.5,136.373588734362,1,0,74.81856823403987,1
40,0,867.8165101311135,0,29.074051665625838,1,296253.96995558473,3.418025690635595,142.71092548758605,1,0,214.97268539740872,0
46,1,74.21989321844063,0,28.82446449212606,1,211185.38505641036,0.6446141987276419,138.25845033087666,0,0,207.75432106474773,0
69,1,471.8343087138428,0,35.747058597239565,1,164501.50410230365,0.9362970551983895,129.61953746627677,1,0,82.42848131569532,1
79,1,34.97819574551061,1,35.3597399780284,1,361610.28181633266,0.6809139728188176,133.98229934382556,1,0,212.26928159767755,0
58,0,288.56981216899356,0,40.25820961931778,1,199937.24378437866,1.4939126626107837,138.91274958907007,0,0,117.66495235228739,0
71,0,956.3447304407504,0,57.32963377376309,1,298050.4496161896,1.1128021439858222,139.38800880952184,0,0,99.28976022505931,0
61,0,2300.2753801687695,0,35.27014110522071,0,233842.8492245733,0.5,137.00181598178958,1,0,196.98391529936262,0
63,0,159.36028536713005,1,37.993674238954,0,84955.43327777335,6.433322983938593,134.55242044471592,0,0,172.9920207714281,1
68,0,1556.4803935081256,1,51.17381995012023,0,324783.1995328754,2.302614482554777,140.1504811148394,1,0,171.98017544093616,0
44,0,553.6358365419724,1,35.8892409686707,0,196876.65167960618,1.586360839835402,133.29999702609555,0,0,200.31237613081422,0
60,0,54.86196404041432,0,26.14594226172117,1,326161.73713028297,0.6914934590357789,142.34402625135075,1,0,181.1181841568067,0
61,1,814.4785809411089,1,43.556454533835186,1,399543.28154580004,0.5,142.61512480594166,1,0,64.05419961315337,0
66,0,328.554867340236,1,56.7346782796899,0,94378.15387727643,0.5,138.77546090926018,1,1,54.95809817536146,0
43,1,569.2951136804376,0,32.738996651311865,1,28591.717596393282,1.8500921956319816,130.62481148053087,0,1,201.80925809319734,0
50,0,393.8244344039185,1,35.07094704682247,0,127809.34878820251,0.6311204550363154,137.081395642343,1,1,136.51618420674671,0
67,1,116.37058884922774,0,24.782733807264435,1,369270.22954581206,0.9422659568061613,128.032744415632,1,0,177.9524411150551,0
80,0,1230.9702917965305,0,31.600443904870154,1,347243.27042728534,3.509198372592605,140.84648498825592,0,0,64.91772611633193,0
40,1,108.04860482219964,0,20.621106436759554,0,249119.8799091612,1.480339633778054,140.52051047854445,1,0,56.27869651495605,0
50,0,20.0,0,38.08541733440037,1,137795.54434734638,0.8955285267500894,126.12149876567364,0,0,165.9482181512468,0
53,1,161.08054560766186,1,54.601288697515415,1,381674.71831579815,2.1205760639561735,135.6962385239483,1,1,176.906213138371,0
89,1,105.98813405980044,1,51.8160089489558,0,295675.4252730604,0.9689848976783192,136.80771375110763,1,0,115.53499505044223,0
77,0,1259.6516711495667,0,30.11065600233522,0,209643.6337187273,2.6180775112586567,142.72448490430762,0,0,69.1147867371969,1
55,1,50.54908623864254,0,47.4240118185103,0,305387.33973297384,5.10005817280812,130.6760233121937,1,0,67.28519285849336,1
52,1,317.0792671465646,1,26.096524896594012,0,123575.78413325112,0.5,136.0326996747132,1,0,61.72756852950994,0
60,0,35.90519946060629,0,41.88031565150788,0,306591.8367350406,0.6129594716485649,130.06112602155434,1,0,69.01487733265452,0
53,0,789.679196425558,0,36.28791533335143,1,162841.0894465174,0.7256919081578143,129.28816486127795,0,0,272.9942594711904,0
67,0,531.5917502953225,0,30.043235242878936,1,268303.0851578648,4.183605527989594,139.2559813714771,1,0,191.72730519506342,1
74,0,1249.0920752013985,1,25.413238410675604,0,358324.9708760448,0.6771720964411978,136.03472966874872,1,0,25.263229266520156,1
54,0,403.24131543343583,0,53.62167045378461,0,228523.5404686895,0.5,136.1917317069412,0,0,133.69654267290278,0
61,1,82.73937444846968,0,35.0457902607334,1,370071.61342099693,0.9649102068067499,134.24222569093652,1,0,281.047167084736,0
41,0,75.02689194250522,0,28.26804555473378,0,216771.14133415034,0.5,137.11155339669537,0,0,153.98016413252176,0
75,0,26.910963106515553,1,37.18403415263136,0,314606.45272739936,2.1572079372570117,140.02040710695792,1,1,157.60236726368592,0
60,1,1132.3365054818512,0,42.010576524570666,1,228741.93388306518,0.5,134.72716213238706,1,1,154.8931228849566,0
40,1,281.11208919844955,0,51.63502521862467,1,149867.95885437954,1.8540186464956692,132.74228757983417,1,1,72.87578056401408,0
44,1,711.6238013456427,1,19.51977076230179,0,281883.5816892898,3.8249341831550105,135.44457499753065,0,0,11.446838579567576,1
56,1,570.8810794210208,1,44.65896964241204,1,307381.92769372644,1.116077660192753,139.22178240274295,0,0,124.59743492097361,0
40,1,378.0706344710105,0,34.01429217077862,0,306609.627798995,0.5,135.51941975335623,0,0,81.91554236900332,0
40,1,106.29835961264942,0,36.99060578350344,0,157634.8993564872,3.2632654293010797,140.64256965148502,0,0,187.8223585588065,0
58,1,23.74545518287668,0,23.068995280918223,0,225736.28957547087,3.211491228816276,140.4602717389728,0,1,269.20167812286485,1
75,0,1309.8386360089512,0,51.08016102625271,0,326453.8377137112,1.9068377644255503,141.8471376385458,1,1,122.41906283461375,0
56,1,250.06391148353805,0,26.189283231823353,0,118700.16516278745,0.5,133.98645429104675,0,0,270.0583587294764,0
53,1,951.986160316381,0,26.46298804714231,1,274037.1192752671,0.5,138.53424855037628,0,1,27.33349355028826,1
80,1,540.5393671562617,0,42.40222593895092,0,416655.2155592245,0.5,136.18935268762806,1,0,128.0568623383578,0
60,1,606.1022484266812,1,46.720532084119725,0,378517.716070157,1.644566858984502,136.37144960965756,1,0,131.44170074978513,0
54,0,72.54319469274711,0,45.44981262757393,1,186755.9311826149,4.7477449510948855,140.12933872230036,1,0,196.63250017316338,0
40,1,20.0,0,57.23607211445461,0,266263.8510948984,2.5838683843916366,136.70771228242936,0,0,222.2407782473195,0
72,1,268.3901181421018,0,42.66061678982192,0,276541.8365790657,0.9460671583690284,133.7802172689584,0,1,276.3388028556872,0
53,1,155.17349455223172,1,20.97185598973887,0,209944.0206152648,2.493657303113561,137.30460977010327,0,0,32.84395832048417,1
55,1,251.14051320052914,1,33.591274031362325,0,328841.62292477617,1.3114803544228255,136.32421828946528,1,0,119.07649354160456,0
40,1,403.4556426741616,0,36.637385798099835,1,211571.5897260485,0.5,135.1395922518303,1,0,123.10003747191794,0
57,0,265.1966523920116,1,37.94997809668978,0,355277.077973683,0.5,142.69575812661043,0,0,86.48682452160119,0
67,0,20.0,0,29.31363392676495,0,125842.1219267374,0.5,136.0956479511999,0,0,218.9685683406625,0
41,0,145.8769514428133,1,24.611229726394072,0,198052.81306993068,1.4630748140294092,129.18421282764712,1,0,82.49677758068053,0
40,0,527.5445834883842,0,14.0,0,337539.47190076514,2.016823596820752,133.94229833339895,1,0,187.2795414361482,0
48,1,306.2791025925934,1,38.23216803408079,0,453454.84609733353,0.5,138.54162977436124,1,0,272.6026054395265,0
71,0,314.35477235863846,0,42.72043950160186,0,366155.1013543667,3.330615810462519,138.41591954892104,0,1,36.89433844821926,0
78,0,1971.2638792788746,0,36.09372483215502,0,86507.08947445924,0.958687175970484,139.56941568223485,1,0,54.02518649717013,1
50,1,391.01376546619633,0,32.233835748441294,1,350744.2820870758,0.5,133.5809328556726,1,1,73.44565941253269,0
69,1,99.0358243763796,0,14.113236105780537,0,254983.2748294029,0.7208991104250819,130.51093100317297,0,0,129.36315798076274,0
61,0,30.30858320470634,0,30.811100344787228,0,324162.87303835707,2.640048058058034,129.48352465338678,0,1,29.721469234047984,0
69,0,194.3431120850949,0,37.69314214311032,0,236353.7906114615,0.5640754721138872,134.52524093164314,1,0,116.89487142126191,0
47,1,317.44504637567,0,34.951795931160035,1,204334.60834201862,1.3021675463326021,141.98061005268931,0,0,24.783647462490265,0
53,0,224.26215736543693,0,14.0,1,134391.51077074814,0.5,137.6203555794459,0,0,19.921019412577774,1
60,0,590.2954269807391,0,43.628424624897676,1,428131.4255220026,0.5,132.18439000044714,1,0,9.403199312018145,0
54,1,611.9677853241515,1,39.90730119757791,0,363535.9232584676,1.4904251087673368,138.46408709735002,0,0,135.5312875796066,0
49,0,333.90813100866916,0,28.096642466980363,1,283402.36472632166,1.877363519631213,135.80542799171525,1,1,122.00260878920596,0
56,1,20.0,1,40.470152131680464,0,293790.88068369136,1.7030422170357016,131.46441223309054,1,1,112.14900743675908,0
65,1,282.5481190325648,0,43.22072871611247,1,264449.28204496857,1.63187933424051,134.02922101646507,1,1,204.01063180741772,0
67,0,927.5279955774364,0,14.0,0,160538.65528049093,0.5,133.8278290248593,1,0,64.73879538472397,1
52,1,111.9765859381182,1,33.69674316373217,0,302424.0038034078,0.5,132.5281839210567,0,0,105.85252828291064,0
48,1,788.2129793020792,0,36.49865514312339,1,202098.57556483883,0.5182756807839144,129.60683771893218,1,1,154.53289420392224,0
55,1,1925.6453621090773,0,32.43371589885706,0,309494.9817104745,1.7379490974253105,127.65683805384687,1,0,31.20594421250369,1
72,1,363.01646573530104,1,38.057360088442124,1,337383.8338345867,6.728084811189504,136.35595867626768,1,0,282.7766043968064,1
66,0,20.0,0,42.34769177356992,0,182759.9089763859,0.5,131.499661367621,1,0,186.01864159982534,0
60,1,335.1270502306079,0,36.47075729300045,0,206745.37562952918,1.2171916402061924,135.3781480603908,1,0,154.4764589698941,0
49,0,571.6247824205275,1,33.883195985389065,0,381433.27262423804,0.6616586824887687,138.56163846982005,1,1,73.89254658528952,0
53,1,206.2302222621178,1,44.56496243983376,0,91532.12574646933,1.5279321534727313,138.58002134196056,0,1,129.22191722401288,1
69,0,1292.7305071849719,0,39.405513713675234,0,267601.6104835537,0.5,137.08147051187072,0,0,281.06480023028547,0
63,1,81.11278504309668,0,48.74569766127223,1,283849.2121551394,0.5,130.7478283378008,0,1,197.1785800880203,0
48,0,1067.642398222026,0,64.5925376573051,0,140944.09381804336,9.012503493201281,137.73478395603772,1,0,129.75062354577545,0
48,1,73.81999840585982,1,33.62438704291458,1,387826.8074343115,0.5846893332099311,127.76829738314798,1,0,19.458998630576417,0
56,1,576.9814214758607,1,18.4715017387973,0,319239.72524384456,3.8005323444379093,133.46759696466134,1,1,58.01346740619507,1
64,0,23.67886365671622,1,40.93460144545929,1,420043.6139232608,0.5,138.9936468579915,0,1,89.84976377911991,0
47,0,1892.8370790356917,0,35.96384447268526,0,405224.0788353415,0.5,133.02295578712508,1,0,141.28589307822782,0
68,0,58.020730181697864,1,33.58866510756461,0,358796.6988214623,0.5,136.53215651902735,1,0,149.65079061804863,0
64,0,395.745442517975,0,22.367603541779623,1,147986.45921496427,0.9461901544622353,139.43092343678606,1,1,212.93326139252562,0
67,0,562.210351262491,0,40.53627079830316,0,394501.78644842614,0.5,139.8442243734976,0,1,66.81069756775634,0
40,1,433.1656877501428,0,35.809499614437755,0,192846.69935136125,2.7106659792406056,135.20293419254725,1,1,214.53527428068074,0
58,0,274.9558645063894,0,43.00550843838964,0,416523.59078641795,2.606773537478901,134.92166011734164,1,0,173.66522724472892,1
74,0,1128.1269052192072,0,24.464331098225088,1,201781.2361322788,0.5739924269485684,135.3548546135416,1,0,43.98583067695121,1
65,0,218.21359992239695,0,33.54241411518184,0,296002.5971957128,3.406975627851483,134.8211134391382,1,0,204.44424188353398,0
59,1,68.14073768358885,1,45.17068840862456,1,268910.58167233557,0.6691839611858058,144.56056556990842,0,0,143.41127270544175,0
47,1,99.9587020385577,0,18.881708461571893,0,350012.74507467606,0.9592762658600296,137.15958491226675,1,0,5.336050369405978,0
60,1,95.06658098685759,1,43.45416682087252,0,343984.33244035323,1.7911900520609847,134.22449797858016,1,0,93.60521909476167,0
65,0,1114.1114288408824,0,28.754320439473624,0,240602.64894988624,0.5,135.85107945332888,1,1,54.75614162122048,0
57,1,559.2563147044635,0,25.98373828419585,1,217697.8095713684,1.1856280003349164,140.0061030278764,1,1,259.9810262812168,0
59,0,290.5866114507509,0,33.28599185347075,0,195394.5655833422,1.1626872212697887,134.51508027473773,1,1,80.10534425841206,0
61,1,2840.004043871643,1,40.113295510303814,0,200869.90368534793,0.9567906346474556,134.6920233764386,1,1,163.84456007076133,0
50,0,20.0,0,14.0,0,202379.3166063159,0.8667994137562886,138.62777985714274,1,0,200.22827106785277,0
64,1,237.5356668351478,0,50.36593887887422,1,231473.7705371065,0.8394799361814677,136.10766185155418,1,0,212.02855232916087,0
54,1,274.5237950269588,1,37.27789829072657,1,86250.17139290075,0.5,131.13637251070716,0,1,242.912189297646,0
61,1,629.7012357178688,1,44.48743378879492,0,88752.77494812384,0.5,137.05609652139776,1,1,216.49547126845528,0
66,0,456.9403263576712,0,27.44774436300914,0,439102.88899909146,0.5,134.084446901739,0,0,127.63900656760501,0
69,1,112.80472595220184,0,35.681706277747764,0,365782.32855339046,0.5,134.25282871792345,1,1,21.50148512911535,0
68,1,563.5524776084042,1,42.27315574334238,1,142954.3995355112,3.0584035234666125,138.12713822615552,1,1,158.48979102627098,1
80,0,243.5485227858033,0,41.36738789057826,1,261619.27167393372,1.0515367928959085,128.91780434024454,0,0,103.24589585741411,1
80,1,20.0,0,62.64006052780985,0,188190.68774611823,1.3333327230844465,140.74981245329263,1,1,157.2359635780139,1
58,1,645.7031843592516,0,32.90280462738312,1,274881.55555744906,0.9042203146005605,136.94657982081185,0,0,12.264441352035714,1
71,0,410.9746479415918,1,51.14397955058474,1,424890.97321239655,3.1802733931853218,133.80824799558374,0,0,211.739778516213,0
62,0,493.1479349883624,0,47.015537243063235,0,345507.24705431337,1.2253392660337126,136.51373228305113,1,1,29.294858143372103,0
74,0,234.34817830199927,1,41.72672850574596,0,395589.2754839865,1.2111582015234923,137.89261218146544,0,0,226.34095036323407,0
67,1,218.15234440634913,1,64.61293533617363,1,351978.737270442,0.5,131.7649119854409,1,0,86.71052930325583,0
79,0,383.09700485417903,1,45.005387621098905,0,247670.34463464993,0.5,129.7626975096588,1,0,39.60892338632462,0
62,1,273.0135832018486,1,47.0698530788781,1,298501.6015706621,0.7283303918810826,147.01281090707954,0,1,24.423141884335244,0
76,1,106.83156917234736,0,36.18707184672757,0,309981.4701886169,2.8013907915353498,140.41139080418557,0,1,99.96110878450301,0
40,0,73.44796697299911,1,28.526181301813562,0,272204.17650350917,0.8629851308385954,130.53227257721107,1,0,106.23135712186517,0
62,0,305.95540367809093,0,33.05243678478852,0,201094.66594462653,5.1324997433134,139.36555201799865,1,1,251.95063860022566,1
62,0,425.12074559641536,0,47.02134117444655,0,229725.04439305066,3.2830639983561976,140.60318688768757,1,1,29.531238886631368,0
55,0,558.1492349290421,1,52.1711788194515,1,292369.02154903795,0.7805204049161334,139.71310310402146,0,0,153.37782733682258,0
48,0,481.414869315254,0,35.87813619880172,0,79073.37632245218,1.210585342592418,143.0814959651855,1,0,114.47588242434959,0
55,1,345.04548892365926,0,54.76668620731344,0,251684.36797419842,8.219608575561466,143.55392002257426,1,0,255.02983960508786,1
50,0,39.15660188373628,0,30.547087557198058,0,199310.52770957132,2.3859662369359476,138.13027998540468,1,0,25.541200766001655,0
57,0,207.08734703077965,1,24.513581186316557,1,217605.81042327252,0.5,143.901281983209,1,0,197.05840205704925,0
71,0,199.08415297928954,0,27.49602442471368,0,134740.4492490251,0.5,138.77356695748352,1,0,66.94514955935969,1
49,0,72.25838837955443,0,29.445900154161556,0,89785.72795283786,2.8041666837742483,135.37777829057282,0,1,149.52359458334922,0
70,0,1063.8427005803908,1,44.94061062967154,1,282304.26077685284,2.13235491879509,137.06628109504805,1,0,83.78249418734804,1
50,0,380.451151353563,0,35.39872457492397,0,180180.32663283357,1.182284670298345,133.08681926517912,0,0,201.09550039811535,1
60,0,570.943193569584,1,54.101041498916445,0,258694.00260006,4.606784728120319,138.63962022630653,1,0,180.8521108837083,0
57,0,53.7320807469449,1,32.9879621776168,0,363537.32900146255,0.6839785468958971,128.85732657694453,0,0,230.3282630791919,0
69,0,724.7437271645442,0,39.25226840966489,1,162693.55583901296,4.5915918941535585,136.51909247534343,0,1,178.59054147297994,1
70,0,50.813628243288164,1,54.93260716082179,0,241609.71711343367,4.50052894824658,137.68930431828485,1,0,45.400073332444684,0
57,1,341.95268446317164,1,62.42976420527083,0,71831.53633702348,0.5,137.11966661364278,1,0,105.47406983739293,0
80,1,1382.5532899811299,0,55.72769276522007,0,326507.141610415,1.863951145936702,146.26451798352707,1,1,192.19905198630966,0
53,1,164.23392228944326,0,56.597624015278626,0,293470.0969519501,0.7468787315092715,140.13782470015832,1,0,190.53361599007744,0
81,0,572.561606220133,0,34.68008494102919,1,317147.12545348646,0.7479893590976834,132.0437613417427,1,0,103.69590486374263,1
62,1,643.9137033074296,0,44.05066730964438,1,255127.11484766452,4.3312293405862645,139.048657312116,1,0,229.8512243269808,0
57,0,779.45969859636,0,28.08259624103978,1,479446.4602666118,1.4868581555126508,140.79630655057983,1,0,151.73311501084592,0
55,0,136.12686952200877,0,55.42004663112331,0,263690.04367920506,1.1206818166972499,138.92205352550172,1,1,74.33145108282557,0
53,0,130.19991466986778,0,27.126592071625396,0,366907.4374507812,0.5,137.94988032859598,0,0,264.5076934613266,0
42,1,165.052047890457,0,22.75234554455079,0,271760.09763169015,0.5,138.5534870957068,1,1,201.02814304121736,0
53,1,597.0611511041511,0,38.479703561727334,1,429202.84726569266,0.5410711099917614,132.81575653986474,1,0,45.027808829324,0
77,1,707.7193240027294,1,35.29176857831646,1,336352.52754985716,3.64932786985988,125.21141102456053,0,0,193.18505326331322,1
57,1,149.49761075703586,0,36.34366283270667,1,307367.63500030007,1.8343110774744782,137.65882487170637,1,1,63.600150531569135,0
57,0,37.802233459796625,0,24.831159203049104,0,285113.1045240648,0.5,135.18707471545065,1,0,190.58722961475337,0
55,1,393.72576936336907,0,40.58860354528091,0,294830.95892833266,0.7697151426697196,134.3504524676988,0,1,259.3241281098358,0
88,0,262.8696578676106,1,50.24776349205284,1,344977.5010230369,2.0393678726864426,132.88283315349685,1,0,10.576568078333914,0
56,0,407.11172544556484,0,44.497801736293766,0,55449.18267740682,0.5,139.2169825890563,1,0,236.0689708581913,0
76,0,875.9938697890294,0,16.827167981298487,1,132491.78389741236,2.6099848930834635,137.6303221100695,1,0,8.138488386384005,1
60,0,909.3287378612536,0,34.14469190698517,0,266434.5660995229,0.5,136.86416866881143,1,1,32.10340962883484,0
65,1,1226.728737039881,0,62.3027689522837,0,148663.00570765903,4.346222844067573,141.0563970546889,1,0,141.54641052140698,0
56,0,108.50486192566906,1,39.514223900260774,0,300920.827134841,0.8606462926041961,131.417662166786,1,0,75.4390341885095,0
60,0,850.1035592402853,0,42.78009714230219,1,398099.51537233137,0.5,143.8195627143001,1,0,132.4193965888271,0
40,1,673.1928339622054,1,14.0,0,207972.29870992177,0.5,144.16286110811592,1,1,277.4764417185985,0
63,1,648.86684893505,0,26.44841448670735,1,166522.4926845074,0.8391659167867833,137.85588791359785,1,0,190.84285480699745,1
67,0,483.012352837069,1,48.39027629646295,1,146747.96763536095,0.5,134.3166854710043,1,0,200.68053858856487,0
48,1,122.29585966955506,1,18.05277527501749,0,417678.33089867793,0.746996990059452,130.34367228991388,0,0,170.79409659410726,0
53,0,54.970609072876755,1,37.79595851252311,0,271533.72541789827,0.5,137.19898815216146,1,1,72.94915686547986,0
50,0,488.5115906770534,1,30.160249477208612,0,329002.2094166256,1.5531660473801332,135.05089663721017,0,0,226.21344562456898,0
80,0,1303.0277091628088,0,23.110539240056582,1,172591.47461983853,2.0972763622730946,134.59498264516378,1,0,264.9296901890716,0
66,0,97.26174175734359,0,36.1238905750291,0,188695.963420689,1.8477634763550133,136.45304031418002,0,1,130.2405217380317,0
61,1,986.0573968482415,0,16.67044358867463,1,181949.66523354413,0.7512289030854548,129.51265912892367,1,1,176.50525429077226,0
44,0,115.61056036097011,1,30.082240016402213,1,431740.45318456733,0.8728890695430255,140.67593786707275,0,0,267.3369426429281,0
78,0,1671.7214781187756,0,42.70748964652716,0,444516.7816935655,0.8376436095467765,141.5578029831318,1,0,210.89901833959257,0
78,1,359.3218287752517,1,31.29976127921729,0,127673.9004375946,1.3747738550372288,134.82143608317034,1,0,153.88316466104283,0
84,0,457.8237797186625,0,48.50970178042114,0,234399.4819904938,0.5,134.25254435257776,0,0,211.9732926668456,0
62,0,20.0,1,40.255519409849335,0,249970.78878627717,0.5,137.60493306667547,1,0,13.492427576723824,0
59,1,50.32778361634025,0,59.917273581788386,0,90868.63589585447,1.5389740877610603,134.35438091032984,1,0,110.0392034667051,0
62,0,53.78226576769148,1,25.407799604306454,0,332933.5004784673,0.5,137.4858364390917,1,1,240.85853971246115,0
52,1,589.1718643088398,0,62.97122734497697,0,455984.24719827913,3.257888040775822,134.6613899895049,1,1,61.41218190271567,1
64,0,1901.8226187092698,0,43.22370855298009,0,247023.40164575624,7.328269385701402,135.00088998784537,1,0,131.99202589003707,1
50,1,302.14893891951095,1,29.909223608058404,0,175389.99320244562,2.0348895800744846,138.71907840975157,0,0,224.14297623647732,0
58,0,1311.1544018136983,0,47.64592466191118,0,319465.32072603924,0.7733559671382519,135.5101267495151,1,0,224.15653232852537,0
61,0,49.58839658815108,1,64.28989438345663,0,224992.76182134234,0.5842786485611056,132.3607782767474,1,0,199.44504463975042,0
74,0,778.743428871006,0,49.83287283758304,0,190540.97046454012,0.9876398433238508,134.30465762226802,0,0,233.98396793705032,0
50,1,762.7158908027169,0,50.15289568520433,0,395308.869359283,1.3516962719978167,134.5639195384444,1,0,85.07695561452582,0
42,1,63.18890789470037,0,37.76988790147409,1,362584.67245205585,0.5,133.94741440781516,1,0,231.78079586834664,0
42,0,297.92834983011306,0,50.683875247550255,1,251346.6395951945,0.5,135.60784179795507,1,0,237.678753969351,0
44,0,157.70940299912,0,34.210435975001424,0,111044.01153911624,4.405081744483476,137.12301162085885,0,0,77.0270762479165,0
73,0,683.8071216460706,0,36.876932648926434,0,90310.76353455833,0.5,134.25143167614834,0,0,49.99633609318725,0
60,0,228.78622037133542,0,40.96423087690687,1,391808.71494450065,2.4471465417955103,139.45661908997286,1,0,96.57200925304548,1
70,0,264.72838274034046,1,42.83753060466046,0,186831.83785792434,0.5,130.27871531623634,1,0,178.31968561287835,0
64,0,263.7040533660128,0,41.874892127798574,1,293450.7871542382,0.5,137.94322404121823,1,1,126.75927331845925,0
91,1,367.3033863334459,1,25.611582870849876,1,271097.48218027124,1.0298525809175851,137.12376578856768,1,0,229.56548236171218,1
62,1,203.34442646494352,1,37.88491831478197,1,313999.99968199636,0.5854201393623832,141.38259187059123,0,0,79.99147886893675,0
71,1,585.9764782814686,1,29.834217844254784,0,105356.04066887789,5.422249236621192,137.6867012376988,1,1,248.2789705917121,1
60,1,464.64769944051653,0,42.1497741668725,1,390242.99513783894,0.5,139.4820913340229,1,0,200.61457246941384,0
62,0,421.8878283724373,1,44.11252205903113,1,350236.42546769156,2.351469717898687,137.6492822317723,1,0,106.75599427810727,0
61,0,367.6008054302932,1,50.52329855487365,0,321055.3784431326,1.1833805576233662,134.7490120489176,0,0,231.18967723195428,0
40,0,572.5283142877544,0,56.93322002237858,0,175485.5264158459,0.5,137.82381067787733,1,0,219.41474709804748,0
72,1,472.55576459643765,0,40.29548981853861,1,228277.481317917,0.5,138.75628840138637,1,0,166.34266960522277,0
56,1,1438.4938096111669,0,53.70974063952829,1,358462.19245360827,2.4980757508100986,135.94262479642038,1,0,74.59541804266354,1
73,1,835.0281428028449,1,55.541910972299405,0,312697.7191790885,2.2128354511303847,141.99751140523762,1,0,237.22343063369945,0
40,0,968.5286268992479,1,59.546917017223464,1,292235.2103534661,1.99433487839243,139.8281028545798,0,0,256.40537065039496,0
61,0,367.6483180573105,1,32.38252440671474,0,391294.78023318737,1.7557460797761666,144.91255041023373,1,0,151.58434371300268,0
71,1,363.2509687950226,0,39.061280439954025,0,288380.2316653505,2.205927936056787,137.7406254589836,1,0,189.77500214734258,0
60,0,135.52463560367084,0,25.99141419918257,0,187242.9372460738,0.5,139.2872514366065,1,0,161.6749233910041,1
73,0,168.8253933173794,0,60.669862032744234,0,375833.5524421971,2.1515382997378394,144.2394440056839,0,0,267.0394054317843,0
55,1,50.13789376021567,1,36.42164680142747,0,306531.8024958094,0.5,138.0310692626344,1,0,144.54013687465155,0
72,0,1225.566884190002,1,56.53083004363476,0,243868.13607364518,0.5,136.0500940682457,0,0,45.916196067278975,0
57,1,719.4879944733874,0,45.51342172005422,0,146852.3792008161,0.5,138.22517730728586,1,0,39.266676492647086,0
40,0,801.8134815113087,1,46.42922536782119,0,230892.25610399788,0.7829900660892715,141.37527656369366,1,1,120.75308215702297,0
49,0,290.48921168912716,0,27.868344814352223,0,262083.86126860013,0.7389490856615054,134.7790476133922,0,0,148.48691685586002,0
58,0,426.654428790651,0,43.32284862859724,0,290914.67883835896,0.9559129801242667,136.68209752443636,1,0,90.65770537136633,0
48,1,1811.2634695174524,1,23.125241045461518,0,427045.3087129416,8.811593220455409,140.11148451720453,1,1,102.59860274890364,1
47,0,337.4061524128605,0,28.83495410681482,1,276284.5920145716,0.7380853553912634,141.9520691258345,0,0,58.14764531957989,0
47,0,391.5861072076755,0,41.88579252217849,0,129429.16481049042,0.5,144.4536904574044,1,1,99.09838630793307,0
75,0,431.3474877407518,0,47.88691978176844,0,184367.80013570617,1.0866215683062204,136.46794404138237,0,0,129.2951870560372,1
62,0,1356.8982791948056,1,28.77789036434272,1,127406.62982587054,1.385244334440707,138.5105789539947,0,0,224.47166177538196,0
76,0,609.5277011254858,0,57.98734702869105,0,318169.25741813343,1.001369584568424,135.0127498816655,0,0,116.2790365745176,0
40,0,89.58919274550631,1,38.3572910671325,1,292801.0509600825,0.5,137.24629558376216,1,1,11.900496679834891,1
78,0,243.40161986070993,1,14.0,1,205239.0722755544,2.0020154726034556,133.2807129895748,1,1,96.29270892915908,0
63,0,1180.7895884456111,0,45.81818422094431,0,201628.04066206122,0.9289600495889324,138.63596371876295,1,1,165.0701196800103,0
61,0,263.741012943148,0,37.33199162143467,0,341587.76901523833,0.5,133.6373464745371,0,0,173.42227101069415,0
49,0,112.30262484880532,0,50.99909101726093,0,335084.95657815714,0.6783219583867082,141.42048961671242,1,1,24.130383856232733,0
64,0,20.0,1,16.056571882600007,1,83960.42167091175,0.5,140.63952594803476,1,1,189.60103930038719,0
60,1,235.1203916256376,1,20.144950503981885,1,445323.9240759368,0.5626777536374583,134.64744626391743,1,0,61.29035755235283,1
77,0,408.8814604201002,0,53.11229007526038,0,335631.63629468373,1.4364811114679692,139.48092408602895,0,1,232.57887394998056,0
62,1,208.3608347327276,1,33.021037430579476,0,369191.7083776256,0.5,138.65599547456821,0,0,153.07212558170522,0
89,0,416.9953997563545,0,23.088079673633406,1,312228.8354910848,1.0071466351478102,133.81620894198664,1,1,256.2367373838594,0
58,0,425.57650296909617,1,40.7150132114964,0,313037.4562405447,0.5743621145384322,140.83041419948472,1,0,148.79814566611313,0
57,1,114.60501891624651,0,39.23745334352836,0,169584.09677915426,0.5,138.89406137067968,1,0,84.19919337713031,0
69,0,150.46879180660991,0,33.084035838138526,1,210849.9199194155,2.564828508251153,141.09840087557248,1,0,87.64530640114889,0
63,0,336.18555211946904,0,28.658924825001137,0,293930.45437503606,0.5,143.4851052381854,0,0,189.7188756809851,0
48,0,1161.882020396722,0,21.21101701914181,1,295311.77304037276,0.5,143.97229063285857,1,0,267.86003517259047,0
56,0,552.3541552396333,0,45.26925539870905,0,275494.8813628581,0.5,140.4355850771492,0,0,59.01632716288795,0
43,1,20.0,1,50.300099082221436,0,205633.34951943927,0.5,143.01772719459558,1,0,277.99662297726866,0
70,1,419.44978470675534,0,36.756339607442484,0,253423.664573517,0.5,135.47952511140713,1,0,95.32070130878594,0
81,1,365.83780262299194,0,32.39236039779214,0,494606.73868820106,2.0446974598162617,143.92062078851782,1,0,124.78987917708243,1
48,1,552.3685308317548,0,39.765995683693035,0,275286.1384987229,0.5,134.91762117474846,1,0,5.637994053261734,0
40,1,191.46099497070705,0,43.608933433507815,0,317883.36808931956,1.5399856908952876,135.77953762153592,0,0,88.7628210684365,0
70,1,1139.279660810648,1,19.116882711326973,0,146507.57676810882,0.5,143.18895898956546,1,0,13.749694686047848,1
71,0,766.9415878565958,0,39.23688201538698,0,294299.6658215097,3.19156030329974,131.12811337474196,1,0,4.400809360608469,1
40,0,360.8267869459707,0,42.129218117108884,0,342266.3588255804,0.5,138.14752304408196,1,0,169.59204575887392,0
73,0,662.7946156204067,0,44.858651158646126,0,329928.5730175426,0.5,131.74531655555057,0,1,210.55026303305718,0
60,1,102.39869146759237,0,49.48357521256612,0,283095.7701594421,0.5,133.39176302563357,1,0,94.92646575026079,0
66,0,53.85184285766067,1,37.23513112524567,0,254586.78106551757,1.9444862141029629,132.77263460946665,1,1,203.98363037700304,0
55,1,415.9051065574828,0,40.66985827999368,0,263118.0522240725,0.5,139.06922172697983,1,1,79.3530767425751,0
72,0,862.8800249887914,0,25.444136761191867,0,430533.5309351514,0.6982055400768905,132.83058299978362,0,0,61.77695035324654,1
59,1,475.9041925697811,1,47.7123903273596,0,269504.1139442553,0.5,144.81662650212718,1,1,80.46084226465956,0
63,0,227.92779893053026,1,59.32649245191416,0,450211.30494572746,2.508250170467695,134.20218935059623,1,0,125.66720881824428,0
54,1,416.49282614712246,1,23.69614334435616,0,340630.8291959096,0.5,139.10802828102453,1,1,46.67238819540093,0
69,1,259.0880070342394,1,42.26266982248764,0,320608.8657868676,0.7813024441511318,131.08423915317977,0,1,222.9177881241086,0
47,1,358.2639036387583,1,54.17945691574808,1,441422.1022175783,3.912001418674129,129.35526029252333,1,0,151.6696576702302,0
66,1,375.7255120541962,0,61.691975581785826,1,277015.3156389068,2.967210378037489,134.53395306548182,1,1,271.02208785032394,0
62,1,1416.329862012715,1,34.25016105200422,1,309252.6342474078,1.0092741268154604,135.86229301400027,1,0,227.54403705163517,0
85,0,52.705392067192335,1,48.08666631423722,0,215145.57230300782,0.5,137.52099795502602,0,0,185.41630810575916,0
42,0,619.4157595433701,0,54.41006739709683,0,409438.4407027642,0.5,130.85252083671773,1,0,161.02704879608473,0
41,0,85.57164524872088,1,43.465915838638786,0,201631.76541885588,0.9100108884805429,134.5803576183484,1,0,79.38438350597819,0
56,0,757.2351213903493,0,32.35968324670605,0,318373.025347516,2.0878960915813694,140.39864536991522,0,0,47.037957987969975,0
50,0,714.2048261584721,1,35.7632348764881,1,347812.1496107136,0.6398820593720664,138.86340277366142,0,0,137.84530471649887,0
70,1,1204.252941569299,1,30.065711532093765,1,281692.5466224091,0.6781648304288039,133.00934771898372,1,1,186.27252809966578,0
46,0,273.6634507439444,0,70.1243764717194,0,201403.9103092587,0.7674921614470382,129.87070684679972,0,0,83.7606473133803,0
52,0,254.2868444155782,1,36.63062075852694,0,228316.54431211052,4.865121523252016,141.44550432481674,1,0,72.24021164294928,1
63,1,490.5241944405607,0,20.01148249065559,0,298046.54022984765,1.6233627306253298,136.2214900623393,1,0,33.76985022672013,1
44,0,383.17821288324285,0,42.37016409307468,1,159123.45789873516,2.31097129832759,133.07356617790484,1,1,252.1794258741778,0
74,1,142.74530884520374,1,38.651775509409354,0,210728.05341662714,0.5,135.41235802996562,1,0,49.86990955524218,0
58,0,448.48637904045154,1,24.562628298350205,0,345726.3165689246,0.5,133.25412536302477,1,0,8.34849890018123,0
47,1,446.57926121738535,1,32.46915325766789,1,253173.4037337651,0.5,141.5847774912893,1,1,71.749627379265,0
49,0,455.4285466250698,0,47.607425490830366,1,446878.6430962852,0.8961009344877684,141.0166502418741,0,0,161.267552264293,0
57,1,867.9446162218163,1,48.27255092381051,0,430692.38068398554,0.9168980468345672,145.1372228940311,0,1,141.84603982175713,0
44,0,362.3030949826929,0,52.72579609984092,1,395027.0186535076,1.2051758362062008,130.8366917464851,1,0,56.699750305759366,0
47,0,462.9670287168594,0,53.297143252123476,0,269256.6085989899,1.7909312519230876,141.29342793493873,0,0,125.52965504457462,0
85,0,203.2330231075807,1,49.15134606283168,1,233333.59636057093,0.5,141.54104866443046,1,0,188.73368503194538,0
42,1,1242.9728651997043,1,46.26078872613439,0,439362.2658635612,1.1441545292451232,130.627709790738,0,0,256.51441710929623,0
53,1,58.12385714717681,0,34.954728769117445,0,222934.90706597554,1.0226629819281658,133.7930611793396,1,1,73.37821771036079,0
56,0,241.31780043938045,1,50.7219811314199,0,298717.1776854514,0.5,143.76061557267846,0,0,77.2307219427464,0
95,0,716.4060360870086,0,53.32408384882254,0,407148.98775432515,1.6613946276307865,130.81099663430183,1,0,170.50501194398137,0
65,1,107.34388986214711,0,21.116058313587633,0,366884.67659791734,1.3487225209462093,130.56931043917172,1,0,256.1341555211742,1
76,0,82.22209515645953,1,20.19871472582857,1,348068.00158892205,2.3411422535630484,140.04510334317555,1,1,33.39075473181708,1
40,0,278.09746385249224,1,18.747109794964818,0,243487.5646700342,1.4334885733699596,144.4992973437184,1,0,11.44968539322559,0
83,0,1162.1744526949017,0,24.508923413505045,1,212582.24647729885,1.3937284703232042,135.32457153784438,1,1,31.053376153116332,1
44,1,200.39901402610045,0,50.506500875064496,1,259409.77852389932,0.5,135.64596751168375,1,0,20.66042687801412,0
51,1,1201.0144652201088,1,33.157385871927175,1,413977.0773399727,0.5,130.67070656230177,0,0,252.91555555511167,0
66,0,688.6983926778742,1,50.33078276647167,0,478448.1017905139,0.523135727862376,141.36145364688392,0,1,257.27026615896324,0
55,0,1506.0474938142718,0,35.48111819895458,1,250324.7104389618,2.9471572723638424,137.55814742194113,0,1,190.45454367954727,0
50,0,524.8294576067248,1,41.809297928535756,0,324944.0858226154,1.6768637305020833,137.96919646503085,1,0,277.7704040190931,0
40,1,120.42208522895875,1,40.636574838312306,0,316036.57659114304,5.5626008628036026,140.70544532919533,1,0,85.66963735527415,1
59,0,1926.5841948978227,1,35.31420516488999,0,249518.70913853328,2.3568081833144516,141.53105828790262,1,1,265.16816387047254,1
63,1,379.2786203430198,1,55.148332448557866,0,229767.96173553573,1.6503186230632456,136.50189241256348,1,0,193.86048797937923,0
54,0,383.9283104048886,0,46.18237198295206,0,456901.7507365395,1.3095169474827768,131.39369461966265,0,1,173.13652071226156,0
41,1,1196.3156251754497,0,43.506812275034164,1,369648.0056218474,0.5,129.22417677574714,1,1,171.35809765136435,0
50,0,168.2769891056394,1,47.7242336386294,0,331227.4951641829,1.8274089401172773,136.25940965204353,0,0,23.715104045670117,0
70,0,681.0924648570735,1,41.7034866492451,0,424658.0538703088,1.2102408605161232,138.71590140690438,0,1,44.08711350136081,0
64,0,1852.8150307277199,0,39.814565585967394,1,320703.4775051268,1.440258526874002,134.6233238894049,0,1,194.55409696567955,0
62,0,22.952949652715773,1,43.22955190593725,0,170548.61184153956,0.8264016524946787,136.0846597763648,1,1,184.57726071664828,0
84,0,90.5895604750858,1,53.87107458735948,0,254080.83977354752,0.5,139.08836124834488,1,0,217.65097339789065,0
65,1,501.93299215290614,0,31.678481734696767,0,199883.89256841847,0.721481957178573,139.6112760040795,1,0,279.9792323574266,0
77,1,881.4375768097873,0,26.875075389124405,0,475401.3918206278,0.6629416022940975,141.92221104233388,1,0,253.1357879318515,0
51,1,143.3101086440617,0,53.36783038233957,0,315969.18476988684,0.5,131.14316895675483,1,0,87.6871352003535,0
54,0,68.1520569699856,1,45.293591790450996,0,222663.80590910924,0.5,142.82296418204652,0,0,93.34769876079692,0
64,0,207.8014394934505,1,37.824194633855015,1,297954.8674364403,2.0470963959138264,139.49680701535078,1,1,161.02765962276052,1
68,0,432.69028029994956,0,21.563218899963225,1,464084.47051932453,0.614343859050743,137.20106170854604,1,0,120.43735511961363,0
61,1,794.117174293707,0,27.075114255965346,0,291479.62481100403,6.319257242759502,138.64844430412356,1,0,205.95612479816276,1
59,1,1186.437583031467,0,43.87264702364669,0,429546.94831933803,6.428302142309663,135.1890112284747,0,1,41.77833877324659,1
42,1,891.8945742953072,1,48.33723403206505,0,319055.1971032687,0.5,140.00234513637417,1,0,125.2292503114408,0
54,1,292.5017025145768,1,53.60708068359046,0,246629.21815220878,0.5,130.17355208823784,1,1,220.41765895898163,0
71,0,1130.247392010388,0,41.282830287019706,0,338787.5857769159,4.906903049889294,138.9183507924129,0,1,214.60611787587524,1
51,1,122.45438418744767,1,33.11920232351919,0,448661.6320742337,0.8035602672552102,144.91072217663557,1,0,15.962727508466063,0
51,0,1030.820247378444,0,25.395258742889062,1,211842.22246022383,0.7956842028207668,132.59406113248662,1,1,197.24621400821792,0
56,0,20.0,0,32.66600748282195,0,249858.13588296282,4.0117835413783505,141.6553277994821,1,0,131.10467244058938,0
45,0,78.95689758358674,0,34.88561508579028,0,210953.83756942142,1.5618823788996243,139.3884249974912,0,0,249.28380218635027,0
58,1,437.8457817475542,0,35.18937968605106,1,253915.78012882458,0.5,133.41364292174282,1,0,218.8511270486356,0
56,1,23.41093279873513,1,40.32528795007094,1,274798.97209192696,1.6668796444036147,140.80372424902785,0,0,229.88720983528873,0
59,0,192.68739172512502,0,32.92040316255428,1,412231.0204257633,0.5,130.52079110882858,1,1,27.95269281520179,0
61,1,440.49735256484354,0,45.79447710895465,0,177596.29351137718,1.7394705603456013,136.96322293927795,1,0,191.90890885266805,0
60,0,422.1549783954236,0,46.735147993364144,0,373374.7385509946,1.5583445271531902,136.19980360196124,0,0,222.58445778988224,0
49,0,516.6951888027378,0,48.34272701120688,0,318489.34174427256,2.5548626472929867,137.31416836273854,0,1,164.63897201027808,0
61,0,173.87880992824716,1,44.21549615518214,1,159371.29704447195,1.9242479332426499,132.143014076353,1,1,19.43761124057718,0
50,0,1197.3238034669378,1,51.6116745848675,1,335002.52221758314,2.485233976208187,127.85452888275113,1,1,243.20174768066883,0
56,1,322.06520310848765,0,42.97618032982657,1,219788.8530552661,0.8131659011051184,135.62327363872242,0,0,97.41665918436354,0
57,1,673.5096443267902,1,35.54983458917147,0,264765.32926975,0.5,132.87493469700055,0,1,22.556789953204643,0
75,0,127.81426162251111,0,42.53873037674626,1,363992.454854688,0.9915629779926917,129.07924622065124,1,0,28.258222112131694,0
50,0,111.4947700946407,0,25.847507056526556,1,310209.2560115694,1.2202852353652625,147.40242691901858,1,0,90.23750173675147,0
54,0,1081.1638418311218,1,29.676612715059854,1,340961.84830899944,0.5,131.38319572280966,1,0,54.75346395898393,0
58,1,1557.5939042714372,0,39.32058146372192,0,302063.40527096,0.5249603211175193,137.72852753371652,1,0,264.89546826462697,0
59,0,312.8627037324229,1,19.004276969184595,0,286390.7065302804,0.5,139.77044079205956,1,1,199.69365018611003,0
45,1,1385.449948653515,0,22.01747774138709,0,335950.3768005897,0.5,129.65364934693037,1,0,69.17221334553756,0
54,0,70.83200234753593,0,28.574541529119703,1,210244.60355527065,1.159864301193217,140.22595792899293,0,1,123.56895987788691,0
55,1,1325.022953732398,1,33.69623650244146,0,156857.23904636808,0.9610012108396251,135.18690232198574,1,0,57.605924392230165,0
52,0,2459.636796034287,0,32.875155567626265,0,383607.36085107154,1.9938179843871604,141.17772107691468,0,0,259.9874669834654,0
58,0,42.37544612610191,1,54.22768317822225,0,329005.8526724334,0.6596333817087162,140.33706434969895,1,0,118.98090369046986,0
56,1,81.7680774872357,0,30.711712571678262,0,204973.46960872482,3.4663775024870707,140.37570072857594,1,1,23.261120647602244,1
44,0,327.60014267299806,1,17.10846464954509,0,348157.4710635765,1.32630579651103,132.20312891034104,1,1,68.79510894957434,0
49,1,20.0,0,37.27421792042759,0,250933.44072190585,0.5,139.12502171004073,1,0,222.67688935033448,0
62,0,429.9746498849488,1,31.854327402917107,1,341797.28375515476,0.5,138.62508134009025,1,0,256.88222117967393,0
58,0,170.11284951066236,1,35.23125227481275,0,302110.5444496269,0.5,135.6392674660648,1,0,98.99606013518293,0
63,1,2359.7761862905922,1,37.677805110881586,0,358083.00647086534,1.213876863318074,134.931907044754,1,0,36.520578334818595,0
66,0,1952.3818998102352,0,29.978057161433462,0,86031.1723627302,1.1387322453268849,142.15990731549647,1,1,118.03918960922476,0
72,0,688.3887044137704,1,24.289270922464105,0,107234.5488874281,0.5,140.49061379242804,0,0,169.4884572178221,0
50,0,1013.4659063711796,1,36.08644864454817,1,142542.07776928952,0.5,136.41227027562184,1,0,176.32914738993094,0
59,0,885.5409952006466,1,35.28508935127513,0,237584.31146600493,2.42335887491184,129.58216762179666,1,0,60.41674170534177,1
87,0,185.7657673433316,0,44.22909212821429,0,387323.38213157153,0.5,135.90599385770096,1,0,48.18874105046358,1
70,0,684.6248770417344,0,34.598033509973284,0,96149.41792996373,2.77319130501236,137.32822030158977,1,1,55.146705434059236,1
51,1,163.17075372426012,0,59.61539760358281,1,299490.84026438236,0.5,141.53988668358485,1,1,19.256921542304063,0
54,0,1118.9099585917202,1,29.047021260476036,0,335940.14149644994,1.3054168868145999,134.62152648233544,0,0,122.41822247771208,1
58,0,35.97344748682877,0,36.5990050314602,0,362960.1593012946,0.5,138.68038138065205,1,1,46.6310465629015,0
51,0,852.4717145126789,0,25.739344537081017,0,81149.98517038385,0.9558282326163968,141.40829768527905,0,0,117.71201270939765,1
40,1,31.729855168899597,0,27.22633075261305,0,369492.1037863743,0.6281707226445952,138.40770772970296,1,1,171.73790408919638,0
60,1,298.6962623445184,0,16.011247858000562,0,125060.8125646062,0.6927872944561785,133.58795233617838,1,1,52.32249132360217,0
52,0,20.0,0,33.672833456827846,0,288847.31941252796,0.8010685390727302,137.0749225477516,1,1,234.58572341466507,0
61,1,1431.532096227554,1,14.0,1,374470.7174584401,0.5,133.61031176460008,1,1,278.4545703019093,0
61,1,981.1776233023019,0,47.41332839100645,0,417575.49337889045,2.7266958339357807,133.16207858075006,0,1,248.55471906483788,0
85,0,839.8247596983916,1,38.985975109621265,0,306275.3520545989,0.5,142.99791159351204,1,1,222.51961485631944,0
64,0,570.4349640710298,0,38.8016903575862,0,368264.3818002311,2.4612083832256966,140.6887970029233,1,0,232.00601641945363,0
40,0,25.637407932641164,0,47.92640113051207,0,333594.00034197944,2.5857084152078804,143.70845908141672,0,1,58.73241151105944,0
67,0,346.77353636820993,0,50.017080424634415,0,220952.74807303672,0.5302605841890803,134.44741449863508,1,0,214.38778832505238,0
75,0,165.57324680073387,0,57.3531715993045,1,196043.48256379142,1.0529768283580705,138.7322968503085,1,0,36.539475560296,0
74,0,924.3139190639473,0,48.82331627620751,0,128690.29580945396,1.5830118432836837,132.20093457614414,1,0,112.54503132149571,0
40,1,118.52363071251015,1,24.726248429638268,1,227177.27090431863,1.2295209033515229,136.55324462792666,0,0,102.25803369915765,0
54,1,873.2807544418466,0,28.86736651586023,0,105217.74830105933,1.0575560668975392,135.1941512595352,0,0,193.83273358023482,1
54,0,232.98593510803556,0,70.65416547777473,0,240360.4290671701,0.5,137.23859436888276,1,0,206.62731251988873,0
52,0,76.88904911452512,1,23.315208684044343,0,82551.16736253822,2.372229942968045,132.93204273118394,0,1,112.01460947002829,0
83,0,20.0,0,39.575165547929764,1,311443.5194986418,4.677033066340629,132.28617252068486,0,0,46.91280874849528,1
59,1,1009.6691646859097,0,52.78891297830452,1,353288.7358205671,0.5,143.1434208576161,1,1,22.871779558871033,0
74,1,117.82703012579803,1,49.11891156120666,0,344975.41058337176,0.7658399151369417,135.47469733524582,1,0,93.23895381048132,0
56,0,209.751017096172,0,44.58663831585909,0,401406.68146378105,0.5,134.99313288130784,0,0,214.33546086755118,0
71,1,305.1841648798218,0,40.28067386807172,0,296758.0624504712,1.1054587844947517,141.32646839716787,0,1,181.3127374823278,0
87,0,1219.572168994078,1,44.36959285208275,1,281291.76365877816,1.7845497845254397,136.68183890175413,1,0,90.69572146643003,1
58,0,1306.9384158608755,0,32.143311576699894,0,471719.1301161272,1.6067872628713376,137.3548052729904,1,1,71.0914549934961,1
68,0,619.1259999418949,0,38.47603704551329,0,175442.4012884699,1.0153472959594023,136.41192178167873,0,0,243.97098975376932,0
53,0,1078.7666396825011,1,35.408006483143545,0,268956.3480108745,0.5,137.52943211203745,1,0,15.445910693501496,1
69,1,1509.4569966595652,0,38.50919682336467,0,351273.2682422779,1.9004622202857817,133.3367408589652,0,1,208.65501229635774,0
65,0,1629.4350517551861,0,39.8693405294851,1,322646.25114657247,0.6531987351597104,140.01568290820654,1,1,45.38761223330939,0
73,0,300.87746741509585,1,33.56929683531931,0,408730.18337089196,1.94131839912229,140.194936449902,0,0,259.3791506266065,0
71,0,1860.8650653674172,1,47.9052611661035,1,290998.0129886803,4.262303882433929,135.38981052399802,0,0,184.44149748749564,1
56,0,946.4934666699824,1,30.288948417766537,1,308886.652097288,4.261777310083379,134.81354358089172,1,1,51.489819187204944,1
79,0,20.0,0,39.051803067749425,0,264048.6465179559,3.0006992824908685,141.24618635351592,1,0,172.75541856012538,1
59,0,88.95828048670302,0,43.926335360674216,0,297303.34092703427,1.6372057928366326,135.1462267365713,1,0,61.80846641316893,0
65,0,232.1032289333355,0,33.87432902009215,1,292475.90520472924,0.5762588000125011,139.19093929045786,1,0,278.4945908856829,0
59,0,718.8278095710134,1,52.154787510880126,0,337228.49582413246,0.6604005953003502,137.08609509633703,0,0,171.4987086118949,0
47,0,1533.8586112002602,0,47.821293731647444,1,420639.85948664165,0.6870871203229443,147.50278093718597,1,1,76.20666943398187,0
54,0,555.6971776895269,1,23.19606181412683,1,419269.671136034,0.5,132.5320646725406,1,0,78.20102577261402,0
92,0,20.374481989304037,0,37.777850281110716,0,108970.86996563704,0.5834813565925832,135.6241242090398,0,0,5.501117547267777,0
59,0,718.4311729731415,0,41.73275248250126,1,203441.63510705647,0.5,137.2462880055496,1,0,210.9409630785734,0
59,0,576.9443889999241,0,27.18105143583535,1,175855.22992759745,1.4138534418289914,139.42613080285744,0,0,65.56439686002493,0
72,1,41.09876191860508,1,40.529348810744224,1,252524.08141390744,1.2903274027313354,136.12436796508,1,1,282.0804815650593,0
66,0,414.07247136998336,1,45.96733134406391,1,60817.9074447086,2.7516507923817874,134.32105644474316,0,0,191.68670423247755,0
67,0,172.47581538592993,0,31.034377955007614,1,232425.947219516,0.5,131.3584199102492,0,0,235.29051163752686,0
67,1,1028.0795686180486,0,33.2972075070886,1,266406.2145703331,1.2459939035330398,135.0521854951426,1,1,201.95085421531581,0
87,0,1119.9290255705223,0,31.335656232948118,0,205512.88963789263,0.5,148.0,1,0,223.76712233056162,0
61,1,377.35750898504944,0,52.42955048819421,1,297014.7877778673,3.0358192746174746,125.84777754515238,1,1,100.69662712418443,1
67,0,1535.366544994705,1,16.531651366879185,0,309924.91720870684,0.7471011523858236,127.91584176525647,0,0,103.84915362236323,1
42,1,57.234476457016356,1,42.2974926495016,1,210231.82142458612,0.6150747264140961,134.59942234330998,0,1,221.87533979482103,0
40,0,347.8798426920203,0,60.66519595338579,0,428343.0959159604,0.5,131.15525674893314,0,0,172.26706336731948,0
62,0,134.3609615719374,1,46.301585969936404,1,242198.1080460517,1.325332575454151,138.8933369507979,1,0,185.75202636642877,0
40,0,93.34639826062984,1,34.85296738863141,1,263792.66054343944,1.857481319604866,145.6830045297076,1,0,60.486851973660144,0
55,0,708.63782568263,1,27.296586266037167,0,269585.90431131533,1.4135812919249706,134.46043083178847,0,0,258.7863728695338,0
67,1,1602.3931007915094,0,27.832653409606223,1,253941.51963766414,0.8164861434217033,138.60772366908975,1,1,259.5896268853621,0
56,1,1003.2310588996311,0,27.04031984545918,0,296434.54323721817,1.542762727521156,145.21661092854507,1,0,180.58376416544817,0
59,0,372.11783469909483,1,41.099381641950075,0,305376.8827847492,5.952003779488598,141.04487244764184,1,0,141.02246939276517,1
70,0,20.0,0,48.857491510612974,1,203376.41355124634,0.9134475011017192,142.51847962431427,0,0,24.739550462469015,0
78,0,31.733951139205434,1,45.204205862934856,0,237516.27049336222,1.6585296546517534,138.203522527177,1,0,158.5249118374666,0
73,1,269.6708901680961,1,41.126499112675184,1,275583.34938183223,0.5,131.11955094229825,0,0,46.41976701681394,1
54,0,2556.5146532431922,0,21.07165794392098,0,185736.35074670782,0.5,137.14862552364698,0,0,68.80358894894424,0
67,1,528.59181423957,0,36.56483255982348,1,185182.40900456504,2.322887333215196,142.65058042914356,1,0,148.37045179797576,0
73,1,615.3671063788622,1,37.544323266543806,0,138211.66219303352,1.9586240627697376,132.38415404444996,1,0,219.03832297133437,1
56,0,571.0111474490142,0,45.469508833729876,0,392765.1635614179,0.6051984549787748,128.9919200767334,0,0,237.63877050868763,0
68,0,1159.880085009833,1,31.910705485946167,0,108080.38959413333,0.5,136.62710101064968,1,0,149.06191164133546,0
74,0,692.7049927205505,1,43.48648371532208,0,335930.4078505689,2.9054371226148175,143.47375749102662,1,1,226.8262073421462,0
57,0,560.0163895983684,1,45.92563490657067,1,218529.7243136901,3.611120302074607,135.48338017397737,1,1,239.0504668512714,0
41,0,1222.2811221736085,1,27.695869480194705,0,197208.32073750024,0.897218447139989,133.8069295832018,0,0,10.850823128985537,0
40,0,104.14616029555688,1,42.47661232575926,1,367423.68974289333,0.5523956932829971,147.19287851326118,0,0,191.79514365531853,0
57,1,276.82779054286107,1,37.61643708854604,0,351674.6379731534,0.5,127.54984412386312,1,0,109.8323894998553,0
54,0,252.02813817051717,0,36.316157692030195,0,438953.19762742653,0.5,141.39478918592764,1,1,188.60313847897018,0
66,0,1822.5223710269197,0,32.34127781362511,0,300318.06301504746,0.9527427890983521,136.9367059901749,1,1,275.3721799067936,1
64,1,249.1449099885676,0,14.0,0,114229.94523385234,0.5062269742749008,141.67866309349859,0,0,181.71221460328965,1
77,1,1304.8217918625721,1,33.374785211762074,0,325576.58765950945,0.7114422836299782,133.2864349187253,0,1,275.35686339031616,0
62,1,359.1932131779812,1,37.63345687373051,1,314549.3226101444,0.5,138.81046737870946,0,1,29.516222645119715,1
53,0,1109.7892614793764,0,52.54217619139206,0,257704.7666660202,3.729613864577567,130.62321492086363,1,1,108.98371860703206,0
63,1,192.8863483071266,1,41.835908786766964,0,299455.82872737513,0.7202487056122241,140.11250107990028,1,1,87.3487166553443,0
86,0,32.23882752071215,0,34.98815429750376,0,241045.1239338548,3.4619040462570903,131.6373344132279,0,0,283.40795640050345,1
70,1,20.0,1,25.256118735978802,1,237786.8940350802,0.5,137.30386089125824,1,0,204.3808403401536,0
40,0,496.77521508889265,0,30.34886750181555,1,203103.6677459973,0.8280815502743202,139.95875717720034,1,1,128.13556681414138,0
64,0,1250.3061470745129,0,41.7356121602694,0,213222.48359411387,2.0983900197864047,134.23897684179215,1,0,280.7475658588818,0
63,0,136.48782165982618,1,42.281758717110854,0,37601.21672472969,0.5,127.62546797790031,1,0,111.37657341795722,0
63,0,1141.6131676969028,0,47.91008306714608,1,443844.0622946676,0.5,127.46198022846225,0,0,189.0519620754918,0
74,0,53.018789328157176,1,52.208949317175666,0,259150.1447350443,2.272927544701611,140.72837555659837,1,0,79.0640167273696,1
48,1,959.3327514004303,0,34.12011534068787,1,106770.93182582187,0.9939034609719977,138.1422740797732,1,0,244.9002785991478,0
43,0,25.815539484801317,1,32.01002379382608,0,276548.10130915686,1.3934355021137579,136.7908220708944,1,1,282.42051141729615,0
66,0,168.4215767101978,0,40.17677164951479,0,268223.10725351336,0.9926427019326801,139.2419702791588,1,0,198.91196480692088,0
64,0,196.4887424072002,0,30.44797881780569,0,25000.0,1.448683611477651,135.2007497598688,1,1,272.0356963101596,0
58,1,161.76499210154677,1,36.99825516741472,0,291255.06066480465,1.0689637252515238,134.83526258051506,1,0,240.53504057545956,0
52,0,692.5324926476721,0,30.412025544026154,1,191428.75722625072,0.5,136.0500770430404,1,0,61.91796561190097,1
57,0,20.0,1,44.24010840542929,0,307997.5343762824,2.5893475935985713,134.1207951198741,1,0,4.84631199970299,1
60,0,365.794568070609,1,50.165708827472784,0,303895.0748282682,0.5,142.70043341723152,1,1,140.2665771268291,0
40,0,534.7257043822082,1,43.696700409564926,0,400026.56109024683,0.5,133.76975806986695,1,1,110.18928483479615,0
58,0,1761.6922608051295,1,35.131012416646584,1,266992.9700904318,0.5,138.0516774790878,1,0,75.09436717758547,0
57,1,1210.5551350893586,0,39.31455486205398,0,244583.41492740513,1.0385679381495154,137.16575629159547,0,1,190.96893840219715,0
50,0,222.9702450793375,1,39.56942915682378,0,249486.10397404231,5.387164067507063,132.15972527330132,1,0,278.33081100233716,1
73,0,819.5925002629314,0,54.218589432383865,0,151258.7116295087,0.5,133.78295894833866,1,0,145.6430401089876,0
69,1,273.89057720400535,0,64.20340048306213,0,208968.5931166948,1.7772516435351278,136.75416182667834,0,0,32.18298328487033,0
50,0,336.8789856950947,0,38.91437142272598,0,132703.63596657914,4.493448632008062,139.24700768639016,1,0,39.93046251218587,0
60,1,74.11104818405404,1,17.775385628941446,0,278027.13756570476,0.5,135.08764451676433,1,0,228.86286429177014,1
56,0,907.6649031911548,0,42.83207101291148,0,284773.7073815339,0.5,141.0572270780417,1,0,159.4397837027719,0
52,0,836.9769115636603,0,46.216820874520096,0,307231.95737749775,0.7032311618905516,139.16995092789355,1,1,58.04203550698063,0
73,1,1889.6875872927765,0,24.142839877709118,1,311063.78339446813,1.03142353548714,134.76507069192763,0,1,17.459614137893468,0
64,0,219.33536180228174,0,34.8282989588905,0,400474.74040115473,1.181493049710255,145.34054676305047,0,0,218.97288785031643,0
76,0,361.1568235470963,0,23.914634703364275,0,347315.4883224015,1.0160828635343053,125.96772877847087,1,0,185.7869753145357,1
54,0,91.73073600899576,0,43.199385939483925,1,361511.2848090868,3.9202762776764817,135.81961336052456,0,0,15.279347818159229,1
76,1,139.21798123440377,0,65.14045801526979,1,241389.95665787905,1.28567140663121,141.91806196517794,1,1,130.69918947270435,0
67,1,1003.697089357036,1,26.708188149709567,1,232071.14099781268,1.482810928425503,130.32270996570043,0,0,174.37155503291729,0
58,1,236.46354121726444,0,48.103113003550895,1,156391.95294579142,0.5,128.21482243699128,0,0,80.05132613208534,0
76,0,1935.2341866475629,1,25.75496219926326,0,66681.4107676241,2.5689288323387376,135.79458867231077,1,1,146.92332032132825,0
65,0,678.5011733266581,1,38.18103257354735,0,85428.4156717773,0.5,131.45389064700072,1,0,168.39747703211714,0
53,0,344.5959885953334,0,33.97532111561232,0,228577.6154959774,1.565625127244238,132.2698423447459,0,0,11.917977951309156,1
65,1,1996.8957955883345,1,38.5031833621631,0,302340.9541971304,5.783105609401098,140.23847877292428,0,0,276.94438960069516,1
61,1,20.0,0,36.39082823591161,0,342329.1760692834,2.7083172768840154,131.86994573625915,1,1,7.7746527395145115,0
58,0,137.82973973625062,1,42.8025657900691,0,425123.8563078733,0.5271356202455991,140.1810150081931,1,0,235.8290916840774,0
58,1,296.0389477386545,1,46.744592671192784,1,326585.5302024837,0.5,139.80676440198158,0,0,194.2727084742825,0
62,1,179.64704118384805,1,28.55046466150182,0,210173.01496172912,1.518886439071997,142.4160543342824,0,0,113.86030075629084,0
62,1,84.67572884614201,0,35.93274216149611,1,284703.0009990249,2.0661417076895083,135.10573219053228,1,0,6.665774249599133,1
72,1,567.398983571446,0,57.438909380475764,0,305704.92356326757,1.0500394764902392,143.07699430991642,0,0,232.16207229779877,0
49,0,723.2225692628257,0,42.015970244831806,0,286997.5740059922,3.321399682241762,137.34139223813824,1,1,75.9468990275827,1
70,0,2708.2257078348166,1,29.03919318115784,0,279358.2144113723,0.5889923023717446,138.02519039607498,0,0,190.42236569489302,0
42,1,263.4319130993135,1,48.153501472847175,0,357311.34471484245,0.5794885583990915,134.96562879192507,1,0,52.39521739099512,0
51,0,409.47500459239166,1,37.232182320329684,0,255059.505167672,0.5,139.95104311549144,0,0,196.30215427938433,0
83,1,330.6208256100188,0,49.800592007285275,0,174607.74911614685,2.7051237433308972,140.9453981856503,0,0,68.26760209750329,0
81,1,571.998402857528,1,14.0,0,25628.614490731183,1.7412837287328502,137.9764222488137,1,1,188.71795516366805,1
54,1,336.5655785577757,1,30.662610334424674,0,188793.85412568695,0.5,134.7882091213405,1,0,160.7276656664645,0
68,0,389.64705593105083,0,42.29264757636986,1,327798.6737341403,0.5,134.84806105292338,1,1,19.68559383147217,0
47,0,55.845074001680274,1,45.419532245847954,0,340736.0126980662,2.551551415895675,145.2317669801273,0,1,255.4764416877794,0
66,1,302.96180077359764,0,35.677813524960065,1,161321.5782089822,0.8882441028025637,127.57774414587483,1,0,134.6186868668843,1
65,1,2163.9729285615063,1,38.57652946541186,1,387900.7397290424,0.8467413323756015,133.66670805057313,1,0,186.8162973346489,1
57,1,962.3374560226815,0,44.07208520287587,0,216325.23043296405,1.385000768411369,136.72611371060316,0,1,283.1863427997852,0
54,0,701.9251583213661,1,36.437187406249905,0,323621.0421614841,0.5,135.9402420002208,1,0,250.0206789093816,0
65,0,236.52553910014896,0,39.57628028551583,0,148384.44740615628,0.5,134.39126842571895,0,0,78.63380459126103,0
40,0,326.10723718436236,0,27.021578908512865,1,297104.6283445514,3.8357028705875766,139.3875397019551,0,1,96.05737453655254,1
66,0,1426.6409012345475,1,40.46130853302063,1,312580.2641744569,0.5,138.1809618031866,0,0,150.291140192332,1
69,0,186.2279555376777,0,17.79507861450508,0,215693.08064813245,3.7826110646873072,141.07230740876568,1,0,199.7490511413776,1
57,1,152.4748745543375,1,53.43756464234808,0,391736.4471795413,0.9626336091306675,140.85876414205052,1,0,205.37975583195217,0
76,0,280.2447222728895,1,46.13731171433426,1,173412.32977285428,0.5,130.96806981751843,1,0,51.89502952800946,0
48,1,1663.2030106286934,0,38.82078042857507,0,292441.6375080233,0.5,136.75998544757107,0,0,51.442417033215115,0
74,1,3428.5044273179947,1,40.14247995678308,1,233028.1385503929,1.5938787293808239,143.52341784593287,1,0,231.31158869118602,0
60,0,675.9148208278481,0,31.294208241705235,1,156013.0580864827,0.6565645429805379,132.43321336234882,1,0,49.72892716814587,1
74,1,364.03030531415294,1,44.11595249647007,0,111822.31583140796,1.8493172235871909,139.1850316602408,1,1,68.33908914419091,1
62,1,434.14979073517543,0,32.274364666597045,0,240835.48344984656,0.5,130.10142178315857,0,1,251.4611278549708,0
48,0,25.647476883037367,1,23.475019773809542,0,186983.53712125306,0.8301251383867442,135.52327210006627,0,1,237.68060184534468,0
59,0,902.3873563031015,1,22.639932038699172,0,202781.9529024179,0.5,132.17928242870246,1,1,229.42589501123197,0
51,0,316.80136739496015,0,31.79436783757835,0,220239.75253164186,4.39633420252567,141.46531932813258,1,0,82.65426045074587,1
74,1,1043.1895799961153,1,53.5752196858741,1,238347.78836934044,3.9199188125317868,131.75527454505132,0,0,276.48859797661095,0
82,1,704.0800462125814,1,19.614321330963456,1,174472.86657123023,0.5,132.8098759212877,1,0,172.15385106271182,1
58,0,390.02219702244076,0,33.54104957067236,0,241281.71435707886,0.5371225009124674,140.41696535929472,1,1,251.50170435703808,0
78,0,1453.8223326660118,1,36.03529645208168,1,429959.6152845624,0.5,133.9908324272863,0,0,143.5086423292339,0
55,1,159.05690703413177,0,32.63400480392044,1,272658.2206446634,0.6688026078900033,146.32310446865557,1,0,264.85225458840114,0
65,1,1777.6001860773906,0,31.212035808035658,1,366934.9126193606,2.065449550382838,138.86567573621804,1,0,228.83333689341936,0
80,1,225.00381714420072,0,53.82661069012759,1,354763.1325447289,0.5,134.2663989590623,0,1,51.273212400072346,0
75,1,1014.2424354551961,1,23.943848312890644,0,188698.85885178327,0.5176262515178282,136.95951298224998,0,0,275.9257273211839,0
43,1,339.4341917727397,1,31.251366150466787,0,214671.61932105434,1.9555455776105815,137.80049094796155,1,0,218.67327110075536,0
73,1,51.78137658107391,0,54.799056287811894,0,239615.25358585513,1.403963579050122,135.7302810940601,1,1,156.11047287160474,0
71,0,2217.8660891709283,0,21.93385858563668,0,176336.1340538779,1.760028608146396,139.6513662509821,0,0,187.51769093270835,1
40,0,1437.9645461148302,1,24.92168665683711,1,175297.2876224778,0.9131795483226717,147.24120462582331,1,1,222.78275454825055,0
77,1,1124.477411897823,1,16.252179783656015,0,236323.87960765063,4.866301648307964,142.97680210484447,0,0,143.0491389672407,1
64,1,965.9649183516098,1,33.5247849664236,0,257269.42044820366,0.9220104774521972,132.3367000148551,1,0,127.50974012644696,0
91,0,613.0054107035531,1,35.7952143592568,0,358828.6806892426,0.8426131081222308,137.4362278451922,1,0,252.14975392827168,0
59,0,201.47881213736585,0,41.40807165356487,1,226308.94850764528,0.5515586894062204,131.81451895493518,0,1,69.82141201934519,0
59,1,451.60104621544616,1,51.387292921698645,0,386808.02328937856,0.5,136.90965126520865,1,1,138.7085055410651,0
61,1,148.22252234711522,1,35.53385300029208,0,140796.52520839105,1.4796889043917165,129.50725358084463,0,1,215.914678954822,0
46,1,577.8491568722399,1,58.36120576980162,0,54055.658073377796,2.275177525568084,138.39568456962138,1,0,266.79577662002265,0
58,0,20.0,0,39.18065948837835,1,240787.5352864734,0.5,144.19698452698128,0,1,165.65181629896418,0
62,0,60.642924313769555,1,17.391638017150353,1,330440.18705031916,1.2116102969892082,128.79750624631828,0,1,186.78534660097657,0
64,0,489.31240193414,0,41.09475975723635,0,126894.7460526475,1.363594865262032,139.8105392113462,1,0,53.18425615924326,0
40,0,201.42450230116188,1,50.05698455793847,0,323708.835750005,0.5,135.22704973694536,1,1,180.4752429422775,0
40,0,430.5092826297876,1,29.194152598099528,0,175487.41468331413,2.2549874927175315,136.1988768914553,1,0,51.067725965679266,1
57,1,624.5087754156982,1,34.535397466493905,1,336916.8550529093,0.5,135.65532160383646,1,0,133.17780842787747,0
59,1,572.8680409210886,0,56.86892087369809,0,298871.8238943506,1.4808545608809855,139.31637538187098,1,0,239.40874387885503,0
63,1,196.03281280948013,1,42.75824795212377,0,114835.87608089563,0.7848903495580241,136.49808927189179,0,0,123.46894668738534,0
54,1,667.096547508136,0,42.98999565920846,1,280436.6874539597,1.0957217445952865,148.0,1,0,215.2498166528029,0
60,1,1668.467925246772,0,26.81860687719042,0,269742.19181266474,2.3036552330724627,135.24949891367802,1,0,156.8286105863177,0
67,1,1443.7262529276761,0,37.535751741313135,0,356937.4106881271,2.0965945635149064,136.89050867622282,1,0,114.45361468058762,1
61,1,1639.283372493763,0,49.049743942715835,0,176380.53777564532,0.7637367135795708,132.69219897534578,0,1,174.45584554312265,0
66,0,590.416201598301,1,41.69571556108642,1,218419.57865336115,0.5,135.06237564582943,0,0,116.72979429811012,0
57,0,133.62538802038648,0,46.18785202433959,1,201433.84168943207,2.941332597750736,141.61845701086267,1,0,55.71828358214096,1
45,0,20.0,1,35.196839239266104,1,259366.11750928228,0.5041448826792381,136.95853510554338,1,0,202.44178050836956,0
64,0,1963.8170498467764,1,28.349310152642566,0,402073.97681710415,0.6424430660934071,138.27020591229913,1,1,253.32756310051388,0
42,0,1527.274931115455,1,42.25156983223992,1,87083.11194166943,1.1847098145614954,131.94040550678312,1,0,32.16517448063088,0
45,1,45.402666504717466,0,42.80475229435508,0,185061.99253968248,0.5,140.63512014370983,1,0,147.09403863034532,0
54,0,467.0998273173176,1,33.52586203107375,0,393216.4889447634,0.5,131.92992763333888,1,1,72.973242664178,0
62,0,308.6786140879246,0,43.33003105923887,0,80652.13140866178,2.2423841787019887,134.8668213812335,1,0,194.6514706054128,0
59,1,977.3798253115933,0,36.45452576252366,1,501512.4088885356,0.5,130.36961599866356,1,1,164.07621724446085,1
46,0,251.02462306155635,0,38.48300821230389,1,360470.72392394353,0.7268181909307294,135.8311082425231,0,0,121.41117693424107,0
85,1,373.0814208345165,0,39.91969289755314,0,288588.6987395063,1.5332256761081917,136.42279075579856,1,1,141.37804881632155,0
47,1,480.8659458294436,0,51.58886871211589,1,251439.54199008396,0.5,132.26444029728506,0,0,227.13087418291244,0
57,0,616.4039812712712,0,61.817813148982395,0,268596.63493714127,3.0756965281427715,138.6545484703673,0,0,208.37335557415676,0
71,0,519.9137910104066,0,46.017126436795344,1,275554.9511238441,2.606167806667845,141.6985843588658,0,0,283.02339602226607,0
62,0,398.96310920167707,0,35.97763269530362,0,299291.5214366652,0.895552443372971,132.56732388614122,1,1,278.60952078223556,0
58,0,339.65258115381033,0,31.14498130834841,0,268854.2726088108,1.8105796270445111,135.91664403768783,1,0,130.6640324625471,1
72,1,1627.695755752503,1,48.01094572268691,0,319594.3139834765,0.8848697879715114,128.50024918009268,1,0,235.98719939986617,0
60,0,1361.666239741222,1,36.17994609667103,0,142773.31432391482,0.5299428946138378,138.64611504999755,1,0,74.93325018439587,0
47,0,975.7144704776322,0,41.47171913616451,0,239339.63223706116,0.5,131.9017433819845,1,0,98.25660363769619,0
84,1,1048.7685651355896,1,21.324770514451878,0,307895.356049939,2.577433607424257,137.78835735091795,1,0,178.99917077017972,1
61,1,433.4049638908204,0,44.10096251314759,0,366969.23785537196,0.5,144.76819505814353,1,0,232.4580041468145,0
48,0,304.572009778602,1,30.430345583501655,0,291956.59433554835,2.0746255076723408,129.8566465541567,0,0,258.1060209910142,0
81,0,101.45114774801428,0,45.590554232441896,1,25000.0,2.2133013798880623,142.93476784256728,1,0,59.00115493690731,1
51,1,975.9669052676561,0,48.560716982970284,1,268697.9502233345,0.5,136.3966127124073,1,1,259.5639030943987,0
53,0,279.079594730533,1,39.7082722472277,0,271734.09237637394,0.5,134.39492428341737,1,0,109.42267990795389,0
48,0,587.2028478898661,0,40.280553769603635,0,280308.4417788161,1.382364018840251,136.38153981111734,0,0,239.62620983891736,0
78,1,1261.1665889316544,1,39.126754113243315,1,106130.68037877968,0.8739814002920527,136.85788859468693,1,1,269.1207929411636,0
43,0,842.8830973159579,0,16.774370890872706,1,287308.5175414462,2.65541744682657,140.0143273201161,1,0,122.06066069619897,0
67,1,401.2043778418507,1,20.550510233120118,0,339427.5061922005,0.5,137.56589859674946,0,1,229.60473268620896,0
82,1,142.24859754179957,0,47.04801687590466,0,155504.08895952447,1.4688964324848577,138.9306094867643,1,0,233.98403544330296,0
62,0,198.1913742108063,0,31.31015074480134,1,213230.11338526517,1.175151465131103,141.40438955211212,1,0,112.57610390312364,0
54,0,309.0367096151086,0,44.74565496414329,0,214237.01857710967,1.0640038155474005,135.19389108615778,1,0,224.27436738103003,0
60,0,719.1105964319704,0,32.630558869120556,0,443150.8588574134,0.5,134.1214706368457,1,0,86.68844934974925,0
67,0,71.07994430234139,0,14.0,1,331242.8839560661,0.5,139.44851653458852,1,0,13.438354228313779,0
48,1,111.47074399160506,0,47.10597948416541,1,250810.51186959483,2.693874121553622,131.70142471654123,0,0,18.145361224150648,0
64,1,1115.927389496536,0,27.699133875220593,0,257078.06667938695,4.9528829267645085,144.58992504327094,1,0,137.20087653413447,1
51,0,1235.5587725202442,0,41.849963468070435,1,274537.21621152095,0.5,134.71210880946353,1,0,185.28256997993313,0
59,0,505.0126645808981,0,63.42941217118954,1,244092.46367724496,0.8928609946712274,136.64652008766598,0,1,45.459618288199486,0
54,0,212.0457660984013,0,34.3491863787456,0,242574.32037921879,0.9217721773112981,142.94328225687292,0,1,104.96320256039178,0
69,0,46.90145116305044,0,39.508307292585386,0,252353.55990649923,1.9791721532404078,134.96554720167703,1,0,8.380181722758051,0
82,1,1757.1307035753769,0,35.11029497882198,1,262257.78653257294,3.8397068230291085,136.13656477587054,1,1,198.8826899871861,1
44,0,90.73397218168941,0,52.64258143006728,0,227818.25849511274,1.3020442704365334,134.38374447745613,1,0,93.09616947378633,0
60,1,1070.8889470572499,0,41.75577950856715,0,301677.050802684,0.8283894029983571,133.90259921702506,1,0,91.82798395220743,0
70,0,550.1307120928402,0,30.11903595797748,0,465266.4106369233,1.243960125970487,126.69391698374508,1,1,149.05094905839601,1
55,1,335.3923712169374,0,22.698186796098327,0,398665.99375882326,5.14217840331045,134.3271016792576,1,0,43.00113762669443,1
62,1,291.8241979877731,1,31.66268041774468,0,230617.93513022392,0.5,139.36115040114058,1,0,115.78784286602011,0
79,0,1001.1702178695188,0,28.60916715459593,0,143138.57562820776,1.7611733829076106,136.30921968441052,1,0,171.82311874332245,1
44,0,960.5017547855855,0,29.036001509762187,0,25000.0,0.5,132.1479291302101,0,0,46.70249422878346,0
64,0,193.80275050015538,1,18.855580366624093,0,143652.36151396844,0.5,136.54619777592546,1,0,270.5903690010722,1
74,0,367.86084265019105,0,51.05953489221979,0,195129.8132865522,1.8931561353141264,138.089509374173,1,0,204.4032638115228,0
64,0,367.25714932155114,0,45.63299825919211,0,223038.754701266,2.558895010814827,131.75747118368477,1,1,185.00338865405283,0
61,0,145.63521036384697,0,14.811548054765915,0,206880.6737389436,0.5,133.09528906897268,1,1,273.9134034850961,0
73,0,613.7521066973605,0,14.0,1,132326.1246520381,3.117795122001637,136.09461855541142,1,1,66.19489950962739,1
63,0,361.3093456583784,1,27.707483459799995,1,291060.20485940366,0.5,136.7458175125465,1,0,88.94287791819161,1
68,1,49.13388247873576,0,30.927329628548538,1,303303.25783899566,0.5,140.9952891235365,1,0,41.72431848495273,0
81,0,194.03531583445624,1,41.45036083447081,0,451410.6263343011,2.3950188440425824,135.99742736097798,0,0,83.41119344107034,0
52,0,1714.011416105303,0,34.229015947753155,0,254658.89180212075,0.5,129.24624903364773,0,0,103.26810186737013,0
52,1,231.1678668555092,1,42.54386705462323,0,259381.05611726444,0.5,137.03058150051774,0,1,232.45063094948262,0
40,1,240.23279657628004,1,31.92190548802226,0,358814.68320601806,2.0521518915185646,138.7779064273227,1,1,153.64272018211372,0
52,0,730.936245011022,1,46.96452050841218,1,284320.0875354464,5.291813202356504,133.9035244261756,1,0,212.26830332030022,0
83,0,32.7427663506758,1,31.83554574493634,0,468241.98439837416,0.6171886632722597,135.92948742342878,1,0,238.3429329430038,0
50,0,257.599321009655,1,37.42908821865852,0,145575.97380527502,0.5,131.89263443199115,1,0,235.7945924925976,0
63,0,1921.908173851621,0,47.00800440872695,0,234500.4535963804,0.8676059995566056,131.66727875766213,1,1,164.50469927568957,0
52,0,2243.2447319335697,0,29.030879575456915,0,300257.94044431153,1.7951856221310925,132.14022485179098,1,0,186.48274874622982,0
58,0,72.81013972593782,1,25.304624039836973,0,303536.09938125615,0.5,134.41575467719227,1,1,89.59488272439721,0
67,1,131.51941070763112,0,47.54068432371018,0,286787.93677563587,0.5,133.59704970700733,0,0,120.57308518613075,0
67,0,151.38453112971783,0,28.573005892197575,0,343007.4558462155,0.5,146.01654306052643,1,1,237.88929007023515,0
44,0,322.85251865691095,1,54.16682427248335,0,130860.28636319976,1.3058089747847244,136.57381719475697,0,1,29.96442296564071,0
64,0,467.34932769395243,0,76.17860859763621,0,260302.02459958385,2.358189617572291,133.43442930400212,1,1,262.71926784466206,0
73,1,1287.5696870175855,1,46.42148649191405,0,255976.5479647054,0.5,137.48372751280957,1,0,10.893265727550512,0
71,0,228.0584915318654,0,39.93734989298248,0,414798.7709026124,0.5,137.8243222186058,1,0,113.60648851423429,1
60,1,146.88012696064638,0,33.29906798668443,0,55649.54714083238,2.3439252834474074,134.27953455570716,0,1,184.62566632362837,0
71,1,390.5954490361116,0,47.31041290997145,1,211319.80073510716,0.9693274053882702,138.92707668134423,1,1,156.22969663652424,0
63,0,84.87962472432159,0,31.911483760524984,1,233002.3524834053,0.8123306860266625,140.48504738803504,0,0,267.8650423310225,0
52,1,517.2850486808059,0,42.31436606548664,1,156831.04086344567,0.5562570033337243,133.24653646609346,0,1,231.12911792906402,0
74,0,1447.0310792299367,0,28.76825480681522,0,359063.3852235957,1.6290241605545583,131.32269939238014,1,0,111.26483813957769,1
71,1,932.4162956496593,1,28.813588038858867,1,256885.18023991273,0.5,137.43279459243092,1,0,147.13531492946666,0
73,0,191.94581372388438,1,48.661059141233544,0,266061.12684381666,1.342917853547806,140.42312784725868,1,0,33.12178874200898,1
64,0,861.5334343691371,0,24.335960539684365,0,532704.7258842906,6.093419081092813,130.74349909026725,1,0,131.8930882822035,1
57,1,475.1142747542229,1,58.50200512312094,0,157997.55217806558,1.4083160331694073,140.48282196665096,0,0,118.57365435505305,0
58,1,2001.1471415739093,1,30.50853085366335,0,362018.6110769281,0.5,132.43223923517232,1,0,112.1613798807947,0
75,0,104.61084618684727,1,51.840253054017936,0,388803.7627059625,1.1755309795711653,136.09125193328273,0,1,4.564955995330079,0
50,0,311.7162439411513,0,43.8196587653694,1,281749.04489344987,1.7623195547387198,128.3523691150697,1,1,94.80672623236508,0
79,0,428.4754960225929,1,52.1187951798006,0,157196.62102365773,1.4204048948997274,137.77178108033863,0,1,273.2001050850885,0
45,0,362.5557901427818,0,29.600991639671783,1,419132.9509372908,4.9056021203045415,131.87118721940107,1,1,90.58830950453881,1
57,0,636.4417131476721,1,41.614485901694984,0,377946.9918166192,0.5966144222015326,142.72362604695078,1,0,230.37570538394402,0
60,1,256.02317981600413,0,46.09648834220528,0,284635.4416605403,0.5105942650934747,139.96669116278042,0,1,136.55867707082336,0
53,0,194.5401550161314,0,25.75069697340564,1,257171.75352361554,1.2216073057930599,144.37033421450656,0,0,145.16089204084756,0
49,1,448.2063688528975,0,36.44163597476698,1,181904.59683805605,6.501330272278773,136.45721394343988,0,1,255.03046604851204,0
81,1,54.68264196477661,0,14.0,0,278681.7133960622,0.5,128.3125461991212,0,0,270.93646366169924,1
40,1,293.0062130244017,0,55.595649474464565,0,335699.2619096087,2.8233952190151794,132.57221630791986,1,0,175.45460427338216,0
68,0,424.0429801953031,1,51.79992804694738,1,63744.33284785625,0.8388087998937319,135.67690529033123,1,1,226.75986625520224,0
49,0,296.1284026574517,0,46.9698844382674,0,283369.980336095,0.6031588882795458,141.77367480258746,0,1,5.509521358104848,0
49,1,650.8224385459469,1,42.91228545324861,1,337839.0251533905,1.3048052178987712,141.07182603783176,1,1,51.9440100519814,1
71,0,245.93824731202182,1,18.679743188483872,0,231239.57479333194,0.5,145.5425015918729,1,0,69.43591279328668,0
62,0,542.4014292681345,0,26.36463935755609,0,388003.03185500123,3.1925806411288202,138.79447408175093,1,1,116.86021254831263,1
48,0,337.6063362729641,1,55.51657849547368,0,194479.16152794778,1.2553297425302827,132.19248710501253,0,0,226.22540309897545,0
47,0,191.6722468445497,0,28.935101599431242,0,281994.03739708214,0.5,137.76558257680594,1,0,162.51214013048082,0
76,1,132.39533025408,1,43.84396391392826,0,224186.7560556266,0.5,134.02605551763875,1,1,153.920643238516,0
62,1,695.5257848978083,0,37.61597834618893,0,230875.87628882742,4.290959102159775,137.4002575297782,1,0,249.3575432414975,1
62,0,135.15039027500848,0,27.393267362828794,0,227379.59990836843,0.8027490722293318,137.4335100449961,1,0,73.75958978025933,0
56,1,498.7454574003412,0,45.87205646531872,1,177640.29389131506,0.7640116592466556,133.31148299843935,1,1,225.59856912543063,0
67,1,198.42100718415458,0,39.90199787299684,0,248825.23968366516,1.9216969136928816,137.22558200835994,0,1,64.48199956563724,0
62,1,162.74186124284543,1,37.42316630053821,1,182075.6535151008,1.4241499883255808,147.98812352939436,1,1,105.8643259358944,1
64,1,319.78836597672876,0,66.78238431096064,1,274781.4057072872,0.9320303044442086,140.2267959531683,1,0,83.11976512094209,0
46,0,84.29853760871111,0,48.00512787693308,1,292968.86900327244,0.5,129.66239907742832,0,0,88.4067975676031,0
85,1,261.86562230330867,0,19.21068301704041,0,319070.381595582,3.4431662925904387,133.64063235633986,0,0,33.90727636117495,1
40,1,581.6668749900696,1,45.96788594603811,0,157052.2641082917,0.6972706761523021,144.25328132716183,0,0,115.24246678097124,0
46,0,2111.17324514299,1,34.02444171185733,0,401933.778161231,5.702422788375375,137.23617023161472,1,0,221.47442616660953,0
48,0,64.71896080740933,0,45.34282780883407,0,52364.506496147136,0.5647964382494883,133.98560682828477,1,1,78.49768845156646,0
76,1,533.1497428153457,0,50.64908726269879,0,261810.02525818342,1.3744178590827119,135.7291419633718,0,1,277.9343322377034,0
71,0,146.11286461918547,0,34.8936907548863,1,105736.8974470837,1.403271720802413,139.53496504310013,1,0,248.53053170509534,0
65,0,579.0276552864023,1,34.42713168716324,0,80287.87028605171,0.5,136.8128153546312,1,0,245.47622571695447,0
40,1,953.4901145495696,1,31.25948251623865,1,416217.5511079362,1.3475304228185638,136.42244081009693,1,0,126.81406055974533,0
60,1,62.938250319503105,0,15.179725431009118,1,485598.80351497285,0.5321667158862912,134.37246822553664,0,1,33.00580868124498,1
40,1,36.04388843278823,1,41.32114692415469,0,122141.32638843937,0.5,141.2979122161187,1,0,182.20940430771932,0
42,1,197.55229110014395,0,42.43542719125316,0,246374.60205226822,0.678440167422019,134.1616650630853,1,1,111.95758326215785,0
71,1,1051.5695837133844,0,15.36350572199484,0,67760.83598061671,1.3378571889568274,133.17124184163913,1,1,177.66723914575527,0
44,0,1109.4532646328882,1,42.68144070515741,0,283758.8485541246,2.160809769143824,131.23300470259505,0,0,102.63928527267517,0
50,0,63.20447613743754,1,17.649524990076582,1,290336.42420715076,0.5,138.6719520048534,0,0,120.80958663866267,0
58,1,63.42639877431711,0,35.54315640216364,0,243088.69021290334,2.090617653917563,135.80429050856273,1,1,219.54675643857115,0
60,1,506.8486331196834,1,20.986233247383048,0,240769.14644829696,1.2369768785692712,140.0166739038538,0,1,246.92422012468765,0
40,0,1190.8327464269148,0,39.472740520441164,0,261558.38838712964,1.619962776772543,137.01178539441716,1,0,193.4899457271994,0
77,0,569.9207134771225,0,31.520458302191905,0,223520.06815285742,0.5051878169652121,133.31204958211134,1,1,115.70630363992699,0
85,0,106.38660866005901,1,27.104172212145958,1,219738.4355896556,0.5048401135061965,140.35350311765532,0,1,201.07207339901996,0
53,0,312.0616328654336,1,51.203206143573595,0,294631.36889564217,1.4577668212685002,137.36979532744658,1,1,145.376735431528,0
55,1,90.92742146024503,0,14.0,0,112195.61982693846,0.5,129.51874790623683,1,0,11.72551277380429,1
40,1,1037.5207500145825,1,31.15115722459267,0,198286.00364627194,3.4929552476906816,133.59128270748232,1,1,264.9339010870433,1
63,0,20.0,1,34.56845053634415,0,238753.6098325764,0.5,129.27843449054598,0,1,111.9912642690437,0
60,1,1331.5959720526932,1,34.828847614073794,0,264955.2177629197,2.709160191247063,128.6081050234915,1,1,7.498530985213862,1
67,1,600.8306591874275,1,28.08186194770161,0,304106.4901631223,3.162911517204084,139.52379639222767,1,0,20.285647951949894,1
66,0,133.2122114347893,0,34.4234774858112,1,72636.73149063662,0.5,140.2767164550318,0,1,218.55714192512323,0
56,1,1407.8905450937164,1,29.759972817004627,0,108148.79535951366,2.4009871589680176,133.29300420540966,0,0,82.50091417896587,1
53,0,625.0246637153501,1,42.1160057773437,0,288085.050940397,1.0392079820102929,135.69326210399058,1,0,71.10000868348918,0
60,0,1522.9150714250375,1,58.796212432389,1,339039.6884342054,1.258200161703478,138.14648168596793,1,0,204.279583417823,0
76,0,428.08629222978794,1,27.191537903153304,1,199746.70656848198,7.283202800941176,136.03455585600076,1,0,71.57623240308182,1
62,0,20.0,0,50.53214935288276,0,279067.660612417,0.7110621519908864,140.93504428886772,1,0,157.21091119574652,0
64,0,81.68062047975585,0,14.405938814453425,0,249402.92823958877,1.0947327571310992,141.09811455303293,0,1,217.93537407590472,0
53,0,180.02967494465582,0,33.79610674057589,1,354616.28253816604,2.0688269856270627,137.011583026864,1,1,211.03290237610355,0
77,1,104.55307898373735,1,44.46383026665037,0,405853.78270471515,0.8179641398551848,142.7497904620158,0,1,85.6400747578569,0
61,1,2785.176690182206,0,52.76886204634374,1,252209.9556808722,2.4692281311416786,137.98669372623598,1,0,181.1557455236426,0
52,1,636.0767036729656,0,49.645578981444956,0,253974.27572197813,0.5,132.17304056082824,0,1,234.5222215619619,0
75,0,20.0,1,45.258555627838845,1,181366.58073229247,1.2562448655400127,134.81161640171095,1,0,162.53339357043413,0
62,1,20.0,0,50.7277935507427,0,254602.39908310864,5.38655109949684,135.7572835685161,1,0,251.03099101828124,1
55,0,1110.684924010953,1,49.41372026363511,1,145470.6245526572,3.556702880567455,144.25778127368858,1,1,263.5618880298944,0
40,0,118.08771700171522,0,32.01502273570108,0,245395.54003899507,2.3687806263496824,135.0123706995409,0,1,256.9667223319594,0
81,0,44.122766050835516,0,44.830576508961705,1,253469.25269593374,1.8674364660945184,138.5550802281798,0,0,41.561193960734684,1
55,0,105.5176610772787,0,56.30164482070673,0,254285.28411311193,3.4295197105296835,138.36250530728844,1,0,133.63197104852009,0
40,1,1797.2910956338546,1,20.38700737237743,1,262581.14184030326,0.5,134.60934209012964,1,0,248.45422147877935,0
63,1,1154.3398427858704,1,48.62506818392495,1,138813.86336840183,1.016994987013798,136.92937978606173,1,0,131.80393703752816,0
62,0,134.18568686413266,1,46.78574260961652,1,287813.9577240686,0.5,137.48594213520317,1,0,93.1603152590957,0
57,0,1575.8230458649396,0,44.63363142304836,0,322937.6827609879,1.1313219320138168,144.12224576015265,0,0,18.086152765232104,1
55,0,551.3068339858779,1,35.44419858224582,0,173338.73788823732,2.6366378825064753,132.89401416259307,0,1,23.237289846445506,1
55,0,48.66335516441204,0,17.989083300346675,0,57152.290541451686,0.7017747791438533,134.5986463760452,0,0,26.154040231427977,1
76,0,104.79171975706777,0,35.88348408354101,0,233263.4633769179,5.629643384610631,135.3932870615564,0,1,247.18499895746166,1
70,1,217.5735773640309,0,25.067195913954315,0,284234.2137739479,2.178120336849058,145.56157486476098,1,1,161.05800856315034,0
47,0,1616.655955442042,0,23.211492983889396,1,229223.36615881245,1.0611315671913932,138.66596009041865,1,0,83.50731985395271,1
42,1,1452.146422181964,0,50.55508783579828,0,319790.94054797635,5.341189824393741,135.42718029069414,1,0,133.06830184628168,0
69,1,1512.6882611929339,1,47.32067419172275,0,409024.1335945093,0.5,141.0451918443198,0,0,238.4074550384898,0
58,0,989.6123988242424,0,37.84262334465893,0,144258.50423608962,0.5,141.89399459444377,1,1,265.23390931557145,0
45,0,214.23489152398182,1,40.36667361452965,1,243253.34204918475,0.5,137.07906369593715,0,0,164.0462952379243,1
53,1,643.525049890631,1,36.545814363549106,0,289603.52893951244,1.9653474533351771,129.57435775087617,0,0,125.116474177392,0
53,0,92.0582296438236,1,48.38057887568468,0,278875.7444086841,1.1566207312231216,140.88898111145244,1,0,272.2964132267177,0
47,1,1253.4407243530827,0,50.25336656217634,1,283576.9100899085,3.064009753627236,131.53707637156114,1,1,240.91490503045657,1
65,0,121.60438045605174,1,46.52791002703066,1,358330.6076735923,0.5,140.3088628406382,0,1,61.153804213059985,0
52,1,83.9997085947731,0,45.58469392157651,0,374360.64924600226,2.300133123598178,129.19035316210878,1,0,107.52284928302971,0
45,0,138.41568455811202,1,29.09006973083204,1,179711.92331728188,1.5469129392324457,138.90828262050516,0,1,149.72456776953481,0
40,1,31.212599674776385,0,25.816818370619174,0,97093.32233615566,0.5,134.32675896502482,1,0,143.9889162853809,0
63,0,55.6211596758921,1,19.28279251324487,1,215932.33403251274,0.5,126.61283776435896,1,1,66.01292886274544,0
72,1,770.0783885317561,0,25.866672673585818,0,429548.6264825652,0.8087684587120293,135.11274970524093,0,1,50.26375561878788,0
40,1,205.52134628293717,0,41.43721664848216,0,137828.25752369085,0.5,136.07055333928201,0,1,244.80563643705656,0
53,1,281.9942083377196,1,38.273343513518455,1,250973.1004621831,1.2268290455250144,130.76364844917669,0,0,141.5108622992761,0
77,1,551.0294880070363,1,33.193319945039974,1,185762.68511654862,3.2799933413924345,141.92557694065633,1,0,132.20845460816813,1
66,1,3029.2762858891665,0,50.95591431281139,0,237100.01583473315,1.895539694848217,139.5815170992034,0,1,42.423248709352194,0
49,0,344.76989319787566,1,40.058142734638146,1,85576.66895564905,0.5,141.11134189685524,1,0,144.3633140923408,0
77,1,235.2020140780956,0,30.45574215917013,1,470331.73912860616,0.5,134.6364189818213,0,0,275.65785333630635,0
72,1,2270.239916661262,0,44.090716268430015,1,290230.8727800876,2.189976775769828,134.55018020180322,1,0,245.7787873688632,0
66,0,739.7340197703737,1,32.55317059122538,1,222190.28200054975,1.5518921499131137,128.22074573263774,1,0,57.24614517130176,1
75,0,2532.5668201765834,1,66.57726284280753,0,368464.32790569926,1.6817326286217265,129.17313583089117,1,1,56.64227699252615,0
60,0,496.8106709988026,0,43.84166319425724,1,244642.98086166265,0.5,137.52739627412478,0,0,35.05672794753833,0
81,1,955.2621110923225,1,41.21715331687891,1,227338.39206536356,0.8582125685175577,138.8719525363129,1,0,27.839305809960074,0
64,1,170.81080742223315,1,33.32179394510454,1,475446.25627553,1.3544258922582035,138.84120113981137,1,1,165.21645929028728,0
71,0,119.62092777456212,0,34.187995325969766,1,139735.64826684847,1.6911466734411338,135.70609128066732,0,0,14.494793383699307,0
70,0,1238.55645311978,1,38.731667773335865,0,407421.5689802258,1.8928462645988628,140.32724498769397,0,1,211.0928935373735,0
86,0,688.9207440277032,1,50.79680534906214,1,161257.2168387996,0.8862793892526238,145.43503318368033,1,0,252.07092791624086,0
53,0,786.4850007850872,0,46.11130731314351,1,190361.9601548172,0.5,139.0714248312648,0,1,193.43965722670868,0
47,0,1217.3818758118755,0,42.657434891964286,0,286891.1075218813,0.5,139.1485971504892,1,1,105.34067213334401,0
42,0,451.38249257264664,1,21.820655250862064,1,156196.21967350092,4.218753193487829,142.6540414306957,0,0,33.29238587981121,1
63,1,120.83931388980908,1,50.44908612372433,1,241367.2758680902,0.5,129.9219781226199,1,1,112.38748153928188,0
52,0,375.58737775773466,0,41.26975375236228,1,396274.9404648378,0.7235133907618246,136.93111341966284,1,0,98.7439367741075,0
60,0,50.784280323581,1,53.550432465743505,1,248934.07849745662,0.5,132.66507617992352,1,0,254.5793380661001,0
83,0,333.73218714734264,0,25.249580483916294,0,332596.20534245926,4.4565642283240114,141.0437596470438,1,1,53.94788313731225,1
54,0,427.1505096194704,0,45.370441944240646,0,410862.9495693587,0.5,135.6510994238752,0,1,157.64155463440667,0
59,1,667.2863153633207,1,44.55746386578804,0,162878.49067436892,0.8961535639035374,133.21886327310557,0,1,201.91243587549255,0
44,0,68.15062177937183,0,23.572944010715887,0,206509.8087156477,0.9112185406669927,134.6959954377508,1,1,134.84294206795414,0
62,0,186.908295453691,1,37.098304350132516,0,185646.91273710047,2.342650729356495,133.57600942779862,0,0,90.01424818090041,0
50,0,421.10190981154204,1,44.81483358393723,0,367080.3544026187,0.5,131.90565021890072,1,0,90.77393517119464,0
61,0,193.30369874200943,0,54.74598935961838,0,306990.9551241552,0.5,141.29350352323598,0,0,151.83121101351472,0
55,1,98.09178570064135,0,49.47306275053681,1,218612.88131516826,0.7575141187038388,146.7703497395944,1,0,129.03428725519166,0
49,1,65.12197090919801,1,14.0,0,326516.0833957094,1.6817504893688144,134.64478663608105,1,0,44.74586982060178,1
40,1,40.40934284098222,0,35.91157661137901,0,260905.64199211888,4.095547804322681,134.9795956880247,1,0,167.42089069213634,0
73,1,2098.6132200160814,1,33.52810681473359,1,306941.9077192601,0.5,136.53525801766756,1,0,219.43907300529065,0
70,1,362.562655722561,1,47.59115342593109,1,64704.51083125686,0.7732957749102256,137.90540586565908,1,1,63.95716659281546,0
72,0,595.6241198753797,1,42.43001476705091,0,121745.26029968605,1.3035724811992073,129.57682672298958,0,1,66.40488108488711,1
64,1,538.7046084568079,1,51.56309509065663,0,113611.76369780363,0.5949686942558292,141.42400178530266,1,1,21.880698063099015,0
53,1,92.29733306294821,0,47.51995484007776,0,209251.02045498375,2.195974490880153,138.5137977237345,1,0,118.83815220200867,0
69,1,449.1076294692243,0,58.84867068589939,1,80526.38523654002,0.5,129.95749737623694,1,0,240.89871109748756,0
50,1,1866.35939538256,1,19.75538056474362,1,136730.73294841172,0.5,137.07397709781475,1,0,60.28664078737721,0
57,0,346.93129247481414,1,30.1893263048128,1,289283.040484668,2.6535385893569967,136.40959272665356,1,1,53.6428999032419,1
52,0,68.20217024990926,1,23.948875574570234,1,390320.52430796775,0.5,126.44308091603753,0,0,158.5976170518763,0
52,1,155.34307205179576,0,29.822253611258425,0,192663.05400834896,1.1459418775433676,138.54502928917043,1,0,238.99680355694454,1
51,1,312.08739505310723,1,45.109238716700524,0,236014.57307817013,1.1209253333025082,140.1505762800836,1,0,113.74503681117501,0
56,0,484.1376518948487,0,48.97349345154071,0,252639.56600451606,0.5095318326171393,134.15684457788814,1,0,81.62623948771233,0
68,1,1248.1875050373128,0,42.66836732611187,1,231501.43703613867,3.185634648881518,134.1786704633594,1,0,199.03825132275674,0
64,1,768.3884429241205,1,55.33024802402714,0,166054.24088891136,3.7915730470216027,134.360370118359,0,0,228.22870030049413,0
58,0,130.82491231261523,1,74.65978214693669,1,67514.44903239593,1.3430567979900463,138.73005109411525,1,0,154.42699783125252,0
59,0,316.6071493112342,1,35.616021518244196,1,315310.8811883413,0.5072840014411759,134.03801610368515,1,0,218.35114034038514,0
40,1,198.56409391093092,1,63.469093588043,0,429536.5484871076,0.958225732395415,138.5821122397549,1,0,249.61553682260381,0
80,0,90.29693425116702,1,14.0,1,428054.1437336094,0.6430312272641929,131.4032704883539,0,0,119.65518854735627,1
72,0,332.05637624361776,0,38.342160538907876,1,217361.40953227883,0.5,135.90904227151754,1,0,97.82068884302693,0
65,0,491.2931573366501,1,25.58709185930081,1,397150.6757303149,0.5,141.0728531564974,1,1,177.8351270782215,0
49,0,268.48228631226715,0,36.64841771277897,0,198222.95002894104,0.7618293081112033,138.355367132129,0,0,99.24320167834567,0
45,0,1019.6438965611925,0,48.31912951986775,0,216827.14348698064,9.362349567579853,142.34708369643266,0,0,79.11472160535455,1
72,1,20.0,0,57.87130950154176,1,331961.6092264176,1.0734271005691345,142.12145914233253,1,0,21.927884492353403,0
78,0,587.1242828444604,0,57.4448134236126,0,433452.35964391846,1.3453132713727392,140.38621920842664,0,0,54.055680723861556,0
40,0,1254.1836434557024,0,42.910272652919,0,358273.26644539734,1.386280442908905,133.7794567889606,1,0,244.12503132351483,0
87,1,234.46383463588515,0,42.542217336330445,1,294252.81100721675,1.5595259061713667,132.01233740532646,0,1,210.9326620837879,1
79,1,958.6309803779726,0,43.18056327245351,0,232057.75432786666,0.8201614051252956,130.48528324254417,0,0,110.59387149279209,0
93,0,180.24249791397648,0,60.145701323579424,1,66605.71210834727,2.173991647497852,144.51755655172204,1,0,110.07843100142588,0
52,0,1238.6616362796249,1,50.43755269110654,0,307408.5737440766,2.3915433778585395,142.24703061285877,0,0,187.24521140302443,0
43,1,187.83835695885816,1,29.739245977872926,0,235495.4443961397,0.9250608712775008,136.8154835591457,1,0,269.2343726187489,0
49,0,31.040554562434572,0,68.83323745244459,1,266216.91848438646,0.997129495340922,128.43502993760478,0,0,24.717870194454907,0
68,1,103.510003496894,1,52.2571563679679,0,397601.36189718626,0.7737955977204557,137.80319585965051,1,0,50.359796872802015,0
40,1,2660.1338225449435,0,38.448943747493324,0,249709.1075511724,0.5,129.02732941643998,1,0,182.48200630986594,0
54,0,1101.032167001518,1,28.318202110209498,0,323805.56991685193,2.0673872096235897,128.52208081343255,0,0,138.8467406762777,0
65,0,138.96869053215212,0,27.80809232040418,0,226807.31932413764,0.5,134.60691995915576,1,0,50.20823994731875,0
73,1,501.18000275415255,0,38.59964742012378,0,180730.12182250607,2.583752736677429,145.48589981249754,0,0,10.560784621412958,0
56,1,370.43720637647255,0,45.282039888966835,0,166130.03299534446,7.447763665454424,139.19385577147148,0,0,18.40793252532328,1
65,1,57.674905970232196,0,49.98969965184119,1,431102.7178939256,0.9450185595374414,131.9373142414835,1,1,31.727083769433744,0
61,1,52.97717931979436,0,28.429601225749614,0,160253.2876652658,0.5,135.03532340474334,1,1,171.94835070567623,0
57,0,1011.2440937689794,0,17.45259323200915,0,236116.82195223813,0.6458997874203549,139.27871167729168,1,1,6.170144299178919,1
62,0,482.12459939778574,0,47.13168323165257,0,236256.81816170207,1.1248857779956092,142.07972134734294,1,1,49.89010711852722,0
62,0,80.13402106374184,1,34.19618946402934,0,220252.56191781547,1.3505959733210744,139.27906252314642,1,0,240.73264082436322,0
78,1,232.13202427401694,0,47.65438273638168,1,299307.0869085384,0.5,138.5003954751215,1,0,37.444819329873724,0
69,0,601.1477051314121,0,43.629410503925,0,331401.7527331365,0.5,135.7382344424203,0,0,183.30595205174225,0
82,0,470.08200899533955,0,34.95551444909158,0,236503.98178756758,0.5,134.60127601921468,1,0,220.55614033490758,0
71,1,1395.9131101231744,1,48.55719758434509,1,360345.69740293396,0.5,139.64013928597947,0,1,68.74838069904196,0
68,1,35.18315453267998,0,44.17604959158195,0,330265.50086717645,4.621662468290515,132.2008830866918,1,0,279.2134887128574,1
67,0,145.89409874705757,0,38.95652628782025,0,66027.93165787586,0.5,134.97451612527166,1,0,68.26214360937004,0
40,0,20.0,1,30.539899252972564,0,244281.2652678216,1.340941413302535,138.02036950985718,1,0,121.34488091335089,0
65,0,653.3718695473858,1,48.20381751593249,0,329111.3906327891,0.5,134.19425287846857,1,0,180.46558984615544,0
40,1,885.9088288808847,1,25.169714434398855,1,336480.27520202385,0.5,131.6302949749349,1,1,36.81021109980534,1
59,0,1783.2016285876202,1,46.202380968661664,0,138100.33991634424,2.3600032567959595,142.7296570446593,1,0,278.1720591941973,0
64,1,696.5732820356019,0,17.498344817352766,0,286817.6434011066,0.5,138.99736188764666,1,0,18.845184540542522,0
54,1,1000.2006371322716,1,40.667320215043674,0,463267.26935514563,4.063357555869999,131.2121619673212,1,0,55.57436520434476,1
74,1,465.4560103518733,0,39.86385342590126,0,251688.05643173106,0.5,141.79260557061747,0,0,207.28151722104266,1
61,1,203.0791947005456,0,48.732712738609386,1,303837.07465264935,1.2065817162066297,136.21185252979743,1,0,261.8396066486638,0
49,0,103.64992097964354,1,23.006903312465482,1,265138.6130431752,1.3322483787907282,129.36965205463719,1,0,32.46717798878727,1
75,0,955.5108938770676,1,40.56399522875222,0,499013.23003713845,0.5,133.33447269655048,1,0,74.17389991558528,1
43,0,2616.7873964774267,0,39.12369253324391,0,323680.22728164203,3.259897803585711,134.86326049417522,0,0,222.7219777600433,0
59,1,1204.2106574007564,0,36.92596271423306,0,42898.58999814454,1.833241738729832,142.2502998000219,1,0,42.053682012781984,0
48,1,707.9162895517792,0,30.31872847936306,0,152369.66103486076,0.6114122609629983,136.74672866357452,1,0,48.234315804586984,1
65,0,1059.8268616725775,1,40.8181945186857,1,217232.75617518672,1.1460354754651634,136.4214938766753,1,1,29.468601357721933,0
59,0,149.70096353556613,1,33.12168479390455,0,256972.24014977235,1.5007011068192686,135.4600020687268,1,0,163.31219953058434,0
60,0,1516.527331206195,0,56.0307470453279,0,192498.2289653436,0.9126379074068611,142.07790858063512,1,0,261.45061959348345,0
78,0,437.65750598519134,0,25.028840139516433,0,292639.05515766534,0.5,136.9574047931324,0,0,65.02114429470222,1
68,0,124.59959919063041,0,38.984725470688545,0,251754.76040951122,4.105239990235014,138.68495713755163,0,0,147.30929131278282,1
66,1,80.45921777171736,0,29.624260509196628,0,80207.1513980784,1.1314181792244313,133.5597824443522,1,0,161.9847919247039,0
69,0,82.04029249274627,0,48.332763468124604,1,240752.66944521523,3.0899180848388164,140.14717715010121,1,0,148.11893435821443,0
47,0,31.190772311117414,1,31.96885583046826,0,222718.46923357734,0.53430373737251,138.32419316677988,0,0,220.4634707109132,0
74,0,131.4734253851974,0,42.06617646188214,0,190239.4275441164,0.7675923975357603,135.2771883382224,0,0,217.3625466301288,0
59,1,506.98510893338414,1,36.19961255296743,1,401231.1639734997,0.5,137.4670582216816,1,1,107.87356740500798,0
80,1,191.2790047954185,1,51.910534540455885,1,403690.6837832533,2.787559494068873,138.98165108720235,1,0,232.4819804245486,0
40,1,1588.0428599497059,0,55.6685440374478,0,333253.4366041895,2.1350125214985054,137.72786891361204,1,0,15.412965737704253,0
57,1,134.2429669567396,0,45.6618506049896,0,367071.8567186634,1.2683483244068479,127.19095678059513,1,0,263.18883925154296,0
61,0,106.66526822987713,0,27.222463267980423,0,325337.5098759902,0.5,133.369644494957,0,1,238.5048365860644,0
60,0,149.4722517172297,1,29.744648233498125,1,302224.91574472986,0.5,139.92730501369567,1,0,12.366660938083273,0
67,0,184.61970467668286,0,29.4261773764458,1,402839.34901601996,0.5,131.4883908843102,1,1,122.5560556526472,0
55,1,721.0625915542979,0,50.52147200556235,0,169337.50003749953,4.181597393942872,133.81484029440492,1,1,105.47219335750437,0
40,1,510.3668265994059,1,28.512039326894907,0,366662.7254119715,0.6786114538316138,144.01659119120794,0,1,195.6568271635587,0
49,1,131.61166957705242,1,28.8843820399917,0,427781.3151219621,0.5,135.83945968043537,1,0,233.07797262823843,0
50,0,82.17936444304175,1,43.89828274234024,0,562970.9294548847,1.683115376486328,128.83379887360528,1,0,192.78927977082665,0
68,1,1460.6557037286689,0,36.24416525285466,1,166532.70616652686,1.98413663726833,133.83636181099928,1,0,135.92425654364303,1
62,0,206.48362653647314,0,32.96177972927948,0,478461.52604721475,1.618997554266453,128.68286442961562,0,0,6.41768959570174,0
58,0,613.4743639912821,0,34.95309667424339,1,282470.29252104723,0.7798925116805255,136.11633378501188,1,0,235.89813743435062,0
66,0,542.452007098456,0,52.27082240300858,1,232214.60395175437,4.443257890495073,131.96600828768007,1,1,255.35680663958766,1
67,0,148.6469998849942,1,54.19239289847076,1,318256.4061960096,3.0972074092269093,124.92195805633774,1,0,227.23484279127712,0
58,0,224.40721535147372,0,40.92920213894789,1,224487.2955660008,0.55647137284123,141.306688576093,0,1,185.4946070385532,0
58,0,357.3305524374542,0,34.65493746599484,1,296453.45707761095,0.5,130.42983047688355,0,0,137.77257497531718,0
73,0,982.653214691835,0,27.908002537796158,1,204668.66142787965,0.5,139.01615363011118,1,0,115.09609014427862,1
62,0,383.4274183813431,1,28.39295968791485,0,339509.28189999267,0.5,139.0513532200561,1,0,146.22174144497072,0
62,1,139.76381598845862,0,50.97639682985586,0,357960.14293133415,2.2519344160157155,132.42647494656288,1,0,15.826607781662872,0
78,0,353.65343957772933,0,42.56300246699345,0,257994.57009542163,0.5,140.09507608347812,1,1,5.148967430748459,0
66,0,936.4437046971817,0,32.65088157140002,0,371419.03364775755,0.7198343733257274,144.51012924703758,0,1,74.6057774965483,0
62,1,864.6151720338493,1,56.253985560367454,0,168781.4610967993,1.5710017903329243,136.2488851148493,0,0,7.249305092546465,0
65,0,20.0,1,25.485169050448448,0,257569.04959321397,0.5,134.768261436833,1,0,281.5024553920351,0
52,0,287.1306757165547,1,24.855814256536696,0,375302.5586420345,1.28259064647134,140.1803164555693,1,0,91.75108577319705,0
66,0,309.92076560950403,0,46.11113272037076,0,334470.9169751206,1.1449959743110558,130.26116208509916,1,0,53.28969409941907,0
40,0,107.11215572752407,1,37.86202832352457,0,69842.92196944091,0.5,137.12923684404575,0,0,125.89433396169171,0
72,0,1347.4848974250647,0,42.515750065156624,1,282992.75851551845,2.167998293652635,136.9917031256937,1,0,55.61707295742132,1
72,1,130.6756440241636,0,54.45963297113866,1,545314.0873077159,0.5,140.05885855160844,1,1,156.78378840286652,0
70,1,479.6274222161833,0,30.500198830699908,1,305961.98113175377,0.5,136.6311731071245,1,0,261.41835840903434,0
58,0,858.3163956837329,1,19.83117981753664,1,355812.91960385256,0.5,128.0880123475775,1,1,139.16857444656148,0
62,0,20.84857233150847,1,43.46104015395073,1,112811.92515310488,1.186956169218924,139.6238167528915,1,1,35.94827865603799,0
64,1,57.75134274595709,0,49.12706970525046,0,202495.64945009555,0.5,134.43333819986537,1,0,250.42063358676506,0
46,0,839.2998809664554,1,44.143842640552236,1,308775.28653976554,1.6988523724300737,141.73623576976405,1,0,147.36918699817332,0
40,0,20.0,0,37.047892865222295,0,392000.4571579057,0.6796133118242589,141.23989065971776,1,1,31.59722727976762,0
65,1,20.0,1,38.646210421024705,0,39548.90405190864,0.5,133.33135442823146,0,0,64.3660339150196,0
44,1,825.8817773460124,1,20.171162603338832,0,267116.77144653053,4.876444461029935,145.51453309131404,1,0,117.2608700804528,1
71,0,1629.9104064739256,0,57.61540402193462,0,463072.4713502868,1.5450184872227182,137.89161783206484,0,1,137.7340846979179,0
58,0,418.0291527562014,0,39.73193250681336,1,298577.15227388375,1.6419526583299429,136.20084104068215,0,1,157.43041099908498,0
41,0,1563.9667467644763,0,41.6366755027314,1,140228.29275967838,0.5,137.2098927455003,1,0,210.30117668625977,0
57,0,596.9394015632319,0,58.765403805727615,0,242327.89766403756,1.2934730970540322,135.78598583354417,0,1,20.35286951453076,0
57,1,94.06394502683563,0,50.11295449736904,1,226716.39037849812,2.5566272914299866,139.14636503046128,0,0,217.64395114099864,0
47,0,304.3413984239042,0,49.23115795223654,1,403040.7341445993,0.9914279534465184,138.7997116287801,1,0,235.56588899426558,0
62,1,330.8547796962904,0,41.171762189463905,1,342752.1548770616,2.4512797617395785,143.47102720984398,1,0,28.285607940264402,0
74,0,414.4871618056444,1,38.92839688808266,0,240708.52199405513,1.6970561073074544,133.5589271154838,0,0,141.51905827827386,0
49,0,1870.2107852786778,1,25.794195868792578,1,403408.4250790252,0.5,138.97820589264268,1,1,258.50821471751465,0
58,1,1093.7527683007288,1,38.550552068290244,0,313376.2090691335,3.337226226193713,139.9076487237312,0,0,146.29617659782605,0
50,0,123.14546431862412,1,28.406577362269484,1,277767.414539007,4.36448424301838,143.002059564172,0,1,59.68671644214415,0
76,1,367.8919221889012,0,48.289914275522804,0,298630.7482766401,0.5,138.23151689457248,1,0,39.669004691370525,0
70,1,603.7311665541554,0,27.92707031604335,0,306919.5150762721,1.7079327566631515,131.76387821158684,0,0,49.86676544474507,0
65,1,804.3789466996116,0,35.95124267380621,0,192857.52222429367,0.6607852457885599,138.32009645153772,1,0,154.94055154058768,0
65,1,522.7196720136337,0,37.537129421797424,0,277224.2797598953,1.6812517856614657,134.14348322289027,1,1,90.23618154837926,0
62,0,37.63551214767397,1,37.040337905185154,0,249740.30214176097,1.4481413642849204,139.34036082308097,0,1,75.64851969484094,1
62,0,103.063020435554,1,68.9936374209714,1,181176.44359688467,0.5,133.8513132678798,1,1,56.64097547773134,0
56,0,330.6164336406533,0,50.666502590588465,1,147142.08371835272,2.374864767075438,138.0233284784,1,1,5.3475379129832685,0
68,1,1389.7262292515882,1,14.0,0,157215.50014719248,0.5,137.8851170706975,1,0,225.56920226733547,0
60,1,531.3392717001643,1,26.49837867518228,0,228107.68691998263,0.5,141.91273703646505,1,0,32.2228603231294,0
69,1,196.44332571443357,1,20.66287615592461,0,249075.21078154695,0.8355910979571541,139.49608655076457,0,1,116.90660959413398,0
44,1,289.11071481861427,0,37.64956887256938,1,409246.4158849911,1.2816551746308682,144.1059183194384,0,0,172.62876958866985,0
78,1,1505.1520010454417,0,25.97168954846368,0,161021.55100514647,1.3031262592387782,136.211252769357,1,0,131.1663540669588,1
60,1,2063.661078471355,0,54.72304849463356,0,134164.9168331058,0.5,134.36710699791007,0,0,242.46692204859457,0
88,0,797.9451291869216,1,39.688381499233586,1,182622.2547031313,1.0207687858134988,136.12681493243298,1,0,146.71235736679694,1
51,1,205.0371905085731,0,20.280222196400057,0,188660.9290595639,0.5,131.94045592412436,0,0,34.052179607465106,0
64,1,83.02752949881312,1,27.573981139888687,0,117154.25493910356,1.9199989107670292,128.3097904486522,1,0,152.301593649176,0
70,0,446.9763742978321,1,25.221690181926228,0,389165.79168203374,1.1195557772238842,131.5873360353054,0,0,284.018981436503,0
56,1,1114.733975721617,1,32.9243424124595,1,195731.41376155644,1.270849608202616,133.26945513629866,1,0,218.25737178987248,0
40,1,1136.0308861561857,1,46.889372833926366,0,268816.7975502224,1.0952024972107504,139.1723248048253,1,0,55.72356549634167,1
44,1,160.79214560567362,1,19.22013068332074,0,305149.0054813337,5.275100303882059,138.62709517936398,0,1,54.19707980874946,1
51,0,164.17768382287215,1,18.986718592553682,0,184902.5282375153,0.5,138.75847205183152,1,1,245.99571679169574,0
72,0,1951.75447108469,0,52.60074696403947,0,149936.6649295897,1.5720472735906623,141.2170090900395,0,0,216.74137509357092,0
45,1,453.579175227843,1,26.453716344936986,0,256082.88480965362,1.6764608433714123,130.12238031720312,0,1,120.53051638144355,0
57,0,1858.317474412531,1,43.62005759148162,1,158542.753608463,1.4919778676013857,140.3686950055492,1,0,148.45359648289093,1
64,0,1890.1609463169025,0,47.5704453993056,0,370755.0547151895,0.8310573530989585,129.60732841764366,1,0,268.842269586378,0
58,1,1020.6732753212043,1,54.16849810480069,0,311250.8198426155,1.8180579526555105,133.57713621362254,1,0,96.12173878414002,0
44,1,406.0717585219456,0,52.20759869571879,0,141876.88256089116,0.5,140.19619295567688,1,0,167.8803689799317,0
67,0,1632.9932766229986,1,46.59113279072276,0,153337.62353897467,0.5,139.0994784509456,0,0,201.97469871393972,0
69,0,950.8842726559245,0,47.13808347189514,0,274253.96413968125,1.5959559819230973,130.01331763196254,1,0,159.57788105608205,0
80,0,143.15359316929715,0,42.89647187984601,0,157218.7905626624,0.5,135.8891938407817,1,0,154.44272565724089,0
64,1,285.51557711469667,1,37.349599228363154,0,204536.21610006515,0.8457031374343532,137.27548767132825,1,1,278.4731881249016,0
59,0,1062.265758689734,0,39.26425466897025,0,177180.07880723738,0.5,141.64678145033423,0,1,243.93662451903697,0
91,1,831.3765702073479,0,44.39922948173738,0,164980.8336143581,0.5,131.1529886555679,0,1,44.03542859650033,1
81,0,1066.6432887365913,0,36.39366889289734,1,303681.6678276317,2.3280540897292004,134.11400589554597,0,1,98.50467502883181,1
68,0,79.26300721272092,0,45.49474739123338,0,127959.82920776407,3.982281751305225,131.4170614781161,0,1,62.92211062920122,1
71,0,687.294776091641,0,40.43911321820668,1,191493.88626984085,0.5,140.5189229865972,1,1,79.32739203035617,0
49,1,404.36705502391686,1,14.0,0,253258.0212150371,0.9007238553889337,141.36643626450473,0,1,234.18957920191383,0
62,0,1394.9684395918755,0,33.0534974294492,1,110688.00413749821,0.5,132.56693985920376,1,0,34.727204159076365,1
48,0,172.6538930534645,0,39.271041726559645,1,377777.58713077556,9.064372890272516,134.3377571837152,1,0,172.46803481787168,1
52,0,194.25116331204188,0,37.22582467390191,1,144016.47982311493,1.3528158646900363,131.06819248386685,0,0,51.32553833981497,0
55,1,1420.858564826598,1,27.07125471522589,1,166137.62098303484,0.5,133.59901720940564,1,0,153.46223552676122,0
65,0,907.2367008503956,0,26.976832791205688,0,91695.12465768604,1.2647421097434906,142.88583858859533,0,0,145.78676265554353,1
58,0,63.22379159425767,0,22.284861320741463,0,266367.6233923121,0.7481192778750838,130.6415209813716,1,0,46.238586667532154,1
47,0,234.43208500218608,0,14.0,1,312323.33524848736,2.5156647325491934,137.68968759182312,0,1,17.080127018535222,1
60,1,1114.289512499496,1,60.661708816823676,0,190538.66595089933,2.0440284362016627,143.3475116238271,1,1,264.239452441585,0
58,1,2655.4118457811946,1,56.17362760434314,1,203004.09919881326,0.5,130.2927029541769,1,0,171.99545484109342,0
77,0,287.85539871536463,1,32.4048479323283,1,371309.2827134781,1.2530018375846168,128.45901447588275,0,0,268.4936421518118,0
63,0,2712.9305788498314,0,36.3205119471697,1,206247.70725225846,0.5,134.79228233043284,0,0,72.10600020240199,0
44,0,268.84929034589663,0,44.802101984516746,0,328337.1793289753,0.5,135.20005572172823,1,1,210.08905383001527,0
60,1,77.60203128637731,0,30.746392044790376,0,57901.72736030791,0.9164616411349326,138.12992170014456,1,1,86.56845037525449,0
75,0,169.3581993879996,0,29.841719310080457,0,279789.59699953545,0.6504005145645763,132.25112635856686,1,1,151.21299833093954,0
73,0,99.97986075013488,0,44.08826902656385,0,277294.8575093075,0.6986576764915069,137.29315018202055,0,0,73.77993658114734,0
80,1,2604.1765065538457,0,17.58888223757034,0,415994.5604896892,1.6493298186814862,131.503326165015,1,0,177.6985748245493,1
58,1,41.87797382501073,1,38.158420449833116,0,396818.35798008234,0.5,133.49816705501306,1,0,132.7006590984495,1
45,1,117.91784554362154,0,50.90692566640669,0,191353.88214927993,2.412791912400576,136.3515254534626,1,1,234.67541657874824,0
64,1,195.68529891759707,1,39.31275558663176,0,391715.7086642141,4.171377295224906,129.6135034664957,1,1,221.169703918852,1
40,0,139.310816374898,0,51.0485280546873,1,299014.0345611217,0.5,133.71795539302138,0,0,216.62383344142305,0
55,0,630.2842315840397,1,47.99318307667182,0,250087.02657858725,0.5,128.7065277023739,1,0,189.04768150450303,0
61,0,133.95412312074404,0,32.23976304674776,0,179012.58514848957,5.207327938992397,141.6068729133974,1,0,98.82349962169381,1
78,0,36.12510265183358,1,40.96361528422996,1,232212.6700694223,1.6737847460776842,137.04307854430516,1,1,170.07874715052867,0
68,1,852.6278934678973,0,31.984307419103924,0,268964.09603685164,0.5,138.93040818838108,0,1,121.04287410331588,0
47,0,55.45602358683342,0,33.819499405482745,0,169587.68919070117,0.5,132.236462393839,1,0,100.15940176915265,0
40,1,218.23095735239596,0,14.0,1,323361.5196165255,2.3807574588385734,139.81179012253563,1,0,201.88209813936524,0
55,0,2725.430520488524,1,24.88495260046773,1,379008.6174869543,0.5,135.5865507240784,0,1,116.32305231551307,0
63,0,20.0,1,20.3466008786384,1,116945.76810684544,1.1818029027470685,132.7861724059381,1,0,227.40002964221506,0
44,1,923.1444711410745,0,25.157016219471984,0,155254.28304933495,2.1377474587769845,146.92661748775552,0,0,143.55571522904316,0
65,1,749.269946641421,1,49.13534584072991,0,307004.78415457375,3.554451705602701,132.25431189860518,1,0,73.62507988508519,0
63,0,463.9113932517692,0,43.842035370080424,1,350114.40351995715,0.5,138.75837643879436,1,0,163.27936494675586,0
78,0,658.4555377108567,0,52.29286209421359,0,234086.17659043852,1.1790233048270535,131.76510019689914,1,1,155.243397188707,1
42,1,1757.707169700981,0,40.08065070210015,0,455359.53808947734,1.5820882726860852,138.576764821606,1,0,209.25510366818528,0
53,0,483.1788460448646,1,31.78823373518835,1,85808.19557113518,0.5,138.92436781304198,1,0,202.04508753712042,0
65,1,468.1220034398747,1,25.84281503259939,1,402793.56858026644,1.4701140886607247,129.66564353353874,1,1,181.47105058005263,0
52,0,224.75699654182054,0,66.690751564014,0,60622.4094943933,2.4223054675698803,146.44132309340944,1,0,15.622844894595525,0
53,1,165.08988391980574,0,28.844421719673022,0,399685.32847133896,0.5875910609343578,128.64442722346507,1,0,228.9734677479407,0
70,0,2273.7334186839103,0,42.662005000587065,0,77729.33506176175,1.0444467722053659,138.2376659085421,1,0,174.33345823917858,0
49,0,693.8165897948152,1,30.029215546889553,0,200416.06935084081,0.7157873024368174,141.96024564558329,1,1,172.80999239481937,0
78,0,321.689202654923,0,38.24191831141025,1,314048.4878608683,0.8496208832688483,142.41347963522887,0,1,121.31159337756816,0
58,0,667.6148838865611,0,35.4245537782035,0,115017.42610048276,0.5,142.06485536895664,1,0,16.82969096267839,0
57,1,1010.6315950952581,0,51.188881406445745,0,331706.56275874097,0.6375102680544501,135.0289302656448,0,0,36.679604386097886,0
41,1,1172.4986551862644,0,39.769339386116464,1,380971.64200658526,0.7019902837125729,140.45852275682088,1,1,4.649955788419026,0
48,1,1470.5401309438932,0,53.778283957925325,0,328010.7285539673,0.799579084776721,138.0075507905663,1,1,68.9020381019831,0
54,1,518.2938723289841,1,38.83151910295363,0,178791.53318717412,2.5406744638346193,135.14603764624417,0,0,145.99970307621078,0
73,0,223.11580727850944,1,30.77920990170433,0,224289.13728572617,1.3233375375530567,140.47425618344892,1,0,259.24353551021017,0
59,1,165.845956609082,1,38.18564692268497,0,304619.60620586603,1.1703142084700877,137.1264373534404,1,0,205.9047300254693,0
58,0,962.8807705453893,1,38.461186018832926,0,242749.44028000417,0.5710532390112404,127.48594999284599,1,1,215.64909862740322,0
64,1,433.44400039277235,0,60.837921712405006,1,396285.2556703648,1.0060310470120384,142.31432031576026,1,0,10.14622151567216,0
75,1,109.99850194868019,0,23.227966384330102,0,163169.24544007785,0.5,130.1121371051989,1,0,133.58814654174623,0
71,0,354.3309943380404,0,42.31874468265514,0,306011.51294035424,0.8273205525988845,132.35255115264127,0,1,203.79652886825264,0
80,1,1044.2939238616639,0,42.74441048085286,0,122804.73386146786,0.5,136.8226448521998,0,0,79.15862781777606,0
79,1,943.94497133594,0,42.149437549177506,0,235632.21380009182,1.3976233659361517,133.15841219085343,1,0,272.4201624349857,0
71,1,1093.1338777078531,0,20.539863746557256,0,341017.2936182501,3.088818542044232,132.88183295990984,0,0,127.3203664098486,1
68,0,380.92231545920384,1,16.284240147242063,0,310675.4164711277,5.750237526327567,130.20093833932845,1,1,105.16824179795047,1
65,0,695.6798399268312,1,47.44723559137444,0,354235.3317664911,1.3924385603076879,135.17270920085693,1,1,218.5403843821896,0
47,1,948.604068353979,1,14.0,0,133376.2306305276,0.5,136.62035988940323,0,0,210.87674095716835,1
52,0,367.37379598928226,1,37.99931878935258,1,180979.59774384924,1.2202393631490138,136.61049539977336,1,0,80.26979937585,0
55,0,90.31712556515699,0,20.16342428046821,1,423295.87215635716,0.8317699168400257,142.26777211966865,0,1,190.34316412978026,1
70,1,1114.4284777421872,0,32.25128306480305,0,185023.10259399138,0.5,137.81514720577937,1,0,267.30299819757863,0
55,1,33.95359395451503,0,33.51239826322707,0,388478.18552857416,1.7989855495780493,142.46716384137093,1,0,131.26880983385144,0
62,0,462.6619024223426,0,42.94418668408799,0,194586.66861131715,0.6946800823786263,138.67728863585864,1,0,50.69763828848692,0
79,0,720.301699308975,1,37.39935672685851,1,360625.12964660005,0.5,134.85978881064295,0,0,225.53703655822002,0
55,1,170.821796723873,0,25.41377563623665,1,297033.30948584294,1.971103517740935,141.14724032050356,0,0,114.04776044059446,0
56,0,149.03500710238282,0,47.06021825943202,1,195754.0827814566,0.865580389955301,136.69527868185156,1,0,72.91230350128792,0
47,1,435.08754518631633,1,44.05741289463446,0,361024.78588153876,0.5,137.019984954436,1,0,254.56668579285477,0
80,1,916.3332227044903,0,48.963623251958296,0,444961.21707863023,3.979318126363505,134.6834180632615,0,0,11.508354271844935,1
76,0,954.3783896139822,0,46.876436767898696,0,320784.51397820114,1.1671692771029358,135.741557207592,1,1,179.66206964939173,0
68,1,1034.861657341662,0,39.67782661759707,0,273025.14365022496,5.352668429895228,131.58048277174476,1,1,277.55026069198703,0
79,1,232.48124937099485,0,38.9208259114794,1,375784.2685805062,3.380019705489766,133.58363673471675,1,1,281.4228845705821,0
64,0,249.90477225646373,1,31.084732772175848,0,300714.1236614121,0.8716155724837283,130.74819722850987,0,0,282.68418603695216,0
60,0,875.4077945202656,0,21.337474389353783,1,227350.0882902043,0.7082955940491898,138.53342502363336,0,0,150.3864547553939,1
94,0,20.0,0,40.48269443465898,1,143900.05634725743,0.5,132.0898471425674,1,0,70.21347801395044,0
66,1,1173.395964698579,0,23.033377392182445,0,278972.8546497753,0.5,143.2828758774183,0,0,194.6114538148502,0
56,1,225.048994514349,1,30.328045668682574,0,124102.0793721569,0.5,134.5466116843354,0,0,261.4416569435757,0
40,1,239.49100613060074,0,33.63905997072347,0,179602.34793659212,0.5,136.24148775494064,1,1,177.32891231270787,0
68,0,506.01283778693244,1,20.75643686578037,1,434895.47672502056,0.5,137.34175236676438,0,0,230.6488902196986,0
66,1,536.3305137379139,0,21.21183403557903,0,323106.4867178487,2.062147552716235,126.47941949895468,1,1,227.33709008705304,0
49,1,570.7655954844894,1,36.877412885068495,0,224196.8416214135,2.407150316213215,134.20070440871845,1,0,136.8325639544499,0
73,1,1154.9557155592363,1,18.900859360573254,1,391230.48340755294,0.5,140.0707690535736,1,0,84.79447384351438,1
56,0,374.9508807856085,1,44.48086729285788,1,195939.2827206803,0.7329538641967421,133.6859714035751,0,1,263.5730497827741,0
40,0,221.75030177001543,0,50.08089995425661,0,259989.44049978253,0.9655014597011558,141.24060447800275,1,1,163.91486234109377,0
72,1,196.8533866568668,1,38.94600752897346,0,545673.6103698688,0.9884158515157019,136.9410539576346,0,0,100.26996195358599,0
58,0,799.4156516342274,1,28.969092734841283,1,301758.6812451979,0.9558036464384275,137.28499263783806,1,1,19.843974262314006,0
73,1,887.0849684166512,0,32.2255717836413,1,224141.51703300053,1.172186261305681,135.40714337752473,1,0,69.48547729345763,0
56,0,519.512122749193,0,47.95878398240879,0,237459.5727836996,0.5,130.50389720532885,1,1,113.04539957548245,0
67,1,145.21626931105823,1,52.25741915272052,1,271740.26869849634,1.9753170916135545,144.17942139521833,1,1,140.5620347234702,0
85,1,1393.9499099459633,1,29.058960687492885,1,216176.27003938,0.5,147.50909298335293,0,0,224.97774831905429,0
55,0,90.14053341307033,0,35.46802027574087,0,256093.95932146997,0.6644806767051638,135.15495509649818,0,1,218.7140175728985,0
58,0,305.40653335665934,1,19.26724283146324,1,286281.95616032166,0.5,138.51473851660984,1,0,169.02566653835328,0
45,0,362.1176317867284,1,37.383773483723274,0,197276.67593616692,1.0915564491310896,133.01933655120854,1,1,14.57582753159522,0
78,1,20.0,0,25.89922839374577,0,180150.24441955495,0.9513306211510459,138.626121960965,0,0,42.22369674490518,0
45,1,2109.7995925577634,1,34.57036695557332,1,316459.04896541266,0.6597531829657021,137.08303051160806,1,0,150.78327622335377,0
65,0,60.45221250185287,0,44.56190343993037,0,232114.18087321028,0.727504801089764,135.80392579764228,1,0,111.09658410892283,0
65,1,536.3244918934041,1,32.38049987375572,1,204383.53633192426,0.5,137.89028162209442,1,1,224.93107515390943,0
46,1,165.66633123839242,1,28.10804951919509,1,43341.804591108405,0.5,135.60025010780296,1,0,8.330885354357996,1
57,1,50.512504004796114,1,42.12059292975565,0,152182.34278341866,3.0906861077225973,129.20693619383295,0,0,277.29019636430525,1
41,1,620.8307547167358,0,29.63326532753743,1,305453.60515927954,0.5,135.95973382044735,1,0,157.73571780970937,1
40,1,460.0894587529967,1,28.91728972231336,1,354982.7755600319,1.4203716349805653,133.64841831086918,1,1,87.81965569815868,1
54,0,476.07955175292886,0,35.251217414520724,0,217265.30680647632,0.5,139.44864664269858,1,1,75.15238020991121,0
40,1,153.5493270072142,1,36.588315018284874,0,167128.37830081,1.710757720609122,134.8352943835673,1,1,228.60968717046404,0
65,0,192.0679535508067,0,41.22510378973839,0,232713.60014645493,2.4961643199097012,140.2915797172888,1,0,243.81602641170912,0
49,1,567.4084341652233,0,19.246877073031825,0,276090.2979521174,1.3336513826043468,133.36422180919433,0,1,31.241255667548643,1
41,0,482.4169812126384,0,39.72163363029328,0,189327.31033898838,2.0288652998560734,139.72401885862038,1,0,60.548573942186586,0
51,0,137.14713833564505,0,41.15915652377613,0,108321.5023392163,0.9482075221467566,127.08882273074764,0,0,91.80638514334932,0
62,0,830.8702063441649,0,27.03936100428357,0,274127.78144357505,1.502411474547049,139.84586129037228,0,0,278.4650082442929,1
63,0,1110.3370490629586,1,37.22575258520897,1,384357.1054582086,0.5,135.02711100859347,1,0,265.45751410189536,0
67,1,58.34508715796996,0,31.71144875713254,0,237985.43630390658,0.7018581505560593,133.33904376851453,0,1,228.3027725028816,0
63,0,226.23011358664948,0,34.944333745437135,1,273309.6104377357,0.5,132.13045343408183,1,0,90.98026692226009,0
43,1,298.9494434969098,1,21.99359670424175,0,204442.6358371797,2.2701113556984236,133.76002660948257,0,1,90.75981278387968,1
64,1,609.9327724028441,0,29.958925246583874,0,197890.47312328633,4.620189103578802,132.4026571102814,1,0,243.58584736420806,1
64,1,242.7459500077348,0,34.92941563035283,0,217471.0721956842,0.5,134.68639995888716,1,0,231.3182629910185,0
40,0,245.2362847331339,1,25.677216902010898,0,47282.05006873244,0.5,134.95439480201188,1,0,122.33150194547238,0
53,1,481.8317676420373,0,73.16874867218857,0,325549.05838576815,2.2574792733994515,135.79472302198246,0,0,179.03535304812868,0
78,0,161.1396737826866,0,25.005455306797458,0,297236.1296567086,1.7667449079752129,140.41923681368317,0,0,42.17171820630421,1
52,0,1198.8922629958004,1,35.160598576258586,0,321601.54401818657,0.5,139.66705839203013,1,0,254.73506897129278,1
72,1,20.0,0,46.69100094729189,0,116446.03457731855,0.5,138.64473476145477,1,0,237.8319908788635,0
54,0,984.0705601951997,1,44.534270514391046,1,212775.35196626643,3.4219499974344596,136.43765627216374,1,1,112.33564712731413,0
76,0,283.21986642031027,0,50.522666154875,0,233259.63761098395,0.7626213119356149,139.6850779696801,0,0,112.84845733015099,0
78,1,473.420379271387,0,37.86311866901331,0,221848.6856343032,0.898359072724308,129.05589091688947,1,0,108.23064694779575,0
57,0,20.0,1,35.97269187349043,0,283288.93042275513,0.6070380583882928,135.28505111031325,1,0,146.935748454013,0
49,1,122.80600034933768,1,56.91286835148815,1,167374.20815080026,1.0005326076867411,130.08685335252528,0,0,71.62934648697244,0
54,1,448.54957265200926,0,31.934378012552507,1,239507.89624275838,0.8322729482833015,138.62016187756015,0,0,51.095441140224565,1
67,0,991.3736890264134,0,75.62802615876848,1,301973.73888815497,0.5,141.5005544739509,1,1,58.51880417403397,0
60,1,267.84547329975754,0,37.673762424617934,1,235108.4535494213,3.0695044829847924,139.48026593364915,0,1,228.63540730991534,1
57,0,1268.626590434735,0,44.7509726089773,0,218226.94801752566,0.666278547925602,126.65455493139639,1,0,155.7459108915762,0
68,1,895.9613606114132,1,32.33739098263555,1,376862.37323477224,2.0601594386067665,136.66194837985904,1,0,33.51991834734462,0
61,0,434.9624761512117,0,35.818693452798406,1,171372.87397353788,0.5,139.76611557221787,1,0,26.050458440747313,1
40,0,108.90055461117525,1,39.12876864907063,0,237420.22043518155,2.3405134059514867,135.64590631303037,1,0,252.73381427327163,0
61,1,297.9339311199539,0,33.52615738744492,1,87584.43090211396,0.6486867960360317,138.76300161350383,0,1,282.9639173748288,0
61,0,894.1993699193688,1,48.09964294780843,0,276000.0183886225,0.5,141.96695677685943,1,0,211.61853563240504,0
72,0,145.84603994016624,1,44.42201058265017,1,273906.35941715725,0.8916471790700431,135.94970245637379,1,0,114.47101029832285,0
66,1,159.13206345416936,1,56.901167944780866,1,337625.60498645273,3.007209304789569,134.06896906721212,0,0,67.3519396339843,0
51,1,372.6168488477378,0,51.91317832509114,0,178331.64548951614,1.589950643577144,132.2459106289309,1,0,38.952960267260586,0
44,1,1407.3740753317227,1,55.59683095771923,1,322559.1756048805,1.9940289418152233,132.00934213631632,1,0,272.01510413469265,0
73,1,34.68877764842581,0,54.18930268219019,1,266620.97411510645,1.8243656375179094,139.20163857889943,1,0,97.96113326030786,0
73,1,463.93308767665684,1,36.13322153587456,0,324596.342202007,0.5,139.03131420634574,1,1,47.79424395325329,0
40,0,844.6514050226886,1,33.16093155773824,0,166086.44670443967,2.6516149116295264,137.33798390937736,0,0,40.32377467432994,0
60,0,289.77786613588415,0,24.17917425732214,0,346097.4419015938,0.5,132.4498368242701,1,0,179.07474195619326,0
72,0,47.23803462459297,0,31.35278908195686,0,502565.71215710195,2.4288844900326,131.60355934223716,1,1,125.88277497029432,0
53,1,696.5080455798249,0,45.71295496441745,0,297061.1483743536,1.6005430729779722,135.457424196514,1,0,233.47940364372133,0
65,0,831.1202286604823,1,14.0,1,346280.98127378774,4.094085407170178,138.03907536297612,1,1,52.7892311055929,1
40,0,20.0,0,37.627771791315844,1,200284.77688932748,2.143467987890203,135.37077589877327,1,0,182.9879902666092,0
52,0,2278.2446177482993,1,40.08812864718094,1,347346.17796876194,0.7814969992731421,137.36734793834657,1,0,212.07701686878337,0
56,1,142.51200446836793,1,43.368312025187656,1,186464.95522958922,3.033008151043676,133.74100101621536,1,0,5.560800619327032,1
62,0,160.3032531078217,0,31.120442395267567,1,383754.5654303681,0.5,134.03306217676231,0,0,218.9520182141184,0
45,1,845.0297501019081,0,14.0,1,221470.4581326049,1.7035453340681217,137.8880293736657,0,1,192.97949383679486,0
69,1,448.49385438251034,0,39.88525529270428,0,108143.82464350434,1.579476086685018,139.02601480839198,1,1,184.53520721509759,1
57,1,497.8912735817046,0,59.55916293435193,0,213806.66484600207,3.580242416685109,127.64363672211135,1,0,202.25309164584618,1
52,0,486.6339051344779,0,25.475829427035144,0,306631.56175375567,0.7063063636127057,143.11667039907326,1,0,5.093414362521139,0
70,0,1277.6910448337271,0,14.0,1,307473.735273419,1.7748193580568397,141.24915676158116,1,0,121.24070709588337,0
59,1,1176.3081558228503,0,36.56659221001065,0,372207.30623585824,0.5263516818501844,140.84035733193508,1,0,197.77890767293098,0
92,1,192.01555615050796,1,20.302685013933868,1,294038.6648692736,0.5,133.25144183160648,1,0,169.16854444845873,0
40,0,394.84378439938786,1,57.32837383681779,0,343525.9662548492,2.891559042883558,140.8500220475053,0,0,160.71213971808672,0
61,0,465.9213309280307,1,29.15511475157078,1,176212.2230737183,1.2114908550129124,130.61847549434262,0,0,185.17887776365632,1
67,0,812.636905216334,1,30.472314962725136,1,336123.17053444777,0.6758008367555294,136.04072111967318,0,0,115.52288197225363,0
56,0,380.62442714827966,0,41.17804803764278,0,489740.99120625854,4.540348829296988,137.09354320203596,0,1,55.547381124986245,1
72,1,1583.3729982256284,0,31.105401240785802,0,220606.4487560646,4.4875752588535285,141.42206924184757,0,1,198.45971983042685,1
50,0,1995.2842436034155,0,48.59808738665215,0,302686.5649865172,0.8487741698237498,136.82524206545094,1,0,202.9106458903925,0
77,1,602.0302563193463,1,50.31230166668625,0,239630.34440841677,1.4841724017674152,126.61440882352672,0,1,93.38667907305505,1
59,0,1039.3767563493866,1,34.650532872428855,1,147812.55814412038,1.2706618418865758,137.3828917519813,0,0,105.91165805697986,1
66,1,874.5349637755529,0,35.724408213209166,1,310934.08894739154,1.7353871306671103,137.40854993223743,1,0,84.26181836341331,1
62,0,1511.6304829022035,1,20.538174837428176,1,256972.22224718635,2.9768612091812723,131.6384895385033,1,0,37.364908210452526,1
79,0,176.02228536296863,0,27.005865925445573,0,413355.40937562933,0.5,142.6926768271637,1,1,149.2459505874972,0
76,1,468.57550294033155,1,47.494048544539666,0,211011.55930761984,1.6944450633936867,136.42482280337637,1,0,274.8126651310159,0
65,1,548.0668557129718,1,45.13745206496516,1,462475.6804079645,3.4501301084035783,139.7338943101355,0,0,126.19917869929196,1
66,1,473.8116726569167,1,53.566115649546035,0,269498.1816539926,1.0507160667667952,140.15811313980416,1,0,164.38625442348376,0
69,1,75.71166301266213,1,26.49639839039995,1,490738.1186556879,2.0915987196548733,138.08927370083006,1,0,270.91400526795735,0
69,0,32.36533466208558,1,52.982922859574884,1,305061.72776524315,0.5,133.74374589369734,1,0,34.01889156350062,0
49,1,158.380990709721,0,41.12450528332479,0,304059.6353629939,1.2356852328189705,142.71544521930812,1,0,200.1017229004966,0
71,1,530.2767889767971,1,24.606371398046427,0,268613.6982599359,0.5,132.8417097055398,1,0,260.8927711234703,0
67,0,606.4946535911113,1,46.03523776943688,0,220723.95900021633,0.8606410935694667,139.3750566738294,1,0,66.80222892317136,0
59,1,203.08540961663522,0,28.780471001074837,1,412885.32357362635,0.5,148.0,0,0,262.3908736282563,0
73,1,1269.5001314137749,1,24.165615158472455,0,269971.8758259317,3.7977883865713147,137.0867022718768,1,0,36.87878055862838,0
60,1,329.7204830231569,0,27.22462161396467,1,380389.11606249335,0.5,136.60598304832027,1,0,59.62084634415662,1
80,0,60.2095537861523,0,41.48278085679122,0,470171.670903013,1.8282351754957353,142.58627431141187,0,1,280.0550828077915,0
82,1,948.0404033453049,0,58.82036113929797,1,285528.24449427414,0.5,138.01268529956863,1,1,42.1685518113776,1
51,0,20.0,1,42.65355761958866,0,362555.2947754252,3.3188196604566533,131.30240166046855,1,1,114.56701830569781,1
43,1,22.460856482645955,0,39.06104471446571,0,74968.3366998595,0.5,135.46850460206292,1,1,141.12254885695398,0
75,1,419.6685728020774,0,67.86556819116386,1,77761.14819793761,1.1610045738202506,129.32583549593053,1,1,126.22076564513759,0
43,1,52.55563437561402,0,14.0,1,402055.2554963632,3.477481780759992,140.55072003567454,0,1,223.77690601809948,1
67,0,383.47556111944533,0,54.337837312604535,0,219543.59411359025,0.5,136.71412887086612,0,0,91.28605059768705,0
73,1,20.0,0,35.94254955294827,1,387561.4590276383,0.5,130.97038563808616,1,0,66.87670827874112,0
68,1,199.72598615071786,0,41.16882912580239,0,297446.86530567677,0.5,132.8975998355633,1,1,143.87034109089575,0
77,0,397.64425975229483,0,27.615667403490445,0,273526.1651719772,0.6426788182303256,131.92964922537178,1,1,126.24208199711772,1
64,0,279.80614624360794,1,35.21538536480256,0,131248.0068378578,3.978629237067486,136.98385741751628,0,0,213.82158832128724,0
53,0,604.2022929395993,0,49.750959613158486,0,217999.09735774907,0.5,130.75462722110407,1,1,76.26942466729484,1
57,0,821.4876171168719,0,48.11176882364916,1,293812.3910316323,1.8101105417906074,135.5885589614455,0,1,270.20359665914117,0
65,0,1497.701463920189,0,27.928714345721332,0,324234.35774161445,0.9434560273608065,133.895486986977,1,0,136.06617964204503,1
40,0,321.5036330957096,0,36.45216965292777,1,365904.20161043544,1.194696682362676,140.40159797693667,1,0,96.84705614578169,0
48,0,275.46481436600163,0,47.39082098346885,0,291925.60500219435,0.5,135.7561787227753,0,0,227.3135814418958,0
64,0,109.26664809783315,0,42.30301434865979,0,262616.6694486417,2.3670969837138705,140.1036436599633,1,0,233.62913473219047,0
57,0,1192.438908341092,0,53.24446125899306,0,464440.2792022032,4.126133310934876,136.1679289579607,1,0,190.87925545525317,0
64,0,919.9234898505398,0,37.20837983493222,0,227467.69326342034,0.9576268358468538,136.03329543701074,1,0,272.0977934338856,0
54,0,403.24989234172943,1,27.58615680795728,1,153041.4726279377,2.111452982767914,137.69094269674457,1,0,230.92725025218533,0
68,0,1641.8608849670168,0,28.523134213665763,0,346547.1649469982,0.5,139.94848781575593,1,1,281.77476896694674,0
55,1,69.92435728229988,0,31.67479462240253,1,201590.04010550934,5.4075399655765395,136.07948368140427,1,1,126.69701915422803,1
57,0,297.1261108553357,0,40.98190297051358,0,318962.8732994877,2.5572357331057294,141.4381750562369,1,0,221.21508657929482,1
66,0,232.3344156111508,0,30.16142985545764,1,175212.18788035255,0.5,145.57341004715897,1,0,140.9146032574581,0
79,1,184.9442640997514,0,52.37649002995716,1,258496.61554303547,0.5,129.95872207061433,0,0,162.42980066899028,0
84,0,730.9608823009629,0,42.08925376908236,0,87515.19348497168,1.8933913009993377,138.8635440860837,1,0,25.487977591568182,1
62,1,2799.650970553963,1,47.6458615975113,0,292495.08545724733,0.6729334815098734,127.54516956259889,0,1,125.81755354507517,0
64,1,479.18076207647715,1,16.596095686703187,0,348476.8326563929,0.5160211226475498,133.29380541027973,1,0,267.1652357246992,0
76,1,2350.6315522524183,0,31.607649261221738,1,315727.7542297969,0.5381621791113997,132.4835142863528,0,0,24.34450674518773,0
67,0,64.42550932777016,1,42.141146234559024,1,148862.4582896204,4.274935885601461,137.21681403975288,1,0,173.66768165085858,1
63,0,20.0,0,32.236595192333596,0,201885.22905879238,1.567046890729489,130.6220147668197,0,0,80.07883763212085,1
47,1,612.8803249869763,1,41.19205999235531,0,202483.5959730231,0.7181368062591126,133.11796381993153,1,0,219.56132229543906,0
56,1,567.5654193023977,1,34.22253175826802,0,328354.2678672834,0.5,131.93061815783454,1,0,203.71764170562415,0
48,0,1403.6914803595234,1,56.78329544786024,0,368484.9773462359,1.205903496758844,131.89386931309969,1,0,244.75289135915492,0
54,0,20.0,1,60.664155897010275,1,248348.79554606913,2.052276080737915,134.47898970966912,0,0,236.83534980345834,0
71,0,200.98230178213382,0,53.23694914600851,0,262642.6885267643,0.5,135.22298537676065,0,0,204.28347651173425,0
44,0,2675.6608123892506,0,47.70160860823603,0,289199.86460690683,0.5,145.1746400229053,1,0,283.45050348186425,0
64,1,24.842833854261546,1,56.419983664902865,1,272470.6256850221,2.1052380953801806,136.93442775716224,1,0,256.1177778965347,0
86,0,345.55775476582363,0,18.323427119415474,1,385687.23443384346,3.704720940718907,138.2912066492329,0,1,129.053762128047,1
69,1,389.18531848082023,0,47.955413266147346,1,260655.920966456,0.5,130.044344491591,1,0,48.16191132666838,1
45,0,654.0871755175481,0,40.71154786146017,0,236547.53884133368,2.114215253175282,137.31031586565254,1,0,235.47242216820385,0
61,0,155.50946883218438,0,42.716927560309315,0,192420.7122116728,3.5037836963041658,142.65199859912926,1,0,9.578906451138963,0
67,0,91.78720978139809,0,30.056679974780252,0,204840.7096637172,0.5,137.78051705237633,0,0,167.45096898817977,0
74,1,121.77289333568083,1,31.773197745316857,0,289975.735945788,3.724610973801899,135.63519949046997,1,1,136.84162492215177,1
49,0,451.77334101477373,0,44.82063481965343,0,427338.56715212297,2.438351625430339,136.13270755551977,0,0,235.36401071290734,0
70,1,242.81367165105868,0,55.480672613530714,0,288081.96688719356,0.5,141.97472741751184,1,0,27.754221357226267,0
61,0,523.9620544228052,0,48.73681568430247,0,106708.99840418895,1.9187286851050456,138.98845899833063,1,0,97.06126716087508,0
57,0,160.73522124420984,0,24.636255418763703,0,388860.3310263432,1.0309283876946358,141.7805072240977,1,0,215.78901948773472,0
46,0,154.92954116913938,1,39.883117690907575,0,25000.0,0.5,135.34333320568285,1,0,72.24009886747314,0
54,1,943.5818086599616,1,41.08613456027635,1,172296.86168225555,0.5,130.53392548668464,1,1,4.229874404013027,0
75,0,151.20733976703275,0,29.653676766460066,1,184025.57240083645,5.353377783166132,133.0961074128749,0,0,29.58920516680895,1
69,1,124.169854092504,1,32.888816157511535,0,339084.3878324329,1.4979099160858849,140.46661395803443,1,0,10.515005670875375,1
64,0,178.73700544970455,0,23.446460040576156,0,77981.49124630637,0.5801449935137498,135.69684839879102,0,0,227.01306992118094,0
75,1,328.36585011122463,0,39.306413515187735,0,239971.14222420024,1.6313926959305665,135.71129853782844,1,0,212.64966693443807,0
66,0,377.6701860855764,0,19.897438964268847,0,190761.36149820965,0.6083947075752328,128.83009965301747,0,0,158.42585036201714,1
59,1,498.79562125516316,0,29.735291295756245,0,256395.9709532233,2.702585966953616,140.8596092189204,0,0,156.2471663500678,0
45,0,1009.7835554256632,0,50.6717866476259,0,439360.9503456394,2.182808506998827,139.50869827357815,0,1,67.57745710458323,0
58,0,700.6146642583284,0,39.36939328381438,0,145497.16660927876,0.5,142.12504778740916,0,0,176.48799021506218,0
42,0,156.1338702889809,0,34.59081153148233,0,329932.0087889205,1.0245590370757691,138.40486847398768,1,1,89.37654871016615,0
47,0,62.053930683326065,0,35.42429608409915,0,285736.2087037775,3.824071667232088,133.69424701309103,1,0,29.26786520703309,1
76,1,214.44087175819772,1,40.667286509881855,1,488531.3240279297,4.179521864720857,134.07164331873548,0,0,68.56677427023092,1
83,0,382.6692159397208,1,45.080601654644184,0,420147.1932224463,0.6975072766865131,140.54234494898503,0,0,8.46900952198532,1
56,0,975.2246677920585,1,29.473369829980673,0,279069.297755045,1.1506876391662024,136.06782092264046,1,0,81.0286670087118,0
63,0,294.11600729905126,0,32.560627755758254,1,178476.57293871703,0.5570810825579383,129.44961269606208,1,1,187.8729110594416,0
61,1,656.7912767277923,1,48.9302185291968,1,202312.524391268,1.4197379202484024,134.99126577995284,1,1,35.31074275657714,0
60,0,401.4073614676151,0,49.289318301496536,1,241157.1228956401,1.3049304801725587,139.54450940757215,1,0,115.54607356913601,0
65,0,720.8255952785598,1,34.59785349712553,1,477510.39091096376,4.445095356108743,138.99641380095824,1,1,113.05968373799175,1
75,1,1495.0721006692809,0,27.333465406150417,0,419756.0796175754,0.6342519989473028,140.0649223159348,1,1,85.83837051190443,1
40,1,1091.1436518589855,0,35.90655448440858,0,229662.877542821,3.602340648271236,134.50152393692716,1,1,109.57914305797424,1
60,0,1185.9792399964815,1,52.78160942093918,1,254793.72683641306,1.1465934045257706,132.32590514224285,1,1,7.465634866217294,0
67,1,1409.6222790288489,1,28.82389412350778,0,297527.12966485106,2.5664652033848325,136.30704850240133,1,1,71.72843213904423,1
49,0,210.06598981572947,1,39.57699829439764,0,266574.7465582986,0.5,135.8799790065111,1,1,227.09989477889246,0
69,1,101.67265144560193,0,30.41510419572205,0,283269.8788024758,0.5,130.87052467173038,0,1,60.877125276588984,0
62,1,119.00958069759349,0,36.36610631408679,0,337847.0373051141,0.5,142.01318124687882,1,1,242.8778033080064,0
54,1,123.49445908025362,0,50.56064232938055,0,307755.4619884887,1.256809236267362,138.56752092813866,1,0,9.1639591089989,0
95,1,483.6256301250358,0,27.62887225953725,0,60990.28537371641,0.5,138.2510514664823,1,1,241.4690798670908,0
44,0,120.23148303541642,0,51.24315244906246,1,214362.1131894816,0.5,139.47238479406002,0,0,111.2236691647354,0
56,1,36.84277289917105,1,35.1933192554725,1,261323.41873054186,0.5,133.99481514119043,1,0,166.343921061267,0
54,1,901.1175510579349,0,31.02033261605481,0,233100.68872821578,2.3903335115860744,136.4395726525665,0,1,261.61375673597024,0
59,0,20.0,0,25.02455146543015,1,257092.52381363112,0.5,148.0,1,0,169.17277700819807,0
40,1,459.21880960232613,0,28.28886410860885,0,285558.77591603564,1.9341512037591324,141.59256993934173,1,0,76.34205999354853,0
67,1,88.17603902972962,1,39.21983853396412,0,371251.3294411607,0.5,125.846221004675,0,0,69.95691640453322,0
52,0,133.98050942812742,0,36.86019736749165,1,132968.8252491374,3.410699191180119,133.17961266857208,1,0,249.26861542853655,1
53,1,141.4313867145471,0,32.006262732982826,0,237372.87718494338,0.720131259200605,136.47990253577927,1,0,258.58583115802327,0
65,0,1460.8579397760493,0,53.852248815395896,1,295487.58000833873,2.47558166512555,130.67829923113246,1,1,66.07167137380115,0
46,0,154.48855240968257,1,36.31880881588998,1,337491.79049554514,2.536841147427862,137.19180018688735,0,1,60.73091471979601,1
67,0,519.648531094289,1,42.72642432231805,1,297968.69678299606,0.5,135.4893727592675,1,1,11.665012114088558,0
72,1,442.2251838489036,1,37.91080405385167,0,333963.182328167,3.670595284560016,135.15138312258256,1,0,212.27057813524303,1
65,0,424.6137102944701,0,61.92839390651119,0,234238.64501604412,1.6577733276831252,130.28854178639565,0,1,123.59596879031562,0
62,0,627.5694257075851,0,32.6383831977814,1,327917.6362866858,1.533173416770194,135.962397396598,1,0,160.63035907189166,0
48,0,1346.918396034215,0,30.02425063573742,0,223700.92847465872,4.218527072133932,136.49095435648056,1,0,111.6556103921772,1
62,0,1376.8608474691769,1,27.657807505289476,0,279884.5706174532,0.5,134.41775867383822,1,1,166.97101499440268,0
59,1,433.08974713486555,1,44.749892495014464,0,205824.7867632687,2.8731860213302673,138.1120505547486,0,0,219.1373949986407,0
68,0,20.0,0,60.58615436875355,0,306402.9142442486,2.0243335359894155,133.43156741679437,1,0,17.151225601688676,0
66,0,2147.343472413736,0,27.37178200572425,0,252073.18611423354,0.5,138.16850199668662,1,1,82.24357789595791,0
52,0,469.3532759062719,0,51.16353998095346,0,270519.6714088622,0.5,136.63980320849006,1,0,89.7784063671317,0
72,0,820.614506315022,0,38.77228282727846,0,258863.5928805331,1.2251676377003562,136.80439288463901,1,1,168.8807240563748,0
67,0,215.87887202097764,1,34.122353145908896,0,217444.88805638385,1.1342835674341805,131.06887814112258,1,1,60.27886433836575,0
45,1,763.5818726925592,1,67.02367925814508,0,229569.2477549642,1.0874726202488016,135.9983881380181,0,0,108.3470194223511,0
47,0,1268.5718124983116,1,52.84440936082021,1,224969.53981494586,1.9689893115930204,140.65141147704972,1,0,52.76850808033534,0
67,1,124.90467772156542,1,35.51947524745148,0,407407.397575355,2.790497546042377,146.54522076909882,1,1,43.832755458943694,0
73,1,934.9332319886927,0,29.70078850019603,0,280123.4289928631,0.9891595481563448,132.38368386087558,0,0,249.7744894027642,0
63,1,635.2049735879847,1,31.564483295596364,0,290978.0126564709,0.9411008173706381,129.09010052003876,0,1,241.18614194219126,0
75,1,124.01582524777108,0,53.130202528835035,0,352698.2969180377,2.0736298979402887,127.74638314419015,1,1,13.311788813008304,1
58,0,392.25271352026726,0,42.728479497051914,0,306836.7034658429,1.7936365105612713,138.7709975041866,0,0,190.7452777731855,0
59,0,503.7662105733206,0,25.156877148171525,0,246694.55446531097,0.5,133.69346435827686,0,0,86.81392009010315,0
59,1,1442.4853025866187,0,33.30191613497243,0,149859.8406962598,1.8169245994016883,134.32486196022063,1,1,213.45104790834637,0
68,1,621.4763484926149,0,14.0,0,381521.1593493795,2.2615074612368695,136.3675085825718,0,0,209.5934145604145,0
64,1,501.66441329152605,0,22.84125971125978,1,531782.7600258176,1.2841280791297247,137.0230594016658,1,0,246.8175244030252,0
63,0,85.3219454046885,0,39.406869408371676,0,274507.9873523228,0.5,137.26963586537383,0,1,270.1194337323955,0
87,0,743.7629833030587,0,38.1147808816956,0,327531.5309614145,0.5,142.249826799921,0,0,271.8029835435296,0
76,1,251.73125809791716,1,35.88887741953372,0,356621.8338800255,1.3889618862287563,132.18199814191237,0,0,10.030552620099588,1
63,0,219.8806399016558,0,35.20313104104673,0,281539.2777503193,1.8119107338161218,134.78161867813589,0,0,119.36248157602597,0
42,1,621.0400788302616,1,45.268030130826546,0,192534.67445459688,0.8412167322298796,134.7418627966967,0,0,208.70980925402577,0
61,1,449.658702546897,0,45.83045656260866,0,243666.7607331142,0.5,142.77773487571503,1,0,248.38278551140502,0
64,1,352.5417743876296,0,49.110056783459,1,423574.0891651767,0.5347505428434101,142.46667600598815,1,0,198.11742355508676,0
63,0,1623.885098782643,1,32.12209353687335,0,169046.4688558898,0.9184571263292676,137.44077030062212,0,0,157.40623193813872,1
62,0,20.0,1,43.546901223813954,0,232731.85330705903,2.3110566414599734,128.2285252322447,0,0,255.9898233673802,0
75,1,1654.6139655030563,1,48.19624237509478,1,294025.10016199265,1.511315711732605,136.8811864835393,1,1,128.0781589445953,1
81,1,3232.5980407798547,1,35.66911642084228,1,334069.89701683394,0.5705583843069575,138.35897443713557,0,0,198.70279687674275,0
54,0,139.90516037641757,0,37.19163876452456,0,83309.73167837993,0.5522283820989352,133.06934340694835,1,0,57.799101092420884,0
66,1,416.0113200693335,1,39.51629065438432,0,287169.84508127725,1.0525030261431323,134.27522550936243,0,0,163.97268700625563,0
62,1,31.49642731595827,0,37.84851274490536,1,286744.35762995837,0.8953439433930883,135.20025185583177,0,0,4.766780797973902,0
59,1,142.0802297127513,0,17.310786381489166,0,359177.99729009316,0.7611521324606833,136.7327332018428,1,1,275.25047815451825,0
53,1,99.16336850061958,1,45.81957295412948,0,334479.3226996268,0.6091436445614938,128.59569632354737,1,0,173.11933270717552,0
67,0,3083.096208680164,1,41.47307388771684,0,161317.40159172768,0.5,140.82622209787436,1,1,176.50228097089672,0
40,0,70.17179498966794,0,46.936053458806725,1,366396.1255762618,2.5819141578938165,140.48266079124866,0,0,218.51025494135482,0
58,1,120.56346870210054,1,30.203304130181557,0,422447.75795072905,1.7675705550086658,140.10984182922448,1,0,21.874596288296402,1
51,0,1073.2997272359369,0,55.027813345127754,0,392610.3490102027,2.2379568563624397,137.213540846601,0,1,172.24199603630345,0
68,0,279.03084899073446,1,54.69896940292149,0,228951.5724367808,1.5962383961624131,127.5736860759359,1,0,189.2211189835837,0
55,1,825.2416209565203,0,44.01044897847489,0,187956.76107700996,0.8736493622518374,134.8393749098971,0,0,250.91278521571945,0
40,1,423.43842616795445,0,37.09003542894491,0,208401.1192759962,1.835976188943034,137.54545963989258,1,0,224.9466800579336,0
40,0,154.78885617998793,0,52.76699463175814,0,341781.65917489957,0.7015448681091596,136.82843700696642,0,0,38.425455541454596,0
67,1,1892.7564113693027,0,54.90824811095062,1,264572.5816430725,0.5,135.06463919342627,1,0,237.0502351644938,0
84,0,338.68337003962483,1,14.0,0,230352.51358411688,2.3385964260638947,148.0,0,0,243.2165825053687,1
82,1,230.61142987447295,1,42.699593282897645,1,276396.37428054784,1.2427084708048375,133.23622341696267,0,0,144.8313404253244,0
65,0,506.9260561645944,0,57.0822514799476,0,156869.3298390356,1.5001897278260565,131.7445380583089,1,0,159.16221318201406,0
69,1,973.3873981554325,1,14.2329040060256,0,380978.61480090674,0.9766767103178317,139.92388758885585,0,1,216.67044682370872,0
67,1,400.2968461204584,0,20.31793303078415,1,190286.62705146166,0.5,134.10508223723272,1,0,150.70644605360022,1
62,0,72.87957507567225,1,31.355799764677315,0,294844.2976297709,1.0411316061865301,133.49541013913932,1,0,13.523664937898344,1
55,0,1162.145373702635,0,30.006503684112594,1,141535.68942102062,1.6944678978973582,134.32376654350503,0,0,90.39052785512992,0
53,1,160.28663498502453,0,40.48988505788511,0,227001.96843068785,0.5,133.89766016170833,1,0,38.81356840695776,1
54,1,46.824194199613785,0,39.58553286690089,1,431235.42926527036,3.069526581361929,137.8050915094214,1,1,7.01903029886999,1
49,0,25.83602429931545,0,47.33199542100503,0,204249.0209651131,1.398451396942763,139.04892753688753,0,0,119.62984546834895,0
41,1,20.0,1,16.59138306553865,0,59491.33111749994,0.5,136.53438528815704,1,1,251.21740940185595,0
45,0,2653.798312287448,1,26.777258236795696,0,197110.6874261268,1.6689880973512008,142.52154276352616,1,0,214.01415083831375,0
51,1,1827.0456944386094,1,53.665465023480714,1,350190.23189377633,1.9652205448998186,134.87313551053674,1,1,228.1169669895868,0
40,0,295.6016619242745,1,28.788836253628503,0,402902.772360096,0.5298529908240748,132.6785818533248,1,0,162.59571949807184,0
54,1,135.19068439247442,1,31.294594008348657,1,156773.65132373618,0.5,137.09175120894312,1,0,67.49928083844529,1
73,0,935.3719135598508,0,40.610005912468964,1,329683.57297484163,2.494227420746765,137.7594991690613,1,0,11.681717744448902,0
86,1,442.01542231059767,0,39.1860390540406,1,237561.65059332724,0.5,137.60359429131267,1,1,238.3431202781226,0
56,0,434.7545585822248,1,43.58056496346452,1,352469.0302957655,0.5,131.7689087539334,0,0,279.93439209497916,0
55,1,1816.0355050152789,1,57.58842893043581,1,427029.22822258575,1.0550840717422907,138.2388041693243,1,0,119.4193077682942,0
83,1,86.07824066444311,1,34.32126507120965,0,399383.2237744422,1.017148920395131,138.00555015817307,0,0,280.04788989768764,0
64,1,711.5450974695904,0,27.73612397134559,1,155886.3558952323,0.6898184629322818,141.24656578645258,0,0,242.3511133711353,0
40,1,804.6189884303813,1,37.94630148016314,0,364384.2486303379,0.5,138.4275209448146,1,1,283.31121722860416,0
55,1,1272.2453726042772,1,47.346228428165546,1,74335.49541056794,1.319953943263609,139.71173302459982,1,1,15.540073619048197,0
68,0,758.4383803136574,0,43.13907054578853,0,286576.66149300657,0.5,145.20324949104898,1,0,63.90681876722211,0
60,0,791.237723634233,1,20.266147313229222,0,131124.5488669305,0.5,142.8583647340937,1,0,94.33889258900018,0
40,0,610.423296849263,0,61.596324946921655,1,176380.46621174406,1.5476622112750775,134.67399154572806,1,0,282.17512419101433,0
53,1,110.11053643402647,0,17.187593691597968,0,216509.02184570127,2.7283101005335326,136.56406059153127,1,0,4.277809900664462,1
76,1,295.55553645866934,0,44.8829838354835,0,301220.34870995925,2.119498688211963,137.89609839218272,1,1,206.09264868981606,0
75,1,303.8457088461215,0,18.914846335306304,1,307016.0647158355,0.5479970882118351,131.90684013854673,0,0,184.05484351778887,1
59,0,416.1767543308944,1,41.978950128357305,0,319426.26656566263,2.2811894781387156,141.32729195545946,1,0,4.1729610532193435,1
61,1,966.2949739876565,0,39.460842597425604,0,238229.43292489898,0.5,123.87037167359496,1,0,142.2980940822707,1
71,0,43.983798810282494,1,38.86957829880086,0,392597.37566361536,0.5,134.63664705305163,1,1,26.118408350800077,0
62,1,305.72838885059105,1,39.38090085190994,1,268251.2931072659,0.5351985242618406,127.32809275470744,1,0,181.52815937167796,0
80,0,1308.581353950291,1,24.03492938319495,1,151012.67172719014,0.5,133.6786718094849,0,1,206.73847789210828,0
55,1,201.19601738254758,1,33.83697876904911,1,246209.99396025023,1.1210011352665359,139.40992148374824,1,1,206.1904241049522,0
60,1,319.49483422451493,0,42.59335217080295,0,238633.83003816556,1.625647190201955,129.97039212154957,1,0,214.55986118789426,0
65,0,114.03379449878452,0,44.9441379337464,0,213075.4422598044,1.1051172729729135,128.84533742109264,1,0,279.1514491049779,0
73,0,233.88395713606945,0,56.033187404007826,1,293585.74356699164,0.5,139.28247743722207,1,0,269.8894271293058,0
55,0,741.1846629229649,1,29.53753675146895,0,307320.5742224928,0.8280922801213775,134.65884396187877,0,0,63.10622868618299,0
57,1,404.89890363586835,0,21.657576647472286,0,298715.5930130714,1.0146496890801218,136.95856768513522,1,0,186.53777467579778,0
54,0,373.6668409487907,0,70.2310263483356,0,214353.06028040408,0.5,133.01346354282734,1,0,175.8981080140287,0
66,1,399.4816764606843,0,38.196334726272845,0,389384.42851585883,0.5,144.96741296420396,1,0,118.91778877769987,0
54,0,1371.1942332234044,0,26.784237793793743,0,243552.38581369235,1.667577826323046,135.0259430577691,1,1,124.059475031124,1
44,1,358.9228889429608,0,38.46162494130133,1,306373.7974241021,1.1550912003097835,137.40027656916462,0,0,36.27488656514712,0
83,0,442.6544790240175,0,31.791695621640233,0,373508.41089940886,0.9866362167072207,133.55946622548657,1,0,181.2188051023215,0
54,1,701.1023931891947,0,14.0,0,175925.46179589868,3.415292405534607,133.51507448530097,1,0,75.53263829945323,1
60,0,86.96107191380948,1,41.19027141279592,1,224042.45748894374,1.6097524462389405,132.7202155661895,1,0,150.87879382487694,0
77,1,2483.9550456932307,0,23.06365309038627,1,280125.06780035055,4.693465711193994,134.48982764789395,1,0,71.2400422123821,1
66,0,95.67200453722614,0,36.97713833817341,0,137567.48221890908,1.6829085969715132,135.6747829898782,1,0,272.3470756162082,0
87,0,1119.036289488876,0,39.26572036532296,1,375986.617304459,1.1575108383209696,132.19481326947522,1,0,40.09325173979502,1
63,0,949.7621135649798,0,37.41673671016151,0,387034.1222589408,1.0919207835734739,142.22338211039832,1,0,72.51388892113081,1
56,0,631.4846234696363,0,25.502054185140153,0,347048.074657145,0.7911627658601617,135.89220878631548,1,0,280.2399042611148,0
65,1,77.63698013147997,1,54.142737666568536,0,241302.5875880635,3.7408184156600734,135.0123874644875,1,1,152.80943708785034,1
52,1,112.88594185040343,0,54.87705229696563,0,207155.47315070961,0.5,129.94124366295537,1,1,127.0373455668505,0
62,0,573.7769258620461,1,16.42730105347013,1,438614.1154001939,0.840432124463943,140.85037452153406,0,0,76.744456743251,0
67,0,738.7164291669167,1,39.95529347956239,1,185008.9971352231,0.5,134.88174972846713,1,0,280.2072976215589,0
59,0,1023.8995048732451,0,20.132127774314533,0,319933.94540980435,0.8100655886608309,138.69726352829412,1,1,272.29617153931173,0
63,0,688.0150988736561,0,38.54222488743916,0,342134.44849058904,2.638463829012503,143.45161267860658,0,0,72.44336573385185,0
53,0,177.13651899471904,1,41.62755923991123,0,407823.81347364886,0.6875756847974172,137.07737646065394,0,1,114.43880841268287,0
46,1,126.20339921302333,0,16.23998849897498,1,237182.61626616016,0.5,135.81056692755814,1,0,240.10595932811125,0
48,1,88.71899653773758,0,46.65231975970223,1,129658.50413760985,1.1832139435882971,135.84515224834487,1,0,39.01027949873097,0
80,0,883.140101139409,0,36.65862948369623,1,156289.76933722204,3.2667771338569813,139.02739724718475,1,1,266.96245455736187,0
75,1,924.7964304441047,1,34.64078174850048,0,250639.2714972053,0.5,136.12014163580204,1,0,255.01171746369263,0
56,0,420.04381274901226,0,36.67987733993841,1,227860.64795859065,0.9499715492792946,136.81190541085087,1,0,59.50660107482948,0
72,0,39.920355179386945,0,16.453338848027364,0,255020.58591166252,2.8520188552241557,135.67527662341112,1,1,212.63330137701152,1
42,0,791.1199548928324,1,20.25679319731039,0,364916.7505881302,0.5,137.79944938117436,0,0,180.65579977271622,0
68,0,1349.9808701479265,0,41.70139039855788,1,194526.26362615603,4.404128971548399,141.39454391562012,1,0,73.32271895995811,1
40,0,303.5419596117256,1,25.463739183932134,0,250252.46852444706,0.5,130.68490068601864,1,1,157.33634407773454,0
61,0,188.11763794981655,0,33.336972942251265,1,289674.24287828576,0.8736117085103069,137.15592276056765,1,0,41.132769882441515,0
49,0,349.3142709226759,0,35.15969374022471,0,258647.5633574711,3.294275560316869,131.6499845721845,0,0,213.7549865829174,1
53,1,121.4618398368641,1,40.337371328005894,1,270434.6320867335,0.6683632958004809,137.96343841683168,0,0,87.41392945638704,0
82,0,1197.8687423696383,0,25.049294220718426,0,191181.01692219346,0.5,136.5699727221688,0,1,205.6610805090092,0
72,1,678.6206721923224,0,43.03148078032973,0,286278.7869306146,0.5,136.95992339061823,0,1,240.37643304105245,0
75,0,701.0758962109837,1,51.242789141383966,0,301099.346088065,0.5,142.01759686876645,0,0,208.9515656587627,0
62,0,275.38094274655305,0,37.70228518140337,0,225123.1614285653,1.3941811484246187,138.3642265040933,1,0,31.809371026409877,0
58,0,809.3805865001218,1,42.821298070155194,1,252491.32360934623,0.5,139.17094131874185,1,1,269.95628549785226,0
74,0,64.92671370885546,0,40.7459301292124,0,340610.0795863082,0.5,129.83456016083696,1,1,224.75819395366253,0
41,0,61.60413810578617,1,38.21733850112403,1,308717.8419845223,0.5,129.83747324668744,1,0,120.74305798064935,0
78,1,1136.0765774631532,0,42.64889148881754,0,98161.28002363749,0.5,144.82609773145566,0,0,57.2907417936167,0
87,1,329.7454270923619,1,50.12009188425914,0,255752.4886366164,1.2624917922944723,137.3491299688976,0,0,190.3643114140216,0
73,0,428.6010574642857,0,44.06433343036604,0,276446.6981681025,1.6344496185679294,134.5585952674276,0,0,189.45932941247932,0
52,0,1063.557150093514,1,29.850183279844664,0,299249.9235307948,0.7326766760357235,139.08616472970314,1,0,171.47386787251898,0
66,1,945.3659138684576,1,54.71737616484775,0,240176.78030546376,1.0261793002768147,132.44126739862872,1,0,170.69161895544332,0
74,0,231.81539198500218,0,43.701984559974704,0,325509.66142235766,0.947348478293956,138.72115920297438,0,1,232.73532167854123,0
63,1,1228.0625590619447,1,41.27754308909476,1,223798.37257238376,0.5,142.0896602130976,1,0,224.99402243247516,0
70,0,1834.755552557586,1,50.345711054253535,1,326123.85830143373,5.731612187489557,139.17367724021668,1,0,38.86975090687863,0
49,1,806.7158820093322,1,26.466211794559577,1,383484.92769811803,1.7451009014974008,136.19175320790137,0,1,25.7253338544131,1
62,0,842.9651904280644,1,39.65593292553241,0,313523.80428062216,2.6847527711662025,141.84696444147798,0,0,136.36731305952517,0
68,1,371.12385705797243,0,21.900183337176713,1,315276.62403929007,0.6115545704729031,135.40650882095363,1,0,144.11346567997663,1
40,1,108.44393737754328,0,22.571119208022616,1,214031.0751430417,6.122978292329307,145.56370791057688,0,0,110.63657221475232,0
70,0,564.2145390786015,0,47.44055557291745,1,367171.1405609769,1.8661861837275493,139.39651959730438,1,0,112.57423855829498,0
80,1,1601.9352505420027,1,34.416729687890516,0,325184.78024014295,1.2958414642744776,142.1493141246382,0,0,103.6224921706834,1
47,1,405.2491555974382,0,45.76537701519267,1,225851.8560923605,1.058829514391324,143.52961025990646,0,0,151.73160924011384,0
80,0,1038.1669342973014,1,49.0108367130724,0,50636.829874348216,0.5,137.06783011143688,0,0,283.84307436859734,0
64,0,386.6369016059621,0,26.5891823746001,0,272339.9090971235,0.5,128.9251435995128,0,1,153.65437032903236,1
72,0,182.283745476401,0,55.42823691235433,1,238761.3166161813,4.695073559984825,139.17347304440366,1,0,106.88342247341346,0
66,1,2470.3613711923504,1,27.13092283960133,0,539254.8579078906,0.5,134.11255810502726,1,1,106.64515542336399,0
59,0,178.03232755229214,0,34.19995477708529,1,404751.18473330745,0.5,134.335526227335,1,1,134.6168386859313,0
51,0,339.24235299606136,1,21.106700359329505,1,206465.91395628836,0.5,133.59905383750774,0,0,195.65512993464677,0
69,1,162.24211518129192,1,23.68384570971529,0,393369.6356922322,0.5,136.62099238099898,0,0,255.5947243818716,0
47,0,551.2263360058555,0,42.11816023673492,0,194830.10278344285,0.5,137.69962327753046,1,0,32.35426896327819,0
70,0,451.63395676241294,1,41.48724354798474,1,350995.47878178756,4.77941103191583,136.45122698147827,1,0,230.79828110330325,1
64,0,1141.1163417640093,0,46.463687305529064,0,268184.98911296314,0.7606625439251856,145.82375401393128,1,0,162.5796237195335,0
77,1,22.0630950744637,1,58.38139208571574,1,297291.51867662463,2.345831383969309,135.779461478241,1,1,113.7667687285764,0
47,1,88.15495001721435,0,37.58995801202397,0,330680.29316475353,2.298693336982041,136.80145108249997,0,0,218.7722106629173,0
55,1,890.9054854054167,0,45.467103727336706,0,333875.67879741115,0.5,143.59805835144255,1,0,252.49476110621526,0
71,0,274.3979785225726,0,38.04107339239609,1,322194.4316042551,0.5403903967506013,133.39667976104096,1,0,247.7401180738103,0
58,0,1442.0760247264259,0,18.365681849195507,1,103859.49497265837,2.2255546037329004,133.17134848396384,1,0,248.36941510614693,1
75,1,343.7661652175114,0,39.71123934289041,1,224100.357476711,0.5,133.6051070104453,1,0,274.3073823747441,0
59,0,340.5029270565156,0,36.3982440017367,0,358895.83095927915,0.5,135.58571253511988,0,0,164.74533728571728,0
56,0,236.65335128020425,1,46.597109831351744,0,322647.7777678578,1.348665797612752,127.75158353087939,1,0,194.72261037950048,0
50,1,722.4624374424508,0,24.588793407302667,0,263243.37245524826,0.5,137.86292964243802,1,0,168.99899520007807,0
47,0,20.0,1,27.141479006501708,1,114631.38030733576,0.5,131.8391023559314,1,0,77.16316161006566,0
40,0,1195.8984547279817,1,28.6994031074251,1,264195.65345510404,0.5,140.4221896493939,0,1,104.88777327263075,0
60,0,148.72305224458205,1,26.361187870887747,0,125388.15235420395,1.5016219637430215,132.71293905592677,1,0,245.87651859928698,0
55,0,741.4613460730671,1,47.004490640282974,0,297531.3275437475,3.363562203503265,131.8261522146862,0,0,168.65746224593946,1
67,0,628.735581875245,1,35.17261817530987,0,151821.32746581774,0.5,136.00694375052413,1,0,227.69568856749225,0
40,0,20.0,0,30.48507288430302,0,230634.4687696235,0.5,138.62816106269034,1,0,83.22804564984226,0
75,0,243.4259078756556,1,42.43138719068659,1,260586.71238358345,1.7102341160220642,136.13622388762118,1,1,229.66886274023486,0
67,1,49.806909755373724,1,55.21332711422204,1,261569.75926286375,6.582123922838293,138.06309464958701,1,1,68.92147054962149,1
61,1,698.4492037654691,1,42.49204469620025,1,327223.21250268305,0.5,140.11505832916762,1,1,39.256671095043025,1
57,0,496.6280145328262,1,22.262208759577753,0,406938.6914871789,5.800002925867384,143.27442087558754,0,0,222.69205983265473,1
51,0,231.6072941645221,0,38.78255640995001,0,167525.1246105732,3.5678528379837253,142.37456567966686,1,0,50.045381146988,1
90,1,230.21179921587384,1,43.57294168601915,1,339968.16678576544,0.5,140.2493421379774,1,0,280.16884769316493,0
61,1,776.3451173021512,0,18.012652849886805,1,393533.83251880435,0.5,139.41511312636771,1,1,220.17032776280055,0
63,1,43.98426502269537,0,40.87889865266908,1,215366.7159218495,0.5,139.47744071483734,0,0,139.94315092255462,0
83,0,149.52709919409514,0,42.953503473352846,0,329413.89815701195,0.5745421116958221,134.6375607653856,0,0,227.80868002498053,0
66,0,1491.4360608807954,1,42.024944118599834,1,272656.19445624616,0.5,144.73048515900442,0,0,233.92991037300777,0
65,1,1401.1801725631403,0,50.72595346403498,1,410221.6352927808,0.5,140.60590856990189,1,0,114.50597042189641,0
54,0,420.5904839206091,0,39.32558893648834,0,219317.61612595813,0.5,135.13325126639162,1,0,167.76949447401842,0
95,0,303.0007632136913,1,31.17219060427467,0,141353.68723251874,1.37838757610264,138.8364406966535,1,0,196.40452853959803,0
50,1,267.26520543596894,1,26.118147069494185,1,224206.46573377043,3.6022588916956284,137.6932689165103,0,1,5.316393806603619,1
69,1,690.8717058853626,1,38.53397502211988,1,354858.6857833868,1.3737747738860964,142.61044171812267,1,1,47.91354760899494,1
66,0,276.2066167821915,0,39.783965293231546,0,208349.15565705995,3.787919182601158,132.15048013614307,1,0,60.94270928198718,1
66,1,83.8800709827963,1,24.167824013243486,0,390512.0435095783,0.9006028077257189,140.7633891851289,1,1,105.10226643459448,0
62,1,363.70224994976934,0,41.98700761834323,0,376558.83835653344,1.0778376396747358,135.14690531937097,0,1,214.48256868870624,0
62,1,134.38229030190953,1,57.4748068251474,0,294978.47493887815,0.5,126.1971055480267,1,1,8.353903690328014,0
40,1,1940.7196253521115,1,34.16011079674329,0,166298.387133452,1.2163228559752843,132.36882104996508,1,0,261.4778276274949,0
52,0,246.56151181958347,0,24.91967452323086,0,321391.73030509055,0.5,135.213442659414,0,0,264.672078199211,0
69,1,204.15061404985244,1,16.71972023573131,0,363613.3608074783,2.520732357452049,138.12635485161152,1,1,127.10404315759696,0
61,1,1816.976430715803,0,40.39002804000397,0,106999.31821515612,0.7190788882141307,131.91872610710251,1,0,179.56195543260282,0
61,0,559.8097751048674,0,26.901858236118304,1,230919.553294927,0.6282504214965732,140.65849296424386,0,1,82.94933572305365,1
59,0,645.4123945052887,0,36.460380128610424,1,253807.4902941065,0.9401033474743518,134.0920310883934,0,0,75.07817960732781,0
71,0,79.371492665902,1,38.604882403420525,0,356549.57929690764,2.1350532668870352,138.8633816021665,0,0,29.908637539874487,1
56,1,398.84243099299164,0,30.998933380128296,1,367243.56614894606,0.5,137.86590495185052,0,0,108.92825087995402,0
49,0,595.8927619293191,1,52.51121499232927,0,234059.0265620107,0.6592805060058688,133.41157215725994,1,0,84.2277961234365,0
61,1,739.6017177965281,0,57.216592399614825,0,262613.53258037014,0.5,134.11698251758972,1,0,259.57611325277367,0
42,0,1019.2206739690364,0,28.69003091759683,0,266981.29931931786,0.717527919447987,139.05088574700972,1,1,28.712098298768158,0
59,1,185.14819647222353,1,25.543287784291557,0,359276.622573035,0.5,135.74921563455078,0,0,33.95416508406062,0
53,1,658.6360922034675,0,41.499959079561705,0,175225.05818139407,1.152178363980018,140.8031964895818,0,0,145.66962765245222,0
66,1,811.7142810963704,0,44.997477260647784,0,304770.6104600641,1.4219893268570711,138.1125795970813,0,0,176.18923478013926,0
72,1,544.5835213789263,1,55.02089868590768,0,157101.3867237628,0.5,136.3326604256245,1,0,218.4767183600004,0
60,1,399.627923181552,0,37.57056218495807,1,244357.3926246035,2.8694452069553282,135.76353566880627,1,0,52.1409995566841,1
55,1,534.2901870111674,0,60.75662168386209,1,268267.26590266195,0.5,139.21502193109313,1,0,150.86004379055115,0
69,0,195.19554412939732,1,30.390949473686607,0,220903.54500478102,0.5,133.19015222331836,1,1,234.36027294769374,0
52,0,218.97978848641472,0,44.31480396179187,0,312373.8820322263,2.7971918175087085,138.18214785679515,0,0,248.97044448661217,0
71,0,88.40529801930539,0,30.07967972403591,0,297520.61285458616,0.5,127.75137767494434,1,0,229.49969102861542,0
59,0,276.95787090126896,0,28.89334582553069,0,259777.75142670883,0.5,127.53849245445274,0,0,28.693477015275644,0
45,1,921.9298347685367,0,52.74396593874104,0,212109.0646807624,2.0945773718166247,130.73297806625123,0,0,191.43852534506945,0
57,0,887.7433993146923,1,35.977081992903905,1,238402.761126304,0.9064726509673903,134.50195230517994,0,0,68.96761019243004,0
58,1,2443.845476094142,0,41.32114842824772,0,327531.6268164957,0.5,138.7248494761787,1,1,150.95521491264913,0
73,1,540.6819232523617,0,46.31836692635793,0,186381.17096139683,1.3806483495275328,139.19552907992986,1,0,89.57579658585833,0
76,1,201.47913028833491,1,32.05556203618667,1,398949.8877989779,3.526931038573381,134.932174110784,0,1,4.757044571951492,1
48,1,1217.6270066723546,1,17.276595469574104,1,225772.60670876867,0.6321620656046161,125.64222958247817,0,0,131.3957126362887,1
59,1,151.44097827491842,0,14.0,1,113081.75707991328,1.0094611805492113,138.20632337224237,1,0,206.48478226415418,1
67,0,20.0,0,44.09772353574997,1,451692.8630524317,0.6352098907786518,137.98469219981297,1,0,190.5728872002454,0
55,1,989.6919595872749,0,51.96009295433327,0,203342.03296198582,0.6909334188360065,134.75643424080172,1,1,66.32423607250095,0
68,0,789.4417625947214,0,46.10231210986896,0,243666.8112379346,1.925691046384765,129.94970115758773,0,0,24.531515158685142,1
60,0,252.58710294039113,1,35.76292772783401,0,368393.1978116778,0.6793916543443985,135.53936242379217,0,1,74.77164803021753,0
71,1,529.6777929596528,1,45.52823638196756,0,314155.3132381096,0.5,137.11326940170483,0,0,90.69187410406573,0
49,0,20.0,0,30.24429099116966,0,132487.7526603584,1.2914853775436,137.26083178868944,1,0,210.37318773450397,0
45,0,206.40126566250223,1,32.00828779751944,0,374262.63525361917,2.8536868681612115,138.9129085485588,1,1,39.17158981884951,1
73,0,366.92992286075855,0,51.927720448788506,0,265778.8726998484,0.5,143.25363945524077,1,0,80.68966157329473,0
73,0,596.8477466244126,0,50.987051762547566,0,151649.5661052153,1.1431332177100753,145.834255348466,1,0,82.67222482065183,0
68,0,1461.8998171254816,0,28.252920378197054,0,300862.33184665913,0.5,139.05453557436158,1,0,106.44423831992704,0
57,0,765.9611436378178,0,43.24402239011811,0,294794.2233087435,2.9985541569210823,141.11674977856782,1,0,190.19586589908144,0
61,1,212.56513557087223,1,52.10000121050505,0,136281.30552118857,9.4,131.7407026126852,1,0,241.3105737050526,1
56,0,517.3309483927677,0,17.812326224150777,1,450925.0669939245,0.5,136.1420824995043,0,1,231.96572030228737,0
69,0,257.62727991933406,1,40.610078570394705,1,135555.6718444096,0.5,144.6444552545832,1,0,160.1082286616586,0
54,0,2059.3327466541937,0,48.1036642118285,0,89204.66383001462,1.721726676910372,138.01408043191287,0,1,114.44530702371021,0
61,0,2464.748226879521,1,37.220343493298664,0,268876.46242218284,3.195700220940422,134.84019066677428,0,1,211.67739100509993,0
51,1,658.5489499749449,0,22.177394782798665,0,148353.49081461335,0.5,135.29060280242098,0,0,244.01410804121295,0
73,1,919.4818608606407,0,19.902116514928785,0,318373.1515878611,0.9758534545429582,138.556150401849,1,1,248.3146313735791,0
62,0,76.38777692056985,1,30.8264311190428,0,56451.207641815156,0.5317751633144179,134.67801817909543,1,0,282.33621196964407,0
50,0,897.3368226336224,0,32.07596158747135,0,416703.8926111946,1.9429987772665998,136.29844308870904,1,0,138.6847266228331,0
70,0,338.9058192739781,0,41.214569362657045,1,312055.7772507833,0.6530194131217195,130.49418901724698,0,1,30.605348440032103,0
42,1,368.66260543246074,0,39.50683527763927,1,129440.2416121244,2.8288105025695693,144.2264291502073,1,0,172.9149704539257,1
72,1,1472.0275860349104,1,60.85717848099758,0,280509.59718570625,1.8403058457317645,131.23617153962968,1,0,31.59405618978394,1
57,1,20.0,0,24.396044788355,0,225126.2001602068,0.5550172038610655,138.23753465529018,1,0,280.3424696786518,0
48,1,980.8531442530899,0,36.487345628049624,0,360016.7595080099,0.5,146.12158377897967,1,0,90.92943972603562,0
83,0,785.0548295325857,0,31.536744185446928,0,229508.1997110421,0.8163962480207061,124.32503092821334,1,0,19.232238767518155,1
62,0,1481.7190802651323,1,40.92280876933129,1,292101.4040378855,0.5,135.95207258239418,0,0,185.19402416942708,0
73,1,1509.1321520500153,0,22.040210137880745,1,159036.14952169848,1.6640490691158503,136.4512513633503,0,0,228.42737640117673,0
53,0,720.6220713586802,0,16.912414315808842,0,201892.44577803634,0.69987795744218,137.47976960087385,1,0,231.89561038307522,0
63,1,504.25137912051673,0,29.36769163800556,0,219528.7156113029,0.5,134.78606896775474,1,0,81.51427115131935,0
59,0,1500.241849567378,0,39.32496565045589,1,368418.0242933018,1.2228901148441054,146.9564727893702,1,1,82.1269754523787,0
61,0,186.9740296856731,0,36.020954253895844,1,239384.96129538637,1.6628104399549826,133.5897330408492,1,1,205.29300274013684,0
66,0,126.44505934603367,1,33.78215025688631,1,230186.4754824398,0.5265341240098793,128.57566669407262,1,0,178.94365359822936,0
57,0,1144.5824088787176,0,29.90198769656954,1,210080.57087380474,0.5,141.04654000884096,0,1,280.48175380785045,0
52,1,240.64750599114464,1,35.88081867379104,0,300199.77278871177,0.5,136.96549520403707,0,0,201.6109193028557,0
69,0,20.0,1,24.398458745819518,0,319853.55915436737,2.6640669052933883,134.53755375773412,0,0,226.85239301109016,0
75,0,172.3188380098764,0,35.49405113960636,0,239149.8186138601,0.5675214788779587,139.50911321733875,1,1,45.294136484328774,0
55,0,1514.2001205980716,1,43.23341052704349,0,372116.7453048775,1.2734669809639922,127.32205972818123,1,1,206.29201788276842,0
61,1,172.07235437495765,0,36.98980680837225,1,234036.84106511096,2.606208863360524,138.17263494867646,0,0,70.75827044124081,1
56,0,1056.697743666881,0,37.321573780518754,0,323739.9679505053,0.7246052350453932,142.32125033647364,1,1,184.05315883356192,0
47,1,1120.5340988700614,0,38.56906218457253,1,193165.99646795035,4.490892648466291,141.448884180439,1,0,13.625933574214407,1
56,1,20.0,0,30.36210504043229,0,162802.50717951707,0.5,128.84908590152986,0,0,4.246739485933094,0
62,0,360.97621445825814,1,45.856376647278154,0,230088.70618076425,1.2200067874263292,124.67314500898503,1,0,164.5460557456194,0
76,0,169.08079591915197,0,38.768696495201674,0,249061.12444706287,0.6954883194595621,138.7837761601171,1,0,240.11160935767955,0
48,0,257.56680342088515,0,52.21753755186814,0,186886.56366675868,0.946310107386176,139.33793746280512,1,1,59.619761171075645,0
40,1,1244.730867424723,1,38.1013157420882,1,292606.6087693823,4.137709984534415,134.64209296103158,0,0,248.09131706789339,0
62,1,119.89814160642568,1,48.84332528601851,0,280958.0268764125,0.6211327063372156,136.21000492104417,0,0,145.84263218783747,0
45,0,230.15172548611162,1,28.585746867061154,0,179256.83727676584,1.1164208322132398,139.01545886447994,0,1,270.85003906238364,0
40,1,238.67724717010128,1,58.409808546342944,0,471725.97580134706,0.7111376153693992,138.90176656135455,0,0,223.19870896186444,0
59,1,225.46551206227755,1,44.72968792099878,0,336210.40922815155,0.5,140.12195660338654,0,0,62.385654005459884,0
64,0,1629.4186652021833,0,40.93459082286745,0,186322.8533301903,0.5,138.9473874573968,0,1,262.4508443313211,0
72,0,421.166390993185,1,52.61525246716755,0,445565.36309787864,0.5255683182718631,133.27950430271673,1,0,28.633226303735366,0
54,0,506.6411471630732,0,32.03547045246891,0,266296.57411438716,1.4869504808721026,134.47693010994698,0,0,195.9801870057312,0
47,0,1049.8377772812141,1,30.96655627570332,0,269994.2358259064,3.0255450460364135,129.91872986618043,1,0,249.88088746523394,1
58,0,1464.6160017004215,1,36.662136339685524,0,534482.6835348502,1.392443266917937,132.6432970736758,1,0,245.18456426060806,1
69,0,116.70256242667686,1,40.41545442969381,0,238992.64396685027,2.0939614634356323,133.26628728262295,1,0,54.15573916794523,1
47,1,249.23418513110806,0,39.1826060722671,0,171510.21712567884,1.5271799380903917,138.73617148546091,1,0,7.049055100148404,0
64,1,218.21891482050873,0,25.90979374269734,0,238260.15102286162,2.485762719901091,135.97117034632404,1,0,32.163091798449855,1
76,1,332.34774471253064,1,28.082618174912852,0,336203.71956181235,0.5,141.03460300598846,1,0,138.93734059593686,1
73,0,451.09740258353725,1,39.60555877458489,0,430121.96322848706,2.8948935504241953,143.5530330563142,1,0,103.47953275598974,0
75,0,549.1851445268486,0,41.871223089012105,1,324433.63397263293,1.2720763962862116,134.72091890757048,1,0,211.29288229485908,0
64,0,861.1062021548914,0,42.60515294701332,0,251974.01201878607,1.0874797182323492,129.20236628518668,1,1,235.1632286673594,0
62,1,209.44845716619488,1,36.03771229047198,0,395971.162893516,0.5,132.18439984938482,1,0,148.13860657220212,0
60,0,2899.103387643301,0,36.59957503255474,0,416573.90619959764,1.6448343687855378,131.66722333717874,1,1,234.24170520845553,0
68,1,385.1391452671907,0,42.066548335867296,0,251093.8986455828,0.7689396057001857,139.7074940235356,1,1,103.27830202705256,0
68,0,302.77270772540334,0,50.63544167139829,0,165593.63696306554,1.0722472005085504,144.07379926269763,1,0,167.62817428885546,0
45,0,84.80367394472884,1,31.000908663411657,0,404470.45055187366,1.2688358604094008,135.0280454177157,1,0,190.64505517186575,0
41,0,20.0,1,36.86803821816251,0,131765.9884235126,2.6656094845939595,136.42732006194905,1,0,9.309916795241726,1
63,0,1295.548020674248,1,28.286164407481408,1,253509.73837670925,1.5797507080563238,136.60250977276516,0,0,18.49474212205966,0
66,0,713.0344942463277,0,49.363974968914775,0,228626.59952186694,0.8278661572775696,136.13908155568092,1,0,231.9133682517091,0
51,1,279.03891069970445,0,51.46511915234582,0,291206.302821842,5.361624081452244,137.40193534162134,1,0,162.7832740139388,0
65,1,21.082651241760978,1,22.964603858429648,0,132018.66195115354,0.5,145.74415319663765,1,1,38.09576154588726,1
45,1,241.2882825389751,1,32.867606733007804,0,302504.99323575187,3.4403267456179587,139.97057816231268,1,0,284.37251592620254,0
59,1,651.7385465837968,1,57.37234597066916,0,131066.62610067576,5.504070837990057,137.90049103145344,1,1,163.02029619328871,0
62,0,128.75180150528868,1,60.373401413526764,1,234931.12257991184,3.0384814904295148,135.3472266999539,0,0,43.83524937085331,0
68,1,75.97489074347342,0,33.8633035171487,0,351604.6076581716,2.6480384721284045,134.85626826190213,0,0,219.64086678851518,1
46,0,487.55448373550604,1,44.47012681419327,1,331698.19440037035,0.6437964978611473,139.4342149935192,1,0,226.22672482777355,0
49,0,126.77655317165424,1,44.47449338483187,1,323498.13087790424,0.9716744535969077,137.53051820736897,1,0,283.61371519485317,0
85,1,801.3924590639622,0,61.10352669628381,0,312731.53330056067,0.5153618125568519,130.58017138486682,1,0,261.54405207137575,0
58,1,471.4677562393771,0,34.169738500126975,1,320397.95042865974,0.5,136.75367981859722,0,0,165.27797787514282,0
62,0,157.04667153698207,1,48.55138320404982,0,273156.9039709046,0.5121710366704907,137.78700466492964,1,0,157.7596100976807,0
78,0,1504.1063625376905,1,29.268020545298484,0,138457.52884788142,0.5,139.54250566482972,0,1,54.14566027818534,0
77,1,120.2325808381264,0,46.5665611212893,0,259125.4844283889,1.9551821101470377,135.87114836461086,0,0,157.44572571763047,0
40,1,50.91250535235395,0,45.792546673249795,0,164662.1787457394,5.934173803443269,133.87001629157888,0,0,52.52248930645775,1
54,0,480.1940889348002,0,18.644854502093704,0,154373.9886407666,1.0586587237692477,130.0976774555145,1,1,253.6844017643093,0
74,0,284.86043486098146,0,14.0,0,174470.45033472433,2.270461466951704,136.4877724836167,1,1,69.37189537634394,1
52,0,948.210653963721,1,51.64656409904953,0,361920.41374484217,3.0923786123882064,134.30363711876325,1,0,149.7661129880485,0
56,1,707.5103187139167,0,29.82575636666258,0,31246.380747662595,2.112359273483621,139.11621459595264,1,0,97.22368002770006,0
43,1,437.9196397964025,0,23.522726086387724,0,309570.9641261151,0.5,141.48910887254053,0,0,265.7334028204607,0
68,1,1919.324213107676,0,14.0,0,409905.52446442924,0.5932467833710732,137.0403540564119,0,1,256.71634195520403,0
61,1,165.61035690638755,1,41.00842327684006,1,473166.45465021057,0.5,142.48930284179693,1,0,221.83352054516996,0
70,1,91.62475486649018,0,56.086461066729484,1,276912.8797211013,2.3549545333644843,138.3503405559558,0,0,121.08735052599295,0
54,0,41.653362043790814,0,57.53722360075264,0,258397.95227453427,1.6502391372424075,130.6819098989401,0,1,103.82281086998506,0
68,0,923.1262271158738,0,42.524475723709,0,391955.9591813761,1.3248584342301348,132.1412538752864,1,0,138.6367535865838,0
73,0,53.53746612557396,0,33.637728019979605,0,357841.0674383901,0.853185990705991,140.74853808998378,1,0,164.32402072846736,0
84,0,43.94043190402395,1,16.64495391913033,0,308306.4832122482,0.5,140.612165524516,1,1,220.25231168902584,0
64,1,20.0,0,37.03093846696181,1,205979.17183800618,0.5,125.44586943255291,0,0,43.588648259963946,1
64,1,380.4438994397042,1,42.1774814513237,0,228862.8166923117,1.5045863095489804,136.06824340555482,1,0,46.706036111382225,0
64,1,260.4631366372662,0,25.38509634043931,1,246164.14338609978,1.1313624802191597,137.31024220935214,0,0,28.403993099028806,1
58,0,806.9926644681435,0,53.778009804983945,0,73780.23665588934,1.5613044104416494,135.92315729917303,0,0,192.45904451903684,0
62,0,52.070233547826554,0,33.86213877374971,0,316050.04720345,1.770650275920473,127.88784949099202,0,1,117.6237388985378,0
68,0,962.0761775307747,0,32.306358877268394,0,260137.5517289969,0.5,141.39116419151895,1,1,82.01124965317979,0
43,0,645.2060555693022,0,49.156585326111916,0,357736.2882035597,0.5,144.88161940555355,1,1,195.38977776849688,0
54,1,1236.4218316802583,0,48.02085195541215,0,173922.22395359766,3.093874661919292,133.15828913584758,0,1,38.18814392485081,1
48,1,1050.9598953067705,0,23.935621789391675,1,115873.06257780024,1.5829397067131337,134.3547704433873,1,0,240.77236255087314,1
68,1,261.5026754098571,0,37.05340567422802,0,306794.33173734916,1.7558366908943421,142.24347351430941,1,1,184.53142943961205,0
71,0,561.2741448407962,1,53.90202840975556,0,324610.7146756912,0.5,140.9667296373772,1,0,39.61119034150371,0
79,0,2488.811862911333,1,33.056514503081345,0,214415.75259150926,0.5272137505479862,134.737742321832,0,0,259.9714879066289,0
56,1,677.3837050315357,0,60.980755905697066,1,25000.0,1.291405676195583,135.3997672890798,0,1,128.38642448670413,0
48,1,226.81693216145186,0,32.427989607273226,0,387895.7488581684,0.5,138.8826340747179,1,1,204.34563893434134,0
46,0,877.7140639938656,1,23.69296894109562,0,176185.3446214656,0.5,135.4647614245901,0,0,212.88975359509513,0
79,0,73.40957869039015,1,44.25406522774802,1,325654.0531318023,0.5,138.43333754330897,1,0,152.94892678449213,0
66,0,70.40899934347412,0,26.930788682493212,1,270902.64438699296,0.7086216098870763,137.36249651643448,0,0,230.09302238429555,0
55,1,200.71779559368642,0,49.01141661831108,1,305843.97210172995,5.170246484968925,137.3032333578479,1,1,78.13419103382473,1
75,0,2557.515810271275,1,38.49871810597218,0,281036.7811525177,0.5,128.47096833138343,1,0,238.55670242343604,0
73,1,568.242330267874,0,46.888060027090745,1,444595.32120913255,1.1593823695056886,133.757175451409,1,0,140.99482303745285,0
40,0,377.43338309366544,1,31.81959791514422,1,370002.7822823486,0.5,135.83895288812369,1,0,52.000271494980176,0
78,1,119.11475663185827,1,49.34822622877455,0,347063.0460886402,5.8365891671394605,130.19822877168974,1,0,275.58487810151325,1
59,1,20.0,0,65.72059165438839,0,333906.2695900444,1.8413116422863578,135.4228897559541,1,0,247.39987613313318,0
52,0,1763.7889768170505,0,31.56910612052211,0,406440.38852939487,0.5,131.37472418837564,1,0,213.47267074911116,0
63,0,157.57274075003744,1,32.51777476904402,0,215504.42987147643,2.886761027933524,134.98860151279305,1,0,243.7422597569095,0
60,1,2371.33068791135,1,46.09641610341123,0,162923.794363077,5.857244649858641,133.98807089856578,1,0,254.85276816013587,1
59,0,557.2566976263412,0,66.31178483800979,0,303362.2267615743,1.3279283822735566,134.50117630551497,0,0,70.03595964087367,0
59,0,596.9002568898861,0,18.43430140533002,0,265209.122662597,2.403303648749614,145.73958337696826,0,0,122.47745058484246,1
66,0,445.3612358301063,1,32.97309589370774,0,306505.39215674327,0.7291707242331535,136.65594851444948,1,0,102.49851114187705,0
59,0,1954.6415978349464,1,43.064909218548884,0,184312.0382914481,0.5,133.19235167700165,0,0,118.49201593550023,0
62,0,1160.1742461891915,0,41.481712067363226,0,219602.2296505394,0.5,130.3053424145816,1,1,137.1648895405616,0
67,0,679.5284645830761,1,29.04937257591648,0,297887.67838986905,0.5,134.71637727256226,0,0,40.576217127284075,1
50,1,514.8853032010728,1,29.820424983153412,1,161936.18032003008,0.8723301379796472,129.89368617692764,0,1,77.70259831157544,1
63,1,642.0754459200136,1,42.534602145920104,0,412683.68242672214,0.5,142.16542668971545,1,1,67.78319057449193,0
60,1,1185.3082410032234,0,37.99290668024493,0,492321.5770558728,0.5075133108951184,137.17942232118713,1,0,201.30427461018232,0
40,1,84.75586955543062,1,37.034933943235174,1,286897.6321646233,0.5,142.41741782428423,1,1,28.904466281892766,0
64,1,1205.1934758382654,1,36.420956280437174,0,179714.25894701085,2.83600447631816,142.75854746279245,1,1,174.7865468121491,0
59,0,599.2036328208997,0,41.8080734417323,0,276195.0391370188,0.5,141.25640956203455,1,1,216.9000943531622,0
55,0,159.20790342082987,1,48.27472716488313,0,348741.4827565365,1.1718456727450406,135.33309415629728,1,0,182.0072269666566,0
52,0,597.8032678972638,0,32.398613652395895,0,196370.67549296984,0.5,142.73316675461353,1,1,197.1723072231622,0
68,0,249.55018691500445,0,40.49903538563654,0,115809.88730452026,0.6863707351261221,128.72555123047525,1,0,105.40090653619673,0
47,0,1999.121370806906,1,14.0,0,343671.11661305965,0.7171592394671071,131.2994131171114,1,0,180.3224925496322,0
63,1,964.4762354105619,0,26.25619239966403,0,301620.56895732984,1.3480291384256573,130.0934005893913,1,0,216.87390778025636,0
76,1,348.2395328452854,0,46.306147096052456,0,358778.16630439245,1.1040104385725045,137.27677577437655,0,0,68.12180764478272,0
69,0,46.15214873741796,0,46.69386595496632,1,241610.82966816725,2.4441788612908493,139.31246044599663,0,0,64.13658035959153,0
64,0,77.08088155015867,1,49.609930388724706,0,209458.28842839898,0.5,138.21145871499468,0,1,78.89117409723701,0
58,0,494.6909773273499,0,22.99565514330007,0,173307.92472328164,3.0489125475507843,135.6548040587502,1,1,90.06538765235179,1
80,0,558.5436304242004,1,37.02406866400158,1,313460.79126407055,2.3326516900008833,137.28579046202623,1,0,207.16909516272835,1
52,1,195.77241877959648,0,38.60616818337646,0,95932.51103594663,0.5,135.73530396489622,1,0,27.798632608667834,0
52,0,1900.7487119071347,0,30.866016688617798,0,68443.63753562549,0.8500533064575961,135.7958548232614,0,1,258.40283253572693,1
57,0,93.95767371649504,0,42.322917201862225,0,324060.4442487716,1.9633544787121033,138.17081069310075,1,0,183.5855766159965,0
48,1,511.1559460537488,0,37.206496797502474,0,334855.9513508233,0.5,129.53191675261166,0,0,229.33918070135573,1
57,1,1010.5642142168357,1,70.11464006194889,1,224642.52984012643,0.5875573540767512,143.00464359277032,1,1,36.23708757925699,0
72,1,332.76490883926465,0,49.77643685132222,0,290810.47847960005,0.5163089662231581,144.5740155992271,0,0,126.9582340484015,0
61,0,211.15589312810204,0,43.21070140009046,1,379109.05967211194,0.9278530530944962,135.8169359460448,1,1,51.07788503842901,1
72,0,645.534614166804,1,32.80762588961397,0,386776.86722765694,1.0744321987678205,136.4273460781515,1,0,137.4198144220701,1
69,1,355.64866291897107,0,33.559772135603154,1,266527.7397697151,1.911900710634886,136.11166591230918,0,0,116.6487578547949,0
64,0,368.9175146947439,1,18.712558919416818,1,103920.89050337521,1.4973786904713877,144.82816558815216,0,0,264.1695236209385,0
63,0,1325.846891783276,1,45.00370704260431,0,362639.17376208736,3.1788676029424985,136.69271841685733,1,0,208.68205370687096,1
42,0,25.74511875714812,1,27.786741302930423,0,221878.247150641,1.0348253335421145,130.9967513648155,1,0,32.213870469459906,1
44,1,312.66340318713833,0,32.82894198188101,0,286503.7576033766,0.9281790286194737,135.40201222912864,1,0,167.5459329435934,0
67,0,638.8437014623725,0,43.98543198406517,0,365596.64840114344,0.836025996848595,135.5080126138272,1,0,78.09323746578175,0
60,0,682.2747037200853,1,36.68903312803427,0,272931.32500594575,0.8243955927934995,131.93541123986353,1,0,268.3259248813269,0
52,0,105.7978394043469,0,40.13033708596765,1,313524.4394725342,4.611253604587409,137.39800487625104,0,1,60.30196288777509,1
46,0,1046.0702145733871,0,49.09790760353086,1,90117.753127212,0.7969790657085397,136.18390164927214,1,0,214.86754115222584,0
43,0,1290.4909359754756,1,38.618716022215224,0,247018.47582321646,1.481730724136539,138.70603379590435,1,1,231.8134708754322,0
88,0,2419.311438730006,0,38.897394572412665,0,156492.03788697266,1.6735309582593376,136.5861910439414,0,0,235.19565784611353,0
41,0,350.98880960830337,1,40.80027733407433,1,279676.6534517367,1.2520799954074089,130.1053311400432,1,0,105.57499859402387,0
73,1,142.3945024237993,1,41.01719768871432,1,185962.3367949322,2.745306020704782,131.76851705758577,1,0,147.3381631792078,1
52,0,286.26683568706756,0,36.790795110808325,1,286055.8089690398,9.4,141.83002087592547,1,0,218.04140873352628,1
44,1,377.57594169186746,1,45.9164349558805,0,354666.0226871667,0.5,135.17683884961323,0,1,53.47045052908508,0
54,1,73.2591505374492,0,36.504515976230216,1,137128.10128914454,1.5881552348513337,136.3990385617233,1,0,260.9766321647986,0
76,0,143.40790133726867,0,41.437394644292326,0,238252.44613485073,1.2135342053641773,134.97788764385277,0,0,178.8265889904521,1
59,1,495.1087350405743,0,54.17401323225414,1,273518.5430701315,1.1025739246154984,133.46836878291725,0,0,37.198772076496475,0
83,0,1164.3367388201775,0,17.282284555719514,1,135062.79610949487,0.6680681960982126,138.08728522529168,1,0,9.655581739283313,0
66,1,581.406920225772,0,40.91988209569548,0,320563.1188876396,0.8968841656818477,134.89589215804293,1,0,252.57346908508734,0
45,1,1506.893941510296,0,35.936534683502444,0,295324.4368230084,2.096818985353655,134.37598249858746,1,1,37.02347521773462,1
89,1,1468.7848983481704,0,43.437528307097395,1,176398.87260163337,0.5,140.86103603327942,1,1,84.87437092158274,0
50,0,1010.2343326689596,0,22.57556683167907,0,262721.6672021675,9.4,131.46503616525396,0,0,273.03246376269635,1
40,0,926.7953482880109,0,33.64858945190536,0,177473.746601589,0.5,139.11902193302183,1,0,197.61198793699572,0
82,1,54.56379559533368,0,21.28383150586891,0,157975.36459086626,0.5,140.1155457155421,0,0,47.500228298302325,1
86,1,1056.1113803457397,0,30.467924090318977,1,32511.449697400734,3.933754521750398,130.33135415462326,1,0,266.26112542979024,1
66,0,343.3737213826905,0,43.79154557159107,1,203942.86199079364,3.2896571636535383,127.36892604483586,0,0,78.5295780785453,1
76,1,420.7275055790847,1,31.15873918469533,0,216932.1956187322,1.661868238449431,127.6903800034991,1,0,56.90546996804221,0
69,1,31.717870300523053,1,24.656248928478668,0,209342.60422725478,1.532721334319271,139.32564098175285,1,0,233.75233486144157,0
73,0,63.988962523579204,0,44.71120849023505,0,432178.12950029946,0.7556591493010426,134.54826993563537,1,0,129.70357182366766,0
73,1,307.2298704365486,0,30.005227623620527,0,216613.0477730924,0.5,135.9355182669667,1,1,40.561880638811935,0
48,0,875.4427307575261,1,25.258060280303184,0,308487.20756846946,0.5,141.12929930474098,1,1,185.5319333193131,0
66,0,242.74907741449476,0,43.309042460107754,0,276895.01770692115,0.5,132.10991026663262,0,1,200.62143994655636,0
61,0,79.41936407050986,1,36.460363492195036,1,264974.69615993067,1.0651425707816482,135.20356066545546,0,1,251.93349918741538,0
59,1,280.1932495263332,0,51.0517457593584,0,95375.15018784633,1.6708833993043464,136.43690975419807,1,1,4.510965816101608,0
59,1,213.5647729167537,0,42.19500546616254,1,354332.1046457671,1.077081932984388,136.07449077365925,1,0,279.2028881353769,1
67,0,1708.678288958189,0,53.48349017138155,1,520753.34507157863,2.7712856340530347,140.92967689038434,0,0,152.21558064211143,0
44,1,397.9714611790611,0,45.757114283938236,1,343576.5273396536,0.5,139.06724944173095,0,0,157.27616651072285,1
73,1,1075.8523878320525,0,43.835330142021135,0,202438.40236970552,0.5,139.1709313369998,1,0,260.02804643975963,0
52,1,417.6770573949821,0,32.551956842244444,0,259222.3961973793,1.2103101353308399,136.06294460024824,0,0,96.60618944157751,1
61,0,112.05084072355572,1,34.00620452451595,0,310312.378489474,0.5,140.1530571938504,0,0,10.069180672172816,0
88,0,1233.8267451776417,0,31.95610657222677,1,325683.12212053663,2.1340050302323004,137.7819826065993,1,0,40.4552555829118,1
63,0,20.0,1,32.49673037227762,1,336553.9278185509,0.5,133.46847937353334,1,1,263.81074740145635,0
61,1,484.7448227044263,0,15.03431802945535,1,337309.7723787454,1.738034120764951,141.32958361118764,1,0,248.28241694007343,0
51,1,1245.2818455691556,0,43.371462210769636,0,155017.90789615683,2.3826992542804506,127.95419953980785,1,1,119.09256572793578,0
77,0,575.9856580583188,0,43.68254224596486,1,250519.55842577224,0.582424429629678,133.6967471428548,0,0,226.74578581694834,0
74,0,209.5251470969447,0,26.399504103933914,1,234964.66384563423,1.087029569586486,141.6174506830887,0,1,129.45521826734813,1
51,0,20.0,0,25.416118837199278,0,275041.10935460107,0.5,138.55056485044236,1,0,122.72137611117545,0
72,0,308.7712946948111,1,29.40387810281846,0,244871.43393863985,0.5,143.06212329745367,1,0,132.76383108181562,0
56,1,428.7422025842196,0,58.625790588447714,1,271115.39150664856,0.5,143.26342453676182,0,1,167.67039242278423,0
48,1,819.8247364302588,0,29.684393697642633,0,247996.1557097423,1.2334009997257207,139.39913082534798,1,1,186.44366575377725,0
53,1,490.9395051657743,0,31.310870037418496,1,291970.10875240644,0.5,136.41151614547272,1,1,201.4417806383426,0
40,0,1374.00653998772,0,32.76684707468636,0,189884.0426285,0.673768332242356,136.17296532088545,1,0,274.1954499754281,0
71,0,517.3633362244093,1,27.34201641167868,0,142466.30575062463,0.9584864080634067,138.10624170887783,1,0,197.3901236222467,0
75,1,78.18961995266505,0,46.321607716315995,0,157326.0549357413,1.984590674218853,141.16827320283943,1,0,178.36151706872076,0
58,0,671.0014173587895,0,42.67547301414093,0,143380.2646000581,1.4794232874638549,127.66480036350809,1,0,226.15129591085068,0
69,0,439.0430608754504,0,35.26998957652193,0,323703.17050484254,1.025829620534122,144.3944410363366,1,0,283.62982350299467,0
73,1,909.601242738514,1,24.837330009659276,0,182710.2958928859,1.567119950487962,127.29882701910667,1,0,120.66849522666614,1
78,0,537.4457042947793,1,39.34143576116643,0,248896.3026844963,0.5,137.2518405746144,1,0,174.0933895664586,0
59,1,334.24488537747885,0,16.841181953910375,0,87105.63901436309,2.106110096968443,144.41764639609795,1,0,245.6354167521426,1
44,1,214.15901189701424,0,14.53374610499052,0,356010.58638152387,1.586781831114752,132.1511214782177,1,1,257.2190542737243,1
80,0,138.6472590613782,1,25.827072489821184,1,140668.8699113793,0.5038844657638889,140.84023972342678,1,1,84.86015267047806,1
58,0,510.22911206151196,0,51.477980852630516,1,131019.64580045914,0.5367991401816485,134.77588122730367,0,0,172.9076912870024,0
77,1,443.5660579893819,1,21.231082058381254,0,339807.363538498,0.5,134.99376568318044,1,0,119.34163194769235,0
64,1,558.609732543078,0,46.36117163181944,0,242787.7780088812,0.5,135.68235318270624,1,0,277.7276012099367,0
78,1,596.7822795056597,0,28.549036978964242,0,170173.50449430448,0.9075261533489712,130.97036440184138,1,0,157.7844186960366,1
40,0,81.83850583365123,1,14.0,0,96116.49396311824,1.6960604734047957,132.48247710708978,0,0,190.13539509877754,0
61,0,759.39656483775,1,21.319159754721912,0,318668.8762724715,0.5,140.2630480951099,0,1,32.782359017730876,0
55,1,1997.4489737102563,0,57.351453161143915,0,138703.44603637268,0.5,138.77269586087266,0,0,22.097265278200183,0
41,0,154.13847292459917,1,30.508506452957615,1,199845.41077451818,0.5,134.38913886662124,1,1,81.350415172608,1
79,1,248.0081645238958,0,35.30140983144487,1,257594.49631514563,0.6720354050995669,145.00479140885216,1,0,50.938456149431936,0
60,0,30.69294188678672,1,29.94040603742728,0,385403.1481404678,0.8862929354652357,133.94553162489606,0,0,102.00388341407238,0
55,0,331.2853578091313,0,35.728883727232045,1,356383.58605567366,2.9780826437812093,138.1453731723868,1,0,8.871218538435137,1
45,1,712.18211290145,0,27.05249940401504,0,255031.86510975688,1.4029443109745345,136.65102947702397,1,1,153.64764720184303,0
40,0,1227.2239342510927,1,42.66644446506986,0,281394.2978994692,0.5,139.71761708902613,1,0,276.1253505348426,0
88,1,685.548986183412,0,39.42704601848534,1,229573.4559022035,0.9094831234155731,139.97790193308663,1,0,237.59578018938493,0
41,0,1456.8156195805645,1,40.57479415766526,0,509687.0177161477,0.5,136.814434012844,0,0,284.7800134972455,0
69,0,130.6240046423689,0,23.84192150510259,0,122876.22010576545,0.5,136.17421808146136,1,1,274.7230425101024,0
60,1,268.18159863748184,0,29.332185321249323,1,297345.34783863556,0.6318771038833995,131.02011016009342,1,0,63.93692110464072,0
56,0,90.10923503071982,1,14.0,1,137923.18029260813,5.5117089285541025,142.47184897869516,1,0,122.3752858004291,1
76,0,2752.377901730205,1,14.0,0,517182.1500389202,0.6104336824889417,140.66324878711714,1,1,81.46208668431892,1
66,1,384.36758023432355,0,32.43349203510992,0,374006.71213865787,1.5677953657031702,137.37550431746863,0,0,136.5429068023763,0
61,0,922.2322634042484,1,29.448764870670153,1,414875.13273706124,0.8627648232454124,137.02509918920836,0,1,238.93495001455008,0
64,0,516.1052880442651,1,53.8805062698269,1,405838.79322697455,0.5,139.42423291623666,1,1,164.06716409655712,0
48,0,389.0376088313454,0,46.79126427467625,0,253068.65229983008,3.5238923397301383,134.0878098703304,1,0,208.09763752645515,0
58,0,2003.89889791918,0,36.57255486491456,0,415823.14634296333,0.6939993602321618,134.63248991183838,0,1,116.0419648856029,0
49,1,675.6060351925776,1,27.97784609950317,0,232698.9585680304,0.5,142.06920299693937,0,0,130.00039284854878,0
53,1,983.795442845462,1,28.84809560935826,0,163495.17960897135,2.096432589107831,136.033869221674,1,1,50.39115936414884,1
70,1,434.1340078785458,1,52.84498020479684,0,284829.75762990734,0.7950228002860831,132.6546150258125,1,0,264.2821981596024,0
44,0,202.09741747311736,0,41.6351236339535,0,309689.2419120021,2.1843263445534977,133.78473741806997,1,0,269.8832751989458,0
77,0,499.24084417302,1,43.73947018068111,1,328484.46915335086,0.5,128.55944113785034,0,1,219.2533496190578,0
69,0,96.76815143768785,0,54.67222530073229,0,329129.2544742321,1.3668667706864628,139.43967865123014,1,1,271.8999655765823,0
74,0,1256.129029122418,0,20.948014171717194,0,25000.0,0.5,131.63129854854344,1,0,172.8386647424934,1
57,0,2961.578259748889,1,18.500160901278917,0,74536.02062996652,1.4866118630571759,137.55045791490417,1,1,140.5216878096224,1
47,1,81.6752339710784,0,53.28205543806071,1,155721.51137842642,1.1941392195522376,140.7150116991178,1,0,149.64072956267236,0
73,0,231.533863873642,1,26.428903882882153,1,256911.39063722722,1.9222791905675394,141.18988281543943,1,0,102.78755626815384,1
40,0,82.31759080838827,1,29.048699316885802,0,255378.42295730038,0.5,135.91178759232875,0,0,215.67437599163407,0
60,1,179.13377478002985,0,14.0,0,316140.56703544536,2.3108960968314487,136.85091494088775,1,1,191.75487780631804,1
65,0,844.7163368456677,0,54.710976239910835,0,60030.50019589119,0.8569984889361834,140.57980828681374,1,0,154.8383174905006,0
69,0,453.04086247601987,0,62.8261059991263,0,129170.88481453777,1.2788796456383187,136.33123017176754,1,1,127.52816406847069,0
51,0,1202.882042776847,1,56.057185945557165,1,241546.05312135007,0.5,130.1942444580179,1,0,51.70353650062852,0
65,1,643.1270326507727,0,31.250398139566926,0,257831.3637179883,1.3708103528889342,139.1232146265359,1,1,88.0106136713967,0
60,1,1187.107023740214,0,29.137892744546747,1,162196.87181733438,3.388282732564203,134.25001241967686,1,0,96.00131593159112,1
51,1,523.9986479773384,0,47.140911742894886,1,275614.6394041691,0.674641773136596,134.00985359571183,1,0,51.79799844779124,1
40,1,758.320015020402,0,34.17623186781201,0,529518.3104076947,0.6278949817905983,134.56953282279608,1,0,140.56838966497904,0
53,1,326.16521502422654,0,60.028756945986956,1,259474.78534734625,0.5,126.48360604815187,1,0,124.99929032191565,0
40,1,552.1158415750956,0,40.24109925430349,1,418784.90943592024,1.2056209047195372,141.51976345406536,0,0,265.4518683500446,0
53,1,20.0,0,46.63447168823125,0,311462.8371030326,1.1209119488673418,138.09121937044227,0,0,234.03987968241194,0
76,0,1092.146561303127,0,40.42433145974733,1,350230.5978208298,0.63848277088157,140.9124166233067,1,0,209.86260483500644,0
44,0,256.19511408424984,0,59.410352771304076,0,415598.64656922186,1.0634521229927216,136.64274919817598,0,1,186.0612995325812,0
61,1,770.6480907981658,0,48.420404995355085,0,325883.7550869257,0.7044885595945491,140.2700307347773,1,0,13.09628395050839,0
85,0,498.95144294214066,1,38.07561267829209,0,243391.8491630679,0.5331564349314043,135.74908078930667,1,0,266.8407672062161,0
60,0,48.25076497104877,1,66.1778260034506,0,427875.67316845024,1.0423943518635037,135.86471482900333,1,1,223.27397206257348,0
76,0,956.3067052906091,0,26.88206241176198,0,25000.0,1.6155785847909676,130.30560014290594,0,1,229.5041288149239,1
57,0,450.674802724346,1,39.12817552053776,1,170305.5278275454,1.686499525411714,133.7929391631646,0,1,126.42592743258672,0
65,1,299.2131321895679,0,50.153442339211026,0,212489.30059216058,1.4297229750180522,136.17164738885748,1,1,117.25509720259205,0
70,0,262.4349561586905,0,35.70180488392619,1,295557.0366758338,0.5,130.7930397828211,1,0,239.29591627265174,0
57,0,354.68491972127526,1,23.486462513473697,1,98576.3674442003,0.5,144.55096546405946,0,0,228.74355605425106,0
58,0,187.32384443590655,0,41.689537823697194,1,242455.47167152143,2.1557810625145324,134.72876616389055,0,1,106.90065085867502,0
60,0,169.86221147623473,0,58.668035851896725,0,255834.1681889343,2.5051036298579232,127.47639395533668,1,0,39.91266642720866,0
66,0,609.2522323765609,1,41.30405336822838,0,339862.41233285266,1.6395885759359714,142.301671311143,0,0,232.32447579290996,0
52,0,438.85143950138837,0,33.913031434566705,0,264304.57549429993,0.5,141.71497899467133,1,1,92.19445556564244,0
69,1,2001.989924503665,0,45.071169088451974,0,164516.64014383493,7.591639288109498,137.61283871233303,0,0,170.25643602589113,0
50,0,59.309115755199976,1,28.022524989301434,0,271672.9288383007,0.9441151619392075,133.92172285024583,1,0,283.82517119199656,0
54,0,76.17286309462737,0,25.58722727599453,0,255971.18872710454,0.5,133.49551670052432,0,0,206.26758078569046,0
48,0,345.5421524242895,0,48.83217651791863,0,245158.38794878375,0.5,132.53326255712034,0,0,16.678522272078997,0
61,0,170.93690267748187,1,58.73633123239003,0,273675.0348395898,3.495975442367785,139.5866451210653,1,1,247.06393317574987,0
76,0,302.82719845789995,1,37.88163000948921,1,164376.37751962253,0.5,137.6605298501272,0,0,120.18711699652619,0
70,1,297.25783371282165,0,56.62390264195057,1,378377.1986233664,1.4915260122438145,132.21164844356997,1,1,71.52446082704837,0
63,0,855.5129672847966,0,37.92765014740533,1,273874.69607727043,0.7178248874106359,138.87348824540533,1,1,15.546604608334446,1
51,0,81.46475138506494,1,34.576093962533726,1,38712.44955949459,0.563991255964081,141.33163326402106,0,0,175.725392721486,0
58,0,2141.796967082224,0,22.58904606175851,0,305456.2106203188,1.9424206094544765,138.31634294947014,1,0,77.81158614382264,0
42,0,309.0255898948264,0,21.309604650766097,0,311387.5045699558,0.5,137.1253813317113,0,1,257.8229904733032,0
65,1,648.3642407408914,0,57.90510466110727,0,257781.81082262588,0.5,135.52368991585186,0,0,197.90518068741838,0
61,0,276.5737861845846,0,37.854537319190186,0,254027.68211516956,0.8649162283384695,133.3655032319687,0,0,125.50203344388316,0
80,0,170.65143252182898,0,46.62182879550529,1,398639.20736900205,4.109412315454683,135.65954014358314,1,0,160.3553012539492,1
77,0,657.006993570276,1,26.874587263385735,0,174188.68520756258,0.5,143.1547827852529,1,1,179.06336176354907,0
61,0,721.7874466741182,0,55.614275199162634,0,170368.38904679328,1.9353759407056834,140.82494488708267,1,0,55.236057622562,0
58,0,21.06749308752882,0,22.361950892699774,0,237243.3884478403,1.878759845062128,142.8406597605227,1,0,203.72525304272796,0
72,1,20.0,1,16.209347082291192,0,251172.87244039524,0.831101912503435,128.5146086129326,0,1,133.18492352406886,1
64,1,1537.6337099924008,1,41.23587249716357,0,208742.4783158182,0.5612778377438128,138.59121828210556,0,0,235.88267677839866,0
40,0,929.8029611051873,0,52.750863234272984,0,311025.61842369114,3.4551556003211386,137.64352383949566,1,0,140.3913647553422,0
50,1,74.47872328582224,1,48.36696762881916,1,190322.31671506236,2.5865335559212275,137.5079311211656,1,0,170.70141076454604,0
59,1,387.1508491179532,0,42.79402779974048,0,168064.6564236756,3.182758789312357,126.25609626740274,1,0,199.50982642107215,1
57,0,659.9477819802668,1,41.75492441566294,1,273324.5907355648,0.8297696792637571,137.34295976536544,0,0,214.5640679496927,0
57,1,736.5278286353443,0,47.446216984435566,1,151226.49854598573,0.9237202173523436,132.01047568016617,0,0,161.1451525159729,0
62,1,78.3571837549148,0,42.920454957131916,1,367955.16589567333,0.5,132.95574311059912,1,0,98.9340274270009,0
51,0,1090.6700613127593,1,47.47681756572884,0,140852.41164757567,2.20940475623527,130.43660761191245,1,1,277.94319262441326,0
58,0,183.91088309322868,1,40.70654405039955,0,227936.0296260159,0.6498466548771934,131.56180797639703,1,1,81.5355227795154,0
40,0,854.3946844826,0,28.42520811198375,1,168695.8640389944,0.5,136.1094027989485,1,0,76.91179938534665,0
74,0,1229.807423012871,0,41.95352807712389,1,229945.19389056263,1.085084199648162,135.04433808208623,1,1,245.65131713570318,0
47,0,27.411670836741514,1,33.70530150529926,0,326501.2048119652,0.5,135.65605013275467,1,1,29.04917326525384,0
61,0,55.61049609949263,0,36.24232087218684,0,134763.033492087,2.3247402336869967,138.02994349267993,1,1,60.376606767759455,1
86,1,201.66733407698138,0,32.18017296945002,0,204641.4148707212,0.5,141.59972080981547,1,1,159.94770440268584,1
64,0,1280.8815419365412,0,31.74716099467531,0,242215.41845150705,1.420138233691154,132.469447229882,1,0,55.07098034647205,1
51,0,721.7374795984829,1,32.75884299519553,1,342098.07602568367,0.6775125919771697,143.3607772597577,1,0,93.44477562128418,0
56,1,128.05047835653474,1,35.13182636914403,1,409888.15054885694,6.4648326566958945,141.65111714764166,1,0,245.63775115498427,1
54,0,101.97450458013493,1,37.97843835579453,1,361857.1024382551,0.5,129.1597258199437,1,0,21.67503547231525,0
40,1,308.9880650970652,1,39.507368929699275,0,294403.0313237158,1.5505914176592117,134.08186484726247,1,1,231.151888606019,0
50,1,356.6462464038079,0,37.68044081552027,1,289059.28036424523,0.5,133.4490191107312,0,0,19.565087626730843,1
70,0,585.3884445109675,1,23.455691693753252,0,248973.1566311299,2.2920613386492685,140.0358078345965,0,0,187.53372316858162,1
40,0,53.39132013328592,1,62.02691253231184,0,189409.52957553015,1.182072914810663,141.74857417261936,1,1,252.60734563714422,0
66,0,1381.9292335091232,1,45.026433137396815,0,392627.3865597069,0.5,136.63629998859227,1,0,205.35181148748308,0
58,0,50.013862040060246,1,28.338073159713552,0,413485.3740306991,5.371164329862371,143.52540773162397,0,1,147.43150431954473,0
75,0,192.69934389475748,0,25.088213957884697,0,232234.5843291987,4.419117326084943,132.24044490336993,1,0,100.68296381260905,1
71,0,48.44611941835665,1,23.600260874223054,0,298186.4358229469,0.8836832707517434,134.25972152353015,0,0,45.703086403281574,1
80,1,507.74318719769735,0,32.74567438473813,1,321110.8703279608,2.7673778339094706,136.6878631097639,1,0,105.0979181529418,1
44,0,538.8632461682927,0,35.03019708717332,1,209657.11767971018,0.8847267607546626,132.38587332025622,1,0,188.0986069189071,0
84,1,281.3756384591484,1,51.343633871532475,0,206490.34901458013,0.5,134.2900112188395,0,0,251.99034578423505,0
68,0,1573.6987962108626,1,43.09091709646842,0,285389.9806334496,2.3194716886697924,133.0775839438852,1,0,105.5495092347947,0
59,1,619.5095803555762,0,39.83047727465516,0,276505.68745740625,0.5,120.2055819155916,1,0,9.53541793666902,1
68,0,503.33929826418773,0,44.51109390234983,1,121024.23193264581,2.1922685286220047,130.33623564297093,1,0,242.84060145816593,0
65,1,503.741727082202,0,23.96109755187838,0,273391.5955142727,1.2581716367015165,135.77721139539057,1,0,235.56501913088994,0
72,1,20.0,1,45.752931838920276,1,333900.39514636947,0.5,132.00461874261163,0,0,104.65844832951859,0
40,1,131.57821864072403,0,53.604178019111416,0,299823.23006469593,1.8922175741255927,134.83183557884718,0,1,223.48995610057312,0
78,0,225.5827852092517,0,14.0,0,290686.0612635647,1.399821388088864,138.12688988098066,0,1,129.75164750388794,0
66,1,474.9951756744454,1,44.84921404796738,1,216556.14215372602,7.155638463863487,140.2673800978445,0,0,273.25521013058096,1
57,1,104.12465536410566,1,22.72109837075986,0,304925.536001334,2.8459754744652597,138.46667805919282,0,0,275.04798946473284,0
56,0,41.94035420235457,0,25.077344668100494,0,99378.24442090231,1.1872045221824536,142.66317741530423,1,1,115.8048205327633,0
58,1,957.7830638752484,1,33.35022532261969,0,159489.33746580424,0.5,138.53323383569042,0,1,42.054388692135596,0
65,1,305.3486670230665,1,51.90458527543484,0,186375.6406797563,1.875069875492519,137.0469355438916,1,0,263.4554066714939,0
66,0,500.9953249820414,1,58.476212761555516,0,246845.91270774227,1.6644070138019138,135.23533086252434,1,1,111.29913815311463,0
72,0,324.3982633296511,1,30.72872638748602,1,184894.934091529,1.9992752091321448,136.7066498057069,1,1,154.8254364727395,0
49,1,70.70873558834188,0,26.069239153667425,0,444767.6280390492,2.043112850430601,140.0092296849581,1,0,211.2455253209407,0
61,0,316.4071844400747,0,46.45203080012916,1,259556.79566164018,1.4223091576617826,137.18985244928382,1,1,37.067044687965065,0
67,0,236.51228613850608,1,27.45780170599418,1,294152.9379482574,0.5,132.87828273915667,1,0,279.6390156875939,0
76,1,21.852148396702624,1,73.00070651029591,0,289363.3794456056,2.431751352526088,138.46214380574972,1,0,225.76058879241168,0
58,0,261.3091206023918,1,42.3336093005488,1,233684.6900673047,0.7373288477428195,138.84359046766755,0,1,173.80124789688213,0
53,1,1170.4697957885112,1,34.178665983298316,1,340199.14968479594,1.5183413249173157,145.01371928969562,1,0,199.0026490824281,0
49,0,178.58671365918966,1,37.20666219753994,0,416593.79466232506,4.866830495148563,138.5802869782387,1,0,64.97270374803296,0
53,0,638.055912819535,0,30.275858887319682,0,220222.49491372044,0.98282944105948,139.1728254214608,1,1,57.852346213855526,0
62,0,327.0559797820701,1,32.31096987008402,0,290594.0075017868,1.4735973950706744,132.1198243249268,0,1,164.26013932570166,1
53,0,481.6085501052597,1,42.55803230093343,1,229194.32586392981,2.7721551075734117,137.93748165065634,1,1,275.35050158134425,0
63,1,78.21949626902982,0,39.01451411504431,0,352385.7900903845,0.5379210582888609,142.30873912102157,1,0,86.64899786663342,0
54,0,315.0686151332835,0,55.96491715625798,0,277741.4262050851,0.5,139.53550420188537,0,1,250.70026872556681,0
60,0,1001.2106284898694,0,26.032267737719536,1,353296.48502932105,2.221210590149536,137.86747506967063,1,1,60.3148568419011,0
53,0,518.3966941797263,0,45.388315713065715,0,358389.4035813677,1.7457892252913927,136.83255968750734,0,0,102.32796233330434,0
70,1,578.9106494629909,1,30.599991999367006,0,203781.55749112484,2.066928208717676,147.217325289237,1,0,88.43282892566148,0
79,0,228.55082588778373,1,46.40459970394581,0,111477.91701752986,2.1278503137260034,143.6274106292526,0,1,159.12575915375845,0
61,1,490.1814186192521,0,26.710840772438917,0,265500.9693677374,1.8997175309444656,138.57030801574965,1,1,229.45529040266072,0
56,0,352.28033982360887,0,55.05795912911264,1,148321.6150263748,4.152358430228598,135.31814994245985,1,0,200.45731987596227,0
51,0,978.7698692561218,1,16.93060592379101,0,322960.720850411,4.182307098279984,134.04537298381757,0,0,264.9445554542532,0
60,0,88.24939419254044,0,48.95495526838221,1,187390.22277530213,3.674690267102168,136.10942237732166,1,0,135.91806421866826,0
65,1,65.11524229006272,0,31.50033169799221,0,199779.04001891005,2.161735297643753,136.81436203622638,1,0,270.60875052426474,0
50,0,115.01020085975776,1,38.578702771342904,0,312779.57643716095,2.4516866713484875,138.23077519614594,1,0,214.5196818628173,0
40,1,173.6824164089247,1,52.21119608611949,0,299930.274980912,0.5,129.66758149170656,1,0,171.89169675086615,0
69,0,150.72559965045852,1,49.90386449186748,0,373726.43110476807,1.1548927204164956,133.7848044016493,1,0,24.24724078250192,0
80,0,1324.0283195257068,0,54.30054390769371,0,296399.7863878838,0.6872326756328527,140.25174543293633,1,0,266.09399807685674,0
60,1,90.4492955187963,0,26.170586800100487,0,383940.26286351343,3.6658007168510327,131.1425909059493,0,1,14.667534990292477,1
55,1,172.57952332164578,1,50.209770757305954,1,172530.4564208169,1.2562757202566883,136.8357238834244,1,1,14.754707739213915,1
74,1,513.8124141798295,0,42.16648919009057,0,325110.13401767955,2.052598888408389,132.7268233921083,0,1,219.21571905717548,0
71,0,110.67570022837015,1,54.75049790791399,0,190099.38608543738,2.9123694815784096,144.79977894719548,1,0,184.43649680009807,0
61,1,183.79910734289115,0,39.1077524763641,0,422730.99530370435,0.5,137.3852026294017,0,1,231.57318171012858,0
45,0,912.5941830082769,0,35.43405617957534,0,327452.62333635404,0.9937813932964769,134.60034712238485,1,0,280.56054487676,0
52,0,457.5515983560233,1,43.785236858259765,0,124705.99138805972,5.349663912823069,132.06849802321145,1,0,92.85085580835259,1
72,1,161.10296581988163,1,43.26359753654312,0,115923.41593814117,2.412190901265947,135.98599699121442,0,1,115.26911200343135,0
54,0,1041.9210171115974,0,31.555021617380962,1,201995.7501615274,1.8466368322033346,130.09579661869395,1,0,269.87146641651805,0
63,0,168.86840499939598,1,46.216368367356516,0,238485.70369797436,1.3849866367665653,138.0004514862998,1,0,114.24799907637302,1
40,0,1146.3562434764062,0,39.161751360495785,0,186408.49939094658,0.5,142.9809393553719,0,1,243.2393110093386,0
56,1,734.3262794254429,1,25.23819947903045,1,296858.33969479153,1.0331384571177396,136.01337816593067,1,0,161.89443273235287,0
43,0,20.0,1,47.69278641220279,0,452050.1918576696,1.2937271167739068,139.19805119673754,1,0,203.49647015752393,0
64,1,353.7613841042274,1,40.25027154918223,1,214286.76661372965,0.5,128.26313831379665,1,0,77.54288330554222,0
61,1,95.97105047353891,0,21.879960347517226,0,287037.46045862656,2.057862857137202,124.39163780741805,0,0,66.31192019845238,1
76,0,100.35835614237891,0,35.2125179109495,0,218975.50298394743,1.221040872146876,135.12065058816884,1,0,242.13387556873892,0
42,1,323.40298516799436,1,39.003878318738664,0,232910.4741965143,0.5,142.16672760127668,1,0,37.59150239237157,0
52,1,107.43400204115326,1,41.72766332352411,0,285445.3636628025,3.39184529371206,138.58240994772748,0,0,13.00298858879045,1
73,0,75.06168350439,1,37.83794124948874,0,244285.74049629702,0.7193561421108027,135.03067236470056,1,0,265.38744509935407,0
62,1,20.0,0,36.42411389324244,0,315487.27548853966,0.5,134.23062798953583,1,0,75.24598159770028,0
52,1,1661.5079296956626,0,27.537465738105205,0,406780.2179977774,0.5,131.02514841705286,1,0,110.76868131611545,0
64,1,368.27322375877185,0,26.162903956301733,0,301465.0127821705,4.593254028958466,143.63864510956978,1,0,55.95309644141285,1
67,0,206.4731251717876,0,34.72327015340976,0,305730.83380089153,0.5,140.13368237584726,1,1,179.77169313952356,0
83,1,39.72152876653379,0,16.446894951400814,0,299524.74361989537,3.9641688203389984,135.31422785649403,1,1,262.93767799931305,1
49,0,549.8405544428352,1,27.143777492581023,1,363758.73566740996,0.5,138.0018001207241,1,0,43.22162702645585,0
61,1,20.0,0,37.20128270803176,1,282922.26914248726,0.5,137.75000377074758,0,1,279.49234053752554,0
78,1,677.8786619552283,0,24.5721548470318,0,227069.47276550686,2.6069670140885477,139.23082834710874,0,0,151.39022660029363,1
63,0,71.54297320292768,0,46.35783303165412,1,326930.3585703577,0.5,139.03866782351298,0,0,151.11212491494334,0
59,1,1422.4543355978533,1,17.357078518956804,0,400383.58521923405,0.8815239212532872,142.2145675565706,1,0,99.0478535278419,0
66,0,1740.6863496992653,0,53.509870317682626,0,291393.94903366925,2.7075417639157355,134.08444330969277,0,1,192.8182042628358,0
65,0,567.1544628816374,0,37.57288337233088,0,391324.8330664738,0.5,132.8298462845983,1,1,29.29432115015082,0
49,0,1960.1489342366224,1,26.4358014213772,1,225194.72213374954,1.2096708048231621,133.5184211878738,0,1,66.34109023424429,1
61,0,683.4304637137876,0,47.37961264726434,0,239603.2824824996,0.5050907792658917,139.77576665733247,1,0,271.83501285057946,0
