age,gender,height,weight,bmi,systolicBP,diastolicBP,cholesterol,heartRate,bloodSugar,ecgResult,exerciseFrequency,smoking,alcohol,diabetes,familyHistory,chestPainType,sleepDuration,stressLevel,probability,riskLevel
69,0,185.9,69.6,20.1,98,78,234,64,183,2,1,1,1,0,0,1,5.4,10,0.4734,1
32,0,185.0,106.3,31.1,144,103,265,58,84,1,5,0,0,0,0,2,7.8,5,0.0213,0
78,0,171.0,38.6,13.2,117,76,301,104,182,0,4,1,0,0,0,1,5.6,6,0.3479,1
38,0,181.4,78.6,23.9,98,78,194,71,191,1,2,0,1,0,1,3,8.1,5,0.0366,0
41,1,161.7,88.4,33.8,101,81,155,86,155,1,7,0,0,0,1,2,9.1,1,0.0068,0
20,1,162.0,69.6,26.5,107,74,221,70,214,1,1,0,0,1,1,1,6.4,1,0.0508,0
39,1,168.1,68.0,24.1,179,79,195,91,88,1,1,0,0,0,1,3,5.9,8,0.1576,0
70,0,170.0,77.0,26.6,145,78,180,106,78,0,0,0,1,0,0,3,9.0,5,0.1185,0
19,0,190.9,80.2,22.0,179,60,179,78,133,1,0,1,0,0,0,3,6.9,8,0.0471,0
47,0,174.4,77.7,25.5,163,63,236,75,107,1,0,0,1,0,1,3,5.4,3,0.2375,0
55,1,170.2,64.8,22.4,147,62,155,55,205,0,6,0,0,0,0,0,5.9,5,0.0232,0
19,1,178.6,95.9,30.1,170,67,291,109,203,0,2,0,1,0,0,2,6.0,2,0.0715,0
81,0,186.3,104.5,30.1,140,100,187,60,246,0,5,0,0,0,0,2,8.4,8,0.2528,0
77,0,161.9,69.0,26.3,121,101,313,85,171,1,3,0,0,0,0,3,5.8,1,0.3583,1
38,0,180.4,59.4,18.3,177,64,163,69,242,1,2,0,0,0,0,2,4.2,5,0.0486,0
50,0,184.5,74.4,21.9,137,68,196,93,218,0,0,0,0,0,1,3,6.9,7,0.1669,0
75,0,184.9,79.7,23.3,97,60,209,69,162,1,0,0,0,0,0,1,7.4,10,0.2043,0
39,1,152.9,74.0,31.7,119,99,148,76,103,1,2,0,0,0,0,2,7.7,5,0.0124,0
66,1,157.4,53.6,21.6,115,89,295,55,209,2,5,0,1,0,0,2,4.0,3,0.0876,0
76,0,185.9,71.4,20.7,113,66,283,82,108,0,5,1,1,0,1,3,6.8,4,0.162,0
59,0,168.4,81.9,28.9,116,81,255,106,165,0,1,1,1,0,0,0,6.5,9,0.6141,1
77,1,161.0,84.6,32.6,168,79,252,79,75,1,1,0,1,0,0,3,7.5,5,0.3954,1
32,0,191.8,76.6,20.8,164,88,215,99,150,0,0,0,0,0,0,0,4.6,3,0.1067,0
79,0,175.5,57.8,18.7,128,86,294,83,101,0,6,0,0,0,1,0,7.2,7,0.2745,0
79,0,168.7,123.6,43.4,155,84,245,54,205,0,0,0,1,1,0,2,7.2,6,0.8853,2
64,0,167.2,85.4,30.5,140,105,290,65,235,1,3,1,1,0,0,3,8.4,3,0.6147,1
79,0,179.3,75.7,23.5,162,94,257,61,216,0,5,0,1,0,0,3,7.4,10,0.3894,1
68,1,150.7,78.4,34.5,139,86,129,61,78,0,1,1,1,0,1,3,7.8,3,0.1788,0
72,0,173.5,74.9,24.9,134,70,253,60,249,0,3,0,1,0,0,3,5.5,4,0.2283,0
81,0,179.3,92.7,28.8,176,76,135,101,225,0,7,0,1,0,0,1,6.9,10,0.3397,1
20,1,177.0,80.9,25.8,122,90,307,100,131,2,0,0,1,0,1,3,8.6,3,0.079,0
68,0,182.7,82.7,24.8,108,77,145,70,245,0,7,0,0,0,1,3,6.4,6,0.0352,0
24,1,156.9,66.7,27.1,102,78,140,56,183,0,5,1,0,0,0,3,7.9,1,0.0013,0
38,1,175.8,56.2,18.2,167,109,219,107,236,0,7,0,1,0,0,2,5.8,1,0.021,0
56,0,173.0,105.6,35.3,111,91,305,83,88,0,0,0,1,1,0,1,6.7,7,0.5102,1
35,1,151.6,51.7,22.5,109,88,288,78,102,2,3,1,0,0,0,3,5.1,8,0.0495,0
21,0,174.3,56.7,18.7,94,74,225,55,133,2,3,0,0,0,0,3,6.9,4,0.0016,0
77,1,178.4,76.0,23.9,173,66,149,85,95,0,0,0,1,0,0,3,6.0,7,0.1766,0
31,0,177.7,64.4,20.4,167,96,252,83,242,0,4,0,0,1,1,2,8.4,2,0.1299,0
26,1,164.1,71.3,26.5,179,96,257,98,70,0,0,0,0,0,0,2,9.4,9,0.0652,0
70,1,180.4,90.5,27.8,121,66,214,57,232,0,1,0,0,0,0,1,4.9,9,0.2976,0
19,0,161.7,85.8,32.8,119,81,258,86,146,1,5,0,1,0,0,2,5.5,7,0.026,0
77,1,151.1,77.8,34.1,115,71,310,59,172,0,7,0,0,0,1,3,8.1,5,0.1773,0
61,1,147.8,59.3,27.1,171,67,254,65,165,1,5,0,0,0,1,2,6.1,7,0.2239,0
25,1,167.7,74.6,26.5,176,77,306,51,242,1,6,0,1,1,1,2,6.9,7,0.2319,0
64,0,177.7,85.0,26.9,177,87,259,105,145,0,0,0,0,0,0,3,8.8,3,0.3471,1
52,1,179.4,53.3,16.6,93,73,183,68,102,1,2,1,0,0,0,3,8.8,7,0.0105,0
53,0,178.4,87.8,27.6,156,90,242,56,151,1,0,1,1,0,0,2,5.4,3,0.4215,1
67,0,172.0,54.1,18.3,132,76,232,51,138,0,7,0,1,1,1,1,9.3,3,0.0723,0
21,0,176.0,108.6,35.1,119,82,160,94,152,2,4,0,0,0,0,1,7.8,7,0.0175,0
19,0,177.2,72.5,23.1,105,70,307,72,228,1,1,0,1,0,0,3,8.2,7,0.0378,0
23,1,147.3,60.9,28.1,160,74,319,80,175,0,7,0,1,0,0,3,6.2,6,0.0175,0
71,0,203.1,80.0,19.4,128,89,147,53,171,2,0,1,1,0,0,2,6.1,7,0.2001,0
21,1,169.2,65.1,22.8,175,90,242,65,183,1,7,0,0,0,1,0,4.9,10,0.1207,0
71,0,178.1,113.2,35.7,130,65,199,59,212,0,7,0,0,0,0,3,5.5,10,0.1318,0
80,0,182.2,95.2,28.7,120,71,310,98,115,0,3,0,1,1,0,2,7.8,5,0.3822,1
35,0,183.1,58.3,17.4,138,82,122,70,189,2,6,0,0,0,0,1,7.5,9,0.0071,0
61,0,174.6,99.9,32.8,102,82,220,77,117,0,1,0,0,0,1,3,7.9,1,0.0852,0
51,0,169.7,92.7,32.2,130,99,151,95,137,0,7,1,0,0,1,1,7.3,5,0.1023,0
79,0,182.0,76.8,23.2,117,95,140,61,152,0,1,1,0,0,0,3,7.0,3,0.0924,0
31,1,167.9,78.5,27.9,153,94,240,62,154,0,4,0,0,0,0,2,6.2,8,0.0213,0
65,0,167.9,73.7,26.2,108,62,174,101,195,1,7,0,0,1,0,3,6.7,7,0.0449,0
32,0,190.2,114.7,31.7,176,101,137,89,237,0,5,0,1,0,0,3,8.1,1,0.0268,0
79,0,178.9,67.5,21.1,161,87,172,66,190,0,3,0,0,0,0,1,8.0,9,0.2501,0
57,1,171.3,77.8,26.5,114,74,231,67,198,2,2,0,0,0,0,2,7.3,5,0.054,0
70,1,177.9,72.5,22.9,127,72,240,102,89,1,0,1,1,0,0,1,5.9,1,0.3133,1
41,0,176.2,56.6,18.2,179,78,229,59,219,2,2,0,0,1,0,3,6.4,1,0.0847,0
43,0,179.2,112.5,35.0,92,72,194,107,134,0,7,0,1,1,0,2,5.4,8,0.0286,0
77,0,184.1,64.3,19.0,91,71,180,77,212,1,5,0,0,0,1,2,6.6,3,0.0448,0
58,1,156.8,71.7,29.2,94,74,297,62,130,1,7,0,0,1,1,2,5.0,9,0.1536,0
46,0,176.5,52.2,16.7,150,96,127,83,148,0,7,0,0,0,1,1,6.6,8,0.0177,0
32,0,177.3,72.6,23.1,109,80,131,108,83,1,3,0,1,0,0,1,6.2,6,0.0065,0
62,0,166.4,79.5,28.7,165,98,298,98,138,0,6,1,0,0,0,3,7.0,6,0.3233,1
82,0,199.2,77.2,19.5,127,64,313,55,191,0,6,0,1,0,0,3,6.1,5,0.0891,0
26,0,161.9,79.8,30.4,169,76,160,61,118,1,1,0,0,0,1,2,7.9,2,0.0358,0
18,1,151.0,61.5,27.0,125,78,269,78,203,0,4,0,0,0,0,3,5.0,6,0.0127,0
25,0,189.1,102.0,28.5,135,63,246,62,238,1,4,0,0,0,0,2,5.1,8,0.0443,0
80,1,171.1,96.0,32.8,126,85,256,109,228,0,1,0,1,0,0,3,6.7,6,0.5674,1
28,0,165.7,64.1,23.3,143,83,197,75,185,1,7,0,0,1,0,3,7.3,7,0.0144,0
25,0,182.1,82.2,24.8,110,90,258,53,159,0,4,0,0,0,0,3,6.5,2,0.0037,0
52,1,178.7,82.1,25.7,110,90,260,64,158,0,2,0,1,0,0,3,6.6,2,0.0256,0
52,0,175.7,87.1,28.2,159,105,303,65,248,0,5,0,0,1,0,3,7.1,3,0.2885,0
50,1,190.0,85.2,23.6,173,78,275,102,186,0,1,1,0,1,0,3,7.6,10,0.6074,1
22,1,146.8,66.2,30.8,149,89,208,68,191,1,7,1,0,0,0,3,6.5,7,0.0211,0
58,0,182.9,77.8,23.3,125,85,183,96,246,1,0,0,1,0,1,1,7.2,8,0.5654,1
45,1,175.7,79.6,25.8,166,70,183,75,237,0,0,1,0,1,0,2,8.2,4,0.2402,0
24,0,184.9,101.9,29.8,100,80,189,81,84,0,3,1,1,0,0,1,5.4,10,0.0298,0
29,1,162.0,80.7,30.8,177,62,174,55,76,0,5,0,0,0,0,1,8.5,6,0.0064,0
51,0,173.1,87.1,29.1,172,81,156,101,123,1,5,0,0,0,0,3,8.4,9,0.0644,0
50,1,168.4,85.1,30.0,176,76,280,55,249,0,1,0,1,0,0,3,6.0,7,0.4503,1
65,0,184.2,79.8,23.5,120,70,144,54,248,0,5,0,0,0,0,3,7.6,4,0.0146,0
40,0,182.0,85.8,25.9,126,106,233,108,73,0,2,0,0,0,0,3,5.2,8,0.0495,0
79,1,174.4,60.9,20.0,149,98,142,51,70,0,6,0,0,0,0,2,7.4,8,0.0129,0
54,1,153.8,85.9,36.3,150,106,307,101,174,0,5,0,0,0,0,3,8.6,7,0.2627,0
61,1,161.7,29.1,11.1,156,86,303,51,135,0,1,0,1,0,1,2,5.7,5,0.187,0
52,1,154.6,66.0,27.6,118,98,310,86,232,0,1,0,1,0,0,3,6.1,10,0.3351,1
82,1,160.1,87.2,34.0,156,102,255,52,150,0,2,0,0,0,0,3,7.4,10,0.5374,1
64,0,186.2,62.6,18.1,168,88,136,55,207,0,7,1,1,1,0,3,6.6,6,0.081,0
20,0,177.1,84.5,27.0,160,71,214,80,137,0,4,1,0,0,0,3,7.2,10,0.0284,0
18,0,202.1,80.8,19.8,156,72,209,92,171,0,2,0,0,0,0,2,9.9,3,0.0063,0
22,0,177.9,73.4,23.2,105,70,304,54,120,0,1,0,0,0,0,1,6.5,3,0.0087,0
31,0,176.6,92.5,29.7,134,90,194,99,99,1,1,0,1,0,1,3,5.1,4,0.1011,0
44,1,165.1,75.5,27.7,123,70,181,95,108,2,1,1,0,0,0,2,6.2,2,0.0279,0
26,0,169.6,44.3,15.4,173,100,130,59,207,1,1,1,0,0,1,3,7.2,6,0.0845,0
32,1,163.4,57.1,21.4,133,102,314,76,241,0,3,0,1,0,0,2,5.5,3,0.0599,0
59,0,187.3,98.3,28.0,167,95,287,73,229,1,6,0,1,1,0,0,6.2,2,0.5838,1
68,0,177.1,85.3,27.2,131,61,287,71,241,0,4,0,1,0,1,0,8.4,9,0.6699,2
80,0,168.1,100.3,35.5,124,82,240,74,132,0,1,1,0,1,1,3,9.0,1,0.736,2
69,1,154.7,92.6,38.7,164,95,175,52,130,0,3,1,1,0,0,1,6.5,4,0.3773,1
21,1,159.5,64.6,25.4,173,73,172,65,134,0,7,0,0,0,0,3,6.6,9,0.0028,0
40,1,164.7,109.9,40.5,119,96,204,79,238,0,5,0,1,0,0,2,5.5,5,0.0727,0
32,0,187.9,84.3,23.9,142,108,147,97,150,0,1,0,0,0,0,2,7.3,6,0.0197,0
60,1,150.6,50.9,22.4,147,86,205,92,81,0,4,1,0,1,1,3,9.9,4,0.1458,0
46,0,172.8,66.9,22.4,117,71,289,53,193,2,6,0,0,0,0,1,6.6,10,0.0507,0
53,0,177.4,44.9,14.3,104,84,234,92,71,2,4,0,0,0,1,2,6.6,6,0.0178,0
30,0,157.7,92.9,37.4,127,65,165,89,142,2,2,0,0,0,0,3,7.6,7,0.0274,0
49,0,167.7,97.8,34.8,139,103,137,65,145,0,7,1,1,1,0,3,6.5,6,0.0702,0
76,0,169.2,59.4,20.7,102,82,142,104,94,2,3,0,1,0,0,1,6.5,6,0.0484,0
45,1,156.0,64.6,26.5,124,82,273,89,187,1,5,0,1,0,1,3,8.7,3,0.0772,0
83,1,165.9,74.4,27.0,113,69,218,90,177,2,4,0,0,0,0,3,5.4,8,0.1935,0
59,0,174.4,62.8,20.6,154,93,148,95,168,0,0,0,0,0,0,3,5.7,8,0.1444,0
62,0,170.4,48.9,16.8,177,103,171,57,91,1,1,0,1,0,0,3,7.8,4,0.0678,0
79,0,180.3,77.0,23.7,107,71,229,73,125,0,4,0,0,0,0,3,6.8,8,0.0493,0
74,0,193.2,81.8,21.9,147,91,225,65,218,0,7,0,0,0,0,3,5.7,9,0.1349,0
23,1,180.4,74.4,22.9,115,85,165,103,124,0,7,1,0,0,1,3,7.3,5,0.004,0
45,0,156.8,71.7,29.2,118,66,120,76,109,2,5,1,1,0,0,2,6.6,3,0.0089,0
45,1,169.8,96.3,33.4,161,91,310,51,248,0,5,0,0,0,0,0,7.2,7,0.3324,1
61,0,174.2,72.6,23.9,133,92,263,109,219,0,6,1,0,0,0,1,6.7,4,0.2252,0
47,1,165.6,75.3,27.5,179,77,144,104,225,2,3,0,1,1,0,1,5.2,8,0.4216,1
79,0,172.0,86.9,29.4,94,74,181,69,190,0,7,0,0,0,0,0,8.3,3,0.0403,0
79,1,165.2,80.9,29.7,122,79,201,100,73,2,7,0,1,0,1,1,9.0,1,0.0848,0
18,0,177.5,69.5,22.1,94,74,199,69,95,1,3,0,0,0,1,1,5.9,5,0.0078,0
44,1,158.2,70.6,28.2,125,64,263,69,181,0,3,1,0,0,0,0,8.9,6,0.126,0
79,0,167.0,81.7,29.3,166,91,316,68,182,0,2,1,0,0,1,1,6.9,9,0.9554,2
20,0,171.5,58.8,20.0,170,106,210,106,92,0,5,0,0,0,1,0,4.0,3,0.0394,0
44,1,166.3,92.1,33.3,102,82,317,100,238,2,1,0,1,0,0,2,7.5,6,0.2665,0
26,1,170.0,96.5,33.4,114,78,240,67,127,2,0,0,1,0,0,3,4.4,8,0.0561,0
79,1,172.5,65.4,22.0,147,60,281,62,77,0,3,1,1,0,1,3,6.4,10,0.4144,1
54,1,159.1,72.4,28.6,91,66,172,66,185,0,7,0,1,0,0,3,7.8,4,0.0033,0
68,1,166.8,83.1,29.8,177,81,270,108,120,0,1,0,0,0,0,3,7.6,10,0.4855,1
61,0,185.6,74.6,21.7,125,105,290,82,70,1,3,1,0,0,0,1,6.1,10,0.3313,1
41,0,187.7,91.1,25.9,114,93,163,102,189,0,3,1,1,0,0,3,7.8,6,0.0446,0
76,0,175.4,80.2,26.1,123,69,151,109,99,0,7,0,0,0,0,3,8.1,3,0.0099,0
49,1,161.8,48.9,18.7,101,81,142,77,86,1,5,1,0,0,1,2,6.3,10,0.015,0
69,0,177.9,85.8,27.1,108,88,267,54,220,0,0,0,1,1,0,3,6.6,9,0.5149,1
79,0,164.5,55.7,20.6,126,85,138,77,171,0,1,0,1,0,1,0,7.2,6,0.3523,1
75,1,162.1,85.1,32.4,90,70,319,74,191,1,3,1,0,0,0,2,5.6,2,0.366,1
69,1,171.4,65.7,22.3,149,101,148,69,221,0,5,0,1,0,0,2,6.0,7,0.0557,0
29,0,182.4,78.8,23.7,156,86,265,70,155,0,2,0,1,0,0,3,8.2,7,0.0429,0
56,0,173.3,97.2,32.4,138,71,188,62,138,1,3,0,0,0,1,1,9.8,1,0.1191,0
19,0,178.2,86.5,27.3,179,99,259,55,158,0,5,1,1,0,1,1,7.7,4,0.1467,0
20,0,167.8,57.7,20.5,168,82,129,78,249,1,1,0,0,0,1,2,7.3,1,0.0285,0
73,0,183.0,66.3,19.8,135,73,230,91,140,2,4,0,1,0,0,3,9.2,6,0.0901,0
76,1,163.2,62.6,23.5,137,93,156,104,127,1,3,0,0,1,0,0,5.9,5,0.3524,1
19,1,161.2,76.5,29.4,157,76,200,58,219,1,2,0,1,0,0,3,7.1,3,0.0196,0
19,1,160.4,75.6,29.4,108,65,215,78,128,1,2,0,1,0,0,1,8.0,9,0.0145,0
71,0,175.4,65.0,21.1,177,86,174,87,241,0,3,0,1,0,0,1,6.0,9,0.4133,1
18,1,159.5,52.3,20.5,129,67,251,50,106,0,1,0,1,0,0,2,5.0,6,0.0053,0
36,0,182.6,85.5,25.7,95,75,247,105,231,0,6,0,0,0,0,2,8.0,6,0.0107,0
19,0,172.0,73.3,24.8,169,94,182,79,169,1,3,0,1,0,0,3,8.1,9,0.033,0
70,1,179.9,112.3,34.7,152,106,131,99,182,0,2,0,1,0,0,3,8.0,2,0.156,0
61,0,190.7,85.9,23.6,124,76,265,81,237,0,3,0,0,1,0,2,8.0,1,0.1188,0
49,0,167.1,100.8,36.1,161,85,127,106,89,1,2,0,0,0,0,1,7.1,10,0.1801,0
49,1,164.7,54.8,20.2,150,66,151,108,86,0,4,1,0,0,0,1,7.2,3,0.0134,0
72,0,169.5,51.1,17.8,94,74,168,72,249,1,3,0,1,1,0,3,7.3,8,0.1117,0
73,1,160.7,53.6,20.7,126,83,223,88,73,0,0,0,1,0,0,1,8.3,2,0.0703,0
34,0,196.0,105.8,27.5,165,84,310,107,119,0,3,0,1,0,0,1,7.3,8,0.1833,0
55,1,160.9,96.8,37.4,178,94,306,59,151,0,2,0,0,0,0,3,7.1,10,0.4946,1
41,0,179.6,68.1,21.1,177,85,206,93,119,0,6,1,0,0,0,3,7.4,6,0.03,0
28,0,181.4,73.8,22.4,100,80,314,70,85,0,1,0,1,0,1,1,7.5,4,0.0375,0
33,1,154.0,49.5,20.9,129,64,218,105,141,0,2,0,1,0,0,3,5.7,4,0.0111,0
76,0,167.4,46.5,16.6,154,106,286,75,130,0,4,0,0,0,0,1,8.7,7,0.2311,0
20,0,163.9,82.7,30.8,97,77,169,64,113,1,1,1,1,0,0,0,6.2,7,0.0353,0
37,0,167.1,76.9,27.5,176,94,318,66,215,0,0,0,0,1,0,3,7.1,9,0.5824,1
76,0,147.5,63.9,29.4,173,89,273,84,119,1,0,0,0,0,0,2,5.9,4,0.6807,2
53,0,181.4,59.7,18.1,100,80,270,74,149,1,4,0,1,0,0,0,6.8,9,0.0775,0
36,0,196.5,112.9,29.2,160,84,215,64,99,0,4,0,1,0,0,3,7.6,4,0.0158,0
84,1,165.5,65.2,23.8,147,83,182,82,118,0,4,0,0,0,1,2,7.4,2,0.0931,0
36,0,161.8,78.9,30.1,137,89,313,60,167,0,7,0,1,0,1,3,6.4,7,0.0796,0
37,0,169.6,53.0,18.4,102,79,286,73,218,2,7,0,0,0,0,2,6.2,9,0.0124,0
69,0,171.4,72.8,24.8,149,62,185,55,219,2,5,0,1,1,0,1,7.3,10,0.322,1
50,0,165.8,77.3,28.1,138,91,222,77,244,0,4,0,0,0,0,2,8.3,2,0.0505,0
57,1,172.6,81.2,27.3,156,67,165,78,94,0,3,1,1,0,0,1,8.7,6,0.0771,0
56,0,184.1,84.4,24.9,96,76,262,97,125,2,2,1,1,0,1,1,9.4,6,0.3708,1
18,1,152.4,73.6,31.7,166,106,135,107,225,1,5,0,0,0,1,3,6.2,10,0.0776,0
28,0,183.3,64.7,19.3,114,82,239,70,230,0,3,0,1,0,0,0,6.1,3,0.0199,0
74,1,179.3,82.6,25.7,112,92,209,61,73,0,6,1,0,1,1,2,6.9,8,0.1455,0
67,1,183.0,83.2,24.8,140,75,191,71,81,0,1,1,0,0,0,2,6.8,5,0.0685,0
40,1,192.7,89.8,24.2,136,94,135,76,214,1,6,0,1,0,0,3,5.3,4,0.0119,0
48,1,155.0,68.6,28.6,94,74,204,70,105,1,0,0,1,0,0,3,8.0,4,0.0188,0
59,1,192.2,67.0,18.1,102,74,158,64,85,0,6,1,0,0,0,3,6.1,5,0.0026,0
24,0,172.5,56.5,19.0,131,67,258,106,220,0,0,0,1,0,0,3,6.2,10,0.0549,0
33,0,170.1,41.8,14.5,94,74,155,67,190,2,1,0,1,0,0,3,7.5,4,0.0036,0
77,1,167.3,85.9,30.7,112,84,137,59,206,1,0,1,0,0,1,3,5.6,6,0.5852,1
19,0,170.2,87.5,30.2,151,108,270,71,147,0,6,0,1,1,0,3,6.7,8,0.0458,0
18,0,180.0,92.6,28.6,90,70,196,93,124,0,4,0,0,0,0,0,7.9,2,0.0027,0
65,1,150.8,70.0,30.8,163,78,168,69,142,0,4,0,0,0,1,2,7.1,7,0.13,0
29,0,173.6,44.8,14.9,143,102,289,68,133,0,5,1,1,0,0,3,7.9,6,0.0207,0
54,1,176.9,63.0,20.2,161,109,222,77,244,0,4,1,1,0,0,2,8.2,4,0.1543,0
49,1,163.4,74.3,27.8,92,72,163,86,159,0,7,0,1,0,0,2,6.9,2,0.0019,0
26,1,165.4,74.7,27.3,172,105,228,99,207,2,1,0,1,0,0,2,4.0,1,0.1199,0
36,1,168.8,71.0,24.9,153,71,248,100,158,1,2,0,1,1,1,3,8.5,8,0.2758,0
65,0,187.7,89.4,25.4,140,74,126,104,73,0,1,1,0,0,0,1,6.9,8,0.1294,0
20,0,159.4,69.9,27.5,91,71,167,93,99,2,6,0,1,0,0,2,7.9,9,0.0018,0
37,0,181.8,82.7,25.0,138,99,231,50,208,1,2,0,0,1,0,3,8.6,5,0.098,0
41,0,173.3,67.1,22.3,120,61,263,83,120,0,0,0,0,0,0,1,4.8,9,0.0803,0
71,1,165.7,87.6,31.9,163,99,167,84,216,2,5,0,1,1,0,3,7.0,4,0.3375,1
50,1,174.6,70.8,23.2,169,82,290,75,210,0,6,1,1,0,0,3,8.9,10,0.2157,0
41,0,164.1,52.1,19.3,173,64,170,79,200,1,7,0,0,0,0,2,6.8,4,0.0086,0
53,0,165.9,61.4,22.3,92,72,226,61,181,0,0,1,1,0,0,3,8.2,5,0.0619,0
55,1,144.6,57.1,27.3,124,69,185,63,147,0,0,0,0,1,0,1,5.7,3,0.0975,0
42,0,170.5,90.2,31.0,174,86,150,88,235,0,2,0,0,0,0,3,7.6,5,0.0929,0
35,0,189.3,84.0,23.4,125,101,158,53,96,0,7,1,1,0,0,0,5.5,5,0.0131,0
83,0,174.8,74.6,24.4,153,63,128,61,157,0,0,0,1,0,1,2,8.1,10,0.3928,1
71,1,150.6,46.6,20.5,121,63,160,73,207,2,1,0,1,0,0,1,6.5,4,0.0819,0
52,1,159.1,81.4,32.1,107,67,182,89,187,1,6,1,0,0,0,3,8.7,5,0.0302,0
78,1,149.1,54.8,24.6,123,65,133,80,224,0,7,0,0,0,0,3,8.8,5,0.0146,0
58,1,152.7,64.9,27.8,145,84,177,50,76,0,2,0,1,0,0,3,6.3,9,0.034,0
50,0,179.9,102.1,31.6,156,86,207,86,184,2,4,0,0,0,1,3,9.0,1,0.1502,0
50,0,164.3,79.8,29.6,142,106,216,50,161,0,7,1,0,0,0,3,6.3,7,0.0543,0
31,1,175.1,53.1,17.3,156,109,217,64,159,0,6,0,1,0,0,2,7.8,1,0.0033,0
38,0,175.3,51.1,16.6,155,99,311,62,151,1,2,0,1,0,0,3,7.0,1,0.0467,0
65,1,164.9,71.5,26.3,153,79,275,78,82,2,6,1,1,0,0,0,6.5,3,0.2066,0
37,1,161.2,52.4,20.2,156,86,251,104,141,1,1,0,0,0,0,3,8.0,5,0.0479,0
25,1,171.7,85.6,29.0,170,66,281,94,160,0,5,0,0,0,1,3,6.4,9,0.0712,0
24,1,171.8,76.5,25.9,128,82,251,53,211,0,1,0,0,0,0,3,6.3,9,0.0249,0
84,1,167.4,76.2,27.2,127,79,189,64,174,1,1,1,1,1,0,3,7.0,1,0.4261,1
34,1,169.6,64.2,22.3,129,108,305,93,113,2,0,1,1,0,1,1,8.1,3,0.3634,1
50,0,173.9,103.1,34.1,108,88,205,89,153,2,6,0,1,0,1,1,7.3,1,0.0759,0
65,0,181.4,123.3,37.5,172,88,123,97,97,0,5,0,0,1,0,3,6.6,1,0.0805,0
76,0,172.6,72.1,24.2,94,74,169,61,92,1,4,0,1,0,0,1,6.4,9,0.0453,0
39,1,164.0,77.3,28.7,158,64,124,105,81,0,5,0,1,0,1,1,6.7,2,0.0122,0
47,0,173.3,78.1,26.0,103,83,194,74,221,0,4,0,1,0,1,0,7.7,1,0.0638,0
55,1,159.4,65.8,25.9,138,71,164,76,120,0,3,0,1,0,0,1,5.7,6,0.0387,0
68,0,169.1,62.1,21.7,153,76,282,55,177,2,5,1,1,0,0,0,6.2,2,0.3595,1
71,1,168.7,58.1,20.4,146,96,236,72,219,0,5,0,0,0,1,3,7.9,5,0.159,0
25,0,189.1,67.5,18.9,124,93,146,64,131,0,6,0,1,1,0,2,6.0,3,0.0016,0
44,1,175.7,83.9,27.2,174,89,249,88,95,2,1,0,0,1,1,1,6.3,10,0.6177,1
44,1,151.4,57.9,25.3,94,74,301,54,127,0,5,0,1,0,0,3,7.0,5,0.0069,0
38,0,188.9,45.8,12.8,177,65,237,72,212,0,0,0,1,0,1,0,6.0,8,0.3094,1
47,0,172.8,83.1,27.8,128,91,319,64,137,1,6,1,1,0,0,3,6.4,6,0.1253,0
45,1,170.0,74.4,25.8,113,91,223,74,75,1,2,0,0,0,0,2,7.2,8,0.0194,0
81,0,166.9,93.7,33.6,129,68,295,109,180,0,7,0,0,0,0,0,7.9,6,0.4253,1
78,0,177.4,84.3,26.8,139,81,168,79,199,2,0,0,0,0,0,2,6.1,4,0.2669,0
65,1,167.1,51.4,18.4,166,69,229,93,228,0,1,1,1,0,1,3,6.0,4,0.4902,1
36,1,149.2,31.1,14.0,147,88,197,92,93,2,0,0,0,0,1,1,8.4,10,0.0775,0
21,1,170.1,64.2,22.2,90,70,120,53,104,1,5,0,0,0,0,3,6.2,10,0.0005,0
52,0,189.5,75.4,21.0,132,87,239,62,116,0,7,0,1,0,0,3,6.1,3,0.0066,0
81,0,174.3,91.3,30.1,128,61,280,99,100,1,1,1,0,0,0,3,4.6,8,0.6984,2
66,1,177.6,78.7,24.9,99,79,154,89,158,0,6,0,1,0,0,0,8.3,10,0.0344,0
34,1,162.1,88.1,33.5,91,71,301,88,145,0,7,0,0,0,0,2,8.6,9,0.0095,0
61,1,172.5,56.4,18.9,152,100,175,103,187,2,5,0,0,0,0,1,7.0,8,0.0913,0
47,0,153.8,81.4,34.4,105,76,262,72,199,0,7,0,1,0,0,1,7.2,9,0.0638,0
63,0,200.2,100.9,25.2,126,86,316,109,173,0,2,0,1,0,1,3,7.0,10,0.6031,1
23,0,191.0,55.2,15.1,105,85,123,65,128,0,2,0,0,0,0,1,5.7,9,0.0028,0
54,0,173.2,96.4,32.2,176,100,229,84,165,0,4,0,0,0,0,2,7.7,3,0.1315,0
41,0,156.3,69.5,28.5,179,67,203,103,132,2,5,0,1,0,1,3,8.6,4,0.097,0
63,0,178.9,85.3,26.7,169,96,311,107,214,2,3,1,0,0,0,1,7.0,3,0.7884,2
70,1,149.6,51.8,23.2,116,64,141,65,123,0,0,0,0,0,0,2,7.9,5,0.0178,0
77,0,180.4,99.4,30.5,152,85,143,97,194,0,3,0,1,0,0,3,5.9,9,0.3771,1
80,1,168.1,56.3,19.9,153,65,294,56,218,0,0,0,1,1,0,1,5.8,3,0.6774,2
49,1,154.6,79.8,33.4,121,75,194,104,91,0,4,0,1,0,0,3,7.6,6,0.0181,0
50,1,175.2,89.9,29.3,98,60,229,94,194,0,4,0,0,0,0,0,8.8,4,0.0315,0
84,0,184.1,67.4,19.9,100,68,253,62,166,0,2,0,0,0,0,3,6.3,1,0.0439,0
35,1,173.8,106.6,35.3,159,80,274,102,185,0,6,0,1,0,0,2,6.8,8,0.0806,0
42,1,164.1,75.5,28.0,119,66,257,100,98,1,6,1,0,0,1,3,7.6,3,0.0369,0
71,1,149.8,74.7,33.3,104,84,286,99,218,2,2,1,0,0,0,2,6.5,8,0.6264,1
75,1,173.8,54.0,17.9,148,74,229,78,71,1,7,1,1,0,0,1,7.6,5,0.0659,0
84,1,161.3,102.4,39.4,137,83,209,88,111,1,5,0,1,0,0,2,5.9,8,0.4042,1
63,1,150.1,46.7,20.7,171,64,156,69,121,0,2,0,0,0,0,1,7.5,1,0.0227,0
41,0,189.5,100.1,27.9,165,97,173,99,107,2,5,0,0,0,1,3,6.7,6,0.0686,0
49,1,185.0,67.6,19.7,149,88,170,78,200,2,0,0,0,0,0,3,5.1,3,0.0618,0
64,0,175.6,68.5,22.2,157,105,179,105,222,2,5,1,1,0,1,2,5.8,5,0.5911,1
40,1,185.6,94.6,27.5,146,105,191,67,146,0,6,0,1,1,0,2,7.4,4,0.0185,0
83,0,176.9,93.9,30.0,153,70,247,71,212,1,3,0,0,0,0,3,8.6,9,0.5684,1
44,0,172.2,57.0,19.2,143,63,170,85,174,1,6,0,0,0,0,3,5.4,3,0.0078,0
19,1,157.7,85.2,34.3,169,69,181,90,79,0,3,1,1,0,0,1,8.2,7,0.0373,0
34,1,180.4,95.9,29.5,176,93,168,102,189,2,2,1,1,0,1,3,7.5,4,0.3045,1
50,0,168.2,60.0,21.2,164,63,298,97,196,0,4,0,1,0,1,3,8.2,3,0.1695,0
26,0,183.4,105.7,31.4,143,69,147,85,183,0,3,0,1,0,0,1,6.8,10,0.034,0
60,1,158.4,47.4,18.9,148,92,283,57,138,0,4,0,1,0,0,1,7.8,3,0.0533,0
65,0,171.4,66.3,22.6,177,105,272,52,178,0,2,0,0,0,0,3,9.2,4,0.236,0
56,1,174.3,84.3,27.8,175,77,283,78,113,2,0,0,0,0,1,1,7.2,7,0.6318,1
59,0,172.2,63.3,21.3,128,71,196,58,238,0,5,0,0,0,1,3,5.8,9,0.1059,0
43,1,160.0,73.9,28.9,104,82,307,57,89,0,1,1,1,1,0,0,8.7,6,0.2505,0
67,1,175.3,81.3,26.4,168,103,126,79,176,1,3,1,0,0,1,2,7.6,1,0.2706,0
42,0,192.0,83.2,22.6,163,84,184,61,234,0,5,0,0,0,0,1,7.3,8,0.046,0
41,0,182.4,93.7,28.2,117,96,242,95,236,1,5,0,0,1,0,1,9.1,2,0.1131,0
30,0,169.5,71.3,24.8,125,63,155,77,188,1,2,0,0,0,1,3,8.7,9,0.0337,0
77,1,158.9,72.9,28.9,143,72,192,105,178,0,2,0,0,0,0,3,7.6,3,0.1262,0
24,1,164.8,89.6,33.0,106,77,149,91,77,2,5,0,0,0,0,3,5.9,10,0.0045,0
74,1,167.2,85.5,30.6,175,88,166,102,112,0,3,0,1,0,0,0,6.6,7,0.3639,1
53,0,166.1,84.9,30.7,176,103,210,98,207,1,1,1,0,0,0,1,7.2,6,0.7485,2
62,0,183.2,64.4,19.2,111,89,148,92,110,2,6,1,0,0,0,2,7.0,9,0.0232,0
37,0,176.9,86.3,27.6,164,107,124,59,201,1,0,1,0,0,0,3,6.4,3,0.1141,0
82,0,158.8,56.2,22.3,125,97,184,62,201,0,3,0,1,0,0,3,6.8,2,0.0837,0
25,1,154.7,48.1,20.1,118,87,234,106,93,0,7,1,0,0,0,3,8.3,3,0.002,0
33,1,159.0,68.4,27.1,144,66,316,51,90,1,5,0,0,0,0,3,7.2,4,0.0101,0
31,1,163.3,58.1,21.8,131,83,182,50,207,2,0,0,1,0,1,2,6.4,5,0.0449,0
32,0,194.9,99.3,26.1,121,100,212,71,115,0,7,0,1,1,0,2,7.8,6,0.0085,0
83,1,166.4,85.4,30.9,103,69,303,82,190,0,7,1,1,0,0,0,7.7,7,0.446,1
49,1,155.6,39.3,16.2,107,87,136,65,113,0,2,0,0,0,1,2,7.0,10,0.0101,0
80,1,166.2,60.7,22.0,127,86,246,91,169,1,5,0,0,0,0,2,5.7,3,0.112,0
68,1,160.5,48.3,18.8,123,80,170,107,102,0,5,0,1,0,1,3,6.9,9,0.0387,0
42,0,179.2,72.7,22.6,134,95,232,78,163,2,3,0,1,0,0,2,7.0,3,0.0335,0
75,0,181.8,87.7,26.5,176,102,156,59,105,2,0,0,1,0,1,1,8.1,3,0.5704,1
80,1,176.1,74.4,24.0,121,88,207,88,222,0,4,0,1,0,0,1,6.1,8,0.2237,0
79,0,175.8,69.0,22.3,156,66,235,56,82,0,4,1,1,0,1,1,6.7,10,0.5059,1
39,0,192.4,105.7,28.6,152,72,244,50,236,1,4,1,1,0,0,3,8.8,3,0.1143,0
75,1,173.1,42.0,14.0,144,104,256,75,235,0,5,1,0,0,0,3,6.7,7,0.1979,0
75,1,156.9,87.0,35.3,132,82,157,94,227,0,6,0,1,0,0,2,7.0,1,0.0631,0
66,1,186.1,74.9,21.6,111,91,172,54,83,0,0,0,1,0,1,2,9.2,1,0.0284,0
69,0,179.3,78.5,24.4,176,84,260,84,119,0,4,0,0,0,0,2,5.9,5,0.1955,0
59,0,167.6,65.9,23.5,157,100,209,62,137,0,2,1,0,0,0,3,8.6,9,0.2079,0
32,1,180.5,103.4,31.7,166,104,172,76,70,1,5,0,0,0,0,3,6.5,8,0.016,0
71,1,184.8,63.9,18.7,118,72,238,61,72,1,6,0,1,0,0,2,7.3,2,0.0074,0
77,1,163.7,72.0,26.9,129,96,238,79,247,2,6,0,1,0,0,2,7.4,8,0.2567,0
25,1,159.0,77.4,30.6,134,89,168,99,233,0,0,0,1,0,0,1,6.7,10,0.1052,0
70,1,162.3,47.0,17.8,99,79,241,81,201,0,6,0,1,0,1,3,5.9,9,0.092,0
77,1,171.1,61.8,21.1,166,71,189,108,240,0,2,0,0,0,0,2,6.2,4,0.1828,0
22,0,188.8,82.2,23.1,134,60,282,80,83,0,1,0,1,0,0,3,6.8,9,0.0155,0
23,1,169.7,61.6,21.4,106,77,135,54,158,0,0,0,0,0,0,2,6.1,4,0.0015,0
64,1,165.0,60.3,22.1,91,71,132,86,172,0,4,0,1,0,0,1,7.0,8,0.0145,0
72,1,179.0,74.2,23.2,106,83,240,51,194,0,7,0,0,0,0,2,6.1,7,0.0195,0
57,0,172.9,86.2,28.8,179,76,258,87,136,0,4,0,0,0,0,3,5.9,7,0.2083,0
69,1,174.3,72.0,23.7,127,101,206,56,76,0,5,1,0,1,0,3,5.1,9,0.1267,0
33,0,173.1,92.7,30.9,126,68,249,50,77,0,1,0,0,0,1,1,9.0,8,0.0686,0
30,0,180.3,65.2,20.1,152,99,213,52,113,0,5,0,1,0,0,2,6.9,10,0.0094,0
47,0,174.9,58.7,19.2,94,74,138,69,204,2,7,0,0,0,1,1,6.2,10,0.0153,0
36,1,163.4,100.6,37.7,114,74,223,51,117,0,3,0,0,0,1,3,5.8,6,0.0415,0
34,0,172.2,66.2,22.3,162,72,164,91,131,0,1,1,1,0,0,3,6.3,4,0.0337,0
80,0,189.4,65.1,18.1,111,87,293,92,94,0,4,1,0,0,1,3,4.8,5,0.329,1
36,0,168.7,48.2,16.9,152,76,166,70,187,0,7,1,1,0,1,1,6.3,4,0.0249,0
75,1,156.6,84.4,34.4,124,68,296,94,182,2,4,0,1,0,0,3,7.9,1,0.2297,0
72,0,197.2,83.5,21.5,144,80,198,81,215,0,3,0,0,1,0,0,6.2,6,0.3746,1
79,0,185.8,79.1,22.9,109,89,161,97,191,1,6,1,0,0,1,2,7.7,9,0.2882,0
40,1,140.1,57.7,29.4,94,70,280,69,73,0,1,0,1,1,0,0,8.1,7,0.0727,0
26,0,170.3,90.4,31.1,128,89,227,92,214,1,2,1,1,0,1,1,7.8,10,0.5246,1
29,1,145.9,60.2,28.3,152,95,288,99,116,2,1,1,0,0,0,3,7.0,4,0.1321,0
18,1,154.5,102.4,42.9,121,84,238,80,187,1,2,0,0,0,0,0,8.4,1,0.0641,0
75,0,144.6,64.3,30.8,152,66,316,92,114,0,4,0,1,0,0,1,8.3,8,0.4756,1
18,0,174.6,93.2,30.6,163,79,205,82,158,1,4,0,0,0,0,3,6.2,2,0.0118,0
51,1,152.6,78.4,33.7,129,94,230,73,72,0,1,0,0,0,1,3,6.0,2,0.1033,0
65,0,176.6,77.8,24.9,106,69,138,67,209,0,4,0,1,0,0,2,6.5,7,0.0213,0
18,0,159.7,61.1,23.9,168,94,158,69,214,1,5,0,1,0,0,0,6.6,8,0.0387,0
33,0,176.8,83.4,26.7,162,60,254,109,187,2,6,0,0,0,0,3,8.4,2,0.0219,0
78,1,159.9,77.6,30.4,121,73,158,81,91,0,5,0,0,0,0,2,8.0,2,0.0129,0
81,0,191.0,76.9,21.1,112,92,217,107,108,1,7,0,1,0,1,2,7.2,4,0.0912,0
80,1,178.1,81.6,25.7,164,64,153,54,108,0,6,1,0,0,0,2,7.2,9,0.0642,0
39,1,171.9,94.5,32.0,149,99,291,51,176,0,6,1,0,0,1,2,5.7,9,0.3083,1
84,0,172.7,107.4,36.0,166,103,316,75,169,2,5,0,1,1,0,2,8.3,8,0.9027,2
43,0,195.9,100.7,26.3,171,97,187,74,85,0,7,1,1,0,0,3,7.2,7,0.0298,0
33,1,148.5,92.2,41.8,145,93,310,99,248,0,3,0,0,0,1,3,5.7,8,0.6421,1
68,0,162.0,61.5,23.5,98,78,318,71,187,0,0,0,1,0,0,3,5.0,7,0.3193,1
74,1,163.2,82.1,30.8,158,63,167,88,98,1,2,1,0,0,0,3,5.5,3,0.2273,0
46,0,198.5,109.3,27.7,151,86,122,71,140,0,4,0,0,0,0,3,7.1,4,0.0097,0
64,0,174.0,63.5,21.0,153,64,281,60,238,0,6,0,0,0,0,3,4.0,2,0.0668,0
79,0,174.2,69.8,23.0,111,91,232,60,225,0,6,0,0,0,0,3,5.6,8,0.1157,0
33,0,161.6,96.9,37.1,121,72,256,109,146,2,2,1,0,0,0,2,7.6,8,0.1988,0
65,0,185.5,68.1,19.8,136,99,180,94,218,1,6,0,1,0,1,2,6.5,7,0.1642,0
56,1,173.5,56.6,18.8,91,71,267,53,201,1,1,1,0,0,1,3,4.9,9,0.2765,0
50,0,183.9,104.9,31.0,174,96,287,82,195,1,3,0,0,0,0,1,6.2,7,0.5376,1
40,0,169.7,92.8,32.2,141,91,244,67,168,0,2,0,0,0,0,3,6.9,3,0.0515,0
27,0,168.9,80.9,28.4,177,97,131,80,185,0,4,0,1,0,1,3,8.1,8,0.0615,0
51,1,151.1,64.8,28.4,177,90,222,93,84,0,0,0,0,0,0,1,7.5,3,0.1307,0
69,0,176.8,71.8,23.0,103,83,147,107,159,0,5,0,0,0,0,3,7.5,1,0.0089,0
27,1,153.2,70.8,30.2,126,74,295,77,243,0,3,0,0,0,0,0,7.9,1,0.0492,0
36,0,164.2,95.8,35.5,116,96,194,91,204,1,6,0,0,0,0,3,5.0,4,0.0347,0
75,0,171.8,79.5,26.9,113,89,254,109,215,0,1,0,0,0,0,2,8.5,2,0.2404,0
18,0,171.1,108.1,36.9,153,102,201,71,158,0,4,0,0,0,0,3,8.5,10,0.0335,0
21,1,158.6,55.8,22.2,159,66,202,89,218,0,3,1,1,0,0,1,6.3,8,0.0507,0
33,0,180.7,80.0,24.5,115,95,261,52,185,0,6,1,1,0,1,3,4.0,1,0.0422,0
41,0,176.8,72.8,23.3,143,90,266,56,205,0,7,1,0,1,0,1,8.6,6,0.1154,0
19,0,173.1,60.3,20.1,104,84,173,106,89,1,4,1,0,0,1,3,4.0,4,0.0099,0
49,1,165.8,70.6,25.7,118,85,307,69,151,0,1,0,0,0,0,2,7.5,8,0.0778,0
41,0,166.1,79.3,28.7,163,95,186,92,186,0,1,0,1,1,1,3,6.5,3,0.315,1
29,0,177.1,86.4,27.6,117,97,281,56,136,1,0,1,0,0,1,0,6.3,5,0.3817,1
67,0,177.5,111.3,35.3,148,102,208,56,131,0,6,1,1,0,0,3,6.5,7,0.2149,0
52,0,161.0,77.5,29.9,162,85,288,78,87,1,6,0,0,1,0,3,7.2,1,0.0826,0
50,1,174.0,94.2,31.1,110,90,278,109,160,0,3,0,0,0,0,2,4.4,4,0.0781,0
50,1,155.2,68.6,28.5,99,61,286,75,179,1,0,0,0,0,1,2,6.8,2,0.1156,0
78,0,176.9,103.6,33.1,93,73,197,90,125,0,0,0,0,0,1,2,5.3,4,0.3024,1
68,0,187.6,119.8,34.0,151,104,299,52,154,1,6,0,0,0,0,3,6.4,2,0.1969,0
60,0,185.3,90.6,26.4,93,73,294,92,219,0,0,1,0,0,0,3,7.2,2,0.219,0
29,0,176.3,63.3,20.3,95,68,139,66,77,0,5,0,0,0,0,3,8.1,10,0.0006,0
84,0,172.4,68.0,22.9,179,107,215,89,208,1,6,0,1,0,0,3,6.1,7,0.4672,1
82,1,173.5,81.0,26.9,169,64,299,69,176,0,2,0,1,0,0,2,9.1,8,0.5126,1
50,1,170.7,82.2,28.2,161,86,214,83,81,0,1,1,0,0,0,3,5.9,7,0.1658,0
57,1,157.8,79.4,31.9,105,71,190,102,245,0,0,0,0,0,0,3,6.0,9,0.2034,0
60,1,156.1,74.9,30.8,127,94,309,101,172,0,2,0,0,0,1,3,8.2,8,0.4894,1
61,1,143.3,61.7,30.1,138,88,252,82,132,1,2,0,1,0,0,2,6.7,8,0.2145,0
46,1,165.5,63.2,23.1,150,75,304,65,96,1,2,0,0,0,0,2,7.2,6,0.0502,0
30,0,175.2,83.6,27.2,154,78,251,109,104,0,0,0,1,0,0,0,6.4,5,0.1269,0
29,1,175.4,105.5,34.3,172,108,258,72,199,0,2,1,1,0,1,0,6.6,1,0.5687,1
63,0,179.6,95.1,29.5,139,102,138,53,205,2,0,0,0,0,1,2,7.4,2,0.2533,0
19,0,189.3,92.7,25.9,106,86,221,105,89,0,3,0,1,0,0,1,8.5,10,0.0117,0
52,1,157.0,84.0,34.0,117,77,146,90,77,1,1,0,1,0,1,0,7.2,1,0.0975,0
25,0,187.4,78.1,22.3,133,100,148,89,137,0,4,0,1,0,1,3,7.5,9,0.0155,0
43,0,170.7,67.7,23.2,101,72,137,82,228,2,0,0,1,0,1,3,8.2,4,0.0528,0
51,1,171.8,64.7,21.9,159,89,284,57,229,0,1,0,0,0,1,2,6.4,3,0.228,0
24,0,161.4,68.8,26.4,160,85,308,54,210,0,0,0,1,0,0,3,5.8,10,0.2494,0
75,0,178.4,72.8,22.9,161,65,294,82,155,0,5,1,1,0,0,3,5.8,2,0.3051,1
46,1,144.2,80.2,38.6,92,62,208,106,95,1,3,0,1,1,1,2,5.9,7,0.1762,0
53,1,161.3,63.5,24.4,138,82,139,74,150,0,6,1,1,1,1,1,5.7,6,0.1615,0
38,1,168.4,62.2,21.9,110,71,189,56,226,1,1,0,0,0,0,1,8.3,10,0.0368,0
53,0,170.8,104.5,35.8,97,77,219,96,189,0,1,1,0,1,0,1,4.7,10,0.6534,2
27,0,165.5,66.0,24.1,153,100,296,56,87,0,2,0,1,0,0,3,7.7,7,0.0324,0
41,1,172.5,78.5,26.4,148,74,262,108,138,1,6,0,0,0,0,2,5.5,1,0.0212,0
81,1,163.0,78.3,29.5,119,60,137,82,209,0,0,1,0,0,0,3,9.1,1,0.1393,0
66,0,171.1,58.5,20.0,121,101,157,90,199,0,0,0,0,0,0,2,7.5,10,0.1307,0
53,0,176.4,96.7,31.1,164,106,239,82,239,0,4,0,0,0,1,2,5.9,4,0.4797,1
41,0,202.4,100.7,24.6,109,67,208,78,204,2,2,0,0,0,1,1,6.4,5,0.0836,0
40,1,175.5,101.1,32.8,105,85,203,93,116,0,6,0,0,0,1,2,6.9,2,0.0085,0
79,0,187.6,73.6,20.9,114,70,269,88,192,0,2,0,0,0,0,3,7.8,10,0.226,0
54,1,168.4,75.7,26.7,149,76,223,106,123,0,4,0,1,0,1,3,7.4,6,0.0962,0
29,0,177.7,79.4,25.2,134,86,307,90,84,0,2,0,0,0,0,0,7.0,2,0.0364,0
72,1,140.0,64.0,32.6,98,78,230,81,230,0,2,0,1,0,0,1,6.2,7,0.2769,0
30,1,157.2,46.8,18.9,140,86,313,86,245,1,3,1,0,0,1,3,6.7,10,0.335,1
40,1,159.2,71.3,28.1,150,73,145,93,135,0,5,1,1,0,0,2,8.6,2,0.011,0
47,0,157.3,47.2,19.1,129,82,183,78,150,1,1,0,1,0,0,3,9.6,1,0.0176,0
34,1,152.4,71.6,30.8,150,64,177,71,105,0,6,0,0,0,1,2,8.3,9,0.0126,0
79,1,144.2,30.2,14.5,156,89,250,51,86,2,4,0,0,0,1,3,5.9,4,0.1363,0
30,0,175.6,50.0,16.2,169,93,149,99,71,2,7,0,1,0,1,0,8.7,1,0.01,0
76,1,172.2,88.4,29.8,165,106,138,107,102,0,3,0,1,0,0,3,6.6,8,0.1766,0
36,1,175.1,69.3,22.6,104,78,129,58,162,0,5,0,1,0,0,0,7.0,9,0.0048,0
66,1,168.1,59.3,21.0,142,90,208,78,193,1,3,1,0,0,0,0,5.5,6,0.438,1
29,1,154.4,86.2,36.2,93,73,293,82,203,0,7,0,1,0,0,1,7.1,10,0.0303,0
78,0,156.7,73.3,29.8,112,92,266,59,240,0,3,0,0,0,1,3,6.1,10,0.6076,1
36,0,158.4,82.3,32.8,116,86,246,109,169,2,2,0,0,0,1,0,8.7,4,0.2942,0
26,0,163.3,69.2,25.9,126,85,305,77,157,0,5,0,0,0,1,3,10.0,2,0.0207,0
45,1,155.1,107.8,44.8,166,98,243,95,80,0,5,0,0,0,0,1,7.0,8,0.192,0
69,1,162.4,62.1,23.6,132,88,226,102,74,1,4,0,1,0,1,1,7.6,3,0.1464,0
33,1,153.9,93.1,39.3,126,106,204,95,99,0,2,0,1,0,1,3,6.6,6,0.0926,0
29,0,179.4,78.8,24.5,174,98,125,88,207,0,7,0,1,1,0,3,7.1,6,0.0184,0
42,0,173.7,52.0,17.2,118,98,170,61,160,0,2,0,1,0,0,3,6.3,1,0.0051,0
69,1,164.1,79.3,29.4,118,98,261,107,160,0,7,1,0,0,1,1,7.4,7,0.4002,1
70,0,187.4,88.4,25.2,138,88,177,71,221,2,3,0,1,0,0,3,7.5,7,0.1888,0
40,0,164.2,56.3,20.9,164,104,255,103,191,2,0,0,0,0,1,0,7.4,5,0.6057,1
33,1,168.2,60.3,21.3,140,105,121,55,187,0,4,1,1,0,0,2,7.9,2,0.0063,0
74,0,175.9,77.6,25.1,139,106,137,94,130,1,4,0,1,1,0,2,6.6,4,0.1438,0
56,0,172.7,81.6,27.4,117,90,304,89,171,0,3,1,0,0,1,0,10.0,7,0.6631,2
70,0,184.9,45.4,13.3,163,61,211,72,95,1,3,0,0,0,1,2,6.2,6,0.0837,0
59,0,184.8,98.2,28.8,94,65,282,102,178,0,6,0,0,0,1,2,6.2,9,0.1052,0
75,1,154.5,59.9,25.1,145,68,313,107,181,0,1,1,1,0,1,3,4.0,8,0.8852,2
56,0,174.2,57.1,18.8,153,74,175,83,108,0,3,0,1,0,1,3,7.9,5,0.0423,0
31,0,178.8,93.5,29.2,178,79,162,91,72,0,2,1,1,0,1,2,4.0,7,0.1667,0
22,0,173.3,76.3,25.4,106,86,192,87,107,0,6,1,0,0,0,3,6.6,3,0.0021,0
52,1,169.9,93.2,32.3,178,61,191,65,111,0,3,0,0,0,1,2,6.1,4,0.0722,0
35,0,178.8,86.0,26.9,144,62,236,59,117,2,7,0,1,0,0,2,5.3,7,0.0133,0
26,1,182.3,81.1,24.4,98,78,127,96,82,2,4,0,0,1,0,0,7.1,1,0.0027,0
75,0,160.7,68.1,26.4,178,67,124,70,158,1,0,0,1,0,1,2,9.1,9,0.5541,1
34,0,174.8,84.6,27.7,157,99,132,101,157,0,0,0,1,0,1,2,7.9,7,0.1276,0
24,0,166.9,67.3,24.1,162,80,126,59,125,0,2,0,1,0,1,3,6.1,9,0.0201,0
63,1,170.0,62.2,21.5,168,98,140,60,132,0,0,0,0,0,0,0,9.4,7,0.1428,0
30,1,147.8,73.1,33.4,105,85,156,70,149,0,3,1,0,0,0,3,6.1,5,0.0096,0
57,0,179.5,77.6,24.1,105,72,292,74,112,0,0,1,1,0,0,3,8.3,1,0.0865,0
59,1,157.7,69.4,27.9,102,82,299,109,144,0,3,0,0,0,0,1,4.9,7,0.1656,0
26,1,156.7,84.7,34.5,167,100,295,83,126,0,7,0,1,0,0,3,6.7,10,0.0496,0
67,0,161.5,69.1,26.5,175,107,181,103,218,1,5,0,0,0,1,1,5.6,9,0.7679,2
44,1,159.3,69.9,27.5,174,96,220,80,242,1,1,1,1,0,0,2,9.5,3,0.3724,1
83,0,186.8,74.4,21.3,162,91,238,76,233,0,4,0,1,1,0,3,6.2,5,0.4936,1
22,1,163.7,78.3,29.2,152,73,298,74,132,1,7,1,1,0,1,2,5.8,10,0.1429,0
46,1,170.3,80.4,27.7,130,60,251,109,195,0,5,1,0,0,1,0,7.6,3,0.1975,0
54,1,180.6,93.8,28.8,142,86,239,91,194,0,2,1,0,0,0,2,6.7,1,0.1315,0
55,1,166.6,64.6,23.3,157,83,205,81,70,0,1,0,0,0,0,3,9.6,8,0.0406,0
25,0,170.4,68.3,23.5,163,108,303,102,161,1,0,0,0,0,0,1,7.4,7,0.2892,0
82,1,168.7,86.2,30.3,98,78,194,93,188,0,2,1,0,0,1,0,7.1,10,0.7385,2
34,0,170.6,79.1,27.2,140,73,153,60,230,0,6,0,1,0,0,3,7.9,8,0.01,0
62,0,171.0,61.9,21.2,137,104,164,103,101,0,3,0,0,0,0,1,6.7,3,0.0353,0
21,1,148.8,84.0,37.9,169,67,263,96,195,0,7,0,0,0,0,2,7.3,5,0.0215,0
53,1,173.3,51.2,17.0,138,86,256,75,95,0,7,0,0,1,0,0,6.0,7,0.0445,0
48,1,160.1,81.8,31.9,107,62,135,109,130,1,7,1,0,0,0,0,6.3,9,0.0337,0
36,0,177.8,59.9,19.0,99,79,214,85,181,0,1,0,0,1,1,3,5.9,6,0.0691,0
78,1,153.6,95.1,40.3,174,106,278,86,214,1,4,1,0,0,1,2,7.5,3,0.9379,2
71,1,168.4,51.0,18.0,143,80,260,105,138,0,4,0,1,0,1,1,6.2,7,0.2599,0
56,0,168.4,91.5,32.3,168,91,247,109,98,0,7,0,1,0,1,2,7.9,7,0.2059,0
36,0,174.6,76.1,25.0,104,84,124,82,132,1,1,1,0,0,1,2,6.0,3,0.042,0
56,0,184.8,76.9,22.5,100,80,242,82,203,0,1,1,0,0,0,3,5.8,5,0.145,0
84,0,183.9,84.7,25.1,129,104,246,91,174,0,1,1,0,0,0,3,7.3,6,0.5954,1
62,1,163.8,81.4,30.3,136,103,294,85,184,0,0,1,0,0,1,3,7.2,1,0.6419,1
30,1,146.3,49.6,23.2,109,89,286,62,90,1,7,0,0,0,0,0,8.0,1,0.0039,0
75,1,193.9,74.7,19.9,111,91,137,63,242,1,5,0,1,0,0,0,5.6,4,0.0912,0
37,1,181.5,90.5,27.5,137,83,267,107,242,0,5,0,0,0,0,2,5.2,10,0.097,0
78,0,183.2,56.0,16.7,171,70,249,100,156,0,7,0,0,1,1,3,8.5,7,0.2979,0
56,1,156.5,59.5,24.3,105,85,159,86,104,1,5,0,0,0,0,1,5.4,7,0.018,0
18,0,174.9,123.0,40.2,94,74,277,92,121,0,4,0,0,0,0,3,8.0,8,0.0139,0
20,1,158.6,54.8,21.8,154,77,129,107,115,0,6,0,0,0,1,1,4.2,6,0.0066,0
79,0,188.6,101.5,28.5,172,70,183,89,126,1,4,0,0,0,0,0,7.7,7,0.4015,1
80,1,166.6,64.5,23.2,163,86,161,50,111,1,7,0,0,0,0,3,7.0,6,0.029,0
42,0,168.2,81.7,28.9,110,90,300,54,146,0,7,0,1,0,1,1,7.5,5,0.0536,0
73,0,171.3,85.5,29.1,150,97,212,79,167,1,0,0,1,0,0,2,7.9,10,0.6204,1
50,1,175.2,94.5,30.8,166,60,300,102,85,0,2,0,1,0,1,2,8.1,6,0.2523,0
55,0,192.0,83.0,22.5,144,88,159,67,202,1,7,0,0,0,0,1,7.6,10,0.0468,0
23,1,179.3,109.5,34.1,113,80,263,94,70,0,7,1,0,0,0,3,8.0,4,0.005,0
75,0,183.6,72.9,21.6,112,88,295,86,219,0,4,0,1,0,1,3,8.3,7,0.3902,1
61,1,161.5,74.3,28.5,176,68,244,105,117,0,2,1,0,0,0,3,8.5,8,0.3239,1
62,0,143.6,65.5,31.8,100,66,180,107,191,0,6,0,0,0,0,2,7.6,8,0.0293,0
49,0,179.0,62.7,19.6,136,97,285,88,95,0,2,0,1,0,1,3,5.9,4,0.1382,0
62,0,176.0,73.7,23.8,91,71,233,61,103,1,7,0,0,0,0,1,6.7,3,0.0079,0
78,0,177.4,81.1,25.8,159,86,163,83,183,0,2,1,0,0,0,2,6.9,7,0.379,1
64,0,176.5,71.8,23.0,142,101,262,94,127,1,4,0,0,0,1,2,6.2,7,0.2939,0
38,0,162.7,108.0,40.8,100,80,214,63,204,0,3,0,1,0,0,2,5.6,3,0.0467,0
53,0,181.6,68.2,20.7,104,64,180,87,94,1,2,1,1,0,0,3,8.1,1,0.0147,0
36,0,182.3,98.9,29.7,162,92,126,65,209,0,5,1,1,0,0,1,7.4,3,0.0475,0
37,1,170.8,88.3,30.2,101,74,243,91,228,0,6,0,0,0,0,2,6.2,3,0.0076,0
74,1,173.5,76.5,25.4,125,64,149,108,96,0,6,1,1,1,0,3,7.0,6,0.0553,0
35,0,182.0,68.0,20.5,112,79,283,60,155,0,3,1,1,0,0,1,7.4,2,0.029,0
64,1,159.9,58.4,22.9,116,96,232,82,231,0,0,0,1,0,0,1,5.6,4,0.2821,0
66,1,163.3,63.9,24.0,177,96,209,64,187,0,5,0,0,0,0,3,6.0,5,0.0746,0
31,0,176.9,51.7,16.5,103,76,258,97,150,2,7,1,1,1,0,3,6.6,6,0.0163,0
32,1,165.1,57.5,21.1,143,109,242,91,144,2,6,0,1,0,0,1,6.8,10,0.0382,0
48,0,186.0,60.8,17.6,116,63,317,59,162,1,3,0,1,0,1,2,5.1,9,0.1633,0
18,0,182.4,101.4,30.5,110,80,225,52,103,0,3,0,1,0,0,3,7.9,10,0.0066,0
71,0,196.8,97.7,25.2,138,93,276,60,184,1,1,0,1,0,1,1,7.0,5,0.714,2
20,1,186.1,94.8,27.4,151,99,211,60,234,0,2,0,1,0,0,3,6.7,2,0.0168,0
33,1,164.8,81.2,29.9,166,64,212,65,182,0,7,1,0,0,1,1,6.1,7,0.0794,0
74,0,137.6,61.3,32.4,161,63,253,87,181,0,4,1,0,0,1,2,5.8,10,0.8338,2
29,0,188.4,106.1,29.9,133,81,231,79,129,0,1,0,0,0,1,3,7.0,1,0.0332,0
33,1,158.6,60.1,23.9,133,73,170,90,95,0,7,0,0,1,0,2,7.2,8,0.0033,0
41,0,168.0,75.6,26.8,150,63,199,50,195,0,5,0,1,0,1,0,9.4,7,0.0987,0
45,0,172.0,87.2,29.5,131,67,229,109,242,0,7,0,0,0,1,2,9.5,8,0.0886,0
25,1,159.5,49.9,19.6,112,62,157,87,114,1,7,0,0,0,0,1,6.4,1,0.0005,0
53,1,170.1,121.5,42.0,162,105,141,99,101,2,3,0,0,0,0,1,5.8,6,0.2713,0
25,1,148.4,64.6,29.3,90,70,209,106,140,0,0,0,0,0,0,0,5.5,5,0.0248,0
75,1,153.2,68.7,29.3,125,85,301,94,92,0,4,0,1,0,0,0,7.1,2,0.1984,0
77,1,167.4,92.6,33.0,144,109,287,83,236,1,0,0,1,0,0,3,5.5,8,0.9059,2
67,0,182.2,94.8,28.6,105,85,254,109,242,0,3,0,1,0,0,3,5.3,10,0.4099,1
45,0,182.4,81.8,24.6,178,71,229,68,132,2,0,1,0,0,0,3,6.1,2,0.1567,0
58,0,168.1,76.0,26.9,107,74,287,109,139,2,1,1,0,0,0,1,6.3,2,0.2836,0
81,1,154.2,44.5,18.7,127,100,226,83,123,0,0,0,1,0,1,2,6.1,9,0.3899,1
44,1,158.9,61.1,24.2,156,61,243,108,96,0,1,1,0,0,0,0,5.1,6,0.219,0
80,0,178.4,87.0,27.3,109,60,143,85,162,2,2,0,1,0,0,0,6.9,3,0.1433,0
34,1,178.9,86.1,26.9,108,88,160,53,148,2,6,0,1,1,0,2,6.9,9,0.0085,0
50,0,155.5,86.1,35.6,102,82,170,59,105,0,4,0,0,0,0,3,8.6,2,0.0067,0
46,0,173.8,75.1,24.9,106,86,286,66,202,0,0,0,0,0,0,0,5.5,8,0.29,0
30,1,150.7,44.5,19.6,167,99,221,105,248,1,1,1,0,0,0,2,7.6,4,0.1516,0
63,0,159.5,85.6,33.7,119,94,233,65,101,0,3,1,1,0,0,0,9.1,10,0.4453,1
52,1,173.7,98.4,32.6,175,93,290,70,218,2,5,0,0,0,1,2,5.3,2,0.4622,1
23,0,181.4,94.2,28.6,132,63,188,77,86,1,6,0,0,1,0,2,5.7,5,0.0065,0
64,1,168.5,71.8,25.3,137,77,306,57,223,1,3,0,0,1,0,2,5.5,3,0.3434,1
42,1,173.2,92.3,30.8,132,71,272,78,91,0,1,1,0,0,0,2,7.5,9,0.1028,0
83,0,171.2,127.0,43.3,155,109,213,55,110,1,4,0,1,0,1,2,7.5,8,0.7994,2
27,1,159.7,71.6,28.1,142,80,239,79,128,0,2,0,0,0,1,2,8.1,6,0.0345,0
73,0,197.9,69.3,17.7,161,69,144,51,144,0,2,1,0,0,0,2,7.1,6,0.0726,0
47,0,173.5,68.0,22.6,167,80,271,104,191,0,4,0,0,0,0,2,9.2,9,0.1261,0
22,0,183.4,91.1,27.1,123,99,309,107,79,0,5,1,0,0,0,2,7.6,2,0.0148,0
50,1,164.1,48.0,17.8,166,84,223,96,156,1,0,0,0,0,1,3,8.5,7,0.2303,0
82,0,157.5,71.3,28.7,163,109,162,80,74,2,1,0,0,0,0,1,7.2,3,0.3376,1
35,0,155.6,73.5,30.4,161,76,178,74,124,0,2,1,1,1,1,3,6.5,3,0.1856,0
66,0,170.2,98.1,33.9,160,65,173,72,95,0,4,0,0,0,1,2,6.8,4,0.0984,0
28,0,186.6,102.9,29.6,102,73,198,92,73,0,2,0,0,0,1,3,8.6,5,0.0099,0
43,1,171.9,88.9,30.1,179,96,273,70,176,0,2,1,0,0,1,3,8.0,5,0.4814,1
80,0,185.1,50.1,14.6,145,99,173,65,96,1,7,0,0,0,0,3,7.9,10,0.0312,0
76,0,166.1,86.9,31.5,148,99,308,53,195,0,0,0,1,0,0,2,8.2,1,0.5655,1
44,0,192.2,96.7,26.2,121,77,194,92,72,2,2,0,1,0,0,1,7.3,10,0.0529,0
66,0,166.4,77.0,27.8,172,89,212,95,119,1,1,0,0,0,0,3,10.0,6,0.3108,1
50,1,166.1,47.1,17.1,168,68,291,57,194,0,4,0,0,0,0,1,6.7,2,0.0365,0
18,0,175.9,66.3,21.4,143,73,256,55,95,0,5,0,0,0,0,3,7.1,2,0.0014,0
38,1,162.3,53.6,20.4,91,71,161,102,215,0,5,0,0,0,0,3,6.5,9,0.0033,0
72,0,189.4,54.5,15.2,126,105,276,104,204,0,5,0,1,0,1,3,7.6,1,0.1573,0
23,0,168.9,74.4,26.1,172,76,198,76,186,0,0,0,1,0,0,2,4.9,2,0.0429,0
22,1,150.5,53.3,23.5,122,93,200,100,114,0,5,0,0,1,0,2,4.0,10,0.0109,0
20,0,176.2,117.5,37.8,90,70,177,106,210,2,0,0,1,0,0,1,6.2,9,0.0815,0
70,1,160.0,67.5,26.4,117,81,205,85,75,0,7,0,1,0,1,3,7.7,4,0.022,0
40,1,197.8,108.3,27.7,106,86,310,109,232,1,5,0,1,0,1,2,8.2,4,0.1313,0
70,0,182.8,57.8,17.3,146,71,296,85,122,0,4,0,0,0,0,2,5.5,10,0.1501,0
54,0,171.9,68.0,23.0,159,75,226,73,239,0,1,0,0,0,0,3,5.0,9,0.2666,0
34,1,153.4,68.2,29.0,141,81,258,55,73,0,6,0,0,0,0,3,6.1,5,0.0044,0
18,0,157.2,55.0,22.2,133,97,221,92,129,0,5,0,0,0,1,2,6.1,4,0.0074,0
68,0,165.7,66.5,24.2,173,109,173,82,242,0,2,1,0,0,0,2,7.3,9,0.5766,1
62,0,177.1,75.3,24.0,136,98,149,51,141,1,2,0,1,0,1,2,7.2,4,0.1023,0
21,0,190.3,81.6,22.5,102,61,313,90,144,0,5,1,0,0,1,2,8.8,4,0.0168,0
79,1,175.2,105.4,34.3,165,104,184,65,135,1,1,0,1,0,0,1,6.5,7,0.6289,1
82,0,178.3,84.8,26.7,119,67,177,87,91,1,6,1,1,0,1,3,5.4,10,0.3538,1
49,0,172.8,83.6,28.0,174,103,304,104,209,2,3,0,0,0,1,3,7.4,10,0.7733,2
51,1,166.7,81.4,29.3,155,60,156,108,120,1,4,0,0,0,0,3,5.8,1,0.0203,0
56,0,170.8,84.6,29.0,142,100,237,58,214,0,1,1,1,0,0,2,5.9,3,0.4113,1
43,0,193.2,85.3,22.9,107,87,301,100,233,2,2,0,1,0,0,3,9.0,10,0.1992,0
51,1,162.1,66.2,25.2,117,97,192,54,162,2,4,0,1,0,0,1,8.1,4,0.0268,0
71,0,175.1,80.1,26.1,93,64,188,102,118,1,5,0,1,0,1,3,6.5,8,0.0774,0
20,1,141.8,78.3,38.9,131,104,271,59,85,0,4,0,1,0,0,3,9.2,9,0.0233,0
67,1,162.0,87.9,33.5,95,75,182,79,113,0,2,1,1,0,0,3,8.0,1,0.043,0
29,0,184.4,78.6,23.1,98,78,213,56,176,1,1,0,0,0,0,2,7.5,3,0.007,0
82,1,153.3,78.2,33.3,109,76,298,78,219,2,3,0,1,0,0,2,6.2,3,0.3805,1
71,0,168.5,71.3,25.1,127,100,134,51,163,1,4,0,1,0,0,3,4.5,8,0.0931,0
22,0,183.9,82.5,24.4,157,89,294,69,77,1,5,0,0,0,0,3,6.0,5,0.0168,0
74,1,149.2,57.5,25.8,139,74,293,108,179,0,4,0,0,0,0,2,6.4,5,0.1691,0
34,1,174.6,74.6,24.5,149,79,149,53,87,0,4,0,0,0,0,3,5.6,8,0.0045,0
64,0,170.7,95.5,32.8,102,82,232,77,149,1,5,0,1,0,0,3,7.1,6,0.0727,0
40,1,160.1,71.4,27.9,131,61,198,57,187,0,5,0,0,1,1,1,4.6,6,0.0752,0
31,1,152.8,68.4,29.3,157,104,267,107,141,1,5,0,1,0,1,2,8.6,7,0.1497,0
83,1,167.8,52.2,18.5,114,63,176,84,163,1,6,0,1,1,0,3,6.5,10,0.0739,0
68,0,200.6,85.7,21.3,120,100,296,51,107,0,1,1,1,0,0,2,7.9,1,0.143,0
55,0,183.8,78.3,23.2,101,81,175,90,226,0,4,0,0,0,0,3,7.9,9,0.0263,0
81,0,167.4,61.2,21.9,153,107,175,77,150,1,5,0,1,0,0,3,5.5,5,0.1891,0
55,1,175.4,78.0,25.4,168,101,272,60,176,0,2,0,0,0,0,1,4.9,8,0.3664,1
67,0,172.8,70.0,23.4,150,61,128,85,199,0,2,1,0,0,0,3,6.2,10,0.164,0
47,1,177.7,80.1,25.3,142,105,141,58,111,1,5,0,0,0,0,2,7.5,6,0.0086,0
68,0,184.1,83.9,24.8,115,61,196,87,187,1,0,0,0,0,0,2,7.2,6,0.1247,0
80,0,146.6,48.9,22.8,150,109,284,50,90,2,6,1,0,1,0,3,8.4,4,0.3561,1
69,0,166.0,67.0,24.3,99,60,243,76,199,0,4,0,0,1,0,2,7.5,3,0.0536,0
55,1,173.4,77.9,25.9,101,72,147,52,74,0,7,0,1,0,0,2,7.6,2,0.0008,0
47,0,177.5,96.5,30.6,111,65,261,88,86,1,6,0,0,0,0,2,6.0,10,0.0237,0
68,1,153.8,70.7,29.9,142,81,277,58,93,0,3,0,1,0,0,2,6.7,4,0.0818,0
22,0,169.7,64.9,22.5,110,76,286,89,205,0,6,0,0,0,0,2,6.7,1,0.0032,0
46,0,156.9,74.5,30.2,124,104,304,77,227,0,0,0,0,1,0,1,7.7,6,0.578,1
21,0,175.1,103.2,33.6,160,81,252,70,247,0,7,0,0,0,0,3,7.9,7,0.028,0
27,0,198.1,102.8,26.2,171,102,131,77,219,0,4,0,0,0,0,2,6.7,5,0.0153,0
73,0,184.0,90.2,26.6,116,65,282,94,128,0,6,1,0,0,0,0,6.8,10,0.3252,1
34,0,197.9,99.8,25.5,149,62,288,73,221,0,4,0,0,0,1,3,7.4,10,0.1344,0
34,0,184.8,104.0,30.4,136,105,182,67,95,2,7,0,0,1,0,0,9.3,10,0.0542,0
51,0,186.3,99.3,28.6,155,65,289,100,130,0,5,1,0,0,0,2,4.9,1,0.1114,0
23,1,183.7,90.4,26.8,104,76,244,105,205,0,1,0,0,0,0,3,5.9,3,0.0157,0
70,1,167.8,89.9,31.9,113,93,312,58,81,0,6,1,0,0,0,1,5.9,6,0.2122,0
83,0,174.1,60.8,20.1,173,108,312,75,83,0,1,0,1,1,0,1,5.4,7,0.8544,2
60,1,174.3,54.6,18.0,99,79,225,73,99,2,2,1,0,0,0,1,6.0,9,0.0669,0
40,1,178.5,81.6,25.6,177,96,290,101,168,1,0,1,0,0,0,3,7.5,2,0.3618,1
72,0,171.2,76.6,26.1,113,93,307,55,131,1,0,0,0,0,0,3,8.1,3,0.2287,0
33,1,156.8,60.2,24.5,177,94,267,108,100,2,7,0,1,0,0,2,7.3,4,0.0208,0
25,1,165.4,85.1,31.1,146,82,217,102,96,2,7,0,0,0,1,2,7.3,5,0.0135,0
21,0,184.3,54.2,16.0,123,67,238,61,70,0,5,0,0,0,1,3,5.9,7,0.0031,0
21,0,184.0,74.0,21.9,130,66,310,85,110,0,0,1,1,1,0,2,4.0,6,0.1244,0
73,1,149.8,57.6,25.7,129,109,238,58,211,0,7,0,0,0,1,1,7.4,5,0.1866,0
42,1,183.1,57.0,17.0,100,69,271,59,143,0,5,1,0,0,1,0,8.6,6,0.0362,0
84,0,169.6,97.2,33.8,179,85,319,52,247,1,2,1,0,0,0,3,8.2,1,0.9068,2
84,0,173.3,56.3,18.7,90,69,282,98,111,0,3,0,1,0,0,3,6.9,8,0.0864,0
44,0,167.0,64.7,23.2,119,78,160,78,109,1,3,0,0,0,1,1,7.1,7,0.0376,0
49,1,191.0,99.1,27.2,132,82,241,56,83,0,5,0,0,0,1,0,8.7,3,0.0372,0
67,1,166.4,82.9,29.9,171,90,135,75,169,0,3,0,0,1,0,1,6.2,2,0.1634,0
78,1,155.5,51.1,21.1,115,92,241,57,160,0,5,1,1,0,1,2,6.5,9,0.2634,0
68,0,184.6,92.6,27.1,142,61,199,92,208,1,7,0,0,0,0,1,4.8,5,0.1258,0
36,1,171.7,80.2,27.2,136,87,225,62,175,1,0,0,0,0,0,0,7.6,9,0.1626,0
38,1,162.1,106.1,40.4,98,78,125,84,118,2,4,1,0,0,0,2,6.4,9,0.0237,0
22,0,184.4,88.3,26.0,98,78,139,68,234,1,0,0,0,0,0,1,6.6,3,0.0112,0
59,0,167.7,71.8,25.5,90,68,303,95,175,0,7,0,1,0,0,0,7.8,3,0.0435,0
78,1,159.1,56.7,22.4,160,88,255,71,207,0,5,1,0,0,0,3,6.1,9,0.3701,1
39,1,143.9,50.8,24.5,133,74,216,65,76,1,4,0,0,0,0,2,7.6,3,0.0044,0
38,0,162.8,59.0,22.3,148,77,125,64,150,1,6,1,0,0,0,3,7.7,7,0.0103,0
18,1,182.1,101.6,30.6,145,77,127,51,209,0,7,1,1,1,0,2,6.6,3,0.0059,0
22,0,192.4,86.5,23.4,140,66,309,87,170,0,1,0,0,0,0,1,8.0,1,0.0282,0
29,1,164.7,80.8,29.8,105,73,133,70,124,0,7,0,1,0,0,2,6.9,3,0.0006,0
63,1,180.6,103.0,31.6,127,88,250,79,233,0,5,0,0,1,0,3,7.9,5,0.1751,0
51,0,174.4,41.8,13.8,100,80,249,56,76,2,5,0,0,1,0,1,6.3,10,0.0192,0
66,1,161.6,90.0,34.5,114,78,141,80,221,1,7,0,0,0,0,1,7.7,8,0.0633,0
62,1,164.6,73.1,27.0,172,64,204,90,103,0,2,0,0,0,0,1,6.6,7,0.1165,0
44,0,174.8,83.9,27.5,171,100,317,90,195,0,6,1,0,0,0,3,7.4,10,0.3677,1
43,1,161.8,58.5,22.3,148,109,318,98,98,1,3,0,0,0,0,3,7.4,1,0.0455,0
64,0,187.4,72.4,20.6,118,98,253,104,95,1,0,1,1,0,1,3,6.5,2,0.3914,1
73,0,177.5,86.1,27.3,169,64,297,84,143,0,0,0,0,0,0,1,6.5,9,0.6726,2
80,0,183.1,117.3,35.0,129,74,163,53,114,1,1,0,1,0,1,3,6.7,10,0.5053,1
65,0,186.3,98.2,28.3,97,77,127,83,86,1,4,1,0,0,0,2,7.1,8,0.0313,0
78,1,167.9,92.9,33.0,95,75,143,50,233,0,3,1,0,0,0,3,7.7,2,0.0664,0
43,0,166.3,70.3,25.4,134,78,146,59,132,2,7,0,0,0,0,3,7.3,3,0.0029,0
53,1,150.5,56.2,24.8,142,79,300,79,220,0,2,0,0,0,1,2,4.0,8,0.4211,1
18,1,165.5,61.0,22.3,110,90,170,81,162,0,4,0,0,1,0,3,8.0,4,0.0023,0
25,0,174.3,69.8,23.0,146,68,275,52,135,0,4,0,0,1,0,3,7.5,2,0.0093,0
69,1,164.9,41.6,15.3,165,87,306,59,161,0,5,1,1,0,0,2,8.4,4,0.1369,0
64,0,175.8,67.0,21.7,95,75,188,58,186,0,7,0,0,0,1,3,8.0,6,0.0146,0
73,0,201.8,82.5,20.3,152,70,144,66,111,1,7,0,0,1,0,2,6.5,8,0.0345,0
31,0,162.7,68.7,26.0,95,75,163,96,140,0,3,0,1,0,0,3,5.6,3,0.0044,0
45,0,156.1,70.0,28.7,142,84,294,52,144,2,2,0,0,1,0,2,9.2,5,0.1781,0
19,0,179.3,85.1,26.5,93,73,238,76,140,1,6,1,1,0,0,2,8.5,3,0.0043,0
43,1,160.2,69.9,27.2,98,78,228,102,112,0,6,0,0,0,0,2,7.9,8,0.0056,0
31,0,179.2,70.9,22.1,158,64,239,84,124,0,3,1,0,0,1,3,6.0,8,0.0815,0
76,0,181.8,51.5,15.6,163,70,132,53,125,0,3,1,1,0,0,3,5.4,6,0.0821,0
73,1,176.8,69.8,22.3,161,102,300,53,148,0,0,0,0,0,0,1,6.5,10,0.5767,1
24,1,148.9,49.9,22.5,176,68,172,98,228,0,7,1,1,0,1,2,8.0,1,0.0188,0
20,1,158.4,76.2,30.4,93,70,156,81,152,0,7,0,1,1,0,3,4.1,3,0.0016,0
40,0,180.3,93.8,28.9,147,96,310,87,190,0,2,0,1,0,1,1,6.1,7,0.532,1
35,1,171.7,89.9,30.5,126,100,313,60,245,0,4,0,1,0,0,3,10.0,8,0.0971,0
55,1,185.9,94.3,27.3,160,60,234,93,249,0,3,1,0,1,0,3,6.6,3,0.2921,0
32,1,173.6,74.8,24.8,95,75,159,104,141,2,1,0,1,0,0,3,7.0,6,0.0078,0
81,1,163.4,63.9,23.9,140,69,197,109,70,0,2,0,0,0,1,3,7.0,2,0.097,0
45,0,167.1,62.3,22.3,168,99,308,88,199,0,1,0,1,0,1,3,9.1,1,0.3574,1
56,0,170.4,52.6,18.1,139,78,214,94,162,0,4,0,0,0,0,0,6.6,9,0.0805,0
74,0,170.1,89.9,31.1,103,75,253,55,111,0,2,1,0,0,1,2,4.8,9,0.5075,1
34,0,182.6,78.7,23.6,100,80,144,104,143,1,0,1,1,0,0,1,8.2,5,0.044,0
61,1,166.6,54.6,19.7,99,79,222,84,78,0,7,0,1,0,0,3,5.7,1,0.0029,0
42,0,162.8,59.0,22.3,150,109,165,102,183,0,2,0,1,0,1,3,5.2,2,0.1091,0
34,1,159.6,56.8,22.3,170,100,278,95,100,0,4,0,0,0,0,1,8.8,1,0.0228,0
30,1,172.8,77.0,25.8,102,63,221,81,165,0,0,0,0,0,0,2,7.9,6,0.0092,0
42,0,179.5,95.8,29.7,123,73,310,95,71,0,4,1,1,0,1,0,6.6,2,0.2142,0
27,0,181.7,75.6,22.9,149,89,210,72,93,0,5,0,0,0,0,3,8.4,1,0.0023,0
84,1,167.8,40.1,14.2,140,66,213,91,240,0,2,1,1,0,0,2,8.2,10,0.3775,1
35,1,180.3,77.3,23.8,94,71,187,86,112,0,4,0,1,0,1,1,6.2,6,0.0086,0
51,0,178.4,76.8,24.2,163,83,158,75,120,2,2,0,1,0,0,2,7.2,2,0.0332,0
25,0,172.1,72.7,24.5,121,98,199,83,243,0,7,0,1,1,0,0,6.9,9,0.0477,0
57,1,154.8,58.0,24.2,101,81,283,87,144,0,7,0,1,0,1,1,6.2,10,0.0857,0
59,1,166.5,76.5,27.6,141,81,254,104,168,1,0,0,0,1,0,1,7.1,3,0.4469,1
58,0,151.6,66.8,29.1,102,82,204,60,70,1,2,0,1,0,0,3,7.9,10,0.0477,0
23,1,162.2,70.7,26.9,174,89,185,99,193,1,4,0,0,0,0,2,5.9,8,0.0461,0
69,0,173.9,83.2,27.5,143,98,174,107,186,1,4,0,0,0,1,2,8.0,9,0.4175,1
43,0,162.4,64.7,24.6,143,79,191,105,156,0,5,0,0,0,1,2,4.8,10,0.0853,0
81,0,166.7,66.1,23.8,130,85,161,70,198,0,6,0,1,0,0,3,7.3,5,0.0488,0
76,0,184.1,102.8,30.3,137,108,274,92,187,1,5,0,1,0,0,1,6.1,6,0.5797,1
73,0,178.3,87.5,27.5,140,64,249,73,132,2,4,1,0,0,1,1,8.9,10,0.6679,2
76,0,177.0,90.9,29.0,136,99,189,64,145,0,1,0,1,0,1,0,5.1,5,0.6848,2
50,0,179.1,97.9,30.5,139,101,251,52,237,0,1,0,1,0,0,1,6.7,6,0.3417,1
70,0,176.9,86.4,27.6,165,65,140,51,164,1,1,0,1,0,0,2,6.0,2,0.1001,0
39,0,188.4,98.1,27.6,135,93,120,56,226,0,3,0,0,0,0,1,6.3,9,0.0344,0
38,1,165.2,48.9,17.9,127,64,285,54,104,2,7,0,1,0,1,2,5.6,7,0.0141,0
21,0,161.4,73.8,28.3,102,69,179,102,161,0,5,0,1,0,1,0,7.2,6,0.0174,0
79,0,192.3,83.4,22.6,165,87,195,94,154,1,2,1,1,0,0,3,7.3,4,0.4679,1
79,1,167.7,99.0,35.2,111,62,210,89,208,0,7,0,0,1,0,3,4.9,10,0.237,0
41,1,158.1,83.0,33.2,91,71,261,78,208,0,1,0,0,0,0,0,7.7,9,0.1283,0
72,0,163.5,62.3,23.3,166,107,207,90,125,0,4,0,0,1,1,1,5.1,7,0.6703,2
26,1,168.0,79.6,28.2,102,82,201,81,76,0,7,0,0,0,0,2,7.0,4,0.0007,0
20,1,162.8,73.9,27.9,146,61,136,79,120,0,4,0,0,0,1,1,9.1,3,0.0047,0
48,1,179.7,86.7,26.8,123,94,192,57,108,1,1,1,0,0,0,0,6.0,10,0.2555,0
57,0,172.5,61.0,20.5,108,88,294,81,111,0,5,0,1,0,1,1,6.6,8,0.1117,0
53,1,155.6,73.2,30.2,98,78,175,91,141,0,1,1,0,0,0,3,6.1,6,0.0459,0
41,0,185.0,79.1,23.1,122,87,246,51,122,0,4,0,0,0,0,3,6.2,2,0.0057,0
23,1,173.3,80.9,26.9,116,96,172,59,160,1,7,0,0,0,1,3,7.4,7,0.0052,0
83,1,165.7,62.0,22.6,134,82,247,92,218,0,1,1,0,0,0,2,8.9,8,0.5548,1
21,0,182.8,72.6,21.7,91,71,265,104,99,2,6,1,1,0,0,3,7.0,5,0.0048,0
23,1,163.6,89.4,33.4,168,82,316,92,192,1,5,0,0,0,0,3,8.4,3,0.06,0
68,0,178.3,63.4,19.9,172,94,167,86,198,1,3,0,1,0,0,3,6.1,8,0.2277,0
79,1,175.6,63.2,20.5,146,100,256,95,93,0,3,0,0,0,1,0,8.3,2,0.3234,1
74,0,182.3,80.4,24.2,146,98,173,104,194,1,6,0,1,0,0,3,9.0,10,0.2071,0
83,0,174.3,65.6,21.6,105,85,282,52,203,0,5,0,0,0,1,2,8.5,6,0.1971,0
25,0,189.5,71.5,19.9,168,61,293,101,75,0,7,0,0,0,0,2,7.9,7,0.0053,0
43,1,140.4,61.8,31.3,95,75,120,72,196,0,3,0,1,1,0,2,7.8,10,0.0226,0
68,0,196.5,65.7,17.0,103,83,160,83,186,0,7,0,0,0,1,3,6.1,9,0.0224,0
62,0,158.9,54.4,21.5,116,96,192,67,104,0,0,0,0,0,1,3,5.2,5,0.1104,0
61,0,169.7,105.7,36.7,127,75,279,82,197,0,7,0,1,0,0,3,7.8,1,0.0702,0
22,1,163.6,78.7,29.4,108,75,196,82,148,0,3,0,0,0,0,3,6.1,10,0.0058,0
43,1,162.5,60.1,22.7,126,62,159,109,104,0,4,0,1,0,0,2,6.2,2,0.0027,0
36,0,186.1,89.3,25.8,93,73,258,66,117,1,5,0,0,0,0,3,5.2,8,0.0111,0
37,0,165.4,81.2,29.7,147,88,309,55,183,2,6,0,0,0,1,2,6.3,1,0.0772,0
29,0,178.6,94.2,29.5,179,79,293,62,174,1,0,1,0,0,0,2,8.3,2,0.2631,0
64,0,170.2,73.2,25.3,98,78,167,70,141,0,4,0,0,1,0,3,8.1,5,0.021,0
18,0,179.0,94.1,29.4,129,92,162,80,112,0,4,0,0,0,0,3,5.4,10,0.0077,0
31,1,163.4,41.1,15.4,104,81,298,107,104,0,7,1,0,0,0,3,5.8,3,0.004,0
81,0,176.9,62.6,20.0,93,67,308,105,202,0,5,1,1,0,0,3,4.8,4,0.25,0
55,0,170.5,77.7,26.7,179,106,161,70,100,2,5,0,1,0,0,2,7.4,10,0.0935,0
54,0,170.9,80.4,27.5,141,83,273,82,175,0,1,0,1,0,0,2,7.2,5,0.179,0
28,1,166.9,59.8,21.5,107,87,223,77,228,1,6,0,0,1,1,3,7.3,3,0.0172,0
20,1,173.4,80.6,26.8,142,79,130,105,170,1,5,0,0,0,0,2,6.5,5,0.0035,0
50,1,158.0,59.7,23.9,148,71,144,55,77,1,2,0,0,0,0,0,7.8,3,0.0165,0
23,0,167.3,69.5,24.8,143,79,159,57,75,2,3,0,0,1,1,2,6.7,1,0.0092,0
67,0,182.1,96.4,29.1,130,79,144,62,156,0,5,0,1,0,0,2,8.1,7,0.0313,0
27,0,175.7,91.5,29.6,149,63,203,83,149,0,2,1,1,0,1,1,5.7,4,0.1807,0
22,0,184.3,67.2,19.8,177,89,225,107,113,2,7,0,0,0,0,2,8.0,8,0.01,0
40,0,166.9,57.6,20.7,93,73,238,89,246,0,7,1,0,0,0,3,7.5,4,0.0098,0
27,1,146.2,56.9,26.6,174,81,227,71,205,0,2,1,1,0,0,3,7.8,7,0.1039,0
61,1,158.7,68.9,27.4,128,74,193,50,133,0,7,0,0,0,1,2,6.6,3,0.0124,0
19,1,156.3,58.3,23.9,96,76,299,62,201,1,7,0,1,0,0,3,9.1,2,0.0023,0
30,0,175.2,93.2,30.4,112,92,232,50,101,0,1,0,1,0,0,1,6.1,3,0.0179,0
57,1,157.6,74.0,29.8,174,87,250,59,122,2,2,0,0,0,1,3,9.7,7,0.3622,1
19,0,183.4,87.8,26.1,152,70,158,109,182,0,3,0,0,0,1,2,7.5,3,0.0144,0
82,0,173.1,57.6,19.2,154,73,210,54,132,1,0,0,1,0,1,3,8.4,10,0.5542,1
80,1,165.5,90.3,33.0,130,70,282,104,183,1,4,1,1,0,0,3,8.7,8,0.6638,2
34,0,177.6,36.5,11.6,178,68,287,69,146,0,3,0,0,0,0,1,7.9,8,0.034,0
26,0,177.9,91.5,28.9,133,83,141,62,230,0,1,0,0,1,0,3,9.3,1,0.0174,0
32,0,175.8,91.9,29.7,134,69,309,107,91,2,0,1,1,0,0,2,8.1,7,0.2374,0
41,1,169.1,68.1,23.8,158,97,138,86,196,1,1,0,0,0,0,3,7.9,8,0.0572,0
55,1,156.0,87.1,35.8,140,102,133,59,100,1,7,0,0,0,1,0,7.6,9,0.1093,0
52,0,190.0,84.1,23.3,154,100,228,52,93,0,6,0,0,0,0,3,7.5,8,0.019,0
66,1,161.6,71.8,27.5,143,96,297,83,72,0,3,0,0,0,1,1,8.3,10,0.4337,1
79,0,162.9,76.5,28.8,145,101,309,83,102,0,7,0,0,0,0,3,6.0,6,0.2295,0
77,0,177.9,126.7,40.1,171,91,162,79,223,0,4,0,0,0,0,3,6.8,8,0.5008,1
67,1,155.5,87.9,36.4,161,79,174,86,120,1,2,0,0,0,0,0,7.6,3,0.2878,0
26,1,170.7,85.8,29.5,179,73,287,53,99,0,5,1,0,0,0,3,6.1,2,0.0184,0
51,1,186.1,69.4,20.0,129,97,131,83,232,1,5,0,1,0,0,1,8.2,1,0.0157,0
52,0,168.1,76.2,27.0,147,63,312,81,94,0,2,1,0,1,0,3,6.7,8,0.3305,1
18,1,167.3,61.5,22.0,104,83,281,70,97,0,1,0,0,0,1,1,5.5,7,0.0258,0
57,1,146.4,75.6,35.2,108,88,227,107,166,2,0,1,0,0,1,1,6.3,6,0.6998,2
81,1,168.5,76.4,26.9,99,69,202,90,156,2,7,0,0,0,0,1,8.2,3,0.0324,0
39,0,167.1,56.7,20.3,177,102,142,73,95,2,5,1,1,0,0,3,5.7,6,0.0405,0
77,1,157.8,70.1,28.2,105,75,318,58,189,1,4,0,0,0,0,1,5.8,5,0.3122,1
81,1,153.0,53.8,23.0,132,98,254,90,205,1,1,0,0,0,0,2,7.6,5,0.3863,1
28,0,183.3,83.9,25.0,120,91,312,73,170,2,4,0,1,0,0,2,5.4,4,0.0416,0
31,0,186.1,70.2,20.3,105,77,265,74,166,1,5,0,1,1,1,2,7.7,5,0.0357,0
77,0,176.2,78.5,25.3,169,84,255,85,84,2,1,0,0,0,1,2,4.5,5,0.6558,2
47,1,155.4,78.9,32.7,117,66,208,57,118,0,6,1,1,0,0,1,7.6,5,0.0219,0
52,1,179.9,79.2,24.5,151,106,161,99,180,2,6,0,1,0,0,3,6.9,10,0.0582,0
54,1,156.5,62.4,25.5,109,77,212,90,77,0,0,0,1,0,0,1,9.0,10,0.0641,0
22,1,142.4,64.2,31.7,124,104,212,78,154,0,6,1,0,0,0,3,4.7,8,0.0214,0
43,0,180.6,90.7,27.8,148,77,120,74,197,0,3,1,1,0,1,2,6.2,2,0.0696,0
79,0,165.0,55.9,20.5,98,62,198,108,200,2,2,0,0,0,0,3,7.6,2,0.0625,0
21,0,185.9,86.9,25.1,99,60,262,84,206,0,4,0,1,0,0,1,6.9,6,0.0108,0
59,0,172.2,95.9,32.3,134,92,275,87,83,2,6,0,0,0,1,1,6.4,3,0.1901,0
35,0,182.0,89.6,27.0,171,66,283,77,160,0,4,0,0,0,1,2,4.9,10,0.2165,0
57,0,190.0,85.9,23.8,104,69,225,104,217,0,7,0,0,0,0,1,7.5,10,0.0412,0
56,0,163.9,81.6,30.4,119,99,165,68,73,0,0,0,0,0,0,2,9.7,10,0.0583,0
31,0,170.3,82.0,28.2,137,67,140,81,221,0,4,0,0,0,1,2,6.1,10,0.0337,0
49,0,175.2,88.9,29.0,129,91,296,86,145,1,3,0,0,0,0,1,7.1,4,0.1586,0
68,0,191.4,55.3,15.1,172,82,286,98,97,1,3,0,1,0,0,1,7.4,3,0.2001,0
55,0,169.4,51.4,17.9,163,76,157,108,168,0,0,0,1,0,1,3,6.5,4,0.1379,0
40,1,158.1,84.1,33.7,133,73,128,100,228,0,1,0,0,0,0,2,6.9,2,0.023,0
80,1,168.8,51.8,18.2,135,76,139,77,136,0,1,0,1,0,0,3,5.8,9,0.0897,0
32,1,158.2,75.1,30.0,95,75,203,105,186,2,4,0,1,0,0,0,5.3,3,0.0312,0
42,0,177.5,73.5,23.3,113,80,127,84,86,0,6,1,0,1,1,0,8.8,7,0.042,0
34,1,148.5,49.3,22.4,162,65,133,57,203,0,4,1,1,0,1,2,6.9,9,0.0438,0
83,1,186.1,88.3,25.5,96,76,181,90,176,0,0,1,1,0,1,3,7.7,9,0.5143,1
70,1,150.5,68.3,30.1,95,75,282,103,150,1,6,0,0,1,0,3,7.5,6,0.1209,0
68,0,172.8,108.0,36.2,122,79,174,72,80,0,3,0,0,0,0,3,5.9,1,0.0392,0
56,1,163.7,62.5,23.3,174,85,164,103,235,0,0,1,0,0,0,1,5.4,10,0.6412,1
68,1,183.1,103.2,30.8,127,91,268,89,170,1,1,1,1,0,1,3,6.3,2,0.6673,2
23,1,150.8,70.7,31.1,133,67,172,95,231,2,3,1,0,0,0,2,7.3,9,0.0502,0
84,1,183.8,72.0,21.3,106,86,301,72,244,1,7,0,1,0,0,1,6.0,5,0.2069,0
24,0,183.6,93.8,27.8,120,100,205,81,229,0,4,0,0,0,0,2,6.4,10,0.0225,0
68,1,168.2,82.6,29.2,126,103,290,59,176,0,1,1,1,0,0,0,4.6,2,0.6679,2
59,0,166.2,73.6,26.7,100,80,125,66,189,2,6,0,1,0,0,2,7.0,6,0.0114,0
81,1,169.7,78.9,27.4,94,74,302,84,243,0,6,0,1,0,0,3,7.1,7,0.1524,0
32,0,168.8,65.4,23.0,153,77,163,84,232,0,2,0,1,0,0,2,7.0,10,0.0426,0
46,0,188.7,71.9,20.2,165,99,210,52,219,0,1,0,0,0,1,2,5.8,10,0.3394,1
50,0,166.3,84.5,30.6,92,72,315,85,213,2,3,0,1,0,0,2,5.8,10,0.2748,0
44,1,162.9,68.1,25.7,145,70,123,78,175,1,3,0,1,1,0,2,5.7,6,0.0471,0
53,0,170.4,74.0,25.5,152,104,240,98,187,1,0,0,1,0,0,2,6.5,1,0.2487,0
46,1,154.1,71.3,30.0,127,71,182,95,145,0,3,0,1,0,1,2,6.1,1,0.027,0
55,1,171.4,79.7,27.1,143,74,211,76,74,0,7,0,0,0,0,0,8.7,2,0.0105,0
74,0,181.4,59.2,18.0,91,71,305,80,95,0,2,0,1,0,1,2,9.2,9,0.1579,0
44,0,188.1,103.3,29.2,179,62,301,83,146,0,2,1,0,0,0,3,8.1,1,0.1802,0
72,0,158.2,70.9,28.3,91,62,200,61,221,2,6,0,0,0,1,3,7.1,9,0.1076,0
50,1,174.6,74.3,24.4,101,81,157,86,136,0,3,0,0,0,1,1,6.6,6,0.0237,0
83,1,189.1,91.0,25.5,129,94,307,108,101,0,4,0,0,0,0,3,6.0,2,0.1801,0
27,0,171.5,79.3,27.0,91,68,171,103,220,2,3,0,1,0,0,2,7.1,10,0.0164,0
22,0,195.0,99.0,26.0,169,102,276,74,246,0,4,0,1,0,1,1,6.8,3,0.1872,0
55,1,161.4,78.8,30.2,146,99,287,51,188,1,3,0,1,0,0,3,5.8,9,0.3772,1
30,1,150.3,75.9,33.6,136,63,318,79,171,1,1,0,1,0,1,1,6.1,10,0.4631,1
48,1,160.9,90.7,35.0,125,79,127,93,178,2,3,0,1,0,1,3,4.7,2,0.084,0
64,1,174.5,90.5,29.7,93,73,224,58,148,1,1,0,1,0,0,2,5.8,5,0.0829,0
69,0,167.6,71.4,25.4,164,88,282,72,135,1,4,0,1,0,1,3,7.5,8,0.5432,1
73,0,170.0,58.2,20.1,113,64,234,58,208,0,7,1,0,0,0,1,8.2,10,0.1019,0
32,0,181.9,106.0,32.0,171,98,242,69,149,0,3,0,0,0,0,3,7.6,6,0.065,0
46,0,176.0,74.4,24.0,151,99,135,104,215,2,4,1,1,1,1,1,6.4,8,0.5762,1
25,0,181.8,73.8,22.3,91,66,137,50,79,0,6,1,1,0,0,0,5.0,6,0.0022,0
22,0,178.4,53.1,16.7,104,67,306,105,146,1,2,1,1,0,0,3,5.6,4,0.032,0
46,0,180.8,85.5,26.1,164,91,153,88,129,0,5,1,1,0,0,3,7.5,8,0.0573,0
64,1,159.7,72.1,28.3,138,95,251,72,77,0,7,0,1,0,0,3,7.5,9,0.0367,0
62,1,166.3,50.4,18.2,176,92,316,67,117,0,6,0,0,0,0,0,6.2,5,0.1125,0
19,1,154.7,74.2,31.0,124,96,246,91,150,0,0,1,0,0,0,3,6.5,3,0.0387,0
44,1,176.9,71.0,22.7,136,91,312,81,110,2,4,0,1,1,0,3,9.3,1,0.0492,0
53,0,169.7,115.2,40.0,113,93,180,96,192,2,7,0,0,0,0,2,4.9,2,0.0523,0
53,1,175.3,69.1,22.5,172,95,165,58,77,0,1,0,1,1,1,2,7.0,1,0.0787,0
43,0,173.7,70.3,23.3,149,93,268,60,162,1,0,0,1,0,0,2,5.5,10,0.3049,1
60,1,166.0,59.9,21.7,166,108,196,105,234,0,7,0,0,0,0,2,5.6,9,0.1192,0
44,0,171.1,94.7,32.4,137,84,242,50,160,1,5,0,0,0,0,3,7.5,7,0.0469,0
37,1,153.8,61.3,25.9,112,92,285,60,234,1,6,1,1,0,1,2,9.0,10,0.1939,0
28,0,158.6,58.4,23.2,101,81,192,82,133,0,3,0,0,0,0,2,7.7,2,0.002,0
55,0,165.4,83.3,30.4,130,61,205,79,196,0,1,0,0,0,1,1,8.9,3,0.2024,0
23,1,160.8,49.7,19.2,118,68,200,54,157,1,0,0,0,0,0,3,4.7,3,0.0051,0
40,0,178.1,88.4,27.9,159,97,307,99,114,2,6,0,1,0,0,0,7.6,1,0.1158,0
64,1,174.1,103.8,34.2,140,88,283,50,213,1,0,0,1,0,0,0,8.1,3,0.6599,2
63,1,159.5,78.3,30.7,112,92,253,59,95,2,4,0,0,0,0,3,6.7,1,0.0251,0
29,1,155.2,77.2,32.0,120,77,286,109,228,1,6,1,1,0,0,3,8.0,3,0.0637,0
30,1,149.6,77.8,34.8,110,81,276,62,224,0,3,0,1,0,0,1,10.0,3,0.0427,0
79,1,168.8,100.0,35.1,113,93,274,76,240,2,3,0,0,0,0,3,7.2,5,0.4487,1
77,0,189.8,103.1,28.6,161,74,188,57,84,0,3,1,0,0,1,3,6.5,3,0.2516,0
60,1,176.7,84.9,27.2,98,66,256,77,127,0,4,0,1,0,0,3,8.4,10,0.0318,0
22,1,171.1,89.1,30.4,111,72,271,94,246,1,4,0,0,0,0,3,8.3,3,0.0167,0
54,1,170.4,61.9,21.3,93,73,310,101,148,0,7,1,0,0,0,2,6.7,1,0.0114,0
48,0,193.0,98.1,26.4,166,95,266,51,94,0,3,0,0,0,1,2,6.3,9,0.1701,0
26,1,167.3,58.6,20.9,92,72,216,102,137,1,6,0,0,0,0,3,8.3,1,0.0008,0
68,1,170.5,69.7,24.0,117,97,242,61,105,0,0,0,0,1,0,0,6.5,7,0.2962,0
46,1,160.8,24.2,9.3,179,80,277,76,186,2,5,0,1,0,1,3,6.9,7,0.0867,0
57,0,162.4,77.2,29.3,104,84,305,62,149,2,3,0,0,0,0,2,7.4,8,0.1207,0
58,0,169.2,64.9,22.7,97,69,287,109,244,0,7,0,1,0,0,2,6.8,7,0.0432,0
28,0,175.9,94.6,30.6,137,78,238,71,128,0,4,0,1,0,1,2,7.0,10,0.0563,0
40,1,164.6,78.2,28.8,177,76,315,89,249,1,7,0,0,1,0,3,6.0,6,0.2314,0
18,1,183.3,98.5,29.3,141,60,151,64,109,0,3,0,1,0,1,3,7.7,8,0.0067,0
63,0,176.8,62.2,19.9,144,72,232,80,240,0,4,1,0,0,0,1,6.5,10,0.3209,1
38,0,187.8,99.5,28.2,126,95,184,56,186,1,3,1,1,0,0,2,8.8,4,0.0536,0
53,0,171.6,107.4,36.5,93,73,281,88,150,1,6,0,0,0,0,2,7.1,4,0.0392,0
71,0,172.9,87.9,29.4,144,101,204,98,200,0,5,0,0,0,0,3,8.2,3,0.1232,0
74,1,150.7,77.2,34.0,101,79,278,100,140,1,0,0,0,0,1,2,7.8,8,0.6212,1
18,1,156.6,70.8,28.9,108,88,178,84,209,1,6,0,0,1,0,2,8.3,6,0.0068,0
80,0,181.3,72.8,22.1,168,99,145,56,240,0,0,0,0,0,0,2,6.5,8,0.3814,1
71,1,164.1,83.5,31.0,146,65,269,61,170,1,4,0,1,0,0,2,5.6,8,0.3219,1
72,0,185.4,60.1,17.5,126,82,281,63,139,0,4,1,1,0,1,3,5.9,7,0.3661,1
57,1,165.8,66.6,24.2,165,101,240,83,243,0,1,0,1,0,1,2,5.8,3,0.5245,1
32,0,172.5,49.7,16.7,172,83,132,107,246,1,2,0,1,0,0,0,6.0,5,0.0823,0
38,0,197.5,78.2,20.0,96,76,174,88,94,2,1,0,1,0,0,3,5.6,2,0.0063,0
64,0,175.1,87.2,28.4,144,64,255,97,158,0,4,1,0,1,0,3,6.9,1,0.2191,0
70,1,175.6,85.4,27.7,117,91,309,58,200,2,7,0,0,0,1,3,7.9,3,0.1557,0
26,1,160.0,70.8,27.6,126,105,269,82,132,0,5,1,1,0,0,1,5.4,4,0.048,0
69,1,171.1,78.1,26.7,173,76,175,61,99,0,7,0,0,0,0,2,6.2,4,0.0144,0
74,0,185.3,54.4,15.8,150,70,203,83,162,0,4,1,0,0,0,1,8.2,2,0.093,0
43,0,178.1,73.5,23.2,164,86,268,76,201,0,3,0,1,1,1,2,5.1,3,0.3638,1
58,0,152.5,56.0,24.1,128,63,217,71,147,0,1,0,0,0,0,3,7.0,8,0.0526,0
52,1,164.2,62.2,23.1,112,82,296,67,154,2,2,1,0,0,0,3,7.7,9,0.1503,0
80,0,188.3,93.1,26.3,141,82,213,95,140,0,7,0,0,0,0,3,9.5,2,0.0412,0
42,1,169.3,61.7,21.5,173,108,253,93,218,0,1,0,1,0,0,2,4.2,6,0.2474,0
55,1,168.5,65.2,23.0,173,93,154,67,140,1,6,1,1,0,1,3,5.4,1,0.0999,0
19,1,146.8,32.1,14.9,100,80,274,86,198,0,0,0,1,0,1,2,7.4,4,0.015,0
24,0,168.8,70.0,24.6,155,81,245,56,103,1,6,0,1,0,1,2,6.6,9,0.0267,0
51,0,180.1,63.7,19.6,102,60,232,53,156,0,0,0,0,0,0,3,4.0,1,0.0133,0
34,0,180.1,81.2,25.0,166,91,287,94,200,0,1,0,0,0,0,1,6.5,3,0.1706,0
60,1,176.1,63.8,20.6,130,87,133,65,87,1,5,0,0,0,0,2,5.9,7,0.0092,0
76,1,162.6,72.8,27.6,138,77,193,71,112,0,6,0,0,0,0,3,5.0,8,0.0486,0
68,0,180.1,77.9,24.0,104,66,171,109,145,0,1,0,0,0,1,3,6.5,7,0.1044,0
71,0,176.2,103.2,33.2,145,97,225,97,147,0,5,0,0,0,0,3,5.4,7,0.2612,0
41,1,154.1,74.5,31.4,143,65,159,100,110,0,4,0,0,0,0,1,6.0,6,0.0218,0
42,1,141.4,33.1,16.6,120,73,162,85,175,1,5,0,0,0,0,1,8.6,7,0.0066,0
69,0,180.3,61.2,18.8,150,89,231,69,178,0,3,0,0,0,0,3,9.2,7,0.1011,0
50,1,165.7,73.7,26.8,147,103,305,80,93,0,0,0,1,1,1,2,5.9,9,0.6716,2
66,0,169.8,61.0,21.1,176,105,122,101,93,0,7,0,0,1,0,0,7.1,9,0.1192,0
46,0,159.8,25.4,9.9,149,73,262,109,72,0,2,0,0,0,0,1,7.7,10,0.0344,0
80,1,170.3,95.4,32.9,142,103,292,82,142,2,3,1,0,0,1,3,6.0,10,0.9277,2
39,1,161.3,81.5,31.3,175,100,214,62,93,2,5,0,1,0,1,2,5.8,10,0.1851,0
43,1,169.6,82.6,28.7,150,68,258,101,188,0,6,0,0,0,1,3,7.8,8,0.0857,0
45,0,194.6,78.2,20.6,169,90,286,69,109,0,1,0,0,0,0,3,6.7,9,0.1085,0
66,1,142.6,67.7,33.3,131,61,138,103,140,0,6,0,0,0,0,3,6.7,6,0.0173,0
66,0,169.0,63.9,22.4,118,77,267,90,206,0,6,0,0,0,0,2,5.6,4,0.0581,0
37,0,173.9,80.0,26.5,173,64,318,91,178,0,0,1,0,0,0,2,5.8,9,0.5476,1
80,1,178.5,65.5,20.5,116,85,175,87,172,0,7,0,0,1,0,3,7.1,2,0.0205,0
78,0,159.6,92.6,36.3,133,82,197,71,236,1,1,0,0,0,1,3,6.5,8,0.7831,2
66,1,183.4,58.1,17.3,94,71,237,88,102,0,6,0,1,0,0,0,7.1,2,0.0085,0
18,1,165.4,91.2,33.3,141,73,251,72,231,2,0,1,0,1,1,1,8.1,7,0.6011,1
30,0,175.0,78.1,25.5,142,72,128,97,131,0,2,1,1,0,1,1,7.2,9,0.0951,0
68,0,174.0,69.7,23.0,141,94,272,98,154,1,3,0,0,0,1,2,6.2,10,0.5405,1
73,0,171.6,78.3,26.6,127,106,294,105,130,2,2,1,0,0,1,2,8.1,4,0.7363,2
79,0,186.5,94.2,27.1,133,74,168,82,162,0,7,0,0,0,0,2,7.0,8,0.0433,0
49,1,153.3,87.2,37.1,142,94,274,90,96,2,2,0,1,0,1,3,8.6,7,0.4072,1
47,1,167.5,78.4,28.0,91,71,147,79,195,0,3,0,0,0,0,2,6.1,10,0.0105,0
46,0,172.2,62.7,21.2,143,74,309,63,214,2,5,1,0,1,1,2,6.9,3,0.3351,1
66,0,168.4,75.0,26.5,173,67,135,96,129,2,7,0,0,0,1,2,6.6,1,0.0433,0
62,1,189.9,112.2,31.1,166,82,206,85,239,0,3,0,0,1,0,2,7.1,8,0.3969,1
47,1,168.2,94.3,33.3,179,72,293,106,116,1,5,0,0,0,1,3,7.3,9,0.3624,1
33,0,182.1,94.7,28.5,124,82,293,57,181,0,7,0,0,0,0,1,7.0,5,0.0172,0
57,0,187.4,95.6,27.2,135,90,287,106,156,0,6,0,1,0,0,3,8.0,4,0.0722,0
36,1,149.8,75.4,33.6,161,89,202,96,178,0,2,0,1,0,0,2,7.5,2,0.052,0
35,0,193.5,104.1,27.8,168,101,153,71,218,0,6,0,0,0,1,1,9.9,1,0.0416,0
18,0,150.9,58.6,25.7,144,61,257,106,205,1,1,0,1,0,1,0,10.0,4,0.2081,0
64,1,156.3,47.8,19.6,161,70,120,53,142,0,7,0,0,0,0,1,6.2,8,0.0092,0
83,1,159.4,70.7,27.8,100,80,185,100,191,1,3,0,1,0,0,3,6.4,9,0.197,0
55,1,169.8,62.6,21.7,118,88,234,84,166,0,2,0,1,0,0,2,5.5,1,0.0325,0
68,1,166.2,57.3,20.7,158,81,264,57,137,2,7,0,0,0,0,3,8.9,4,0.0317,0
80,1,162.3,60.4,22.9,152,78,166,83,132,0,2,1,1,0,0,2,6.5,5,0.1678,0
21,0,175.9,115.2,37.2,136,68,143,109,151,0,2,1,0,0,0,0,7.3,2,0.0451,0
18,0,166.2,75.2,27.2,96,76,297,71,99,1,6,1,0,1,0,3,5.6,2,0.0128,0
25,0,161.0,75.9,29.3,153,97,223,74,94,2,1,0,1,0,1,3,7.1,3,0.0724,0
46,0,183.3,63.3,18.8,171,88,148,74,190,1,4,0,0,1,0,0,4.9,1,0.1014,0
72,1,170.9,47.8,16.4,153,69,191,89,166,0,4,1,0,0,0,1,8.4,8,0.1303,0
20,1,179.8,67.6,20.9,101,81,205,89,168,0,3,0,0,0,0,3,9.2,1,0.0012,0
49,1,156.1,89.6,36.8,101,81,223,66,175,0,6,1,1,0,0,3,7.8,4,0.0325,0
27,1,170.9,80.5,27.5,125,67,260,65,125,0,4,1,0,0,0,3,5.9,7,0.0191,0
51,0,173.2,85.6,28.5,118,98,311,97,231,0,0,0,0,0,0,0,7.7,3,0.4652,1
72,0,187.9,95.0,26.9,100,65,275,97,247,0,7,0,0,0,0,3,7.2,9,0.0966,0
49,1,174.2,68.2,22.5,142,66,252,108,199,0,5,0,0,0,1,3,8.7,3,0.047,0
67,1,166.1,93.9,34.0,159,79,193,88,122,1,3,0,1,0,0,3,8.0,5,0.1656,0
24,1,160.6,60.8,23.6,174,76,256,64,195,1,3,1,0,0,0,2,5.7,2,0.061,0
25,1,173.6,97.9,32.5,163,95,261,66,110,0,2,0,1,0,0,1,8.4,5,0.057,0
82,1,170.5,81.9,28.2,136,67,221,106,92,0,5,1,1,0,0,3,6.9,2,0.0984,0
74,1,157.2,41.7,16.9,122,72,257,84,100,0,7,0,0,0,0,3,8.6,8,0.0134,0
84,0,162.7,60.1,22.7,170,83,280,82,71,0,0,0,0,0,0,2,5.1,9,0.5842,1
76,1,161.1,43.8,16.9,156,105,194,89,129,1,4,0,1,1,0,2,7.6,5,0.1566,0
71,1,179.2,97.0,30.2,132,109,159,88,147,1,3,0,0,0,0,1,6.6,6,0.1779,0
84,0,187.5,83.4,23.7,107,87,253,67,92,1,6,0,1,0,0,2,7.1,4,0.0506,0
68,1,152.9,33.0,14.1,163,82,136,79,104,0,6,0,1,0,0,1,6.2,10,0.0201,0
25,0,164.3,77.8,28.8,142,76,283,72,70,2,7,0,1,0,0,0,7.6,7,0.0229,0
51,1,176.7,70.3,22.5,128,108,189,86,174,0,5,1,1,0,1,3,5.9,10,0.2031,0
52,0,164.6,50.1,18.5,161,105,180,96,245,2,6,0,0,0,0,3,5.1,5,0.076,0
49,1,169.1,99.7,34.9,123,83,230,56,118,0,0,0,0,0,0,3,6.1,5,0.0502,0
63,0,169.8,76.5,26.5,126,102,296,59,237,0,1,0,0,0,0,3,6.1,1,0.2056,0
33,1,180.2,75.7,23.3,130,69,316,65,131,0,7,0,0,0,1,2,6.6,2,0.0075,0
54,0,168.3,68.2,24.1,138,90,202,77,84,0,1,0,0,0,0,2,7.9,2,0.0218,0
71,0,187.4,61.0,17.4,99,79,318,72,227,0,6,1,0,0,0,2,5.9,4,0.1203,0
31,0,177.8,59.4,18.8,129,79,143,83,90,2,2,0,0,0,1,2,7.9,5,0.0082,0
72,1,166.5,92.5,33.4,107,75,170,67,205,0,0,0,0,0,0,2,7.7,10,0.1758,0
65,0,156.3,61.0,25.0,114,73,289,96,204,1,3,0,0,0,1,3,8.2,4,0.2986,0
24,0,154.0,67.3,28.4,130,62,266,72,174,2,1,0,0,0,0,1,6.6,3,0.0389,0
24,1,161.8,40.2,15.4,125,89,181,100,103,1,5,0,0,0,0,2,8.9,4,0.0012,0
50,0,178.5,59.5,18.7,91,71,186,69,190,0,1,0,1,0,0,2,6.6,5,0.0111,0
40,1,152.7,75.5,32.4,172,65,149,80,239,2,5,0,0,0,1,1,8.1,3,0.1022,0
36,0,165.1,78.2,28.7,163,79,226,63,165,0,4,1,1,0,0,3,9.0,6,0.0745,0
36,1,169.6,101.1,35.1,138,94,285,72,79,0,4,0,1,0,0,0,8.4,4,0.0614,0
53,0,181.6,101.0,30.6,156,78,253,51,159,1,0,0,1,0,0,2,6.9,2,0.19,0
46,0,174.6,73.9,24.2,142,85,230,78,127,0,6,0,0,0,0,1,5.7,3,0.0223,0
77,1,171.8,83.0,28.1,108,88,269,99,178,1,4,1,1,0,0,0,5.9,1,0.5532,1
19,1,152.3,61.4,26.5,115,71,240,58,168,0,0,0,0,0,1,2,5.8,10,0.046,0
18,1,160.4,101.0,39.3,143,67,130,108,178,0,3,0,1,0,0,2,6.2,7,0.0135,0
64,0,192.5,103.5,27.9,140,96,191,82,201,0,3,0,0,0,0,3,7.0,5,0.1064,0
37,0,176.7,80.9,25.9,114,94,210,97,158,2,7,0,1,0,0,2,7.8,7,0.0127,0
28,0,177.3,81.6,26.0,106,69,148,93,205,2,3,0,1,0,1,3,7.9,5,0.0188,0
19,1,187.1,105.2,30.1,163,80,238,61,81,0,4,0,0,0,1,3,8.2,1,0.008,0
84,0,162.0,79.7,30.4,150,108,238,68,187,0,4,1,1,1,1,1,8.1,3,0.9068,2
29,0,184.0,105.4,31.1,135,100,127,91,157,0,2,1,0,1,0,1,6.9,9,0.1378,0
37,0,192.6,53.4,14.4,144,104,199,69,157,0,1,0,0,0,0,1,7.8,7,0.0287,0
22,1,160.8,77.3,29.9,139,101,282,86,222,2,5,0,0,0,0,2,6.7,7,0.045,0
54,0,184.6,74.6,21.9,164,88,191,80,224,2,3,0,0,0,0,2,7.4,5,0.1009,0
55,1,154.2,93.4,39.3,100,80,319,84,199,1,6,0,0,0,0,1,6.7,3,0.1402,0
26,0,169.1,97.8,34.2,101,81,292,90,142,0,4,1,0,0,1,2,7.0,10,0.1341,0
70,1,167.8,74.4,26.4,129,66,152,70,230,0,1,0,0,0,0,2,6.6,4,0.0564,0
61,0,184.0,105.0,31.0,137,93,124,104,152,0,3,1,1,0,0,3,4.9,4,0.1549,0
41,1,175.2,104.4,34.0,145,93,309,96,246,0,3,0,0,0,1,2,6.7,6,0.4164,1
47,1,179.7,81.0,25.1,97,77,284,95,74,0,5,0,0,0,1,3,7.7,6,0.0165,0
76,0,175.3,114.7,37.3,177,63,264,92,116,1,1,1,0,0,1,3,8.1,7,0.9212,2
31,1,175.9,77.5,25.0,103,83,141,62,93,0,1,0,0,0,0,3,7.6,8,0.0026,0
26,0,172.6,73.1,24.5,176,89,197,88,190,0,4,0,1,0,1,3,5.9,9,0.1276,0
57,1,173.0,89.5,29.9,145,84,279,76,164,0,1,0,0,1,0,2,6.4,8,0.3506,1
83,1,166.1,67.7,24.6,143,73,133,74,241,2,6,0,0,0,1,1,5.1,9,0.3912,1
42,0,180.5,81.5,25.0,106,83,267,51,211,1,6,0,1,0,0,0,7.8,9,0.0708,0
39,0,180.2,101.3,31.2,134,102,269,84,233,0,1,1,0,0,0,0,5.9,3,0.5665,1
21,0,160.0,70.3,27.5,94,74,149,101,120,2,4,1,0,0,0,1,7.4,7,0.0086,0
43,0,164.8,47.0,17.3,92,72,301,57,203,0,3,1,1,0,1,1,7.5,3,0.0893,0
75,0,177.0,84.0,26.8,98,78,280,82,214,0,5,0,0,0,0,3,5.9,5,0.132,0
46,0,159.1,59.1,23.3,173,84,124,74,151,0,1,1,1,0,1,2,7.3,10,0.2565,0
54,0,184.3,95.1,28.0,109,78,137,70,141,0,5,0,0,0,0,2,9.2,9,0.0093,0
35,1,172.7,86.8,29.1,172,63,182,85,120,0,6,0,0,0,0,0,6.6,8,0.0211,0
59,0,179.3,101.7,31.6,110,90,293,62,121,1,2,0,0,0,0,2,8.3,3,0.1015,0
58,0,164.8,86.0,31.7,169,91,254,105,81,0,7,0,0,0,0,3,7.3,6,0.0689,0
55,1,177.8,95.3,30.1,122,84,276,95,150,0,0,0,1,1,1,3,7.4,5,0.4702,1
51,0,196.4,78.1,20.3,94,74,176,58,164,0,5,0,0,1,0,2,6.9,10,0.0107,0
34,0,177.5,90.8,28.8,113,87,294,84,184,1,1,0,1,0,1,0,8.1,4,0.3689,1
54,0,181.1,110.1,33.6,152,77,128,95,198,1,5,1,0,0,0,0,6.8,6,0.2638,0
42,1,166.0,62.7,22.7,168,66,306,85,80,0,7,0,0,0,0,1,7.7,8,0.0227,0
44,1,169.3,101.6,35.5,115,70,231,98,85,0,1,0,1,0,1,1,8.1,8,0.1648,0
74,0,174.8,69.2,22.6,178,101,224,96,170,0,6,1,0,0,1,3,8.2,3,0.4294,1
48,1,163.7,59.0,22.0,122,70,242,93,182,0,0,0,0,0,0,1,7.7,6,0.0685,0
23,1,173.1,81.0,27.0,107,68,190,95,161,0,2,1,0,0,0,1,7.9,1,0.0085,0
57,1,187.5,94.5,26.9,107,87,318,100,78,0,5,1,0,0,0,3,7.0,1,0.0332,0
29,1,150.0,78.7,35.0,127,96,232,59,188,1,3,0,0,0,0,1,6.5,1,0.033,0
70,1,163.0,57.1,21.5,122,82,290,54,192,0,2,0,1,0,0,3,7.4,9,0.1617,0
27,0,164.2,78.6,29.2,116,92,178,80,77,1,0,0,1,0,0,3,7.4,10,0.0263,0
62,0,191.9,75.7,20.5,138,60,125,73,94,1,7,0,1,0,0,3,7.4,9,0.0072,0
34,0,170.1,52.7,18.2,139,79,229,81,237,0,5,0,1,1,0,2,8.3,10,0.0465,0
43,1,149.6,50.9,22.7,104,64,230,98,188,1,1,0,1,0,0,0,7.0,5,0.0661,0
79,1,170.4,63.9,22.0,166,88,172,98,220,0,3,0,0,1,0,2,5.4,7,0.4284,1
63,1,181.4,88.5,26.9,141,85,183,52,92,1,2,0,0,0,0,2,4.6,4,0.0462,0
81,1,170.6,92.6,31.8,157,97,123,65,113,0,2,0,1,0,1,1,7.2,2,0.2735,0
19,0,178.0,56.9,18.0,108,62,120,106,125,0,3,1,0,0,0,1,8.2,6,0.0025,0
71,1,168.1,79.3,28.1,114,80,189,90,192,0,2,0,0,0,1,3,6.7,2,0.1143,0
82,1,178.1,61.4,19.4,165,72,150,98,92,0,0,1,0,0,0,1,9.3,7,0.2879,0
68,1,155.3,77.1,32.0,165,90,184,69,78,0,3,0,1,0,0,3,7.2,4,0.0692,0
70,1,162.9,62.1,23.4,114,76,236,93,73,0,0,0,1,0,0,2,9.9,4,0.05,0
53,1,159.5,54.0,21.2,122,94,316,73,231,0,3,0,1,0,1,3,6.9,2,0.1462,0
43,0,164.3,84.2,31.2,149,82,138,83,231,2,0,1,0,0,0,3,8.9,9,0.3103,1
46,1,160.7,61.6,23.8,126,62,316,101,190,0,1,0,0,0,0,1,6.5,3,0.0884,0
38,0,187.1,78.8,22.5,132,104,237,97,167,0,1,0,0,1,0,3,8.3,6,0.096,0
28,1,169.7,41.5,14.4,98,61,188,72,239,0,2,0,1,0,0,3,7.7,10,0.0043,0
57,1,170.4,89.4,30.8,103,62,296,104,200,0,3,0,1,0,1,3,7.4,9,0.2774,0
28,0,177.5,91.0,28.9,92,72,150,102,152,1,5,0,1,0,0,3,7.4,8,0.0049,0
53,1,169.2,74.7,26.1,158,107,307,104,103,0,7,0,0,0,0,1,8.7,9,0.1167,0
76,0,168.0,51.1,18.1,145,103,318,87,174,1,3,1,0,0,0,1,6.8,7,0.7181,2
56,0,172.9,94.6,31.6,115,68,198,51,176,0,0,0,0,0,0,3,7.2,9,0.0862,0
71,0,177.9,69.0,21.8,142,107,174,90,112,0,5,0,0,0,1,3,10.0,10,0.134,0
72,1,166.8,66.6,23.9,130,63,246,54,234,1,2,1,0,0,0,3,7.7,9,0.3594,1
41,1,167.2,108.3,38.7,171,84,196,67,81,0,6,0,0,0,0,2,8.5,5,0.0166,0
39,1,162.6,60.8,23.0,110,90,210,103,85,0,2,1,1,0,0,3,6.7,7,0.0218,0
73,0,172.2,87.2,29.4,128,60,285,107,131,0,7,0,1,0,1,2,6.4,5,0.1667,0
50,1,195.6,96.2,25.2,169,98,280,102,86,0,6,0,1,0,0,2,7.9,1,0.0266,0
53,1,173.1,82.4,27.5,112,71,125,99,84,0,7,0,0,0,1,2,7.3,7,0.0053,0
37,0,180.1,84.3,26.0,163,99,260,78,95,0,5,1,0,1,0,3,6.8,9,0.1363,0
79,0,173.7,82.5,27.3,147,99,139,59,114,0,3,1,0,0,0,2,5.0,5,0.1846,0
43,0,171.5,79.8,27.1,158,83,219,91,199,1,6,1,0,0,0,2,4.9,4,0.1201,0
83,1,162.7,70.6,26.7,164,68,284,104,214,2,1,0,1,0,1,3,4.7,5,0.8942,2
57,1,166.9,96.1,34.5,118,98,164,91,134,1,6,1,0,0,0,2,7.4,4,0.0453,0
34,1,145.2,42.9,20.4,151,79,200,99,163,1,7,1,0,0,0,2,5.7,9,0.0284,0
18,0,160.3,85.5,33.3,142,64,178,65,99,1,3,0,0,0,0,2,4.9,10,0.0154,0
78,1,157.6,81.2,32.7,134,79,171,72,137,2,6,0,1,0,0,1,6.0,8,0.1937,0
60,0,178.1,89.5,28.2,116,80,265,79,175,0,5,1,1,0,0,1,4.7,5,0.2457,0
59,0,173.6,93.6,31.0,123,61,144,55,113,0,3,0,1,1,1,3,6.3,5,0.0668,0
42,1,178.8,78.0,24.4,103,80,242,93,165,0,4,0,0,0,0,3,6.2,5,0.0089,0
56,0,161.2,42.6,16.4,130,101,248,109,129,0,0,1,0,0,0,2,7.6,7,0.1791,0
52,1,156.5,67.2,27.4,163,83,160,85,70,0,0,0,1,1,0,2,7.2,10,0.1323,0
20,0,191.2,70.7,19.3,149,68,221,69,88,0,4,1,0,0,0,2,6.4,7,0.0055,0
61,1,165.3,61.7,22.6,131,98,137,65,102,0,2,0,0,0,0,2,7.8,3,0.0095,0
68,0,184.8,63.8,18.7,140,89,248,77,233,2,7,0,0,0,1,2,5.5,1,0.1446,0
29,1,184.5,75.1,22.1,164,77,286,103,160,2,5,0,0,1,0,0,6.4,8,0.1467,0
36,0,169.1,65.6,22.9,100,80,278,106,93,1,0,0,0,0,0,3,6.1,10,0.0488,0
61,0,175.0,41.8,13.7,124,102,221,75,152,0,2,0,1,0,1,1,6.9,4,0.1109,0
76,1,161.3,81.1,31.2,108,69,190,71,194,2,1,0,0,0,0,3,4.5,4,0.167,0
66,0,156.5,101.5,41.5,177,104,285,103,222,2,2,0,1,0,0,2,9.7,9,0.9285,2
78,1,160.9,79.5,30.7,154,100,127,60,208,2,7,0,1,0,1,2,7.4,7,0.2265,0
34,1,172.8,73.4,24.6,165,107,281,50,78,1,0,1,0,0,0,3,7.5,7,0.1486,0
74,0,181.4,79.9,24.3,150,80,192,54,75,0,5,0,0,0,1,1,4.6,8,0.1711,0
72,0,182.2,74.8,22.5,136,81,208,98,127,0,5,0,0,0,0,3,7.3,1,0.024,0
64,1,160.2,71.5,27.8,103,76,146,92,169,2,2,0,1,0,1,0,6.7,9,0.2786,0
29,1,157.4,68.2,27.5,156,64,288,95,191,0,6,0,0,0,0,3,8.3,1,0.0101,0
79,1,176.7,65.7,21.1,141,65,126,90,170,0,7,0,1,0,1,1,6.7,10,0.0919,0
25,0,171.0,100.8,34.4,121,69,151,91,226,0,1,1,1,0,1,3,6.6,5,0.1139,0
38,1,166.9,51.2,18.4,169,102,192,85,80,0,4,1,1,0,0,0,6.9,9,0.0678,0
42,0,177.6,89.6,28.4,99,61,218,51,220,2,0,0,1,0,1,2,8.7,3,0.0821,0
29,1,178.6,77.8,24.4,106,66,231,106,223,0,5,1,0,0,0,3,5.1,2,0.0117,0
32,1,173.7,105.4,34.9,129,105,263,55,70,0,1,1,0,0,0,3,4.9,2,0.0567,0
76,0,163.0,76.6,28.8,157,63,249,76,150,2,3,0,0,0,0,3,4.3,7,0.3873,1
43,0,164.1,66.7,24.7,152,96,290,75,244,0,4,0,0,0,0,2,8.3,5,0.1017,0
43,0,181.8,77.2,23.4,104,78,150,84,179,2,4,1,1,0,1,3,8.2,8,0.0636,0
64,0,175.4,78.3,25.5,128,87,199,62,238,0,6,1,1,0,0,2,5.6,5,0.133,0
49,1,159.4,52.6,20.7,146,79,294,61,220,1,6,0,1,0,0,2,5.3,2,0.0461,0
27,0,186.2,71.6,20.7,99,79,152,67,169,0,0,0,0,0,0,2,8.2,7,0.0043,0
33,0,177.9,52.2,16.5,160,101,264,87,174,0,1,0,0,0,1,1,5.3,7,0.2662,0
34,0,176.5,64.4,20.7,106,86,218,91,202,0,5,0,0,0,1,3,6.7,2,0.0097,0
40,1,171.8,77.3,26.2,165,61,173,55,168,2,6,1,0,0,1,3,6.3,6,0.0458,0
43,1,160.2,74.6,29.1,106,62,173,77,247,0,5,1,0,0,0,1,10.0,5,0.0256,0
24,0,191.7,56.2,15.3,105,85,298,77,78,0,3,0,1,0,0,2,6.8,4,0.0028,0
31,0,168.1,72.0,25.5,167,101,299,74,201,2,5,0,1,0,1,2,8.5,10,0.3189,1
24,1,170.6,83.7,28.8,92,72,254,54,126,0,1,1,1,0,1,2,7.6,8,0.0403,0
26,1,178.3,76.7,24.1,140,98,301,108,193,1,5,0,0,0,0,0,6.4,8,0.1047,0
65,0,162.2,61.6,23.4,135,84,258,64,222,1,2,0,0,0,1,3,6.3,5,0.3749,1
76,0,172.6,70.1,23.5,144,61,309,96,75,0,5,0,1,0,1,3,7.1,4,0.1777,0
56,0,187.4,75.6,21.5,115,95,149,93,211,0,0,0,0,0,0,1,7.1,9,0.1135,0
35,0,187.6,74.2,21.1,165,74,201,58,132,2,2,0,1,0,1,3,6.4,5,0.0523,0
76,1,162.3,73.7,28.0,120,62,176,94,187,0,5,0,0,1,1,3,7.7,4,0.1308,0
34,1,156.7,102.9,41.9,170,64,293,97,134,0,5,0,1,0,0,2,7.0,2,0.0623,0
31,0,185.6,71.6,20.8,161,99,189,102,121,1,7,1,1,0,0,1,6.2,6,0.0348,0
48,1,175.8,73.1,23.7,108,88,185,51,134,0,5,1,0,0,1,1,6.6,5,0.0283,0
41,0,164.4,71.4,26.4,179,109,302,98,194,1,2,0,1,1,0,2,7.6,6,0.6134,1
77,1,152.0,55.7,24.1,157,99,226,58,169,0,5,0,0,0,1,2,5.7,1,0.1788,0
62,1,166.3,89.6,32.4,104,84,305,75,205,2,6,0,0,0,0,3,5.7,6,0.1423,0
20,0,182.3,45.6,13.7,147,96,129,72,165,0,4,0,1,0,1,3,5.5,5,0.0062,0
54,0,173.0,68.5,22.9,167,86,251,100,77,0,5,0,1,0,0,3,6.6,7,0.0516,0
60,1,170.8,87.7,30.1,119,64,193,77,83,1,6,0,1,1,0,3,6.7,1,0.0139,0
57,0,168.9,70.0,24.6,137,76,192,55,93,0,4,1,0,0,0,3,5.7,3,0.0287,0
72,0,154.9,55.1,23.0,145,97,181,107,162,0,2,1,0,0,1,2,7.0,2,0.3589,1
56,1,159.8,76.5,30.0,131,104,228,53,94,1,5,1,1,0,0,0,7.0,6,0.1707,0
32,1,164.6,85.9,31.7,113,93,290,79,203,1,6,0,0,0,1,0,8.1,1,0.0859,0
21,0,173.2,79.8,26.6,141,71,161,106,198,0,1,0,1,0,0,1,8.1,3,0.0205,0
42,1,152.4,54.2,23.3,132,101,143,96,156,0,6,0,0,0,0,3,4.6,4,0.0058,0
30,0,157.8,75.8,30.4,123,90,124,67,102,1,0,0,1,0,1,2,7.3,6,0.0355,0
50,1,158.9,63.4,25.1,149,92,218,79,211,0,5,0,1,0,0,1,4.6,5,0.0901,0
33,1,173.0,87.7,29.3,172,102,315,76,125,2,0,0,1,0,1,3,7.7,5,0.4216,1
59,1,176.6,100.5,32.2,92,72,218,93,97,0,1,0,1,0,0,3,7.7,5,0.0322,0
83,0,187.9,44.9,12.7,157,97,239,80,98,1,2,0,0,0,1,0,5.8,1,0.4914,1
72,1,155.8,69.6,28.7,100,62,196,93,92,0,0,1,0,0,0,0,7.4,8,0.2347,0
59,1,152.5,40.2,17.3,102,82,220,101,241,0,5,0,0,0,0,2,5.8,10,0.0392,0
51,0,181.0,117.1,35.8,139,100,215,98,107,0,4,0,0,0,0,2,6.8,2,0.0442,0
47,0,182.4,74.2,22.3,171,99,292,88,246,0,3,0,0,0,0,3,7.1,6,0.2292,0
30,0,180.0,91.2,28.1,108,88,306,79,112,0,4,0,1,0,0,3,6.7,7,0.0185,0
30,0,155.9,67.4,27.7,133,106,239,101,79,0,1,0,0,0,0,0,7.9,10,0.1054,0
35,1,155.3,55.6,23.1,122,81,184,86,96,2,6,0,1,0,1,2,6.1,10,0.0125,0
49,0,175.7,64.0,20.7,127,97,310,61,205,0,7,0,1,1,1,2,7.6,4,0.1186,0
56,0,180.9,104.2,31.9,92,72,240,66,154,2,7,0,0,1,1,3,5.5,8,0.1395,0
63,1,171.7,90.2,30.6,154,102,209,83,227,0,3,0,0,0,0,2,4.5,1,0.1713,0
46,0,177.4,107.9,34.3,124,69,314,77,82,1,0,0,0,0,0,3,4.9,9,0.2713,0
79,0,179.3,80.5,25.0,125,91,296,53,127,2,5,0,1,1,0,0,5.8,4,0.5408,1
79,0,176.8,82.7,26.5,127,102,234,83,72,2,0,1,0,0,0,1,7.8,10,0.6884,2
74,1,170.9,71.4,24.5,128,63,196,95,169,0,7,1,1,0,0,2,7.7,9,0.0734,0
33,1,167.1,69.3,24.8,114,88,151,63,173,1,3,0,0,0,1,3,6.7,2,0.0086,0
73,1,164.7,56.7,20.9,153,104,231,62,74,0,7,0,0,0,0,2,4.5,10,0.0486,0
27,0,173.3,77.9,25.9,102,67,297,98,91,0,0,0,0,0,1,3,9.2,8,0.0483,0
47,1,164.8,60.6,22.3,157,79,305,107,135,1,3,1,0,0,0,1,5.2,5,0.336,1
42,0,180.8,87.1,26.6,159,106,171,98,158,0,2,0,1,0,0,1,7.4,7,0.1196,0
22,0,178.7,81.9,25.7,164,66,142,103,109,0,1,1,1,0,0,1,6.5,5,0.0324,0
82,0,179.8,84.2,26.0,90,60,149,99,157,0,7,0,1,0,0,3,7.5,6,0.0148,0
66,1,177.4,103.8,33.0,161,84,189,52,191,0,5,0,0,0,0,3,8.6,7,0.0876,0
20,0,178.7,78.8,24.7,143,85,190,70,74,0,4,0,1,0,0,2,7.2,9,0.0045,0
62,0,169.5,86.1,30.0,98,68,230,65,213,2,3,0,0,0,0,1,7.9,6,0.1204,0
31,0,184.8,113.2,33.1,125,82,277,100,186,0,6,0,0,0,0,3,10.0,1,0.015,0
47,0,162.3,90.8,34.4,126,99,156,87,84,1,3,0,0,0,0,1,8.2,1,0.0291,0
35,1,153.2,83.9,35.7,148,61,167,104,144,1,2,1,0,0,0,2,5.0,1,0.0616,0
79,0,179.4,75.1,23.3,110,85,279,75,149,0,6,0,0,0,0,1,4.0,10,0.2033,0
54,1,169.2,78.0,27.3,109,73,189,55,87,1,5,0,0,0,0,3,7.6,5,0.0052,0
42,0,163.5,52.0,19.4,90,70,154,67,244,1,5,0,1,1,0,3,6.4,6,0.0104,0
65,1,160.2,77.6,30.2,148,90,187,90,171,0,4,0,1,0,0,2,8.0,6,0.0951,0
82,1,157.9,73.1,29.3,117,85,279,99,201,0,2,0,0,0,0,0,4.0,9,0.7383,2
70,0,171.1,75.9,25.9,160,108,178,55,122,2,2,1,1,0,0,1,8.4,10,0.5768,1
32,0,185.4,98.1,28.5,145,78,237,90,127,2,1,0,1,1,0,1,6.9,1,0.1109,0
66,1,171.1,57.4,19.6,98,78,282,106,181,1,0,1,1,0,0,2,9.5,3,0.2311,0
29,1,163.8,96.4,35.9,154,64,231,99,154,0,5,1,1,0,1,1,7.0,4,0.1464,0
76,0,170.5,88.8,30.5,125,65,263,74,144,0,5,0,0,0,0,3,7.6,9,0.1278,0
54,0,162.5,70.2,26.6,123,94,238,97,127,0,4,0,0,0,0,3,6.5,1,0.0217,0
78,1,178.2,76.9,24.2,170,75,234,73,185,1,2,1,0,0,1,1,6.5,8,0.8431,2
60,1,169.9,82.2,28.5,121,90,224,79,128,1,6,0,1,0,0,3,7.4,3,0.0234,0
56,0,168.9,97.3,34.1,155,77,299,72,231,0,0,0,1,0,1,3,6.6,8,0.8038,2
73,0,183.2,83.1,24.8,114,73,185,94,99,1,6,1,0,0,0,2,6.3,2,0.0304,0
80,0,175.3,79.8,26.0,140,84,125,92,137,0,0,0,1,0,1,1,7.4,6,0.4338,1
63,1,161.1,70.8,27.3,152,74,133,57,144,1,0,0,0,0,0,1,6.3,2,0.0682,0
28,0,180.4,106.9,32.9,179,85,276,107,137,0,5,0,1,0,0,3,7.5,7,0.084,0
79,1,156.6,62.8,25.6,134,95,225,105,223,1,6,1,0,0,0,1,5.1,6,0.554,1
42,0,172.6,75.8,25.5,115,70,273,98,200,0,6,0,1,0,1,3,7.0,7,0.0599,0
69,0,177.2,100.6,32.0,110,90,137,58,126,0,0,0,0,0,1,3,6.8,9,0.1839,0
21,1,159.0,71.7,28.4,171,100,123,55,234,0,1,0,0,0,0,2,4.3,10,0.0453,0
76,1,170.7,92.4,31.7,140,96,176,82,235,2,1,1,1,0,1,3,5.5,9,0.907,2
37,1,182.7,67.7,20.3,113,66,238,82,110,1,2,1,0,0,0,3,4.0,6,0.0249,0
80,0,168.5,71.1,25.1,101,77,172,94,73,0,7,0,1,0,0,2,7.1,8,0.0154,0
71,1,147.3,85.9,39.6,100,80,221,56,223,1,0,0,0,0,0,3,6.0,10,0.4454,1
74,1,144.0,51.8,25.0,116,79,144,91,108,1,6,0,1,0,0,2,6.6,6,0.0171,0
58,0,174.5,75.0,24.6,112,61,294,67,178,1,2,0,1,0,1,3,8.6,10,0.325,1
20,0,169.4,78.5,27.4,122,85,299,55,175,0,7,1,0,0,0,2,7.0,2,0.0077,0
23,0,178.1,64.2,20.2,169,82,281,94,177,0,3,0,1,0,1,3,7.4,5,0.0763,0
22,0,177.3,72.5,23.0,127,91,263,86,239,0,5,1,0,0,1,1,6.4,5,0.1007,0
22,1,148.0,65.7,30.0,144,72,213,70,80,0,1,0,1,0,0,0,6.1,4,0.0175,0
71,0,157.9,69.6,27.9,159,72,246,75,80,1,1,0,0,1,1,1,5.3,9,0.8369,2
64,1,167.0,92.7,33.2,131,76,243,64,123,0,5,1,0,0,1,0,7.9,2,0.2639,0
66,1,165.4,95.8,35.0,118,84,155,93,235,0,4,0,1,0,1,3,8.9,7,0.2198,0
26,1,159.7,57.0,22.3,123,81,275,103,89,0,3,0,0,0,0,1,8.4,6,0.0103,0
37,1,147.4,65.4,30.1,146,86,312,79,223,0,6,0,0,0,1,3,5.6,3,0.1224,0
78,0,180.7,90.5,27.7,92,72,191,60,197,2,1,1,0,0,0,3,8.5,7,0.2539,0
52,0,188.7,107.1,30.1,95,75,172,57,145,2,6,0,1,0,0,3,6.8,8,0.0116,0
67,0,178.8,90.2,28.2,137,97,289,54,188,0,0,1,0,0,0,3,8.8,4,0.5065,1
79,1,155.5,72.1,29.8,153,73,198,57,83,1,5,1,0,0,1,1,7.5,8,0.4316,1
34,0,176.4,88.2,28.3,102,73,217,54,247,0,0,0,0,0,0,0,7.4,6,0.0703,0
20,1,150.3,75.3,33.3,125,71,266,59,192,1,5,1,0,0,0,0,7.4,5,0.056,0
49,0,186.6,69.4,19.9,168,64,163,64,94,0,6,0,1,0,0,1,5.0,8,0.0172,0
30,0,176.8,81.3,26.0,159,96,149,87,248,0,0,0,1,1,0,2,5.5,6,0.1938,0
31,0,158.3,91.0,36.3,122,63,193,105,175,2,5,1,1,0,0,3,6.2,10,0.0817,0
28,1,161.0,67.4,26.0,165,88,291,99,175,2,6,0,0,1,0,2,6.6,8,0.0887,0
73,1,168.6,76.3,26.8,146,84,236,104,172,0,6,0,0,0,0,2,7.1,6,0.0896,0
84,0,172.7,72.7,24.4,144,104,274,52,79,2,2,0,1,1,0,3,6.4,4,0.4434,1
46,0,173.2,41.9,14.0,102,63,203,90,83,1,1,0,1,0,0,3,6.4,2,0.0045,0
26,0,163.8,72.2,26.9,140,109,192,59,202,0,2,0,1,0,0,3,8.5,3,0.0195,0
84,1,169.7,79.4,27.6,142,75,153,56,91,0,6,0,0,0,1,3,8.6,7,0.0541,0
42,1,157.5,61.1,24.6,125,105,246,100,144,0,1,0,1,0,0,2,7.7,6,0.054,0
59,0,154.4,49.9,20.9,94,61,204,73,98,1,4,1,0,0,0,1,6.1,6,0.0267,0
26,1,160.3,56.9,22.2,114,82,271,75,204,2,2,1,1,0,0,2,7.5,9,0.0669,0
57,0,185.8,94.4,27.3,170,63,175,83,215,0,1,0,1,0,1,1,8.5,5,0.4114,1
42,1,160.1,99.7,38.9,126,79,126,107,228,1,4,0,1,0,0,0,6.7,9,0.1622,0
22,0,193.4,107.4,28.7,108,76,315,109,240,1,6,0,0,0,0,3,8.6,1,0.0161,0
28,1,168.3,54.0,19.1,124,65,170,57,104,0,1,1,0,0,0,2,9.3,3,0.0027,0
76,0,179.4,92.5,28.7,123,77,255,88,140,0,3,0,0,0,1,2,8.2,5,0.2739,0
55,1,162.7,61.4,23.2,143,79,303,109,163,0,5,0,0,1,1,3,7.7,7,0.264,0
22,1,163.3,62.9,23.6,135,98,177,54,73,0,2,1,0,1,0,2,7.4,5,0.0096,0
65,1,161.4,63.8,24.5,95,75,204,85,120,2,0,0,1,0,1,2,7.8,4,0.0974,0
35,1,161.0,81.1,31.3,172,100,188,92,163,0,4,0,0,1,0,3,7.5,5,0.0634,0
54,1,169.3,89.0,31.1,90,70,127,75,99,0,4,0,0,1,0,3,5.5,1,0.0054,0
77,0,166.6,71.9,25.9,160,99,313,109,163,1,6,1,0,0,0,1,8.6,5,0.7189,2
65,0,165.2,71.4,26.2,123,103,271,59,179,0,6,0,1,0,1,1,7.1,9,0.325,1
45,0,164.8,79.3,29.2,145,83,289,82,143,0,0,0,1,0,1,3,9.9,3,0.2803,0
57,1,184.5,90.7,26.7,172,77,173,85,211,0,4,1,1,1,0,2,10.0,10,0.3674,1
62,0,181.3,98.3,29.9,115,89,263,103,233,0,0,1,0,0,0,3,6.7,6,0.5452,1
79,1,167.0,54.3,19.4,131,60,251,80,156,1,0,0,1,1,0,3,7.2,9,0.4191,1
75,1,153.4,67.0,28.5,127,82,178,87,209,0,1,0,0,0,0,3,6.5,6,0.1544,0
84,0,182.2,65.1,19.6,115,88,213,99,145,1,2,0,1,0,0,3,5.9,10,0.3494,1
73,0,174.8,76.7,25.1,148,100,165,74,231,0,3,0,1,0,1,3,6.9,6,0.3622,1
57,0,178.1,75.7,23.8,173,100,213,94,95,0,4,0,1,0,0,1,7.0,6,0.1169,0
57,0,166.2,72.4,26.2,113,91,218,62,203,0,1,0,0,1,1,3,5.4,7,0.4002,1
50,0,177.6,66.8,21.2,110,61,132,50,170,2,3,0,0,0,0,2,5.7,6,0.0087,0
23,0,171.8,53.6,18.2,149,107,156,85,184,0,3,0,1,0,0,3,4.0,8,0.0161,0
36,1,156.3,36.8,15.0,179,95,301,85,212,0,4,0,1,0,1,3,5.6,2,0.1207,0
57,1,171.3,73.7,25.1,109,89,296,99,175,1,4,0,0,1,1,0,8.0,8,0.5728,1
76,0,160.6,63.8,24.7,95,75,194,73,172,0,1,1,0,0,0,3,8.7,4,0.1082,0
76,0,181.6,70.7,21.4,156,102,177,76,216,0,4,0,0,0,0,2,4.6,2,0.1269,0
65,0,182.8,101.3,30.3,99,61,138,67,173,0,3,0,0,0,0,3,5.4,9,0.037,0
58,1,155.2,54.7,22.7,101,63,265,99,244,1,4,0,1,0,0,2,8.5,5,0.0565,0
30,1,155.8,89.2,36.7,111,91,307,96,146,2,5,0,1,0,1,0,6.0,3,0.2389,0
62,0,173.8,101.2,33.5,151,93,264,99,164,0,5,0,0,0,1,1,6.4,3,0.4156,1
70,0,178.8,50.1,15.7,150,60,258,64,176,0,1,0,1,0,1,2,6.2,9,0.3149,1
59,1,162.5,72.6,27.5,169,82,262,66,181,0,1,0,0,0,0,2,8.1,5,0.1898,0
80,1,168.3,68.2,24.1,106,65,319,78,121,1,1,0,0,0,1,1,9.0,10,0.6029,1
44,0,193.6,43.1,11.5,99,75,227,54,87,0,4,0,0,0,0,2,7.1,7,0.0016,0
55,1,158.9,47.8,18.9,101,61,264,60,244,0,2,0,0,1,0,2,6.5,2,0.0305,0
77,0,158.8,81.0,32.1,172,105,209,65,126,1,1,0,1,0,0,3,6.7,6,0.5653,1
24,0,184.3,112.4,33.1,129,71,239,101,102,0,2,0,0,0,0,2,8.1,1,0.0094,0
22,1,180.8,94.0,28.7,112,86,124,83,173,0,0,0,0,0,0,2,7.6,8,0.0071,0
62,1,167.9,78.8,28.0,129,78,308,66,229,2,1,0,0,0,1,2,6.7,1,0.3865,1
75,0,165.1,72.2,26.5,163,87,251,82,201,2,2,0,1,0,0,3,6.9,3,0.4607,1
48,1,162.8,96.6,36.5,163,94,175,99,238,0,6,0,1,0,0,3,6.1,6,0.0964,0
40,0,164.8,104.6,38.5,139,102,223,98,88,0,7,0,1,0,1,3,6.2,8,0.0851,0
59,1,170.4,66.4,22.9,99,63,167,106,76,0,2,0,0,0,0,2,5.3,10,0.0156,0
27,0,162.5,41.2,15.6,93,73,167,80,95,0,3,0,0,0,1,3,8.4,1,0.001,0
49,1,161.0,39.0,15.1,90,70,282,67,156,2,7,1,0,0,0,2,4.3,10,0.018,0
70,1,154.0,86.8,36.6,132,66,228,100,167,1,6,0,0,0,1,1,7.3,4,0.3028,1
47,0,177.3,77.9,24.8,172,96,280,74,248,1,7,1,0,0,1,2,7.0,3,0.3677,1
56,1,160.3,72.9,28.4,94,74,219,54,248,0,2,1,0,0,1,2,6.9,1,0.1,0
48,1,165.8,46.0,16.7,179,100,140,79,205,0,3,0,0,0,1,2,6.3,5,0.0526,0
19,1,164.2,60.8,22.5,123,76,221,94,210,0,5,0,1,0,1,3,6.6,8,0.0134,0
29,0,166.1,68.6,24.9,155,100,124,105,101,0,5,0,1,0,0,3,9.1,7,0.0063,0
56,1,170.3,78.3,27.0,113,73,311,72,103,0,5,0,1,0,0,2,7.1,3,0.0178,0
83,1,163.5,65.8,24.6,103,83,316,87,215,0,2,0,0,0,0,0,7.2,5,0.4708,1
30,0,166.1,57.5,20.8,130,61,268,94,124,0,2,0,0,0,1,0,7.2,5,0.0575,0
63,1,186.4,71.4,20.6,131,83,208,67,112,0,0,0,0,0,1,0,6.2,8,0.2272,0
44,0,180.8,98.5,30.1,102,74,193,81,221,0,2,0,1,0,1,3,6.3,6,0.0832,0
34,0,174.5,80.9,26.6,118,98,241,79,218,0,4,1,0,0,0,3,7.6,3,0.0381,0
77,1,178.2,88.3,27.8,154,92,279,78,215,0,4,0,0,1,0,0,6.0,7,0.7981,2
81,1,182.4,67.7,20.4,135,71,265,85,211,0,5,1,0,0,1,2,6.9,1,0.2518,0
52,1,162.5,27.0,10.2,123,78,177,58,88,0,6,0,0,0,0,3,8.4,2,0.0006,0
47,0,179.5,71.9,22.3,152,106,217,72,126,2,6,0,0,0,0,1,6.2,7,0.0437,0
80,1,154.1,54.1,22.8,93,64,198,52,149,0,4,1,1,0,1,2,6.9,2,0.0564,0
45,0,174.5,82.5,27.1,117,60,271,71,71,1,0,0,0,0,0,3,6.7,2,0.024,0
77,0,174.0,126.3,41.7,172,102,124,105,231,2,2,0,0,0,0,3,7.6,10,0.8029,2
54,0,177.8,89.4,28.2,90,68,246,105,118,0,0,0,0,0,1,3,7.2,7,0.1175,0
39,1,167.3,114.7,41.0,125,98,300,89,159,0,6,1,0,0,1,0,6.2,10,0.5913,1
37,1,169.6,83.3,29.0,102,82,215,94,91,0,2,1,0,1,0,2,6.4,4,0.0278,0
81,1,166.4,63.7,23.0,94,74,302,105,241,0,3,0,0,0,0,3,6.2,9,0.2535,0
34,1,151.9,71.2,30.8,103,83,252,107,160,0,0,0,1,0,1,1,6.1,7,0.1813,0
29,0,166.6,100.0,36.0,169,107,316,80,232,1,5,0,0,1,1,2,4.9,10,0.8166,2
39,1,158.5,96.7,38.5,121,101,241,71,98,0,6,1,0,0,0,2,7.2,10,0.051,0
34,0,173.2,68.0,22.7,139,105,288,60,75,2,4,0,0,0,1,1,6.2,6,0.0743,0
27,0,186.5,87.1,25.0,116,61,217,91,234,1,4,1,1,0,0,2,7.6,4,0.0274,0
82,0,164.4,50.7,18.8,124,78,254,92,192,0,4,0,1,0,0,1,7.1,8,0.2532,0
39,1,160.4,82.6,32.1,92,72,209,52,154,0,6,1,1,0,1,3,6.5,5,0.0178,0
67,0,185.5,106.1,30.8,93,73,248,106,228,0,2,0,1,0,0,1,6.4,8,0.3327,1
31,1,161.0,71.1,27.4,96,76,171,63,192,0,2,0,0,0,0,3,5.4,8,0.0086,0
81,0,180.6,70.3,21.5,166,107,217,95,173,0,0,0,1,0,0,3,7.2,9,0.6208,1
64,0,174.6,82.7,27.1,92,72,145,68,247,1,5,0,0,0,0,3,6.9,9,0.0334,0
46,1,166.6,79.5,28.7,170,63,240,109,83,0,7,0,0,0,1,3,6.3,7,0.0389,0
53,0,173.7,78.1,25.9,148,67,310,109,139,0,1,1,1,0,0,1,4.6,10,0.6999,2
69,1,170.7,78.0,26.8,163,60,131,80,208,1,6,1,1,0,0,1,6.8,7,0.179,0
24,1,148.5,61.7,27.9,90,70,189,85,224,0,2,1,0,0,1,3,6.8,6,0.0279,0
46,0,172.4,91.1,30.7,117,66,203,81,171,0,6,0,1,0,0,3,8.3,9,0.0195,0
28,1,167.0,84.5,30.3,148,84,138,75,138,0,1,0,0,0,1,0,7.0,8,0.0758,0
50,0,181.3,65.9,20.0,142,88,251,50,148,0,1,0,0,0,0,3,8.4,1,0.025,0
23,0,190.9,70.3,19.3,99,60,215,51,107,1,2,1,0,1,0,1,6.2,8,0.0173,0
49,1,160.1,66.2,25.8,160,77,124,55,131,2,7,0,0,0,1,1,6.7,2,0.0135,0
68,0,190.8,96.4,26.5,92,63,240,94,149,0,7,0,1,0,0,2,5.8,9,0.0383,0
75,1,157.4,70.9,28.6,96,76,247,63,215,0,0,0,1,0,1,1,6.7,6,0.4875,1
43,1,177.3,69.0,22.0,98,78,173,77,186,0,5,0,0,0,1,3,8.0,5,0.0066,0
63,1,172.2,80.0,27.0,179,67,317,82,195,1,7,0,1,0,0,2,8.0,7,0.2394,0
46,0,166.9,68.5,24.6,158,86,304,109,249,1,6,0,1,0,0,1,7.3,4,0.2553,0
21,0,179.1,92.7,28.9,102,82,299,74,93,0,1,0,1,1,1,2,5.4,9,0.1356,0
30,1,163.5,76.7,28.7,129,98,137,89,168,0,0,0,0,0,0,0,5.3,10,0.0879,0
56,0,182.3,76.4,23.0,151,94,183,67,204,2,0,1,1,0,0,3,6.7,8,0.3946,1
32,1,161.8,74.4,28.4,151,84,257,95,83,0,5,0,0,0,1,2,6.2,1,0.015,0
46,1,160.9,90.2,34.8,99,73,142,83,247,1,2,1,1,0,1,3,7.8,1,0.121,0
46,0,189.7,76.3,21.2,176,103,239,105,163,1,7,0,1,0,0,1,7.6,3,0.0777,0
49,0,175.0,83.5,27.3,100,80,234,61,93,0,5,0,0,0,0,3,7.4,8,0.0085,0
19,1,172.3,75.1,25.3,165,99,201,76,82,1,6,0,0,0,0,2,6.3,8,0.0052,0
64,1,161.7,77.3,29.5,151,90,315,73,216,0,1,1,0,0,0,2,7.2,2,0.5103,1
39,0,192.7,76.5,20.6,166,64,299,82,98,2,0,1,1,1,1,2,7.4,1,0.402,1
44,0,169.2,76.3,26.6,145,76,215,102,91,0,1,0,0,0,1,2,6.6,4,0.0697,0
84,0,169.9,91.5,31.7,138,69,294,64,71,0,6,0,1,0,0,2,6.7,2,0.0856,0
73,1,179.2,65.6,20.4,105,85,317,92,172,0,6,0,1,0,1,0,7.4,5,0.2561,0
38,0,171.6,55.8,19.0,162,75,145,81,105,1,0,1,0,0,1,3,5.7,7,0.1459,0
64,1,180.0,60.6,18.7,163,107,317,99,107,0,2,0,1,1,1,3,6.3,10,0.6874,2
76,0,184.9,64.9,19.0,98,63,218,66,87,0,6,1,0,0,0,0,6.2,10,0.0557,0
23,1,162.5,80.2,30.4,122,64,290,84,120,0,0,0,0,0,1,3,8.2,5,0.0427,0
36,0,157.9,47.8,19.2,177,101,316,96,212,0,2,0,0,0,1,0,6.4,1,0.4102,1
74,1,163.8,67.4,25.1,124,104,310,94,197,1,2,0,1,1,1,3,7.0,10,0.8783,2
20,0,177.0,87.8,28.0,164,100,185,84,249,0,1,0,1,0,0,3,7.8,5,0.0608,0
18,1,175.7,84.1,27.2,128,108,223,62,86,1,1,1,1,0,1,2,6.1,6,0.0617,0
75,0,191.9,80.2,21.8,166,79,310,107,181,1,5,1,0,0,1,3,8.1,9,0.8256,2
55,1,157.2,71.4,28.9,176,65,260,58,146,2,1,1,0,0,0,2,8.2,1,0.212,0
32,1,172.0,77.6,26.2,114,70,298,59,91,1,3,0,1,0,0,3,4.5,3,0.0127,0
51,0,183.7,78.5,23.3,169,76,124,50,192,0,1,0,0,0,1,2,7.4,5,0.0736,0
78,1,174.7,74.2,24.3,145,100,294,108,249,0,1,0,1,0,0,3,8.2,1,0.5091,1
52,1,169.0,108.0,37.8,137,62,283,83,197,2,5,0,0,0,0,0,6.5,7,0.2957,0
81,0,156.6,80.4,32.8,174,75,283,106,159,2,0,1,0,1,0,2,7.6,1,0.9221,2
42,0,174.4,114.4,37.6,99,79,297,95,243,0,5,0,0,0,0,2,5.4,10,0.182,0
41,0,164.4,64.8,24.0,130,85,303,86,201,2,7,1,1,0,1,2,5.1,10,0.3773,1
29,1,162.0,69.7,26.6,172,83,138,74,76,1,3,0,0,0,1,1,6.5,3,0.02,0
35,1,173.8,56.9,18.8,148,106,139,71,207,2,3,0,0,0,0,0,5.8,1,0.0252,0
32,0,179.1,67.4,21.0,117,93,269,59,84,1,6,0,0,0,0,0,7.4,9,0.0156,0
44,0,187.5,112.3,31.9,130,79,150,75,223,2,0,0,0,0,0,2,7.4,7,0.102,0
77,1,167.4,65.9,23.5,155,76,224,68,109,2,1,0,1,0,0,2,9.1,10,0.2734,0
63,1,151.0,94.3,41.3,140,79,309,89,171,0,5,0,0,0,0,2,8.0,9,0.3387,1
34,0,150.8,46.7,20.6,151,75,163,94,213,2,6,1,0,0,1,2,6.3,9,0.0727,0
70,1,165.5,56.9,20.8,119,99,315,90,167,0,4,0,0,0,1,2,7.1,9,0.2899,0
25,1,161.9,65.8,25.1,129,63,314,99,189,0,2,0,0,0,1,3,7.3,10,0.0942,0
44,0,166.2,72.2,26.1,129,77,220,106,87,1,3,0,0,0,1,3,7.6,5,0.0542,0
63,1,147.0,77.3,35.8,158,95,208,53,71,1,6,1,0,0,1,3,4.5,7,0.3377,1
67,0,168.7,81.1,28.5,151,94,168,89,189,2,0,0,1,0,0,2,6.5,6,0.3711,1
20,0,174.1,70.8,23.4,104,84,178,54,215,0,6,0,0,0,1,3,8.3,6,0.0036,0
81,0,182.7,79.3,23.8,92,72,251,78,123,0,4,0,1,0,1,1,7.5,3,0.1319,0
61,1,165.9,68.2,24.8,113,80,236,87,235,0,2,0,1,0,0,2,7.0,10,0.1432,0
70,1,180.1,66.3,20.5,130,91,286,101,166,0,4,0,1,0,1,0,6.4,6,0.4327,1
41,0,165.6,59.5,21.7,152,64,254,54,142,1,1,0,0,0,0,1,6.8,10,0.1054,0
77,0,184.8,97.8,28.6,137,100,318,109,212,0,7,1,1,0,1,0,7.0,6,0.8935,2
20,0,176.5,50.8,16.3,150,82,296,50,161,0,0,0,1,0,0,2,5.9,5,0.0291,0
37,1,170.9,99.7,34.1,137,89,208,77,77,0,2,1,0,0,0,3,7.3,4,0.0327,0
63,0,171.6,70.7,24.0,136,86,134,68,243,1,2,0,1,0,0,2,7.1,10,0.1615,0
32,1,174.7,65.8,21.5,145,74,126,85,169,0,7,1,0,0,1,0,6.5,5,0.0172,0
42,0,179.0,90.6,28.3,165,100,294,50,108,1,1,1,0,0,1,3,6.5,7,0.5416,1
34,0,169.2,96.9,33.8,97,73,235,78,249,0,1,1,1,0,0,1,5.5,4,0.2149,0
26,0,175.9,94.7,30.6,167,80,315,100,205,0,1,0,1,0,1,3,8.3,9,0.5048,1
55,0,173.6,84.3,28.0,107,87,217,85,175,2,0,1,1,0,0,0,7.6,4,0.4118,1
65,1,168.9,90.7,31.8,173,85,237,81,247,0,3,0,1,0,0,2,7.3,9,0.4815,1
77,0,164.2,46.4,17.2,112,84,292,63,119,0,4,0,0,0,0,3,7.6,10,0.0716,0
80,0,175.7,70.0,22.7,158,109,227,81,152,1,0,1,0,0,0,3,4.0,9,0.8314,2
19,0,180.0,66.3,20.5,154,104,225,95,96,1,0,0,1,0,0,3,9.0,7,0.0338,0
28,0,176.3,96.5,31.0,135,90,266,58,146,1,4,0,0,0,1,2,4.0,7,0.1083,0
81,0,189.5,79.0,22.0,155,107,166,68,107,1,6,1,0,0,0,3,8.1,10,0.2012,0
38,0,183.7,94.6,28.0,169,65,172,60,90,0,2,0,0,0,0,2,7.1,1,0.0079,0
35,1,163.9,80.0,29.8,158,107,274,97,114,0,6,0,0,0,0,3,5.7,2,0.0258,0
81,1,166.2,60.1,21.8,111,63,252,100,220,0,4,0,0,0,0,3,7.1,3,0.0634,0
55,0,179.0,70.7,22.1,154,83,179,53,99,2,1,0,0,0,0,3,7.6,3,0.0285,0
49,0,180.0,99.4,30.7,101,81,196,90,164,2,2,0,0,0,0,1,6.4,3,0.0512,0
28,1,145.7,51.2,24.1,108,88,181,74,213,0,7,0,0,0,0,2,8.4,9,0.0027,0
62,0,173.0,78.4,26.2,111,78,178,66,121,0,6,1,0,1,1,1,5.2,2,0.1238,0
50,0,161.2,58.8,22.7,144,70,308,96,175,0,0,1,0,0,0,3,5.7,1,0.2714,0
58,0,188.8,79.7,22.4,151,88,175,57,110,1,4,0,1,0,1,3,5.5,1,0.0606,0
25,0,175.4,77.0,25.0,140,64,197,107,150,0,0,0,1,0,0,1,5.3,6,0.0513,0
28,1,162.1,59.3,22.6,137,77,166,94,93,1,6,0,0,0,0,2,7.2,7,0.0022,0
68,0,185.0,68.1,19.9,106,62,295,50,217,2,5,1,1,0,1,3,8.9,2,0.1866,0
58,1,168.2,78.4,27.7,102,82,257,51,172,2,0,1,0,0,0,3,8.0,2,0.1184,0
34,0,164.7,59.7,22.0,117,70,279,59,224,0,7,0,0,1,1,1,6.6,8,0.0655,0
63,0,175.3,65.5,21.3,156,80,312,76,71,2,4,1,0,0,0,3,8.7,7,0.2097,0
49,1,160.6,56.2,21.8,94,74,143,102,129,1,5,0,1,0,0,0,8.2,4,0.0074,0
71,0,158.6,68.1,27.1,149,78,148,76,120,0,5,0,0,0,0,3,6.2,7,0.0345,0
37,1,157.1,82.7,33.5,104,84,254,62,198,0,5,0,0,0,0,2,6.6,4,0.0116,0
50,0,174.2,99.7,32.9,170,94,214,60,160,1,0,0,1,0,0,2,7.3,5,0.3034,1
57,1,162.9,60.5,22.8,133,71,264,63,170,2,3,0,1,0,1,2,6.1,8,0.1752,0
49,0,161.2,102.8,39.6,135,106,213,81,183,0,3,0,0,0,0,3,5.8,4,0.1752,0
19,1,175.5,62.7,20.3,118,85,144,65,75,0,0,0,1,0,0,1,7.9,7,0.0029,0
50,0,175.0,93.7,30.6,157,107,155,109,235,0,2,0,0,1,1,1,8.2,2,0.5161,1
47,1,164.4,61.4,22.7,138,64,308,78,123,2,2,0,1,0,0,3,5.8,2,0.0563,0
50,0,180.0,66.9,20.7,132,78,190,87,96,2,7,0,0,0,0,3,7.4,9,0.0085,0
43,1,156.1,56.9,23.3,157,86,282,83,149,0,2,1,0,0,1,1,7.4,10,0.4748,1
39,0,180.6,79.5,24.4,166,97,239,75,132,0,2,1,1,0,1,2,5.7,8,0.4113,1
83,1,160.3,78.9,30.7,109,88,169,54,168,2,3,0,1,0,1,1,7.4,3,0.2686,0
55,0,167.0,83.6,30.0,107,71,303,68,160,1,6,1,1,0,0,2,7.6,7,0.1291,0
63,0,181.7,66.7,20.2,153,78,247,88,104,2,2,0,0,0,0,2,7.7,1,0.0577,0
32,0,190.9,70.6,19.4,138,68,312,77,127,2,4,0,1,0,0,2,6.6,4,0.0167,0
61,0,183.2,67.9,20.2,131,77,160,77,105,0,2,0,1,0,1,3,7.3,4,0.037,0
66,0,185.2,80.9,23.6,101,81,144,66,171,1,7,0,0,0,1,1,7.2,8,0.0435,0
78,1,158.8,66.2,26.3,178,62,281,86,161,0,4,0,1,0,0,2,7.1,4,0.2386,0
84,1,148.0,49.8,22.7,168,82,255,93,125,1,3,0,0,0,0,3,8.0,9,0.3839,1
23,0,190.9,89.5,24.6,125,89,175,68,136,1,4,1,0,0,0,3,5.8,10,0.0236,0
26,1,184.5,116.2,34.1,97,77,203,76,126,2,7,0,0,1,0,2,6.0,7,0.0083,0
23,1,179.4,72.1,22.4,117,83,277,99,238,2,5,0,0,0,0,1,5.7,10,0.0548,0
49,0,172.6,69.8,23.4,175,96,187,109,100,0,4,1,0,0,0,3,8.2,5,0.0714,0
58,1,152.5,74.6,32.1,149,96,140,61,200,0,0,0,0,0,0,3,7.0,8,0.1381,0
25,1,153.3,58.3,24.8,138,63,210,52,235,0,4,0,1,0,1,3,6.2,4,0.0138,0
67,1,147.2,73.6,34.0,127,87,129,107,121,2,7,0,0,0,0,2,8.5,10,0.0393,0
79,0,174.9,66.7,21.8,169,75,206,53,221,1,5,0,1,1,0,2,6.7,6,0.3399,1
79,1,180.1,107.5,33.2,147,72,152,96,223,2,0,0,0,0,0,3,4.4,5,0.4992,1
24,0,174.6,82.5,27.1,94,67,224,96,174,1,5,0,0,0,0,1,6.2,10,0.0134,0
21,0,179.0,70.2,21.9,135,107,202,60,180,0,2,0,0,0,0,3,7.1,3,0.0069,0
23,0,189.8,76.0,21.1,164,84,123,83,161,0,4,1,0,1,1,0,7.4,8,0.119,0
75,1,160.0,62.3,24.3,91,61,142,67,106,0,6,0,0,0,1,3,6.2,6,0.0082,0
39,1,184.4,102.8,30.2,178,89,316,84,186,1,4,0,0,0,0,2,6.5,4,0.16,0
43,1,183.9,62.9,18.6,114,94,172,67,245,2,1,0,0,0,1,2,6.4,1,0.031,0
20,0,174.7,67.3,22.1,90,62,232,95,136,0,2,1,1,0,0,0,7.7,10,0.0283,0
58,0,170.2,66.7,23.0,158,82,252,55,238,2,7,0,0,0,1,3,8.6,1,0.0984,0
77,0,183.0,81.3,24.3,129,88,137,83,118,0,4,0,0,0,0,0,6.1,3,0.0524,0
31,0,172.5,72.2,24.3,157,100,136,82,97,0,4,0,0,0,0,1,8.7,8,0.0116,0
29,0,164.4,49.8,18.4,158,89,305,57,101,0,1,0,0,0,0,2,7.2,8,0.0313,0
29,1,176.8,72.4,23.2,158,70,314,91,168,0,7,0,0,0,1,3,6.8,2,0.0181,0
30,1,176.2,76.6,24.7,105,80,226,69,140,2,0,0,0,0,0,0,6.6,1,0.0175,0
42,0,177.6,69.4,22.0,143,86,232,99,101,0,2,1,0,0,0,2,5.8,5,0.0716,0
62,0,163.4,82.0,30.7,152,83,241,69,235,0,7,1,1,0,1,2,5.9,1,0.3781,1
36,0,163.7,85.6,32.0,107,87,319,92,217,1,7,1,1,1,0,3,5.8,8,0.347,1
72,0,177.1,77.4,24.7,106,86,303,67,205,2,1,0,0,0,1,3,5.6,9,0.7035,2
62,1,159.0,73.0,28.9,171,60,287,76,137,1,2,0,0,0,0,1,7.4,2,0.2323,0
25,1,160.6,37.9,14.7,93,60,206,97,223,0,2,0,1,0,1,3,9.5,4,0.0054,0
70,1,174.2,70.8,23.3,98,67,121,54,139,0,0,0,1,0,0,3,6.0,6,0.0151,0
72,0,183.3,96.7,28.8,120,100,240,56,117,0,0,0,1,0,1,3,6.6,7,0.413,1
49,0,189.8,78.5,21.8,94,74,222,71,165,0,7,0,0,0,0,3,8.1,5,0.0033,0
68,0,166.1,62.0,22.5,105,85,268,83,177,2,3,0,1,0,1,3,5.7,1,0.2277,0
61,1,160.6,104.4,40.5,131,75,299,92,115,0,1,1,1,0,0,3,5.3,7,0.6378,1
35,1,171.6,103.1,35.0,130,86,271,62,136,0,7,0,1,0,0,2,4.6,7,0.0232,0
39,0,180.5,87.3,26.8,169,63,172,101,98,1,5,0,1,0,0,3,7.0,5,0.0162,0
54,0,191.3,102.7,28.1,173,78,285,81,152,2,1,1,1,1,0,2,6.2,2,0.6345,1
73,0,180.2,46.7,14.4,119,88,267,73,207,0,6,1,0,0,0,3,5.4,2,0.0763,0
76,1,182.5,69.4,20.8,115,95,169,109,140,0,2,0,1,0,1,1,6.1,9,0.2656,0
20,1,169.4,67.7,23.6,138,62,286,65,134,0,3,0,1,0,1,2,8.0,9,0.0241,0
45,1,174.6,73.8,24.2,120,70,179,63,214,0,3,1,1,0,0,3,6.4,4,0.022,0
52,1,160.8,63.0,24.4,139,67,233,88,91,0,6,0,1,0,0,2,7.9,4,0.0079,0
78,0,176.1,39.8,12.8,104,84,227,56,169,0,7,1,0,0,1,3,7.4,7,0.06,0
71,0,185.1,88.3,25.8,141,92,158,93,83,0,2,0,0,0,1,3,7.1,5,0.1188,0
80,0,192.1,94.2,25.5,127,67,190,61,75,0,0,0,0,0,0,1,6.9,1,0.0646,0
24,0,183.3,105.7,31.5,127,84,247,69,227,0,3,0,1,0,0,0,7.7,5,0.0726,0
66,1,163.2,59.8,22.4,149,83,152,82,116,2,1,0,0,0,0,3,7.3,4,0.0443,0
48,1,177.8,65.8,20.8,109,85,276,104,217,0,0,1,0,0,1,3,7.1,3,0.2364,0
75,0,154.1,26.8,11.3,176,85,193,55,213,2,4,0,0,0,0,2,4.6,1,0.0804,0
78,1,149.8,60.5,27.0,133,76,129,89,103,0,3,0,0,0,1,3,6.5,9,0.0998,0
41,0,182.8,94.9,28.4,178,86,314,76,70,1,2,0,0,1,0,3,5.0,4,0.2936,0
37,0,176.1,68.9,22.2,152,88,250,62,245,0,1,1,1,0,0,2,5.6,3,0.1957,0
54,0,182.1,113.2,34.1,139,102,228,54,77,0,6,1,0,0,1,3,8.1,8,0.1608,0
21,0,176.6,74.5,23.9,111,91,278,73,91,1,3,0,1,0,0,3,6.7,7,0.0108,0
37,0,181.7,83.1,25.2,161,68,146,59,137,1,2,1,1,0,0,2,8.9,6,0.0422,0
77,0,167.9,53.5,19.0,143,73,317,108,103,2,7,0,0,0,0,3,7.8,6,0.0977,0
41,0,181.7,85.2,25.8,98,64,146,95,242,1,7,0,0,0,0,2,6.1,2,0.0033,0
67,1,173.9,47.3,15.6,104,84,230,105,106,0,1,0,1,0,1,3,6.4,9,0.0978,0
66,0,188.2,94.5,26.7,137,89,128,81,190,0,3,0,0,0,0,2,7.7,1,0.0293,0
68,0,196.1,98.9,25.7,109,87,125,58,92,0,1,1,0,0,0,0,7.6,4,0.0723,0
53,0,178.4,99.6,31.3,124,104,253,98,153,0,4,0,1,0,0,0,8.1,4,0.1849,0
83,1,166.7,58.1,20.9,156,96,145,84,186,1,6,1,1,0,0,1,4.3,9,0.4376,1
51,0,160.8,72.8,28.2,149,67,162,93,93,0,7,1,0,0,0,3,5.0,3,0.0163,0
53,1,158.7,77.8,30.9,123,74,138,61,210,2,6,0,1,0,0,2,6.2,9,0.023,0
23,0,174.1,83.7,27.6,162,87,135,60,138,0,6,0,0,0,0,2,7.7,2,0.0018,0
56,1,174.5,64.3,21.1,143,95,224,103,149,0,1,1,0,0,0,3,7.9,1,0.0844,0
59,1,157.9,33.1,13.3,179,92,142,85,129,0,6,0,0,0,0,1,4.0,7,0.0224,0
75,0,184.0,87.2,25.8,101,65,276,57,107,0,6,1,0,0,0,3,5.8,2,0.0449,0
29,0,176.0,75.7,24.4,177,71,285,59,245,1,2,0,0,0,0,2,7.6,1,0.0718,0
20,0,174.2,68.6,22.6,108,66,178,63,223,2,3,1,0,0,1,2,5.7,9,0.0471,0
35,1,166.5,84.7,30.6,169,104,167,79,146,0,2,1,0,0,1,3,7.2,8,0.2031,0
57,0,172.1,75.4,25.5,115,87,267,50,154,1,4,1,1,0,1,3,7.5,3,0.192,0
38,0,171.7,56.1,19.0,112,66,140,61,198,1,5,0,1,0,0,2,6.3,2,0.0021,0
32,1,147.0,34.5,16.0,122,100,275,54,73,2,0,0,0,0,1,3,7.0,1,0.0151,0
43,0,173.5,59.8,19.9,146,60,297,63,183,0,1,0,0,0,0,0,6.8,10,0.18,0
25,1,159.2,105.5,41.6,119,83,152,85,149,0,2,0,0,0,0,3,7.5,4,0.0105,0
59,1,158.8,80.3,31.8,112,92,233,109,178,0,5,0,1,0,0,3,6.7,6,0.0653,0
61,0,180.2,82.9,25.5,163,78,159,66,210,0,3,1,1,0,0,2,4.7,2,0.1616,0
31,0,182.6,78.6,23.6,125,91,301,107,236,0,3,0,0,0,0,3,7.6,6,0.06,0
19,0,178.3,75.5,23.7,175,89,129,71,100,0,0,0,0,0,0,3,6.9,5,0.0073,0
54,1,174.0,94.5,31.2,132,60,281,80,221,1,3,1,1,1,1,2,7.6,1,0.5488,1
55,1,169.8,67.5,23.4,155,91,192,75,197,0,6,0,0,0,0,2,5.9,10,0.0544,0
58,1,161.0,79.2,30.5,142,79,155,62,148,1,4,1,1,1,0,3,6.6,7,0.164,0
79,1,159.4,64.5,25.4,176,80,194,52,74,1,0,1,1,0,0,3,6.3,7,0.4261,1
77,1,167.1,102.7,36.8,149,78,254,92,196,2,4,1,1,0,0,2,8.0,5,0.6634,2
31,0,181.7,92.0,27.9,126,89,234,60,246,0,7,0,0,0,0,2,7.8,4,0.0088,0
19,0,190.0,103.7,28.7,150,109,135,54,155,0,1,1,1,0,0,3,8.8,2,0.0182,0
34,1,175.9,69.2,22.4,142,87,298,87,155,0,7,0,0,0,0,2,6.8,7,0.0112,0
45,0,170.6,91.2,31.3,101,81,308,53,208,0,4,0,1,0,1,2,5.4,8,0.2202,0
83,0,175.0,72.8,23.8,124,89,278,81,93,1,1,1,1,0,0,1,5.7,9,0.7927,2
52,1,170.7,77.0,26.4,156,82,279,59,114,0,4,0,0,0,0,2,8.0,6,0.0386,0
22,0,186.7,107.9,31.0,127,86,164,59,180,0,0,0,0,0,1,2,8.5,2,0.0224,0
82,1,173.4,61.1,20.3,113,93,146,93,103,0,1,0,0,0,0,2,5.4,1,0.0315,0
57,1,163.4,74.7,28.0,170,85,141,103,208,0,5,0,0,0,0,2,6.4,2,0.0313,0
73,0,163.5,78.3,29.3,129,62,262,104,226,2,4,0,1,0,0,3,5.6,3,0.3413,1
53,1,154.0,74.8,31.5,154,90,127,67,219,2,4,1,1,0,0,1,9.3,1,0.1219,0
62,0,178.7,72.6,22.7,146,61,315,96,230,0,7,0,0,0,0,1,7.4,5,0.126,0
40,0,179.4,111.0,34.5,161,69,235,104,191,0,3,1,0,0,1,3,5.9,7,0.5328,1
64,0,165.0,53.1,19.5,168,97,255,72,246,2,7,0,0,0,0,2,5.8,9,0.2597,0
48,0,176.4,100.1,32.2,134,78,206,67,178,2,6,0,0,0,0,2,8.7,6,0.0325,0
28,0,182.3,99.4,29.9,178,90,236,84,92,2,4,1,1,1,1,3,7.7,8,0.4032,1
27,0,164.5,100.8,37.2,161,88,135,52,98,0,3,0,0,0,1,2,7.0,2,0.0167,0
84,0,187.0,59.7,17.1,102,82,295,50,75,0,4,0,1,0,0,1,6.4,5,0.0571,0
31,0,172.2,63.1,21.3,168,91,281,66,121,0,2,0,1,0,0,2,6.5,9,0.0576,0
27,1,176.6,100.7,32.3,95,75,232,91,158,2,7,0,1,0,1,2,5.3,7,0.0209,0
18,1,158.7,41.2,16.4,160,104,176,108,158,2,3,0,0,0,1,3,6.1,7,0.0213,0
22,0,165.7,48.8,17.8,136,108,252,55,191,0,0,0,1,0,0,1,6.4,3,0.0301,0
37,0,171.4,68.4,23.3,133,82,163,106,211,0,0,0,1,0,0,2,6.8,3,0.0308,0
25,0,175.0,80.4,26.2,121,77,190,106,86,1,1,0,1,0,0,0,6.9,2,0.0193,0
60,0,172.1,99.9,33.7,92,70,156,60,97,1,5,1,0,0,0,3,8.1,9,0.0312,0
18,1,161.8,68.1,26.0,143,79,243,63,78,1,7,0,0,0,1,3,6.1,4,0.0039,0
74,1,167.3,64.5,23.1,173,72,147,98,184,1,5,1,1,0,0,2,8.6,9,0.2585,0
81,0,174.3,81.8,26.9,167,83,187,77,193,0,7,0,0,0,0,2,6.8,4,0.0923,0
45,0,175.3,84.7,27.6,127,102,232,88,73,0,0,1,0,0,0,3,7.4,8,0.1277,0
54,0,158.9,76.1,30.1,93,73,285,103,217,1,1,0,0,0,0,1,8.2,1,0.1767,0
64,1,167.9,71.3,25.3,168,101,165,85,238,1,7,0,0,0,0,3,7.6,1,0.0466,0
54,0,175.1,48.2,15.7,106,86,219,60,105,0,0,0,0,0,0,3,7.9,6,0.0138,0
66,1,180.1,66.3,20.4,126,94,145,100,203,0,3,0,0,0,1,3,6.3,6,0.0772,0
61,1,154.6,88.6,37.1,177,80,194,90,134,1,2,1,0,0,1,0,6.8,7,0.8478,2
73,0,157.9,71.8,28.8,125,65,300,107,247,0,1,0,0,0,0,1,7.8,7,0.6395,1
45,1,170.2,70.3,24.3,147,66,310,102,72,0,2,0,1,0,1,2,7.9,10,0.158,0
23,1,167.5,90.5,32.3,130,88,231,89,106,1,4,1,0,0,0,0,7.2,3,0.0419,0
78,1,153.9,50.0,21.1,97,77,182,101,178,1,7,0,1,1,0,3,7.8,9,0.0617,0
37,0,160.7,67.0,25.9,156,64,231,53,72,1,7,0,0,0,1,3,6.0,9,0.0282,0
19,0,191.4,87.8,24.0,119,81,285,97,230,0,4,0,1,0,0,3,7.8,3,0.0133,0
54,1,178.1,72.4,22.8,175,68,262,55,212,0,2,0,0,1,0,2,8.1,7,0.2079,0
37,1,139.1,61.1,31.6,141,91,218,87,125,0,3,0,0,0,0,3,7.0,4,0.0189,0
43,1,159.4,66.9,26.3,114,69,128,68,130,1,2,1,1,0,1,1,7.2,6,0.063,0
46,1,180.6,59.3,18.2,141,105,194,80,137,1,2,0,0,0,0,0,4.5,6,0.0844,0
18,1,159.2,72.3,28.5,148,102,141,51,148,0,2,0,0,0,0,1,8.7,5,0.0073,0
52,1,159.1,49.6,19.6,119,99,317,92,140,0,1,1,0,0,0,0,7.4,6,0.2939,0
76,0,173.2,79.1,26.4,156,87,303,74,180,0,6,1,0,0,0,2,7.7,7,0.4242,1
50,1,152.8,87.0,37.3,93,70,156,99,92,0,1,0,1,0,0,2,7.4,2,0.0119,0
68,1,147.0,59.3,27.4,146,66,176,90,83,0,6,0,1,0,0,3,7.5,7,0.0194,0
29,1,174.5,59.7,19.6,152,89,307,109,203,1,2,0,0,0,0,1,7.5,7,0.1332,0
37,1,145.6,60.9,28.7,121,101,233,97,102,1,5,1,0,0,0,1,8.8,7,0.0573,0
70,0,178.5,66.8,21.0,176,104,259,60,78,1,3,1,0,0,1,3,10.0,10,0.6526,2
60,1,172.9,85.4,28.6,172,97,254,95,209,2,7,0,0,0,0,2,8.3,5,0.1547,0
67,1,149.5,62.5,28.0,168,93,313,89,186,0,4,1,0,1,0,0,8.5,3,0.7894,2
46,0,166.8,99.0,35.6,140,105,222,108,164,2,4,0,1,1,0,3,6.5,5,0.278,0
74,0,188.1,101.5,28.7,152,87,160,94,248,0,7,1,0,0,0,3,6.7,1,0.1238,0
56,0,181.3,78.4,23.8,169,91,271,91,72,0,4,1,1,1,0,1,7.4,5,0.3677,1
73,0,169.8,85.6,29.7,176,75,272,104,115,0,7,1,0,0,1,1,7.6,3,0.5426,1
60,0,188.0,78.1,22.1,90,70,309,93,105,0,0,1,1,0,1,2,7.4,7,0.316,1
67,0,188.1,84.5,23.9,108,60,224,70,210,0,3,0,1,0,0,2,5.8,4,0.0619,0
40,1,166.7,67.9,24.4,124,93,225,52,82,0,1,0,0,0,1,3,6.5,6,0.025,0
61,1,155.0,79.0,32.9,152,100,163,51,154,0,4,0,1,1,1,2,6.6,6,0.2355,0
55,1,159.9,91.4,35.8,170,82,249,60,231,2,1,1,0,0,1,2,7.6,4,0.772,2
40,1,166.9,85.4,30.7,115,95,289,73,112,0,1,1,0,0,1,2,6.6,1,0.1166,0
62,0,174.1,90.9,30.0,102,79,280,99,197,0,1,0,0,0,0,2,6.8,3,0.143,0
69,0,185.4,96.5,28.1,175,77,264,73,225,2,5,0,0,0,0,0,6.7,3,0.4855,1
67,1,148.7,72.6,32.8,112,77,241,70,116,1,1,0,0,0,1,2,7.8,6,0.2479,0
25,0,161.1,53.4,20.6,124,101,310,74,232,0,2,0,0,0,0,2,8.4,10,0.0629,0
18,1,165.8,98.4,35.8,101,81,269,53,88,0,1,0,0,0,0,3,6.0,8,0.0094,0
25,1,159.1,96.6,38.2,98,78,120,89,152,1,0,1,0,0,0,2,7.9,2,0.0161,0
46,0,169.7,71.4,24.8,167,67,213,92,166,0,1,0,1,0,1,2,5.9,6,0.2659,0
22,1,146.3,57.6,26.9,156,93,317,96,248,0,4,0,1,0,0,2,7.8,7,0.0856,0
64,0,176.2,87.3,28.1,133,109,301,72,168,0,1,0,0,0,0,3,5.5,3,0.3403,1
51,0,175.5,86.0,27.9,150,70,133,109,217,1,4,1,1,0,0,3,8.7,1,0.0773,0
82,1,170.5,72.2,24.8,110,90,219,73,98,0,1,0,1,0,0,2,6.7,2,0.0596,0
72,0,176.7,59.6,19.1,96,76,221,70,197,0,3,0,0,0,0,3,7.3,5,0.0303,0
60,1,162.7,75.9,28.7,100,69,172,51,141,0,2,0,0,0,1,3,7.1,1,0.0166,0
47,0,187.8,92.2,26.1,134,67,125,72,134,1,4,0,1,0,1,1,8.6,4,0.0342,0
34,1,150.9,76.3,33.5,121,101,209,100,107,1,0,1,1,1,1,2,6.2,6,0.4239,1
43,1,169.4,79.9,27.9,175,67,183,64,246,1,1,1,1,0,0,3,6.9,1,0.1547,0
25,1,147.3,59.6,27.5,172,78,207,107,193,0,4,1,0,0,0,2,7.2,6,0.0461,0
64,0,167.6,88.7,31.6,125,60,152,75,163,2,5,0,1,0,1,2,8.2,8,0.1111,0
63,0,163.9,72.9,27.2,126,62,191,75,225,0,6,0,0,0,1,1,6.1,1,0.0608,0
50,1,171.8,68.9,23.4,164,103,163,77,102,0,7,0,1,0,1,2,4.4,8,0.0403,0
18,0,175.3,75.0,24.4,130,91,226,108,82,2,7,0,1,0,0,3,5.6,8,0.0069,0
36,1,163.9,45.7,17.0,166,107,153,75,241,2,2,1,0,0,0,0,7.9,2,0.1039,0
48,1,152.9,63.7,27.2,138,75,281,94,170,1,5,0,1,1,1,0,7.1,3,0.3764,1
31,1,161.0,80.8,31.2,104,84,271,51,249,2,1,0,1,0,0,0,6.9,6,0.1514,0
70,1,156.4,73.3,30.0,102,82,121,84,196,0,2,0,0,0,0,1,6.0,8,0.1049,0
65,0,179.8,102.7,31.8,142,87,255,81,146,0,0,1,0,0,1,1,7.1,5,0.7815,2
79,1,154.1,63.1,26.6,122,87,236,79,190,0,4,1,1,0,1,3,7.6,9,0.5451,1
83,1,177.3,86.0,27.3,161,75,272,95,238,0,0,0,1,0,0,1,6.9,4,0.7589,2
81,0,159.2,81.5,32.1,121,100,240,69,118,1,2,0,1,0,0,3,8.6,4,0.3027,1
80,1,155.9,103.1,42.4,137,92,151,107,179,0,3,0,0,0,1,1,8.0,8,0.6994,2
50,0,192.8,88.6,23.8,157,84,175,62,204,2,7,0,0,1,0,2,6.8,5,0.038,0
58,0,171.6,60.2,20.4,146,77,213,76,105,0,3,1,0,0,1,2,7.8,8,0.1491,0
65,0,162.9,84.1,31.7,151,85,126,72,162,0,5,0,1,0,1,2,7.1,1,0.0653,0
30,1,166.2,101.1,36.6,171,65,295,107,223,0,6,1,1,0,1,3,7.4,10,0.4842,1
48,0,171.2,70.8,24.1,176,97,207,65,224,2,4,1,1,0,0,1,6.7,5,0.3381,1
21,1,155.6,80.4,33.2,91,71,301,80,93,1,7,1,1,0,0,2,7.2,8,0.0106,0
36,1,153.0,85.0,36.3,166,62,310,61,150,1,7,0,0,1,0,3,5.2,8,0.1521,0
30,0,203.7,107.1,25.8,105,85,249,82,230,1,7,1,0,0,0,3,6.0,7,0.0263,0
40,0,173.5,78.6,26.1,97,65,154,87,167,1,1,0,1,1,0,3,8.4,3,0.0213,0
18,1,144.7,51.9,24.8,108,73,217,94,215,2,5,0,1,0,0,0,6.6,10,0.0204,0
71,0,190.9,84.2,23.1,121,77,141,81,174,0,0,0,0,0,0,3,5.7,10,0.1413,0
32,1,170.1,81.9,28.3,156,75,311,103,74,0,3,0,0,0,0,3,9.0,7,0.0336,0
82,0,168.3,87.8,31.0,121,83,178,105,198,0,7,1,0,0,0,0,6.6,3,0.2645,0
32,0,166.7,78.3,28.2,174,72,296,51,140,2,3,0,0,0,0,2,7.6,6,0.0683,0
38,1,170.7,69.7,23.9,114,60,171,99,191,2,1,0,0,0,0,3,6.4,9,0.021,0
36,0,173.5,85.1,28.3,142,97,268,98,72,1,0,0,0,0,1,1,8.1,8,0.3456,1
77,0,156.7,81.3,33.1,170,73,259,100,105,0,2,1,1,0,0,3,7.0,4,0.6014,1
50,0,193.9,92.6,24.6,114,76,130,72,232,0,5,1,0,0,0,1,5.0,5,0.0402,0
66,0,171.7,63.3,21.5,122,72,301,81,248,0,3,0,1,0,0,3,9.5,4,0.1522,0
52,1,179.0,76.8,24.0,120,72,241,64,190,0,4,0,0,0,0,2,6.3,6,0.0179,0
61,1,176.8,92.6,29.6,125,68,317,89,209,0,4,0,0,0,0,0,6.6,8,0.3192,1
28,0,166.0,52.2,19.0,176,65,133,104,84,0,2,0,0,0,0,0,5.5,6,0.0177,0
83,1,174.3,45.8,15.1,178,65,152,90,201,2,7,1,0,0,1,3,4.8,5,0.2646,0
63,1,157.5,91.4,36.8,138,89,221,89,85,0,1,1,0,0,0,0,8.3,9,0.5528,1
26,0,157.3,76.3,30.8,133,96,196,57,203,2,1,1,0,0,1,1,7.2,7,0.3146,1
20,0,171.8,85.0,28.8,137,105,145,92,132,1,5,0,0,0,1,2,4.7,10,0.0358,0
43,1,168.0,57.8,20.5,119,73,261,99,92,0,3,1,0,1,0,1,6.5,3,0.044,0
65,1,159.4,80.7,31.8,102,63,295,98,146,0,7,0,0,1,0,1,7.5,10,0.1463,0
83,1,160.9,74.6,28.8,132,93,184,71,241,2,7,0,0,1,0,3,7.7,2,0.1502,0
45,1,175.4,54.0,17.5,105,61,165,104,70,1,5,1,1,0,1,1,5.9,5,0.0214,0
43,0,177.1,99.9,31.9,115,76,246,87,145,0,3,0,1,0,0,0,6.4,5,0.0823,0
42,1,155.6,70.2,29.0,164,101,302,104,96,0,3,0,0,0,0,3,6.2,6,0.093,0
29,0,183.0,75.6,22.6,136,73,213,105,94,1,7,0,1,0,1,3,6.5,1,0.006,0
22,1,166.0,67.3,24.4,126,76,193,83,155,0,2,0,0,0,0,3,7.3,5,0.0042,0
65,0,150.8,35.2,15.5,92,72,247,50,131,0,2,0,0,0,0,2,8.0,7,0.0144,0
54,0,180.3,89.0,27.4,115,95,193,59,215,1,7,0,0,0,0,2,7.3,9,0.0322,0
61,0,179.9,83.9,25.9,104,84,315,89,162,1,3,1,1,0,0,3,7.3,3,0.2349,0
32,1,164.2,69.2,25.7,155,66,259,65,99,0,1,0,0,0,0,3,6.8,7,0.0194,0
60,0,184.9,101.6,29.7,117,68,301,73,227,2,0,0,0,0,0,2,5.6,7,0.486,1
65,0,169.3,53.9,18.8,173,105,311,95,153,1,3,0,0,0,0,3,6.8,7,0.3949,1
63,0,179.4,70.7,22.0,127,82,221,73,244,2,1,0,0,0,0,3,6.5,4,0.1432,0
60,0,160.3,57.4,22.3,133,95,166,97,219,0,1,0,1,0,1,3,6.2,3,0.1786,0
38,1,168.1,69.9,24.7,142,73,284,63,194,0,4,0,1,0,0,3,7.0,1,0.0158,0
40,1,183.5,82.8,24.6,169,79,288,75,239,0,5,0,0,0,0,2,5.1,6,0.0873,0
64,0,166.1,79.5,28.8,93,73,146,88,103,0,0,0,1,0,0,3,6.4,4,0.0245,0
32,0,168.4,69.0,24.3,161,91,289,67,73,2,3,1,1,0,1,2,6.2,8,0.2306,0
42,1,156.9,55.3,22.5,133,84,205,69,100,2,6,0,1,1,0,3,6.0,6,0.0178,0
53,0,177.3,103.9,33.1,135,89,187,90,120,1,0,1,0,0,0,1,7.7,6,0.3752,1
68,0,165.4,108.9,39.8,173,108,276,105,119,0,3,0,0,0,1,3,7.1,8,0.8244,2
32,0,180.2,82.3,25.3,115,86,283,85,83,1,7,0,1,0,1,1,7.6,5,0.0271,0
38,0,184.5,70.9,20.8,102,82,228,73,77,0,6,1,1,0,0,3,7.5,8,0.0063,0
30,0,181.3,102.8,31.3,158,105,176,75,170,0,5,0,0,0,0,0,5.8,1,0.0386,0
36,1,146.3,41.5,19.4,133,90,259,78,138,0,0,0,0,0,1,3,8.3,10,0.0865,0
51,1,174.0,72.0,23.8,142,104,292,97,205,0,0,0,0,0,0,1,6.4,2,0.2373,0
69,1,173.4,66.2,22.0,140,85,267,71,208,0,1,1,0,0,0,3,8.4,8,0.3899,1
44,0,184.3,64.8,19.1,102,73,164,60,98,0,6,0,0,0,1,2,6.5,1,0.0014,0
46,0,179.7,75.7,23.4,130,107,142,90,236,0,0,0,0,1,0,3,5.5,5,0.1541,0
45,0,178.2,66.1,20.8,100,80,309,98,210,1,0,0,0,0,0,3,5.7,5,0.1514,0
52,1,174.3,77.4,25.5,126,87,153,103,133,0,5,0,0,0,0,3,8.1,2,0.0054,0
25,1,183.2,82.0,24.4,149,74,140,60,118,1,7,1,0,0,1,1,7.7,2,0.007,0
33,1,154.5,57.9,24.3,121,89,298,101,88,0,6,0,0,0,0,0,6.1,1,0.0088,0
53,0,186.8,77.8,22.3,134,84,256,52,196,0,7,0,0,0,1,3,7.3,4,0.0343,0
47,0,175.1,74.1,24.2,107,70,232,70,152,1,3,0,0,0,0,1,8.2,6,0.0319,0
35,0,174.7,89.5,29.3,168,103,129,107,165,0,1,0,0,0,0,3,9.0,3,0.0392,0
19,1,148.6,62.1,28.1,109,70,171,60,184,0,0,0,0,0,0,1,7.2,10,0.0124,0
66,1,161.2,82.9,31.9,133,87,164,57,172,2,1,1,1,0,0,2,7.4,4,0.222,0
21,1,154.0,75.8,32.0,125,64,299,80,249,0,7,0,1,0,0,3,6.8,8,0.0174,0
24,1,159.4,78.3,30.8,158,87,149,108,186,2,1,1,0,1,0,3,7.0,2,0.0987,0
56,0,165.0,93.3,34.3,126,67,311,59,147,0,2,0,0,0,0,0,7.7,9,0.3619,1
30,1,159.5,53.0,20.8,122,85,249,55,140,0,3,1,0,0,0,2,5.7,10,0.0266,0
48,1,159.9,62.9,24.6,171,65,296,66,89,1,7,0,1,1,0,3,7.8,6,0.0508,0
80,0,177.0,104.9,33.5,108,88,215,87,165,0,2,1,0,0,0,0,6.5,9,0.6879,2
73,0,159.9,66.1,25.9,140,107,292,56,179,0,1,0,1,0,0,1,6.1,1,0.405,1
59,0,161.5,28.5,10.9,121,91,136,81,164,0,5,0,1,1,0,3,6.1,4,0.0084,0
78,0,179.6,76.8,23.8,111,71,147,62,155,0,5,1,1,0,0,1,9.3,7,0.0772,0
59,0,168.0,76.0,26.9,90,65,245,55,202,1,0,1,1,0,0,2,8.6,10,0.2902,0
73,1,174.7,38.1,12.5,143,72,164,52,164,1,7,0,1,0,0,2,6.0,9,0.0199,0
53,0,178.3,99.1,31.2,178,98,136,76,148,2,6,0,0,0,0,3,7.3,1,0.0296,0
24,0,182.1,70.3,21.2,109,89,306,106,214,0,3,0,1,0,0,3,7.3,1,0.0151,0
71,0,190.1,90.0,24.9,147,103,261,94,106,1,4,1,0,0,0,2,9.1,3,0.2679,0
18,1,160.9,67.1,25.9,124,93,235,91,88,0,3,0,0,0,1,2,6.5,6,0.0099,0
61,1,158.3,49.8,19.9,159,82,257,75,207,1,2,0,0,0,1,3,4.3,5,0.3862,1
62,0,184.7,66.3,19.4,159,100,200,53,113,2,6,1,1,0,0,1,6.9,5,0.0978,0
64,1,169.1,60.5,21.2,150,104,137,86,246,0,3,0,1,0,0,3,6.7,9,0.1083,0
30,1,162.1,87.3,33.2,152,76,154,70,158,2,0,0,0,0,1,0,7.5,3,0.1315,0
39,0,189.9,82.7,22.9,150,104,295,100,106,1,3,0,1,0,1,0,8.0,5,0.3551,1
38,0,173.9,69.1,22.9,146,107,177,77,127,1,4,0,0,0,0,3,8.4,7,0.0191,0
26,1,164.3,58.1,21.5,92,60,234,67,197,1,5,0,0,0,1,2,8.3,2,0.0035,0
43,1,164.2,90.0,33.4,134,66,137,105,212,1,6,0,0,0,0,2,7.8,7,0.019,0
26,1,154.7,89.3,37.3,104,72,299,81,217,2,7,0,0,0,0,1,8.3,1,0.0173,0
32,1,164.8,90.2,33.2,106,73,277,88,210,1,2,0,0,1,0,2,5.4,7,0.1613,0
27,1,178.0,86.4,27.3,104,76,156,102,217,0,2,0,1,0,0,3,6.7,2,0.0051,0
59,1,168.4,78.6,27.7,94,74,159,82,112,1,7,0,0,0,0,3,7.0,7,0.0048,0
41,0,176.3,59.9,19.3,175,107,125,75,238,0,1,0,0,0,0,0,7.5,3,0.0848,0
66,0,174.4,73.5,24.2,135,106,198,66,117,2,6,0,0,0,1,0,6.2,5,0.1693,0
43,0,179.3,69.4,21.6,100,80,282,105,125,2,2,0,1,1,1,2,6.2,9,0.2204,0
54,1,171.5,48.4,16.4,153,93,273,101,180,0,4,0,1,0,0,3,6.6,1,0.0349,0
67,1,170.1,90.9,31.4,103,83,224,78,241,1,4,0,1,0,0,3,7.5,6,0.1355,0
41,1,160.7,59.9,23.2,128,84,210,69,244,2,5,0,0,0,0,3,4.0,7,0.0313,0
36,0,179.2,97.6,30.4,156,103,277,79,247,0,7,1,0,0,0,1,7.0,10,0.3079,1
77,1,168.8,87.6,30.8,144,94,194,106,101,0,2,0,0,0,1,3,6.1,9,0.4009,1
56,0,165.9,81.3,29.5,131,68,235,99,123,0,5,0,0,0,0,3,6.0,4,0.0379,0
35,0,177.7,88.0,27.9,164,65,271,54,236,1,3,0,1,0,0,3,7.4,9,0.1563,0
36,1,142.4,52.0,25.6,94,74,241,103,130,0,4,0,0,0,1,1,7.2,1,0.0115,0
53,1,168.8,102.3,35.9,141,97,174,55,179,1,2,0,1,0,1,1,7.2,4,0.3117,1
72,1,170.6,75.9,26.1,111,91,128,91,180,0,2,0,1,1,0,2,7.2,6,0.0939,0
64,0,183.5,86.3,25.6,166,86,225,109,169,0,3,0,0,0,1,2,8.7,7,0.3899,1
66,0,172.0,66.3,22.4,133,99,181,100,216,0,5,1,0,0,1,2,8.4,1,0.1617,0
50,0,179.1,65.6,20.4,174,90,230,59,138,0,6,1,0,0,0,3,5.3,1,0.0388,0
38,0,190.2,92.3,25.5,148,62,265,55,219,0,2,0,0,1,0,3,6.4,9,0.127,0
39,1,178.1,82.3,25.9,114,83,170,59,232,0,0,0,1,0,0,0,6.6,7,0.0658,0
65,1,163.7,60.0,22.4,110,74,222,91,207,1,1,1,0,1,1,3,5.2,9,0.7063,2
54,1,165.4,51.1,18.7,153,65,138,70,212,0,4,0,1,0,0,1,10.0,5,0.0183,0
32,0,187.1,64.5,18.4,157,70,188,93,71,1,3,0,0,0,0,3,7.1,9,0.0098,0
52,1,149.0,82.4,37.1,136,89,236,105,219,0,3,0,0,0,0,1,5.6,5,0.3204,1
49,0,172.8,67.2,22.5,124,94,201,53,181,0,1,0,1,0,0,3,8.3,6,0.0395,0
28,1,177.4,73.6,23.4,176,107,242,62,168,0,0,0,0,0,1,2,7.2,8,0.1612,0
27,0,185.8,104.6,30.3,96,76,152,107,172,1,7,0,0,0,0,2,6.1,9,0.0042,0
74,0,179.7,63.0,19.5,145,102,227,59,81,0,1,0,0,0,1,2,7.8,10,0.2807,0
42,0,160.9,59.6,23.0,141,99,285,65,194,0,7,1,0,0,0,2,8.1,3,0.0361,0
19,1,163.5,60.2,22.5,135,88,132,68,114,2,2,0,1,0,1,1,7.8,2,0.0076,0
81,0,170.1,99.3,34.3,98,78,296,55,217,1,6,0,1,0,0,3,7.7,5,0.2464,0
52,0,179.3,109.6,34.1,147,101,192,75,248,0,5,0,0,0,0,3,6.2,6,0.1106,0
24,1,155.9,79.2,32.6,112,92,209,58,76,1,3,0,0,0,1,3,5.0,8,0.0247,0
35,0,165.7,84.6,30.8,92,62,300,95,221,1,5,0,0,1,0,2,5.6,4,0.0719,0
84,0,155.4,59.0,24.4,150,85,248,105,136,1,5,0,0,0,0,3,6.4,1,0.1581,0
59,0,188.2,113.3,32.0,98,73,131,59,139,0,5,0,0,0,1,3,4.9,4,0.0202,0
56,0,172.0,80.0,27.0,142,78,271,89,166,0,6,0,0,0,0,3,9.2,10,0.0841,0
58,1,165.6,85.6,31.2,157,80,248,52,122,1,5,1,1,0,1,0,5.8,8,0.6756,2
41,1,164.0,70.4,26.2,138,80,187,98,231,0,2,0,1,0,0,2,6.8,2,0.028,0
77,0,165.3,68.6,25.1,178,68,254,68,230,2,6,0,0,0,1,0,7.2,10,0.8036,2
63,1,151.4,90.7,39.5,159,72,235,84,162,0,3,1,0,0,0,2,8.3,8,0.4451,1
36,0,165.9,81.1,29.4,137,100,211,95,220,0,5,0,0,0,1,3,7.6,4,0.0663,0
59,0,168.8,96.2,33.8,171,103,316,109,127,2,3,1,0,0,0,3,7.2,2,0.6415,1
49,0,179.7,83.7,25.9,96,76,158,55,138,0,6,1,1,0,0,3,9.8,4,0.0055,0
56,0,168.0,61.3,21.7,120,96,151,78,237,0,5,0,0,0,1,2,8.9,1,0.0251,0
53,0,193.5,78.0,20.8,145,97,296,68,116,1,2,0,0,0,0,0,7.5,10,0.3208,1
53,1,174.3,78.7,25.9,150,104,278,99,112,0,1,1,0,0,0,1,7.3,7,0.389,1
20,1,172.1,66.6,22.5,94,74,227,93,239,1,5,0,1,0,0,3,6.8,3,0.0034,0
25,0,174.8,60.8,19.9,119,83,198,64,131,0,4,0,0,0,1,1,7.9,4,0.0069,0
58,1,179.1,97.6,30.4,111,91,122,106,124,0,7,0,1,0,0,1,6.6,3,0.0082,0
30,1,161.8,62.7,24.0,106,86,229,87,176,0,4,0,0,0,0,2,6.1,8,0.0071,0
66,1,163.7,73.9,27.6,99,70,294,70,118,1,1,0,1,0,1,0,8.7,3,0.341,1
77,1,165.7,77.3,28.2,160,88,230,93,175,0,0,0,0,0,0,2,6.1,7,0.4507,1
19,0,183.0,72.7,21.7,157,104,134,100,246,0,6,0,1,0,1,3,7.0,2,0.0115,0
77,1,170.4,96.9,33.4,131,103,170,88,147,1,1,1,1,0,0,0,6.5,10,0.8027,2
22,1,159.2,52.9,20.8,116,96,226,72,188,2,1,1,0,0,0,3,6.9,9,0.0374,0
61,1,158.7,73.3,29.1,96,76,140,69,230,1,1,0,0,0,0,3,7.2,6,0.0451,0
44,0,182.4,84.9,25.5,112,92,160,91,97,0,4,0,0,0,0,2,7.0,3,0.0041,0
49,0,183.2,80.8,24.1,164,76,239,99,126,0,7,0,1,0,1,3,5.9,8,0.1095,0
38,1,160.1,50.6,19.7,97,77,122,51,238,1,3,0,1,0,0,1,6.5,8,0.0084,0
25,0,160.1,83.1,32.4,97,77,248,94,189,2,7,0,1,0,0,3,7.8,6,0.0105,0
67,0,173.9,88.1,29.1,94,74,268,81,189,2,0,0,1,0,0,3,7.3,4,0.2248,0
84,1,170.2,65.0,22.4,160,71,199,96,73,2,6,0,0,0,0,3,7.5,3,0.0378,0
61,0,194.1,97.6,25.9,175,77,218,77,89,1,0,0,0,0,0,1,8.1,9,0.3615,1
75,1,152.0,71.6,31.0,91,68,268,105,186,0,7,0,0,0,0,3,7.6,5,0.041,0
20,1,159.7,50.7,19.9,177,62,224,53,158,1,0,1,0,0,1,3,6.3,4,0.068,0
19,1,160.1,57.2,22.3,140,69,214,56,232,1,2,0,0,1,0,3,7.4,9,0.0298,0
61,0,189.6,101.9,28.3,155,102,296,52,122,2,5,0,1,0,1,0,7.4,7,0.5996,1
19,0,175.7,82.5,26.7,101,61,184,74,108,2,1,1,1,0,1,0,5.1,3,0.0566,0
52,1,154.9,59.0,24.6,136,67,160,97,122,0,3,1,1,0,0,2,5.0,6,0.0438,0
47,1,169.6,61.9,21.5,144,102,186,107,190,1,3,0,0,0,0,3,7.5,8,0.0602,0
25,1,160.0,62.2,24.3,115,77,243,58,155,0,2,0,0,0,0,0,6.3,5,0.0123,0
39,0,163.8,65.2,24.3,134,98,161,72,168,0,4,0,0,0,1,3,6.4,2,0.0158,0
61,0,167.1,60.8,21.8,151,90,188,72,187,0,2,0,0,1,1,2,7.3,8,0.3385,1
75,1,181.3,54.5,16.6,159,73,304,98,161,2,2,0,0,0,1,2,7.0,2,0.3566,1
53,0,179.8,97.0,30.0,176,98,290,75,207,2,1,0,0,0,1,2,6.9,1,0.6285,1
48,1,165.1,87.1,32.0,91,71,220,89,182,1,4,0,0,0,0,3,8.8,5,0.0198,0
64,0,173.5,57.7,19.2,115,88,259,67,152,0,5,0,1,1,0,1,6.7,5,0.0823,0
72,0,178.9,81.5,25.5,103,83,183,73,134,0,5,0,0,0,1,1,7.3,1,0.0412,0
79,0,178.8,65.9,20.6,171,92,227,76,70,1,2,0,0,0,0,2,6.3,6,0.2007,0
47,0,178.9,75.5,23.6,146,94,170,94,243,0,5,0,1,0,0,3,8.2,7,0.0453,0
72,1,165.1,67.4,24.7,121,61,192,51,223,0,7,0,1,0,0,3,7.4,9,0.0257,0
33,1,172.7,69.9,23.4,151,94,179,50,199,2,3,0,0,0,0,2,9.1,9,0.0236,0
29,0,176.2,108.2,34.8,167,91,318,97,97,0,1,0,0,0,0,2,7.2,2,0.1059,0
34,1,154.2,60.5,25.4,119,95,199,65,153,0,5,0,1,0,0,2,7.4,8,0.0069,0
33,0,169.9,62.8,21.8,102,82,275,92,224,0,4,0,0,0,0,2,7.0,9,0.0222,0
29,1,144.2,50.7,24.4,129,109,243,73,97,2,3,0,1,0,0,3,8.9,4,0.012,0
25,0,196.3,103.8,26.9,120,82,318,85,193,1,0,0,0,0,0,3,7.4,7,0.1052,0
20,1,172.6,51.5,17.3,126,64,133,60,100,2,1,0,0,0,1,2,6.9,5,0.0024,0
33,1,155.7,56.4,23.3,134,106,279,75,244,1,3,0,0,1,1,1,5.9,1,0.3216,1
47,1,161.2,92.3,35.5,175,75,127,55,204,0,2,0,0,0,0,2,4.4,10,0.1278,0
40,1,157.6,72.5,29.2,148,99,146,75,141,2,2,0,1,0,0,3,7.1,8,0.0426,0
22,1,179.4,82.6,25.7,117,83,169,78,117,0,1,0,1,1,0,2,6.6,2,0.0052,0
82,1,149.8,96.9,43.2,150,99,306,92,95,0,4,0,1,1,1,1,4.0,3,0.9275,2
47,1,165.1,76.3,28.0,108,87,176,107,158,0,6,0,0,0,0,0,6.5,5,0.0156,0
38,1,162.9,60.8,22.9,132,84,122,50,204,1,2,0,1,0,0,0,5.8,7,0.0446,0
39,0,184.3,77.9,22.9,148,66,274,58,174,2,3,0,1,1,0,3,9.0,5,0.0837,0
49,0,175.0,60.4,19.7,105,85,153,76,126,0,0,0,0,0,0,2,6.9,10,0.0165,0
50,1,146.4,82.0,38.3,158,66,145,56,184,0,4,0,0,0,1,3,8.5,4,0.062,0
33,0,173.5,85.4,28.4,133,81,287,102,189,2,6,1,0,1,0,3,7.5,2,0.1039,0
55,1,154.3,84.0,35.3,155,81,234,103,70,0,1,0,0,0,0,1,8.2,1,0.109,0
31,0,176.8,96.6,30.9,99,79,205,52,151,1,2,0,1,0,0,2,9.8,3,0.0103,0
53,1,178.3,73.0,22.9,136,92,279,58,98,0,4,1,0,0,0,2,8.0,6,0.046,0
40,0,158.6,55.1,21.9,108,88,288,51,219,0,7,0,0,0,0,3,10.0,9,0.0136,0
83,0,168.0,73.2,25.9,173,91,249,109,237,0,0,0,0,0,0,3,7.7,9,0.8343,2
19,0,170.5,62.1,21.4,178,98,230,59,83,0,7,0,0,0,0,3,8.5,5,0.0027,0
82,1,160.2,72.6,28.3,170,91,319,66,199,1,7,0,0,0,0,3,6.6,3,0.3295,1
84,0,183.4,98.7,29.3,140,60,225,80,232,2,7,0,0,0,1,3,5.3,3,0.3712,1
69,0,174.3,74.6,24.6,102,69,254,50,140,0,4,0,0,0,0,3,4.0,7,0.0431,0
79,1,168.2,76.3,27.0,152,104,138,107,194,1,4,0,0,0,0,3,8.1,7,0.2077,0
40,1,157.7,67.5,27.1,105,63,152,67,148,1,1,0,0,1,1,0,6.4,3,0.0634,0
43,0,178.3,91.2,28.7,142,88,121,55,176,0,6,0,1,0,0,2,6.6,10,0.0132,0
72,0,183.8,71.9,21.3,124,66,314,87,167,0,0,1,0,0,0,3,6.6,7,0.4424,1
23,0,168.7,41.4,14.5,148,97,134,90,219,1,7,0,0,0,1,1,6.2,8,0.0139,0
52,1,171.8,83.0,28.1,128,65,140,91,87,0,0,0,1,1,0,3,9.0,3,0.0256,0
39,0,176.5,93.1,29.9,156,70,197,96,115,0,4,0,0,0,1,0,5.9,5,0.1382,0
60,0,186.5,89.9,25.9,162,68,178,53,151,2,2,0,0,0,1,2,7.6,10,0.2418,0
32,0,174.0,67.4,22.3,150,89,223,89,192,1,4,0,0,0,0,3,7.6,8,0.037,0
77,0,179.8,62.9,19.4,139,81,201,53,167,0,3,0,1,0,0,2,5.2,7,0.1168,0
29,1,163.6,79.2,29.6,142,98,237,84,233,0,2,1,0,0,0,3,7.7,1,0.0649,0
66,0,175.0,79.6,26.0,135,68,232,53,115,0,1,0,0,0,0,2,5.6,2,0.0612,0
59,0,178.6,77.4,24.3,141,97,158,50,172,0,7,0,0,0,0,3,6.9,6,0.0122,0
55,0,181.4,108.0,32.8,118,98,139,90,106,0,7,0,0,0,0,2,6.5,8,0.0117,0
62,0,163.5,57.6,21.5,94,74,120,92,87,0,0,0,1,0,0,2,7.1,5,0.0103,0
52,0,190.3,111.8,30.9,156,85,192,80,240,0,5,1,0,1,1,3,7.7,7,0.5259,1
47,1,145.4,63.2,29.9,163,75,128,102,173,1,2,1,0,1,0,0,5.9,10,0.6034,1
47,1,157.2,41.0,16.6,164,68,170,104,226,0,1,1,0,1,0,2,6.3,7,0.1581,0
23,1,163.1,68.8,25.9,170,82,285,68,215,0,4,0,1,0,0,1,5.0,3,0.0613,0
84,1,168.1,88.5,31.3,129,74,134,70,212,0,1,0,1,0,1,2,5.7,1,0.3121,1
24,1,179.8,74.4,23.0,161,78,203,107,191,0,7,0,0,0,0,3,7.9,6,0.0052,0
69,0,157.4,46.6,18.8,91,71,160,79,163,0,3,1,1,0,0,0,6.6,5,0.0626,0
31,1,158.9,67.0,26.5,157,75,294,101,169,0,5,0,0,0,0,2,8.1,9,0.0384,0
32,1,142.7,48.5,23.8,151,84,273,56,97,0,1,0,1,0,0,3,5.9,1,0.0185,0
38,1,164.3,79.5,29.5,169,94,173,54,84,0,7,1,0,0,0,2,6.1,5,0.0095,0
52,0,178.7,91.0,28.5,147,72,238,51,197,1,5,0,1,1,0,2,8.3,3,0.0983,0
83,0,191.9,70.1,19.0,174,105,317,100,112,0,7,1,0,0,0,1,7.3,6,0.5185,1
19,1,165.2,62.0,22.7,158,66,286,105,102,0,5,0,1,0,0,1,5.2,5,0.0148,0
52,1,174.4,88.6,29.1,147,93,136,52,199,0,2,1,1,0,1,3,6.3,4,0.1578,0
37,1,169.8,62.0,21.5,124,73,317,64,77,2,6,0,1,0,0,3,8.0,8,0.0094,0
27,0,171.6,59.6,20.2,103,82,247,88,181,2,0,0,1,0,1,3,6.8,9,0.0868,0
42,0,161.9,53.3,20.3,104,82,211,86,102,0,7,0,0,0,0,3,8.5,9,0.0029,0
83,0,178.8,84.7,26.5,95,75,128,104,232,0,2,1,0,0,1,3,5.4,1,0.3102,1
42,1,149.1,69.2,31.1,105,72,165,59,215,0,7,0,0,0,0,3,8.5,9,0.0053,0
71,0,189.0,74.2,20.8,176,86,253,58,159,0,2,0,1,1,0,3,5.6,4,0.4243,1
50,0,174.4,77.3,25.4,135,61,315,72,218,0,0,0,1,0,0,0,7.3,4,0.3434,1
53,1,176.0,100.9,32.6,152,96,135,63,225,0,3,0,0,0,1,2,8.1,9,0.1761,0
31,0,171.2,61.0,20.8,101,81,231,103,185,0,2,0,0,1,0,1,7.2,1,0.0198,0
82,1,166.7,44.1,15.9,130,63,206,109,242,0,7,0,0,0,1,2,7.7,5,0.0731,0
71,0,178.1,85.9,27.1,108,88,276,94,89,0,0,0,1,0,1,2,8.2,8,0.4202,1
69,1,163.5,70.1,26.2,165,62,288,82,192,2,0,0,1,0,1,3,7.6,5,0.6949,2
20,1,159.7,59.2,23.2,166,73,315,65,201,0,2,0,0,0,1,2,6.6,8,0.0954,0
58,1,167.9,83.7,29.7,91,70,181,69,105,1,5,1,1,0,0,2,6.7,5,0.0171,0
23,1,154.7,80.0,33.4,109,89,223,57,167,0,0,0,1,0,1,0,6.0,2,0.1018,0
42,0,163.9,38.8,14.5,98,78,239,98,146,0,5,0,0,0,1,0,5.5,2,0.0203,0
30,0,188.4,74.4,21.0,110,90,287,87,249,2,4,0,0,0,0,1,8.6,8,0.0647,0
25,0,183.3,116.4,34.7,97,77,309,83,195,0,2,0,0,0,1,2,7.7,3,0.0671,0
38,1,164.7,81.1,29.9,128,91,271,80,108,0,5,0,0,0,1,2,8.7,2,0.0217,0
42,1,180.7,90.5,27.7,126,62,253,94,140,0,3,1,1,0,1,1,7.7,1,0.1032,0
62,0,173.3,94.3,31.4,118,98,159,106,175,0,4,0,0,0,0,3,6.6,4,0.0465,0
77,1,177.2,78.9,25.1,172,60,317,57,209,0,6,0,0,0,0,3,5.6,3,0.1948,0
29,0,177.8,90.8,28.7,124,68,177,74,124,0,3,0,0,1,1,2,6.4,8,0.0314,0
49,1,153.8,77.6,32.8,127,107,261,90,187,0,5,0,0,0,1,3,7.8,1,0.0918,0
30,1,182.5,89.3,26.8,179,68,197,62,163,0,6,0,1,0,0,3,6.1,5,0.0078,0
48,0,185.9,78.1,22.6,164,71,292,67,245,0,7,1,0,0,0,1,8.6,10,0.2429,0
37,0,174.8,80.0,26.2,124,60,230,99,167,0,2,0,1,0,1,2,6.6,6,0.0618,0
35,0,183.3,72.8,21.7,157,75,218,90,78,1,1,0,0,0,0,3,5.6,1,0.0205,0
77,1,160.0,70.2,27.4,92,72,125,83,209,0,7,1,0,0,1,1,6.6,9,0.1147,0
80,0,184.3,64.6,19.0,101,67,142,85,138,1,0,1,1,0,0,0,7.3,2,0.1782,0
23,0,152.1,54.2,23.4,121,101,181,99,152,2,4,0,0,0,0,2,9.0,4,0.0059,0
49,0,165.8,68.7,25.0,136,105,136,66,97,0,2,0,0,1,0,2,7.1,7,0.032,0
60,0,185.8,68.7,19.9,152,69,203,61,86,0,0,0,1,0,1,0,6.3,9,0.2862,0
19,1,161.5,63.2,24.2,115,92,231,65,91,0,5,1,0,0,1,1,8.7,3,0.0088,0
77,1,166.1,70.6,25.6,132,97,317,62,232,0,1,0,0,1,0,2,8.4,10,0.7307,2
40,0,162.5,77.3,29.3,166,100,223,60,182,1,3,0,0,0,1,3,6.9,2,0.1477,0
48,1,182.5,95.5,28.7,133,81,244,63,216,0,7,0,1,0,0,3,5.1,8,0.0426,0
22,1,175.9,71.0,22.9,127,75,147,91,247,0,7,0,0,1,0,3,6.3,9,0.0049,0
51,0,174.0,97.0,32.0,118,78,260,104,223,0,2,0,0,0,1,2,7.9,2,0.2172,0
27,0,172.0,90.1,30.5,144,70,276,77,177,1,2,0,1,0,0,2,8.5,3,0.0538,0
19,1,174.3,84.7,27.9,141,70,292,108,129,0,5,0,0,0,1,2,7.2,6,0.0211,0
28,1,183.8,84.2,24.9,108,73,139,102,113,1,1,1,1,0,0,0,6.9,3,0.0195,0
67,0,185.5,87.6,25.4,124,98,305,100,112,1,6,0,0,0,1,1,6.4,6,0.3342,1
48,0,197.7,106.7,27.3,137,85,236,73,220,0,3,0,0,0,0,1,7.9,6,0.1118,0
73,0,166.8,91.7,33.0,149,103,173,102,219,0,2,1,0,0,0,0,5.8,3,0.7834,2
26,1,155.8,87.9,36.2,120,79,228,66,244,0,7,0,0,1,0,2,6.3,2,0.0118,0
38,0,164.1,72.7,27.0,92,72,183,58,124,0,5,0,0,0,0,3,8.6,8,0.0027,0
45,0,180.4,88.5,27.2,124,64,171,95,80,1,7,0,0,0,0,0,8.2,7,0.0117,0
79,1,165.8,93.0,33.9,177,60,162,79,124,0,6,1,0,0,0,3,8.8,9,0.1964,0
24,1,162.5,61.9,23.4,141,70,206,86,223,0,0,1,0,0,0,3,6.2,1,0.0236,0
33,0,184.1,77.3,22.8,160,106,137,52,198,0,5,0,1,1,0,1,5.5,1,0.0271,0
21,0,188.3,84.4,23.8,140,69,203,103,218,0,1,0,0,0,1,3,8.8,1,0.0259,0
21,1,148.7,77.9,35.2,145,106,173,57,77,0,6,1,0,0,1,3,7.9,1,0.009,0
57,0,170.0,88.7,30.7,110,87,179,67,217,0,2,0,1,0,0,1,8.2,5,0.1013,0
34,0,184.2,78.6,23.2,90,70,242,108,242,0,5,0,1,0,0,3,7.9,2,0.007,0
69,1,159.3,47.0,18.5,142,106,190,79,150,0,6,0,1,0,1,3,9.2,4,0.0494,0
69,0,168.0,77.7,27.5,95,75,248,52,148,0,7,1,1,0,1,1,7.9,9,0.198,0
53,1,174.2,63.3,20.9,171,72,232,104,134,0,3,1,1,1,0,3,7.3,3,0.1508,0
55,1,151.1,43.2,18.9,151,103,156,83,129,0,7,1,1,0,0,2,7.4,8,0.0213,0
67,0,173.0,57.5,19.2,178,84,168,108,164,0,4,1,1,0,1,3,7.3,9,0.4428,1
80,0,179.3,84.5,26.3,168,82,154,92,125,0,2,1,0,0,1,3,8.9,9,0.6092,1
80,1,158.3,89.5,35.8,136,95,224,77,197,0,3,0,1,0,0,2,8.5,2,0.2672,0
79,1,171.8,76.5,25.9,139,71,314,86,191,0,1,0,0,0,0,3,8.9,8,0.4541,1
24,1,158.3,72.3,28.9,171,106,154,74,100,0,3,1,0,0,0,3,4.6,8,0.0362,0
44,1,178.1,96.8,30.5,120,100,128,79,154,0,3,0,0,0,1,3,6.7,3,0.0191,0
31,0,174.7,54.2,17.8,153,61,284,56,156,0,6,1,0,0,0,3,5.9,1,0.0102,0
22,1,170.7,83.2,28.5,118,79,179,95,195,0,1,1,0,0,0,3,9.3,1,0.0122,0
72,0,183.5,81.6,24.2,104,75,175,78,150,0,4,0,0,0,0,3,6.1,4,0.0174,0
19,0,169.7,83.4,28.9,147,73,225,100,91,0,5,0,0,0,1,3,7.7,9,0.0183,0
79,0,155.5,60.5,25.0,112,61,230,51,125,0,7,0,0,0,0,3,9.4,9,0.0231,0
38,0,179.6,67.5,20.9,127,107,208,75,155,1,0,0,1,0,0,2,7.4,2,0.0336,0
38,1,164.7,74.5,27.4,130,75,131,90,192,0,4,0,0,0,0,2,6.6,7,0.0075,0
27,0,181.6,105.5,32.0,164,63,190,106,180,0,0,0,0,0,1,2,7.3,1,0.0806,0
75,0,173.7,89.8,29.7,104,84,190,106,77,0,0,1,0,0,1,2,5.4,5,0.4392,1
56,0,171.7,68.2,23.1,176,72,238,91,131,0,0,0,1,0,1,3,5.2,10,0.5744,1
22,1,184.1,61.9,18.3,92,72,251,100,147,0,2,1,1,0,0,0,7.7,5,0.016,0
82,1,149.3,39.4,17.7,172,108,308,98,221,0,7,0,1,0,0,2,4.1,8,0.4807,1
30,0,183.3,101.4,30.2,90,60,292,106,91,0,4,0,0,0,0,1,6.9,9,0.0165,0
70,0,170.3,60.8,21.0,177,68,214,56,84,2,3,0,0,0,0,3,6.9,3,0.0537,0
62,0,172.6,71.4,24.0,164,80,297,67,225,0,6,0,1,0,0,0,9.4,6,0.3246,1
49,1,160.8,90.2,34.9,100,77,169,55,219,2,2,0,0,0,1,2,7.7,7,0.0943,0
53,1,156.0,43.8,18.0,149,102,222,108,100,2,6,1,0,0,0,2,6.7,6,0.0403,0
77,1,169.7,97.2,33.8,154,91,295,90,156,1,1,0,0,0,0,0,8.2,9,0.8737,2
28,1,177.9,75.1,23.7,165,105,142,89,138,2,1,0,1,0,0,2,7.2,10,0.041,0
80,0,180.7,63.1,19.3,93,73,209,76,178,0,0,0,0,0,0,3,5.7,4,0.0883,0
38,1,165.0,68.8,25.3,114,79,212,109,236,0,2,1,1,0,0,1,7.4,1,0.0638,0
69,1,154.1,56.2,23.7,161,102,127,103,150,0,5,0,0,0,0,3,7.2,4,0.0303,0
72,0,181.2,87.2,26.6,168,61,148,103,109,0,6,0,1,0,0,0,7.1,10,0.1409,0
43,0,197.6,79.1,20.3,132,63,290,105,138,0,5,0,0,0,0,1,7.6,6,0.0263,0
51,1,160.2,41.4,16.1,129,104,172,90,140,1,2,0,0,0,0,3,8.3,6,0.0189,0
69,1,160.2,66.8,26.0,174,97,253,73,133,0,1,0,1,0,1,2,7.5,3,0.4282,1
69,0,170.4,54.8,18.9,133,66,143,82,77,0,3,0,0,0,1,2,5.5,2,0.0236,0
46,1,159.1,72.6,28.7,161,81,239,80,140,1,4,0,1,0,1,1,5.2,8,0.3566,1
55,1,136.5,40.5,21.7,148,79,243,83,155,0,4,0,1,0,1,3,6.6,9,0.1215,0
59,0,180.1,72.7,22.4,112,92,261,71,113,0,7,0,0,0,0,1,6.5,10,0.0307,0
38,0,167.5,76.5,27.3,151,63,171,73,107,0,0,0,0,0,0,3,7.4,10,0.0308,0
59,0,159.9,66.8,26.1,112,79,189,85,186,1,6,0,1,0,0,2,8.6,4,0.0237,0
30,1,171.5,79.5,27.0,147,94,123,77,218,0,0,0,1,0,1,2,8.9,3,0.0442,0
81,0,165.2,82.8,30.3,144,92,305,69,73,1,0,0,1,0,0,3,6.2,10,0.7051,2
34,0,172.6,58.9,19.8,122,80,235,67,229,0,1,0,0,1,1,3,4.9,1,0.0874,0
26,0,190.7,84.4,23.2,166,104,156,91,124,2,1,1,1,0,0,3,7.1,2,0.043,0
58,1,149.9,15.0,6.7,152,73,167,81,162,0,7,0,0,0,0,3,8.3,8,0.0032,0
18,0,160.7,74.0,28.7,149,90,241,82,128,1,5,1,0,0,1,0,6.5,6,0.1491,0
19,0,178.7,74.8,23.4,150,81,158,59,163,2,7,0,0,0,0,3,7.1,6,0.0022,0
77,0,187.5,69.0,19.6,169,107,211,58,136,0,4,0,1,0,0,1,6.8,1,0.1206,0
65,1,148.3,68.9,31.3,165,89,185,104,74,0,5,0,0,0,1,1,8.9,8,0.2131,0
46,1,168.1,91.6,32.4,150,88,132,74,152,0,5,0,0,0,0,0,9.8,6,0.0314,0
27,0,181.8,73.8,22.3,158,95,313,62,141,0,0,0,0,0,0,3,7.8,4,0.0516,0
75,1,143.4,47.5,23.1,178,108,179,96,196,2,5,0,0,0,0,3,7.8,3,0.1567,0
77,1,172.0,78.5,26.5,110,90,245,99,106,0,2,0,1,0,0,1,5.3,6,0.2387,0
38,1,172.8,56.3,18.9,92,72,288,107,96,2,5,0,0,1,0,2,6.5,3,0.0065,0
45,1,160.9,60.5,23.4,137,66,151,94,82,1,6,0,0,0,1,2,8.1,4,0.0063,0
51,0,188.5,102.6,28.9,99,79,299,54,203,0,3,0,1,0,0,2,7.5,10,0.1033,0
25,0,187.4,84.6,24.1,176,72,252,80,134,0,1,1,1,0,0,2,7.6,8,0.1082,0
76,1,165.0,44.3,16.3,170,72,314,80,227,0,5,0,1,0,0,2,5.0,7,0.3182,1
66,1,159.5,42.8,16.8,131,73,185,83,249,0,6,0,1,0,0,3,4.4,7,0.035,0
34,1,154.3,69.6,29.2,178,65,197,75,110,0,0,1,0,0,0,3,9.3,6,0.0694,0
77,0,175.6,90.7,29.4,155,75,299,56,84,0,7,0,0,0,0,2,6.8,8,0.1063,0
62,1,169.7,50.6,17.6,135,100,245,90,202,2,7,1,1,0,0,3,5.0,9,0.1841,0
49,1,160.8,77.1,29.8,98,78,296,100,84,0,6,0,0,0,1,1,6.9,1,0.0248,0
61,0,154.0,87.0,36.7,138,80,148,95,70,0,0,0,1,0,0,1,5.3,3,0.1684,0
82,0,188.7,112.7,31.6,93,73,285,98,84,0,1,0,1,0,0,1,5.6,8,0.4771,1
25,1,165.9,77.9,28.3,149,75,189,101,117,1,4,0,1,0,1,1,6.1,1,0.0238,0
60,1,160.2,77.7,30.3,179,64,255,69,141,0,4,0,1,0,1,3,5.3,9,0.4061,1
18,0,184.6,50.3,14.8,118,83,306,92,186,0,6,0,0,0,0,2,4.0,1,0.003,0
68,1,179.2,111.1,34.6,175,102,174,71,96,2,4,0,1,0,0,3,7.9,9,0.2323,0
41,0,148.0,55.4,25.3,136,60,229,54,227,2,4,0,1,0,0,3,6.3,7,0.0387,0
41,0,180.3,66.2,20.3,166,69,121,61,129,1,2,0,1,0,0,2,8.1,6,0.0136,0
34,1,149.7,61.0,27.2,176,102,273,70,135,2,0,1,0,0,0,1,7.0,9,0.482,1
22,1,169.0,97.2,34.0,152,106,182,58,243,0,4,0,0,0,0,2,4.8,10,0.0525,0
37,1,165.3,105.8,38.7,120,94,136,78,121,1,7,1,0,0,1,2,7.0,4,0.0267,0
38,1,170.4,77.1,26.6,140,90,178,76,150,0,6,0,1,0,1,3,8.7,5,0.0151,0
75,0,171.0,90.5,30.9,130,74,207,66,104,0,6,0,0,0,0,2,6.9,10,0.0577,0
48,1,145.3,63.3,30.0,125,70,135,89,190,2,6,0,0,1,0,3,6.1,2,0.0129,0
28,0,171.5,60.2,20.5,129,68,177,73,111,0,4,1,0,0,0,2,5.3,3,0.0045,0
69,0,180.1,102.2,31.5,149,61,311,76,114,0,7,1,1,0,0,1,6.3,7,0.3204,1
32,0,186.2,73.7,21.3,104,84,169,57,121,0,7,0,0,0,0,2,5.6,5,0.001,0
24,0,164.3,95.2,35.3,167,89,273,93,220,0,5,0,1,0,0,3,6.4,8,0.1231,0
45,0,186.3,102.6,29.6,177,75,136,78,226,0,6,0,1,1,1,2,4.4,3,0.1543,0
68,0,169.5,84.0,29.2,119,99,233,68,98,1,7,0,0,0,1,0,5.5,3,0.2005,0
75,0,179.6,107.2,33.2,119,60,165,59,126,2,3,0,0,0,0,0,7.7,1,0.0845,0
22,0,170.9,108.9,37.3,116,96,225,73,88,0,3,1,1,0,0,1,7.2,1,0.0268,0
22,1,165.8,70.3,25.6,129,65,246,83,77,1,6,0,1,0,0,2,6.6,2,0.0018,0
25,0,184.9,70.3,20.6,167,105,315,105,247,0,0,1,1,0,0,3,5.5,7,0.5588,1
81,0,163.7,43.9,16.4,134,70,169,109,204,0,5,0,1,1,1,2,9.0,9,0.2978,0
27,1,157.2,102.3,41.4,164,92,290,89,208,1,1,1,0,0,0,3,9.6,6,0.5386,1
55,1,165.8,66.3,24.1,136,76,237,80,135,2,4,0,0,0,0,3,5.5,5,0.0431,0
25,1,188.0,101.0,28.6,179,93,295,95,152,0,2,0,0,0,0,2,8.0,4,0.064,0
42,0,167.4,62.6,22.3,145,105,187,100,225,0,3,0,1,0,0,1,5.6,4,0.1064,0
83,1,184.4,105.3,31.0,143,99,266,53,97,0,4,0,0,0,0,3,7.6,7,0.1806,0
67,0,196.0,77.5,20.2,174,84,272,90,158,2,1,0,0,0,1,1,4.1,1,0.661,2
84,0,175.0,59.6,19.5,98,78,319,94,144,0,2,1,1,0,0,1,6.3,6,0.4749,1
66,0,173.0,73.4,24.5,154,85,265,80,109,0,3,0,1,1,1,1,7.2,1,0.4057,1
53,1,157.1,60.6,24.5,159,86,170,58,199,2,5,0,0,0,0,0,7.5,4,0.0571,0
58,0,175.3,86.6,28.2,90,70,265,75,145,0,1,0,1,0,0,2,5.8,10,0.1329,0
79,0,161.9,70.2,26.8,175,68,231,62,145,2,1,1,0,0,0,2,7.7,6,0.5942,1
27,0,175.2,87.0,28.3,102,82,305,106,183,2,7,0,0,0,0,2,6.9,2,0.0096,0
38,1,179.0,75.1,23.5,127,64,183,97,222,0,5,1,0,0,0,2,5.2,5,0.0201,0
53,1,157.9,59.0,23.7,134,77,318,75,164,0,2,0,1,0,0,2,5.6,10,0.2025,0
29,0,173.6,68.0,22.6,129,81,304,103,123,0,2,1,1,0,0,1,9.0,4,0.0828,0
19,1,147.0,94.2,43.6,104,84,264,50,214,2,3,0,0,1,0,3,7.2,3,0.0497,0
30,1,167.7,77.2,27.5,139,71,178,89,245,0,2,0,0,0,1,2,6.5,10,0.0746,0
70,1,166.6,43.6,15.7,91,71,314,58,209,1,4,0,1,1,0,1,5.2,6,0.2078,0
49,0,176.6,70.5,22.6,142,81,262,80,71,0,2,0,0,0,1,3,6.3,7,0.0795,0
33,1,161.8,72.4,27.6,115,65,219,73,149,0,5,0,1,0,1,1,7.2,2,0.0115,0
49,0,173.1,104.2,34.8,155,95,145,94,134,0,1,0,1,0,0,3,7.5,6,0.1091,0
49,1,169.0,89.9,31.5,164,86,295,98,121,0,2,0,0,0,0,3,7.2,10,0.2399,0
28,0,175.7,64.0,20.7,122,102,133,109,103,0,6,0,1,0,1,0,6.2,1,0.0061,0
27,0,179.1,115.9,36.1,171,74,241,71,114,0,7,0,0,0,0,3,4.7,10,0.0342,0
32,0,178.1,78.6,24.8,174,76,128,106,198,0,3,0,1,0,1,2,6.9,4,0.0459,0
34,1,175.2,96.3,31.4,148,62,126,58,169,0,4,1,0,0,0,3,7.0,6,0.0112,0
57,0,182.8,64.1,19.2,115,69,302,88,121,0,2,1,0,1,0,1,5.9,3,0.2418,0
35,1,165.9,37.0,13.4,110,84,259,72,136,0,4,0,0,0,0,2,6.7,9,0.004,0
72,0,191.2,64.5,17.6,138,80,264,69,167,0,2,1,0,0,1,3,7.1,3,0.3115,1
42,1,168.2,25.3,9.0,169,99,227,104,145,0,4,0,0,0,0,3,7.4,4,0.0094,0
76,1,177.0,110.2,35.2,160,68,255,91,125,1,6,0,0,0,1,1,8.0,5,0.4757,1
39,1,170.1,78.3,27.1,175,83,210,70,178,0,2,0,0,0,0,2,4.1,10,0.1085,0
47,1,145.6,48.9,23.1,160,91,243,76,119,2,2,0,0,1,0,3,7.6,8,0.1387,0
61,1,177.0,85.3,27.2,155,62,289,107,170,0,0,0,1,0,0,2,5.1,10,0.5218,1
49,0,177.4,81.5,25.9,126,92,284,54,188,1,1,0,0,0,0,3,5.7,2,0.1309,0
68,1,163.5,81.1,30.3,103,83,267,66,222,0,3,0,1,0,0,3,8.3,4,0.1069,0
63,0,178.8,97.5,30.5,161,104,120,83,209,0,3,0,0,0,1,1,5.5,2,0.3481,1
38,1,160.6,65.9,25.6,96,71,128,58,184,0,0,0,0,0,1,3,8.1,3,0.0084,0
49,1,166.3,59.9,21.7,127,88,230,83,142,0,2,0,1,0,0,3,6.3,3,0.0195,0
56,0,170.1,87.5,30.2,134,80,143,59,125,0,1,0,0,0,1,2,8.8,7,0.0846,0
29,0,188.7,96.4,27.1,111,91,244,108,119,1,4,0,0,1,0,1,5.4,5,0.0619,0
64,0,174.9,78.9,25.8,133,93,281,93,225,0,0,1,1,1,1,0,6.9,2,0.9315,2
35,1,160.2,102.8,40.0,170,92,155,51,72,0,3,0,0,0,0,1,4.0,6,0.0452,0
38,1,154.8,60.8,25.4,169,91,123,96,235,1,3,1,0,0,0,3,7.1,4,0.0683,0
30,1,166.7,59.8,21.5,124,79,276,74,133,0,5,0,1,0,0,2,5.0,2,0.0052,0
38,1,165.9,79.2,28.8,149,62,206,52,123,0,6,0,0,1,1,2,6.7,3,0.0155,0
25,1,167.9,63.8,22.6,92,63,263,83,105,0,5,0,0,0,0,1,5.9,2,0.0019,0
63,0,165.7,80.3,29.2,156,76,127,56,241,0,3,0,0,0,0,1,9.2,4,0.0951,0
24,0,160.0,57.5,22.5,161,109,210,77,113,0,2,1,0,0,1,2,6.5,3,0.0571,0
40,1,170.3,69.1,23.8,144,76,158,58,188,0,5,0,0,0,0,3,9.0,8,0.0068,0
39,1,178.8,107.8,33.7,98,78,177,60,162,0,4,0,1,0,0,2,5.8,4,0.0084,0
39,1,153.7,60.8,25.7,158,63,259,78,210,0,4,0,0,0,0,0,4.0,10,0.1642,0
46,0,191.9,74.0,20.1,117,88,291,103,241,0,4,0,0,0,0,3,7.9,3,0.0394,0
30,0,178.8,97.0,30.3,104,76,123,109,201,2,2,1,0,0,0,3,5.5,10,0.0681,0
19,0,175.9,62.2,20.1,120,81,144,65,139,2,6,0,0,0,0,2,8.3,9,0.0013,0
46,0,172.0,65.6,22.2,148,61,317,88,248,0,3,0,0,0,1,2,6.8,9,0.3149,1
69,0,162.2,79.7,30.3,171,101,186,78,171,0,5,1,0,0,0,1,7.7,3,0.3184,1
44,1,173.9,91.0,30.1,143,71,286,62,80,0,6,0,1,1,0,2,8.1,4,0.0228,0
67,0,168.2,92.4,32.7,157,104,237,84,179,0,6,0,1,0,0,3,9.7,7,0.2413,0
40,1,156.2,56.9,23.3,174,70,143,60,130,0,5,0,0,0,0,3,8.3,3,0.0033,0
61,0,185.9,91.9,26.6,136,99,125,84,237,0,3,0,0,0,0,2,7.2,10,0.1023,0
39,1,145.2,55.6,26.4,131,88,216,96,201,0,2,0,1,0,1,2,8.0,9,0.1322,0
60,0,160.8,61.3,23.7,112,79,191,57,224,1,1,0,1,0,0,2,7.9,7,0.0992,0
54,0,175.8,96.0,31.0,175,64,280,56,85,1,2,1,0,0,1,1,7.6,6,0.6256,1
78,0,178.9,71.2,22.2,154,84,295,54,76,2,2,1,0,0,0,3,9.4,6,0.3888,1
73,1,168.8,78.6,27.6,178,93,314,55,80,0,3,0,0,0,0,3,6.7,8,0.281,0
20,1,161.0,72.8,28.1,143,71,243,106,133,2,4,0,0,0,0,2,7.2,9,0.0166,0
80,0,201.3,74.6,18.4,100,80,121,100,249,0,6,0,0,0,0,1,6.3,3,0.0229,0
36,0,173.7,91.4,30.3,152,93,157,109,197,0,3,0,1,0,0,3,10.0,3,0.036,0
40,1,161.7,79.3,30.3,111,65,159,84,75,2,5,0,0,0,1,2,6.6,8,0.0097,0
46,0,168.0,44.2,15.7,143,78,175,79,189,2,1,0,0,1,1,3,7.4,3,0.0958,0
47,0,177.2,82.8,26.4,178,71,222,60,117,1,0,0,1,0,1,0,5.9,4,0.5322,1
56,1,170.1,63.5,21.9,174,84,222,87,138,0,5,1,0,0,1,1,6.5,7,0.2666,0
42,1,176.0,94.5,30.5,125,72,140,76,190,0,0,0,0,0,0,3,8.2,7,0.0253,0
25,0,161.1,48.9,18.8,147,76,234,105,75,1,2,0,1,0,0,2,6.8,2,0.008,0
75,0,173.5,71.4,23.7,109,71,154,70,154,1,0,1,0,0,0,1,8.4,2,0.1563,0
33,1,168.5,79.7,28.1,105,62,186,63,179,1,6,0,1,0,0,1,8.0,4,0.0047,0
18,0,181.9,81.8,24.7,145,83,307,98,97,0,5,1,0,0,0,2,6.9,5,0.0181,0
22,0,176.1,89.5,28.9,139,67,270,84,178,0,4,0,0,0,0,3,5.9,6,0.0238,0
20,1,169.4,51.9,18.1,179,107,312,78,202,0,3,0,1,0,1,1,7.4,7,0.1898,0
82,1,155.9,92.7,38.1,155,95,310,73,150,2,1,1,0,0,0,2,7.4,3,0.849,2
21,0,191.6,93.7,25.5,163,85,270,85,170,0,1,0,1,0,0,2,7.0,1,0.0328,0
81,1,173.9,97.4,32.2,102,82,242,90,127,0,1,0,0,0,0,3,7.4,2,0.1121,0
27,1,150.6,78.4,34.6,104,67,161,94,93,2,5,0,0,0,1,1,6.2,1,0.0059,0
38,0,165.2,72.5,26.5,162,91,311,81,228,0,5,0,1,1,1,1,7.8,2,0.4186,1
63,1,153.5,47.5,20.2,116,91,313,55,238,1,7,0,1,1,0,2,7.5,6,0.1204,0
44,0,182.8,72.9,21.8,97,60,200,59,137,1,7,1,1,0,1,1,6.1,10,0.0367,0
83,0,163.2,95.4,35.8,159,62,160,69,176,0,3,0,0,0,0,2,6.4,7,0.2546,0
58,1,160.7,91.1,35.3,139,60,233,69,243,0,4,0,1,0,0,2,6.9,8,0.1465,0
30,0,180.5,71.0,21.8,177,74,139,75,79,1,1,0,0,0,1,3,6.4,8,0.035,0
26,0,175.3,35.4,11.5,156,109,128,70,234,0,0,0,1,0,0,2,6.1,10,0.0227,0
53,0,178.6,76.1,23.9,115,79,176,94,218,0,4,1,0,0,1,0,8.2,7,0.2569,0
75,0,165.3,68.4,25.0,125,62,243,72,90,0,4,0,0,0,1,2,8.1,2,0.0573,0
71,1,169.9,71.2,24.7,110,74,264,95,193,0,5,0,0,0,0,3,7.7,9,0.0763,0
29,1,157.9,76.9,30.8,166,96,197,61,182,0,5,0,0,0,0,3,5.6,5,0.0213,0
31,1,160.8,83.5,32.3,141,80,137,104,166,0,4,1,1,1,1,3,9.2,4,0.0898,0
51,0,178.4,94.0,29.6,100,80,182,62,207,0,1,0,0,1,1,3,7.4,2,0.1007,0
70,0,177.0,85.2,27.2,97,77,319,59,151,0,4,0,1,0,1,1,6.9,8,0.338,1
37,0,176.2,51.1,16.5,146,82,212,56,166,0,5,0,0,0,0,0,8.0,10,0.0215,0
33,0,168.5,69.1,24.3,135,99,319,86,162,0,1,0,0,1,0,3,6.9,4,0.1266,0
73,0,173.0,111.1,37.1,167,94,145,61,164,1,0,0,0,0,0,3,4.0,1,0.4184,1
75,1,164.0,77.6,28.9,91,71,319,74,93,0,7,0,1,0,0,1,7.3,6,0.0473,0
21,1,150.2,70.6,31.3,153,76,203,51,193,2,5,0,1,0,0,1,8.3,4,0.0159,0
21,1,159.4,75.1,29.6,141,90,319,89,209,0,0,0,0,0,0,3,7.5,7,0.1078,0
37,0,179.9,86.2,26.6,154,107,132,75,217,0,0,0,0,0,0,3,4.8,7,0.0929,0
27,1,151.2,29.9,13.1,100,80,238,89,205,1,5,0,0,0,0,1,8.0,10,0.0071,0
41,0,187.6,80.2,22.8,95,75,264,100,147,0,5,0,1,0,0,1,7.3,5,0.0144,0
43,0,188.7,83.8,23.5,168,104,234,54,202,0,0,0,1,1,1,3,7.4,9,0.5838,1
54,1,151.5,85.0,37.0,165,95,145,57,123,0,4,0,0,0,1,2,5.2,7,0.1467,0
71,1,177.6,79.5,25.2,153,94,253,91,105,0,4,0,0,0,1,3,6.3,10,0.2946,0
38,0,174.6,52.6,17.3,144,70,200,94,181,0,6,0,1,0,1,2,5.7,5,0.0221,0
55,0,180.2,86.5,26.7,133,86,251,58,235,0,1,0,0,1,0,3,8.1,8,0.3149,1
63,0,171.0,63.5,21.7,175,93,208,88,200,0,6,0,1,0,0,2,7.6,10,0.1481,0
21,1,173.2,58.4,19.4,103,77,126,69,233,2,0,0,0,0,0,3,6.2,2,0.0024,0
77,0,180.1,67.5,20.8,172,86,136,101,91,1,2,0,1,0,0,2,6.1,6,0.1387,0
74,1,155.9,76.1,31.3,94,63,205,100,77,0,7,0,0,0,1,2,6.6,8,0.0298,0
62,0,164.3,91.1,33.7,114,76,247,60,195,2,0,0,0,0,0,2,7.3,7,0.2884,0
37,0,161.4,77.9,29.9,139,65,237,89,147,0,3,0,0,0,1,3,8.1,4,0.0509,0
34,0,177.9,88.4,27.9,162,101,211,71,76,0,2,1,0,0,1,2,5.9,1,0.1042,0
21,0,181.7,88.0,26.6,160,70,169,65,137,1,3,0,0,0,0,3,7.4,3,0.006,0
31,0,182.5,82.8,24.8,171,64,247,91,131,0,2,0,0,0,0,1,6.6,5,0.0455,0
20,1,162.8,81.9,30.9,91,71,125,87,216,0,5,0,1,0,1,3,4.0,6,0.006,0
75,1,152.4,29.9,12.9,99,79,277,91,176,0,1,0,1,0,0,1,6.4,3,0.0797,0
72,1,157.2,70.3,28.4,91,69,193,59,244,0,6,0,0,0,0,3,7.5,2,0.0128,0
21,1,175.5,62.1,20.2,149,100,175,74,93,0,4,1,0,0,0,3,6.0,3,0.0032,0
41,1,159.2,87.0,34.4,134,75,158,108,203,1,1,0,0,0,0,2,7.4,5,0.0658,0
51,1,165.4,70.5,25.8,97,69,261,68,205,0,2,0,1,0,1,2,7.8,3,0.0566,0
47,1,153.2,67.1,28.6,147,69,173,53,222,0,0,1,1,0,0,3,8.4,8,0.1566,0
36,0,179.4,57.1,17.8,96,76,141,68,158,0,1,0,0,0,1,1,5.7,7,0.0186,0
48,0,171.4,91.0,31.0,176,80,304,52,176,1,2,0,1,0,1,3,8.4,9,0.658,2
77,0,186.5,92.6,26.6,161,73,160,66,110,0,0,0,1,0,1,1,7.0,3,0.3558,1
77,0,183.7,90.2,26.7,110,67,209,63,179,0,4,0,0,0,1,3,5.1,8,0.2002,0
36,0,171.0,63.3,21.6,136,60,129,59,200,1,2,1,0,0,0,3,6.7,9,0.0272,0
66,1,162.7,59.8,22.6,90,70,121,55,78,0,3,0,1,0,0,3,6.6,8,0.0039,0
80,0,170.5,78.6,27.0,101,81,314,80,249,0,3,0,0,0,0,3,6.4,5,0.3079,1
39,0,161.8,60.5,23.1,164,108,167,80,151,0,7,1,0,1,1,2,5.5,6,0.1366,0
41,1,155.4,74.2,30.7,137,101,161,97,246,0,3,0,0,0,1,1,7.3,10,0.2444,0
47,0,178.0,46.6,14.7,93,65,258,58,163,0,0,0,1,0,0,1,6.9,9,0.0328,0
75,0,179.3,72.3,22.5,123,98,259,102,202,0,7,0,0,0,0,1,6.3,2,0.0917,0
48,0,177.5,105.7,33.6,176,109,261,61,185,0,6,1,0,0,0,1,5.9,9,0.5571,1
81,0,173.0,83.1,27.8,121,61,149,93,229,2,0,0,1,0,0,2,4.8,1,0.2666,0
36,0,185.3,85.2,24.8,92,68,179,109,96,0,7,0,1,0,0,3,8.9,10,0.0024,0
65,1,164.6,102.1,37.7,157,64,277,95,221,0,6,1,0,0,1,0,6.7,6,0.7992,2
62,1,171.0,40.5,13.8,146,99,157,75,235,1,1,0,0,0,0,1,8.0,1,0.0625,0
72,0,158.3,56.9,22.7,165,64,194,51,213,0,0,0,0,0,0,2,8.3,1,0.1152,0
72,0,136.8,52.4,28.0,113,93,184,91,212,0,2,0,1,0,0,3,8.2,3,0.1203,0
35,0,178.8,92.3,28.9,122,67,294,53,94,0,3,0,0,0,0,1,7.8,4,0.0174,0
80,1,149.8,78.0,34.8,92,64,158,81,73,0,6,0,1,0,0,2,7.3,4,0.0104,0
64,0,173.9,63.9,21.2,93,64,296,77,101,0,4,1,0,0,0,2,5.0,10,0.0879,0
74,0,173.0,91.5,30.6,119,76,192,55,242,0,5,0,0,1,0,1,8.9,10,0.3168,1
62,1,179.9,73.9,22.8,159,68,177,79,104,1,3,0,0,0,0,3,5.6,5,0.0422,0
50,0,180.0,98.2,30.3,138,93,226,104,99,0,2,0,0,0,0,3,8.8,6,0.0692,0
34,0,177.7,63.3,20.1,119,92,208,77,172,0,5,1,0,0,1,3,6.6,4,0.0226,0
21,0,184.4,80.3,23.6,161,81,136,62,181,0,4,0,0,0,1,3,8.2,7,0.0116,0
37,1,167.7,66.5,23.6,171,80,253,104,118,1,7,0,1,1,0,3,8.0,2,0.026,0
64,1,159.4,85.6,33.7,105,85,262,95,163,0,1,0,1,0,0,2,7.4,8,0.2248,0
32,1,174.7,69.5,22.8,142,74,314,85,152,1,0,1,0,0,1,1,7.4,4,0.347,1
64,0,164.9,71.8,26.4,95,60,214,59,249,1,7,0,1,0,0,1,6.8,6,0.0437,0
26,1,167.2,81.2,29.0,113,66,275,59,199,0,2,0,1,0,0,2,7.1,10,0.027,0
33,1,148.5,72.4,32.8,178,82,291,54,234,0,5,0,0,0,1,3,7.0,1,0.1061,0
78,1,166.0,86.3,31.3,117,97,265,78,98,0,0,0,0,0,0,2,7.2,2,0.163,0
27,0,177.9,82.1,25.9,110,65,279,85,227,0,6,0,1,0,0,3,6.8,4,0.0085,0
67,1,180.8,74.1,22.7,97,77,316,61,187,0,7,1,0,1,1,1,5.4,10,0.4963,1
20,0,160.4,64.9,25.3,125,85,291,107,91,2,1,0,0,1,1,0,6.5,9,0.3193,1
68,0,170.0,75.4,26.1,98,78,189,71,171,1,4,0,0,0,1,3,7.5,1,0.0481,0
36,1,172.2,79.9,26.9,129,71,182,108,88,0,5,0,0,0,0,3,6.8,1,0.002,0
59,0,179.4,77.5,24.1,174,72,177,95,136,1,2,0,0,0,1,2,7.0,7,0.2487,0
52,1,165.8,73.2,26.6,140,106,294,88,155,1,6,0,0,0,0,1,6.3,10,0.1809,0
63,0,166.4,50.5,18.2,90,70,245,51,87,0,4,0,1,0,0,0,7.7,8,0.0215,0
43,0,170.1,85.1,29.4,152,72,264,63,178,0,5,0,0,0,0,0,7.7,7,0.1012,0
81,1,176.5,80.9,26.0,157,61,286,59,182,0,5,0,0,0,0,2,4.2,3,0.1559,0
54,1,163.5,86.8,32.5,163,91,306,109,202,0,2,0,0,0,1,1,5.1,8,0.84,2
66,0,179.8,79.9,24.7,115,95,254,97,208,0,1,1,1,0,0,2,6.8,8,0.4742,1
38,0,174.8,51.3,16.8,129,90,182,52,127,2,1,0,0,0,0,2,7.6,5,0.0089,0
81,1,152.2,60.7,26.2,92,70,236,108,87,0,1,1,0,0,0,2,7.4,8,0.1671,0
22,0,185.3,79.7,23.2,98,78,304,57,141,1,0,0,0,0,0,3,6.8,2,0.0107,0
21,1,169.0,85.7,30.0,121,63,281,104,162,0,6,0,0,0,0,3,8.0,9,0.0086,0
56,1,187.1,52.5,15.0,156,93,172,109,219,0,3,0,0,1,0,2,7.7,5,0.0652,0
52,0,165.8,73.5,26.7,93,73,313,66,125,2,4,0,1,0,1,2,6.8,3,0.0662,0
18,0,184.2,89.8,26.5,95,75,201,53,92,0,2,0,1,0,1,2,6.8,6,0.0047,0
41,0,162.9,61.5,23.2,162,84,295,70,85,2,4,0,0,0,0,0,5.4,6,0.1376,0
74,1,165.6,73.9,27.0,115,95,307,79,113,0,3,0,0,0,1,2,7.1,3,0.1924,0
58,0,185.8,73.5,21.3,91,67,162,68,141,2,0,0,0,0,0,1,7.7,7,0.0325,0
71,0,155.3,56.7,23.5,155,67,123,64,83,0,0,0,0,0,0,1,6.1,8,0.0787,0
63,0,174.0,70.8,23.4,174,93,194,69,206,0,3,0,1,0,1,3,7.0,2,0.2273,0
77,1,158.4,58.5,23.3,175,74,213,107,144,1,5,0,0,0,0,3,7.4,1,0.0878,0
77,0,169.0,84.7,29.7,92,64,226,91,177,1,2,1,0,0,0,3,8.0,10,0.3823,1
74,0,179.9,68.9,21.3,124,78,210,79,213,0,3,0,0,0,0,3,6.6,9,0.118,0
48,1,175.2,64.1,20.9,148,69,212,59,210,2,0,0,0,0,1,3,6.0,10,0.2818,0
41,1,162.7,97.9,37.0,127,68,299,72,105,1,5,1,1,0,0,3,6.6,2,0.0583,0
53,1,166.1,87.4,31.7,122,88,279,73,113,0,0,0,0,0,1,3,7.4,8,0.2575,0
47,0,177.1,50.6,16.1,104,84,232,61,169,0,5,0,1,0,0,2,7.3,2,0.0039,0
41,0,176.0,66.5,21.5,164,96,209,58,150,0,4,1,1,1,1,3,5.2,10,0.3937,1
47,1,153.1,70.2,29.9,163,78,213,64,83,0,2,0,0,0,0,2,6.6,3,0.0214,0
24,0,187.1,88.4,25.3,103,72,298,78,162,0,2,0,1,0,0,0,5.8,5,0.0486,0
52,1,167.0,51.1,18.3,155,105,257,67,86,1,0,0,0,1,0,2,7.0,2,0.0928,0
72,1,167.9,91.4,32.4,134,99,259,69,166,1,3,0,0,0,0,2,7.4,9,0.3552,1
31,0,167.9,86.3,30.6,137,75,286,50,195,0,0,1,1,0,0,3,8.2,3,0.1364,0
27,1,159.4,76.9,30.3,133,89,315,52,123,0,4,0,0,0,0,3,8.5,7,0.0175,0
33,1,162.2,91.5,34.8,126,64,257,57,195,2,7,0,0,0,1,3,7.6,2,0.02,0
71,0,160.7,77.1,29.9,118,92,211,88,199,0,3,0,1,0,1,2,6.5,2,0.2427,0
61,1,147.1,70.3,32.5,173,78,224,80,214,0,0,0,1,0,0,3,6.4,7,0.4452,1
62,0,170.0,98.4,34.0,174,78,192,96,92,1,5,0,0,0,0,3,7.6,1,0.0672,0
73,0,181.2,97.1,29.6,123,76,129,57,198,1,6,1,1,0,1,0,7.9,3,0.2952,0
74,0,169.5,62.1,21.6,148,83,223,64,81,2,5,1,1,0,1,2,5.5,2,0.2411,0
38,1,153.8,76.4,32.3,132,87,270,108,210,2,7,0,0,0,0,2,9.9,4,0.0366,0
67,1,155.9,58.0,23.9,122,101,260,71,81,2,2,0,0,0,0,0,7.5,4,0.1373,0
50,0,171.4,83.3,28.3,108,88,167,81,126,0,4,0,1,0,0,2,8.0,10,0.0207,0
24,0,172.5,83.4,28.0,97,77,228,54,155,0,6,0,1,1,0,2,7.6,1,0.0028,0
32,1,185.7,62.1,18.0,120,98,208,93,87,0,0,0,0,0,0,1,5.7,5,0.0152,0
49,0,186.5,81.4,23.4,100,75,163,93,172,0,0,0,0,0,0,3,6.5,7,0.0226,0
37,1,174.2,81.1,26.7,97,77,212,107,152,0,7,0,1,0,1,3,6.1,9,0.0125,0
32,0,187.7,77.3,21.9,114,86,183,58,163,0,5,0,0,0,1,1,5.0,4,0.0131,0
65,0,166.0,77.7,28.2,109,71,159,102,212,0,7,0,1,0,0,3,5.5,6,0.0335,0
38,0,163.8,84.0,31.3,127,105,253,90,236,0,7,1,0,0,0,2,9.1,9,0.1169,0
59,1,152.9,66.0,28.2,96,76,239,64,147,0,6,0,1,0,0,2,6.7,1,0.0067,0
43,0,189.3,88.0,24.6,166,60,191,96,142,0,5,1,0,0,0,3,8.0,10,0.0522,0
31,1,158.5,90.0,35.8,128,98,217,101,230,1,5,0,1,0,0,1,6.3,1,0.0544,0
74,0,163.5,78.8,29.5,163,77,290,93,245,1,5,1,0,0,0,2,6.1,8,0.7658,2
54,0,171.7,78.9,26.8,161,82,151,86,202,2,1,0,0,0,1,3,8.8,10,0.3861,1
75,0,173.6,62.4,20.7,109,81,296,82,157,0,6,0,1,0,1,3,6.8,9,0.1867,0
38,1,166.7,83.4,30.0,170,63,193,71,77,0,6,0,0,0,0,0,6.7,1,0.0076,0
20,1,166.5,78.2,28.2,100,80,242,100,216,0,3,0,0,1,0,3,7.3,10,0.0283,0
54,0,167.7,93.1,33.1,105,70,266,60,249,1,7,0,1,0,0,3,7.8,7,0.0724,0
66,0,182.9,82.1,24.6,131,77,203,107,81,1,1,0,0,0,0,3,6.4,5,0.0793,0
36,0,169.6,47.6,16.5,179,107,171,99,141,0,7,0,1,0,0,3,4.4,8,0.0172,0
29,0,174.4,51.7,17.0,141,66,299,55,205,2,2,0,0,0,0,2,8.4,6,0.0274,0
78,0,182.9,92.5,27.7,126,80,153,66,124,0,3,0,1,0,1,2,7.5,10,0.1937,0
58,1,157.6,60.2,24.3,141,94,306,95,191,0,4,0,0,1,0,2,5.9,4,0.2495,0
50,1,158.3,75.7,30.2,98,78,200,93,162,1,3,0,0,0,0,3,6.8,3,0.0179,0
67,0,181.9,82.7,25.0,124,104,227,106,231,0,6,0,1,0,0,3,8.6,3,0.086,0
50,0,167.4,71.2,25.4,156,89,245,54,151,0,5,0,0,0,0,3,8.9,1,0.0192,0
41,1,160.2,68.6,26.8,96,76,124,88,116,0,0,0,1,0,0,1,6.6,2,0.0064,0
78,1,169.6,61.8,21.5,91,71,313,108,177,1,0,0,1,0,0,3,8.8,9,0.3824,1
78,0,196.5,88.0,22.8,114,75,160,107,104,0,0,0,1,0,0,3,7.0,5,0.0718,0
45,0,182.1,72.3,21.8,165,74,153,97,229,0,7,1,0,0,1,1,6.1,7,0.1231,0
75,0,180.7,74.8,22.9,130,72,301,106,248,2,3,1,0,0,0,3,6.4,4,0.5636,1
60,0,181.3,75.8,23.1,164,98,139,58,175,0,0,0,0,0,0,3,9.1,2,0.0581,0
58,0,165.3,69.2,25.3,141,62,301,78,203,0,0,0,0,0,0,3,7.7,5,0.2145,0
56,0,177.2,92.4,29.4,176,83,185,72,206,0,5,0,0,0,0,2,5.9,9,0.165,0
66,1,163.7,69.9,26.1,170,82,211,96,109,2,1,1,1,0,0,0,8.2,9,0.6897,2
34,0,179.2,95.0,29.6,166,104,265,85,245,0,0,0,0,0,0,3,8.3,8,0.3487,1
82,0,177.2,101.7,32.4,154,107,163,80,165,1,1,0,1,0,0,3,6.5,5,0.5214,1
22,0,179.8,92.7,28.7,166,60,222,69,223,2,2,1,0,1,0,2,7.6,7,0.1913,0
19,1,160.9,78.5,30.3,127,91,167,72,151,1,3,1,0,0,0,2,8.7,1,0.0078,0
39,1,164.6,77.2,28.5,156,92,154,105,106,0,1,1,0,0,0,3,5.6,4,0.0634,0
74,0,163.7,84.8,31.7,169,107,230,56,249,1,6,1,0,0,0,2,4.8,7,0.7348,2
83,0,172.8,77.7,26.0,131,89,158,108,209,1,7,1,1,1,0,3,6.2,3,0.3186,1
33,1,177.9,93.7,29.6,160,61,122,95,235,0,5,1,1,0,0,2,4.9,4,0.03,0
68,0,179.2,88.8,27.7,143,77,138,107,85,0,3,0,1,0,0,2,5.5,1,0.0369,0
56,0,175.8,72.5,23.5,156,89,244,85,93,1,6,1,1,0,0,1,8.4,8,0.1878,0
57,0,195.0,100.9,26.6,167,77,265,53,214,0,6,0,0,0,1,0,6.0,2,0.3343,1
55,0,162.4,72.6,27.5,153,64,202,73,184,0,3,0,0,1,1,3,6.9,10,0.3216,1
77,0,164.9,70.9,26.1,169,64,124,109,164,1,4,0,0,0,1,1,7.9,1,0.2399,0
76,1,181.1,73.4,22.4,93,67,174,63,73,2,1,0,1,0,0,0,8.4,3,0.0366,0
27,1,164.5,74.7,27.6,120,68,132,74,119,0,0,0,0,0,1,2,7.4,3,0.0064,0
81,0,173.6,91.7,30.4,102,82,281,56,177,0,6,1,0,0,0,2,4.4,7,0.2874,0
80,1,152.0,79.3,34.3,116,73,137,64,171,1,7,0,0,0,0,2,6.9,2,0.0206,0
66,0,180.5,85.5,26.3,148,72,187,93,200,1,5,1,1,0,0,2,7.9,7,0.2388,0
81,0,181.4,89.7,27.3,154,77,219,95,77,2,5,0,1,0,1,1,7.2,1,0.2893,0
49,1,153.1,85.6,36.5,153,63,319,62,81,1,4,0,0,0,0,0,7.7,10,0.2782,0
24,1,162.6,69.0,26.1,114,94,290,68,232,1,1,1,1,0,1,0,6.2,4,0.3906,1
38,0,172.6,59.6,20.0,126,81,312,61,135,2,5,0,0,1,1,3,7.1,8,0.0966,0
37,0,178.6,98.8,31.0,164,79,288,97,162,0,1,1,0,0,0,2,7.8,7,0.3407,1
43,1,152.8,58.5,25.0,162,74,157,75,230,0,2,0,0,0,0,2,8.7,5,0.0285,0
32,1,176.5,67.9,21.8,160,66,285,97,183,0,0,1,0,0,0,2,6.2,7,0.1379,0
31,1,173.2,49.6,16.6,103,72,260,82,87,0,2,0,0,0,0,3,6.2,9,0.0038,0
44,0,172.4,84.8,28.5,113,93,244,64,173,0,7,0,0,0,0,2,8.9,1,0.0066,0
57,0,173.8,52.6,17.4,156,100,141,86,155,0,3,1,1,0,0,3,6.6,2,0.042,0
75,0,174.6,66.1,21.7,137,89,148,55,162,1,0,0,0,0,1,1,7.3,1,0.234,0
45,0,168.2,82.9,29.3,154,64,256,108,114,2,7,1,0,0,1,2,7.3,5,0.1355,0
43,1,159.6,80.6,31.7,127,60,229,74,212,0,2,1,1,1,0,3,7.0,3,0.1323,0
80,0,173.3,66.9,22.3,179,90,227,102,212,0,2,0,1,0,1,1,9.3,10,0.8816,2
83,0,192.1,84.1,22.8,159,79,187,66,114,0,6,0,1,0,0,3,6.7,1,0.0326,0
42,1,173.5,63.6,21.2,148,78,223,92,169,1,6,0,0,0,0,2,7.9,1,0.0078,0
20,0,185.3,74.4,21.7,101,81,264,108,131,0,0,0,1,0,0,2,6.5,7,0.0146,0
61,0,179.7,83.8,26.0,143,104,284,85,153,2,1,0,0,0,1,0,9.2,2,0.6595,2
59,1,152.8,58.9,25.2,140,97,311,99,241,0,3,0,0,0,0,1,6.0,9,0.4477,1
23,1,163.6,68.1,25.5,127,69,314,101,89,0,4,1,0,0,1,1,7.7,7,0.0675,0
56,1,173.7,54.9,18.2,135,88,251,95,236,0,5,0,0,0,1,3,4.2,10,0.1951,0
69,0,163.4,88.7,33.2,99,79,159,104,108,0,4,0,0,0,0,3,6.6,1,0.0162,0
40,1,170.4,82.8,28.5,98,70,263,58,198,2,7,0,1,0,0,0,7.7,1,0.013,0
67,1,187.2,95.5,27.2,176,82,258,77,177,2,4,0,0,0,0,0,5.3,4,0.4839,1
60,0,186.6,102.7,29.5,141,89,145,84,136,0,3,0,1,0,1,2,6.6,3,0.084,0
36,0,190.1,72.7,20.1,140,84,214,52,116,1,0,0,1,0,1,2,10.0,6,0.0622,0
68,1,166.2,67.7,24.5,111,75,217,60,187,0,0,1,0,0,0,3,5.7,8,0.2391,0
28,0,185.7,54.4,15.8,162,82,319,69,123,0,6,0,0,0,0,3,7.3,10,0.0135,0
29,1,156.8,115.5,47.0,172,92,222,72,217,2,0,0,0,0,1,3,5.2,7,0.7219,2
25,0,184.0,79.7,23.6,161,96,312,103,206,0,4,0,0,0,0,1,5.7,1,0.0849,0
41,0,182.5,96.9,29.1,157,87,244,79,164,0,1,1,1,0,0,0,7.5,6,0.4359,1
58,0,178.9,60.9,19.0,94,74,121,86,97,0,2,1,0,0,0,3,6.7,9,0.0127,0
53,1,177.2,93.5,29.8,172,65,210,85,133,0,7,0,0,0,1,2,6.0,9,0.0693,0
72,0,170.6,103.2,35.4,171,97,164,93,104,0,6,0,0,0,0,3,6.4,2,0.0733,0
26,1,162.1,70.2,26.7,118,96,290,105,109,1,4,0,1,0,0,2,8.3,8,0.0248,0
64,1,165.0,57.3,21.1,172,65,122,61,194,0,3,0,0,0,1,2,6.7,4,0.0484,0
32,1,153.7,64.8,27.4,95,75,281,85,171,0,0,0,1,0,1,3,7.7,3,0.0482,0
65,1,166.3,39.7,14.4,158,72,199,84,71,0,6,1,0,0,1,1,4.9,7,0.0901,0
59,1,146.8,62.8,29.2,147,92,312,104,200,0,2,0,1,0,0,1,6.3,5,0.4681,1
77,0,186.5,95.5,27.5,132,92,183,83,83,1,0,0,1,0,1,3,6.5,6,0.4067,1
29,1,164.5,71.7,26.5,158,84,254,53,168,2,0,0,1,0,0,1,6.1,4,0.0907,0
19,1,158.8,65.1,25.8,161,73,154,73,137,2,0,0,1,0,0,1,6.8,9,0.0319,0
24,0,167.7,81.7,29.1,126,99,141,85,116,0,5,0,0,0,1,2,6.6,3,0.0052,0
20,0,173.7,85.9,28.5,147,100,295,107,163,2,6,1,1,0,0,3,7.9,5,0.0796,0
20,1,170.9,50.5,17.3,126,101,279,77,120,0,1,1,1,0,0,0,8.3,2,0.0305,0
44,0,181.5,82.1,24.9,171,97,145,88,117,0,6,0,0,0,1,2,6.3,4,0.0224,0
57,1,156.9,105.0,42.6,115,68,239,51,224,1,2,0,0,0,0,2,8.4,7,0.218,0
50,0,167.5,53.7,19.1,131,77,125,92,146,0,7,1,0,0,1,3,6.1,10,0.0242,0
18,0,182.6,80.0,24.0,105,74,293,54,194,0,7,0,1,0,0,3,7.1,5,0.0028,0
25,1,156.8,97.5,39.7,111,63,302,77,182,2,6,0,0,0,1,3,5.4,6,0.0734,0
49,0,176.6,94.9,30.4,112,92,237,62,246,1,7,0,1,0,0,3,6.7,5,0.044,0
65,0,177.2,70.9,22.6,136,97,302,85,221,0,6,0,1,0,0,3,8.8,7,0.1707,0
21,1,167.1,76.7,27.4,156,76,204,58,79,1,6,1,0,0,0,3,7.2,9,0.0086,0
36,0,184.6,82.3,24.1,92,66,304,88,204,1,4,1,1,0,0,1,6.7,7,0.1056,0
49,1,151.4,54.5,23.8,101,81,240,79,185,2,7,0,1,0,1,2,4.6,3,0.0287,0
26,1,144.9,61.3,29.2,112,82,182,106,86,0,1,0,0,0,0,3,6.9,7,0.0065,0
29,1,158.3,65.0,25.9,100,79,248,76,91,1,5,0,1,0,0,3,7.1,3,0.0027,0
28,0,194.0,88.7,23.6,141,106,268,62,128,1,3,0,1,0,0,3,6.4,4,0.0256,0
63,0,196.2,76.9,20.0,139,61,139,91,113,1,6,1,1,0,0,1,6.6,6,0.0383,0
33,1,182.3,62.0,18.7,146,80,148,88,80,1,5,0,0,0,0,3,6.9,7,0.0024,0
18,1,162.1,70.4,26.8,153,71,162,99,111,0,3,0,0,0,0,3,7.0,8,0.0044,0
80,1,146.2,88.8,41.6,135,101,292,77,92,0,5,0,1,0,0,3,6.8,9,0.4271,1
38,1,140.6,61.5,31.1,118,98,184,67,187,2,4,0,1,0,1,3,8.4,1,0.031,0
47,0,169.9,70.0,24.2,159,86,250,83,131,0,2,0,0,1,1,3,5.8,4,0.2948,0
30,0,174.0,88.3,29.2,135,109,215,70,180,0,4,0,1,0,0,0,8.9,3,0.0443,0
51,0,189.0,82.1,23.0,105,85,139,50,123,1,1,1,0,0,0,1,6.7,6,0.0399,0
21,0,184.7,110.4,32.4,140,69,200,94,151,0,2,0,0,0,1,3,7.6,6,0.0374,0
45,0,178.3,79.1,24.9,100,67,156,72,188,0,6,0,1,0,1,1,8.3,8,0.0198,0
76,1,155.1,78.1,32.4,100,80,157,83,178,0,6,1,0,0,0,3,7.2,4,0.0435,0
44,0,166.4,61.9,22.3,152,81,164,85,181,1,7,1,0,0,1,2,7.0,4,0.0484,0
42,0,178.5,86.8,27.2,142,72,289,58,82,2,3,0,1,0,0,3,7.2,1,0.0242,0
20,0,183.0,85.6,25.6,178,107,165,57,137,1,2,0,1,0,0,2,4.7,3,0.0265,0
42,1,167.9,73.1,25.9,147,99,179,107,176,0,2,0,1,0,0,3,4.0,3,0.0491,0
37,1,153.7,59.3,25.1,108,71,215,99,96,2,2,0,1,0,1,1,7.9,8,0.0553,0
51,1,170.5,65.7,22.6,121,76,132,79,184,0,4,1,0,0,0,0,6.6,8,0.0419,0
43,1,168.3,78.4,27.7,139,107,150,97,237,0,0,0,0,0,0,3,6.0,8,0.1401,0
22,0,165.3,82.1,30.0,161,68,243,85,143,0,1,1,1,0,0,0,7.3,9,0.2511,0
78,1,156.2,66.2,27.1,144,108,187,85,161,2,2,0,0,0,0,3,6.8,8,0.2992,0
26,0,182.9,85.8,25.6,165,99,235,67,154,0,2,0,1,0,1,2,5.4,6,0.1322,0
67,0,173.7,76.3,25.3,130,71,181,51,185,1,4,0,0,0,1,3,8.1,5,0.0952,0
23,1,179.9,81.4,25.2,159,68,296,102,144,0,1,0,0,0,1,1,8.4,4,0.1029,0
77,1,169.0,71.5,25.0,110,89,265,60,153,0,1,0,0,1,1,2,7.3,3,0.3277,1
61,0,171.1,75.8,25.9,115,65,194,101,152,2,6,0,0,0,1,3,7.2,7,0.058,0
28,0,175.9,118.4,38.3,90,70,225,105,207,0,3,1,1,0,1,0,7.0,9,0.3562,1
83,1,164.6,77.0,28.4,170,87,172,85,84,1,1,0,0,0,0,3,7.1,1,0.161,0
64,0,168.7,84.0,29.5,116,69,265,80,114,0,1,0,0,0,0,2,7.4,2,0.0617,0
20,0,166.9,80.0,28.7,139,100,170,80,151,1,6,0,0,0,0,1,6.4,8,0.0128,0
47,0,183.0,77.6,23.2,155,87,288,73,76,1,2,0,0,0,0,2,8.0,4,0.0582,0
38,0,184.5,101.6,29.9,154,88,220,95,227,0,6,0,0,0,1,0,7.2,8,0.2546,0
45,1,170.0,70.7,24.4,99,79,220,70,147,0,0,0,0,0,0,3,7.9,6,0.0159,0
79,0,191.2,101.4,27.8,126,70,314,81,99,2,2,0,1,0,0,2,8.5,1,0.2162,0
50,0,170.6,70.3,24.2,158,80,312,98,187,1,7,1,1,0,1,1,7.0,6,0.5419,1
52,0,192.7,72.0,19.4,130,97,202,79,224,0,7,1,1,1,1,1,7.4,1,0.1528,0
69,1,155.0,73.0,30.4,135,85,242,106,118,1,5,1,1,0,0,3,7.8,8,0.2889,0
51,0,165.9,56.4,20.5,166,77,253,57,170,1,4,0,0,0,1,3,7.1,1,0.0797,0
58,0,158.4,77.2,30.8,134,63,284,82,245,0,1,1,1,0,0,0,6.6,5,0.7042,2
68,0,171.5,57.9,19.7,177,103,131,109,238,0,0,0,0,0,0,0,7.2,10,0.6158,1
64,1,159.0,64.7,25.6,116,96,200,100,150,2,2,0,0,0,0,3,8.6,6,0.0786,0
75,1,169.3,53.2,18.6,154,74,121,100,99,2,5,0,0,0,0,2,4.1,8,0.0338,0
74,1,166.4,115.6,41.7,173,82,172,102,72,1,3,0,0,0,0,1,7.9,4,0.3507,1
40,1,152.1,41.2,17.8,97,77,272,88,106,0,4,1,0,0,1,1,7.2,3,0.0227,0
65,1,160.1,70.2,27.4,156,65,275,50,99,2,5,0,0,0,0,2,6.4,5,0.0492,0
39,1,160.3,87.3,34.0,138,102,292,82,123,1,7,0,1,0,0,3,8.0,8,0.0574,0
34,0,158.2,84.7,33.8,178,66,156,91,182,0,7,0,1,0,0,2,5.6,8,0.0356,0
28,0,166.2,85.9,31.1,178,105,264,62,155,1,6,0,0,0,1,0,6.5,5,0.2372,0
32,1,156.3,63.4,25.9,103,83,188,71,169,2,4,0,0,0,0,2,8.6,9,0.0075,0
52,0,190.3,105.4,29.1,151,74,175,54,154,0,5,0,0,0,0,2,4.7,2,0.0176,0
50,0,177.9,92.7,29.3,132,68,240,61,204,2,7,1,0,0,0,3,7.6,4,0.0514,0
33,1,170.6,78.5,27.0,116,89,177,109,77,2,4,0,1,0,1,2,8.7,1,0.0087,0
51,0,161.0,74.1,28.6,116,96,123,78,155,0,2,0,1,1,1,3,8.3,8,0.132,0
83,1,175.9,73.4,23.7,157,102,222,52,132,2,0,0,0,0,0,2,7.5,2,0.2429,0
57,1,177.0,64.9,20.7,164,87,302,100,227,2,0,0,0,0,0,3,5.8,8,0.598,1
45,0,156.0,86.6,35.6,137,89,168,85,162,0,1,0,1,0,1,2,8.1,8,0.2343,0
64,1,156.9,88.2,35.8,156,67,157,96,207,0,0,1,0,0,1,2,6.2,8,0.6779,2
56,0,181.0,67.2,20.5,114,94,164,94,118,0,6,0,0,0,1,3,6.8,6,0.0146,0
37,0,182.4,78.9,23.7,153,94,227,60,190,0,3,0,0,0,0,2,6.9,8,0.0402,0
18,1,157.2,66.5,26.9,113,85,277,75,108,1,5,0,0,0,1,3,5.5,4,0.0122,0
80,1,160.9,70.0,27.0,98,78,156,51,103,0,7,0,1,0,0,1,8.6,6,0.0117,0
84,1,158.0,70.0,28.0,97,77,303,78,171,2,4,0,1,0,0,2,6.9,2,0.1499,0
21,0,177.1,92.8,29.6,148,97,274,90,79,2,6,1,0,1,0,2,6.9,7,0.0662,0
75,1,176.0,66.8,21.6,106,70,151,78,78,0,7,0,0,0,0,3,6.3,1,0.0017,0
42,0,168.3,61.4,21.7,132,79,258,93,165,0,2,0,1,0,1,3,6.1,9,0.1395,0
64,1,174.0,95.6,31.6,157,105,177,85,202,0,4,0,0,0,0,3,7.7,10,0.1955,0
55,0,168.2,67.2,23.7,93,73,196,107,232,0,4,0,0,1,0,2,7.8,2,0.0277,0
32,1,155.5,48.8,20.2,97,77,282,68,208,0,3,0,1,1,0,3,10.0,7,0.0213,0
80,0,184.2,74.8,22.1,131,71,136,59,111,0,5,0,1,0,1,0,6.6,6,0.0969,0
38,0,185.2,77.7,22.6,138,107,277,60,149,0,6,1,1,0,0,1,6.5,2,0.0426,0
74,0,184.5,105.6,31.0,95,75,265,56,160,0,6,0,1,0,0,0,8.3,6,0.122,0
70,1,150.8,79.3,34.8,162,62,149,62,217,2,6,0,0,0,0,3,8.0,3,0.0615,0
63,1,159.3,86.9,34.2,131,107,209,90,248,0,4,0,1,0,1,1,6.7,1,0.3815,1
31,1,172.2,88.4,29.8,161,101,238,93,70,0,4,0,0,1,0,1,7.4,9,0.078,0
34,0,176.4,92.4,29.7,121,64,135,51,80,1,3,0,0,0,0,2,8.9,7,0.0039,0
56,0,165.3,62.3,22.8,104,72,194,79,130,0,3,0,0,0,0,3,5.6,9,0.024,0
26,0,180.6,77.3,23.7,171,71,301,71,148,0,0,0,0,0,1,3,6.1,10,0.2134,0
23,1,156.9,53.6,21.8,176,60,123,102,236,1,5,1,0,1,1,2,7.5,4,0.0568,0
40,0,193.9,83.8,22.3,158,102,246,50,173,0,6,1,0,0,0,3,6.2,7,0.0459,0
76,1,179.4,90.0,27.9,116,78,224,76,117,0,6,0,0,0,0,3,6.2,2,0.0165,0
63,1,170.0,77.0,26.6,155,88,262,56,151,0,4,1,0,0,0,1,8.5,1,0.1442,0
55,1,177.6,98.5,31.2,148,106,274,50,97,0,5,0,0,0,1,3,7.5,8,0.1339,0
31,1,164.6,55.2,20.4,117,97,123,107,158,0,1,0,0,0,0,2,6.9,7,0.0057,0
79,1,171.7,83.3,28.3,113,93,282,74,144,1,1,0,0,0,0,0,6.1,5,0.4849,1
52,1,178.8,60.7,19.0,140,98,204,97,149,0,1,0,0,0,0,0,7.4,10,0.1359,0
36,0,178.5,80.6,25.3,110,90,182,53,105,0,5,0,0,0,1,3,8.4,4,0.005,0
47,1,161.4,81.8,31.4,120,84,219,79,156,1,3,0,0,0,0,2,5.5,2,0.0373,0
42,0,159.0,66.3,26.2,164,75,185,57,139,2,4,1,0,0,0,2,5.5,6,0.0734,0
57,0,175.2,85.9,28.0,139,76,158,98,176,2,0,0,0,0,1,2,7.8,5,0.2472,0
31,0,184.2,67.7,20.0,129,87,275,70,175,0,4,0,0,0,0,3,6.3,10,0.0197,0
43,0,185.5,57.8,16.8,157,98,281,100,139,0,6,1,1,1,1,3,6.0,9,0.3134,1
39,0,181.0,88.9,27.1,105,85,280,53,79,0,1,0,0,0,0,3,6.2,10,0.027,0
65,0,170.6,101.5,34.9,165,108,297,109,74,2,5,0,1,0,0,0,7.9,2,0.5277,1
68,1,144.2,47.2,22.7,175,64,307,53,97,1,2,0,1,0,1,2,7.9,5,0.3453,1
20,0,171.0,93.9,32.1,152,60,191,57,128,0,5,1,0,1,0,3,7.5,3,0.0125,0
59,0,173.0,77.1,25.8,145,62,191,91,206,0,1,0,0,0,0,1,6.5,5,0.1383,0
36,0,172.9,56.4,18.9,169,107,161,75,236,0,5,0,1,0,0,2,6.0,5,0.0199,0
45,1,170.2,58.1,20.1,113,83,205,78,161,0,5,0,0,0,1,1,6.3,5,0.0169,0
62,1,183.9,82.2,24.3,117,88,210,65,131,2,5,0,1,0,1,3,5.9,8,0.1018,0
80,1,165.2,66.6,24.4,174,74,147,68,158,0,3,1,1,0,0,2,6.5,5,0.1845,0
36,1,161.8,51.2,19.6,178,63,274,50,176,0,4,0,0,0,0,2,7.0,6,0.0171,0
64,0,173.4,51.3,17.1,120,100,238,86,107,2,3,1,0,0,0,3,7.9,1,0.0542,0
31,1,165.2,59.9,21.9,104,60,248,83,221,0,5,0,0,0,0,3,7.0,4,0.0033,0
55,0,167.7,76.8,27.3,131,108,210,78,190,0,0,0,0,1,0,2,6.8,2,0.1859,0
70,0,177.2,78.5,25.0,139,74,127,76,240,0,4,1,0,0,0,3,9.0,2,0.0685,0
78,1,168.5,66.7,23.5,175,83,240,97,179,0,4,0,0,0,1,3,4.0,1,0.3675,1
53,0,178.1,82.1,25.9,94,74,165,94,213,0,4,1,0,0,0,2,7.8,6,0.0303,0
57,1,168.6,89.9,31.6,137,79,143,79,135,0,2,0,1,1,0,3,7.6,3,0.051,0
47,1,168.3,80.1,28.3,102,69,234,55,135,0,4,1,1,0,0,3,7.6,2,0.0122,0
26,0,158.3,67.3,26.9,121,70,287,85,115,0,2,1,0,0,0,1,8.1,8,0.0648,0
81,0,182.4,95.1,28.6,156,77,298,106,218,0,6,1,0,0,0,3,5.6,5,0.6697,2
50,0,169.3,60.2,21.0,168,93,238,88,129,1,4,1,0,0,0,3,8.1,10,0.204,0
69,1,153.0,63.1,27.0,119,87,143,51,207,0,5,0,1,0,0,3,7.5,1,0.013,0
31,1,153.0,63.5,27.1,95,75,141,104,215,0,1,0,0,0,0,1,6.5,1,0.0067,0
70,0,180.3,61.6,18.9,114,75,187,91,159,0,0,1,0,0,0,1,7.8,2,0.1216,0
76,0,173.8,70.6,23.4,117,83,255,63,238,0,4,0,1,0,0,1,7.2,3,0.1693,0
58,1,147.2,32.5,15.0,151,98,177,57,233,0,6,0,0,0,0,0,5.9,2,0.0306,0
25,1,168.8,103.1,36.2,111,71,134,52,182,1,3,0,0,0,0,3,4.6,2,0.0052,0
19,0,161.6,56.7,21.7,157,109,127,84,154,0,6,0,1,0,0,3,5.4,5,0.0041,0
58,0,177.4,102.5,32.6,104,84,289,76,135,1,1,0,0,0,1,0,6.1,7,0.5928,1
72,1,166.4,73.8,26.6,115,66,286,83,115,0,3,1,1,0,0,3,7.5,1,0.0921,0
33,0,184.9,90.9,26.6,152,95,154,77,187,1,7,0,1,0,1,1,5.3,1,0.0403,0
79,0,193.8,79.6,21.2,107,76,288,80,220,2,3,0,0,0,0,0,7.5,2,0.3025,1
65,1,150.4,68.3,30.2,162,108,167,66,236,0,6,0,1,0,0,1,7.4,2,0.1086,0
47,1,163.5,81.5,30.5,152,63,215,68,164,0,2,1,0,0,0,2,9.5,1,0.0496,0
29,0,173.2,86.6,28.9,151,96,190,91,73,0,0,0,1,0,0,0,7.4,9,0.0999,0
52,0,180.3,91.8,28.2,157,92,163,93,238,2,6,1,0,0,0,2,4.5,10,0.2998,0
28,0,178.2,73.6,23.2,137,78,216,108,72,0,6,0,1,0,0,3,8.4,7,0.0042,0
81,0,172.5,69.0,23.2,139,85,154,104,189,1,7,1,1,0,1,1,5.9,10,0.6712,2
67,1,159.6,45.9,18.0,152,70,146,60,143,1,3,1,1,0,1,2,5.8,7,0.1955,0
38,0,164.8,80.3,29.5,158,90,312,58,175,0,6,1,1,1,0,3,6.8,6,0.2321,0
65,1,173.9,93.2,30.8,95,60,189,79,165,0,1,1,0,0,0,0,7.7,6,0.1673,0
37,1,168.6,98.5,34.7,147,99,185,106,105,0,7,0,0,0,0,3,6.7,6,0.0108,0
84,0,185.2,87.2,25.4,140,95,190,94,246,1,0,1,0,1,0,2,7.0,2,0.8048,2
61,0,172.9,65.0,21.7,101,81,319,55,96,0,1,0,0,0,0,2,5.9,10,0.1082,0
50,0,169.4,49.3,17.2,136,84,310,63,122,0,3,0,1,0,0,1,5.6,7,0.0961,0
78,1,153.2,82.2,35.0,98,78,199,80,118,0,0,0,1,0,0,2,7.2,4,0.1147,0
26,1,167.6,46.9,16.7,96,76,148,103,171,0,7,0,0,0,0,3,5.2,2,0.0004,0
52,0,165.6,67.7,24.7,118,77,150,60,70,0,4,1,0,0,0,1,6.1,9,0.0206,0
82,1,182.5,77.9,23.4,167,62,311,54,243,2,3,0,1,1,0,2,6.6,7,0.7181,2
25,1,150.9,64.4,28.3,140,77,300,80,131,1,3,0,0,0,0,2,7.3,6,0.0265,0
62,1,166.7,73.9,26.6,173,66,187,51,168,1,6,0,1,0,0,2,6.7,5,0.0396,0
64,0,191.7,87.9,23.9,144,87,144,88,135,1,5,0,0,0,0,1,6.6,10,0.0801,0
57,1,170.0,38.8,13.4,148,76,236,66,219,1,5,0,0,1,0,2,5.5,3,0.0529,0
71,1,165.8,73.1,26.6,145,84,260,87,236,0,2,0,1,1,0,1,6.5,1,0.4816,1
63,0,166.3,39.7,14.4,111,77,200,95,113,2,7,1,0,0,0,2,6.7,5,0.012,0
64,0,162.2,82.1,31.2,107,87,287,85,71,0,1,1,0,0,0,3,7.5,4,0.1779,0
32,0,183.7,73.5,21.8,147,102,319,52,128,0,4,0,1,0,0,2,6.0,9,0.0406,0
36,0,191.1,53.2,14.6,129,62,206,92,225,0,0,0,0,0,0,3,5.9,6,0.0262,0
43,0,171.6,63.6,21.6,178,84,254,78,83,0,3,0,0,0,0,3,5.5,7,0.0563,0
69,1,152.6,57.8,24.8,120,66,279,82,85,0,3,0,1,0,0,3,7.2,3,0.0334,0
39,0,151.4,83.6,36.4,145,106,143,63,120,0,4,1,1,0,0,1,6.6,7,0.0933,0
38,0,166.2,76.0,27.5,124,69,120,87,169,1,3,0,0,0,0,3,6.8,9,0.0145,0
68,1,162.9,76.6,28.9,115,95,230,78,97,0,6,0,0,0,1,2,6.4,9,0.0746,0
55,0,192.0,103.7,28.1,157,103,166,72,122,0,1,0,1,1,0,3,6.5,9,0.2283,0
37,0,182.7,79.9,23.9,173,78,298,108,121,2,0,0,0,0,0,3,6.3,1,0.1143,0
46,1,167.1,84.8,30.4,123,74,155,66,185,0,6,0,0,0,0,3,7.6,1,0.0034,0
68,1,160.0,80.3,31.4,165,80,274,108,222,0,4,0,0,0,0,2,7.0,2,0.26,0
21,1,158.2,49.8,19.9,105,80,317,98,78,1,4,0,0,1,0,1,8.8,8,0.0177,0
72,1,178.1,101.1,31.9,131,96,161,104,80,0,7,0,0,0,0,1,6.6,8,0.044,0
45,0,178.0,57.7,18.2,94,74,195,60,176,0,5,1,1,0,0,3,8.9,1,0.0042,0
21,1,143.0,75.2,36.8,150,104,209,77,114,0,2,0,0,1,0,1,6.7,6,0.0729,0
39,0,169.3,51.9,18.1,133,91,208,103,154,0,0,1,0,0,1,1,7.6,10,0.3048,1
62,1,155.4,76.7,31.8,124,100,187,56,71,0,4,1,0,0,1,3,6.3,3,0.0684,0
84,0,170.5,103.2,35.5,90,70,189,94,231,0,7,0,1,0,0,3,7.6,1,0.0545,0
83,1,169.6,71.6,24.9,132,82,229,89,239,0,6,0,0,0,1,0,4.2,5,0.5283,1
51,1,162.9,67.6,25.5,121,69,245,57,138,0,3,0,0,1,0,3,5.5,2,0.0284,0
72,1,163.2,80.8,30.3,152,99,260,90,208,2,7,0,0,0,0,3,5.8,6,0.3088,1
18,0,189.1,79.6,22.3,122,100,272,78,98,0,6,0,0,0,0,2,9.5,4,0.0022,0
55,0,169.0,101.8,35.6,166,65,214,74,180,2,5,0,0,0,1,2,8.3,8,0.3176,1
23,1,182.6,84.2,25.2,155,83,141,56,161,0,7,0,0,0,0,3,7.3,1,0.0008,0
42,1,157.3,63.8,25.8,119,77,140,106,74,1,0,0,0,0,0,0,6.5,7,0.0323,0
34,0,176.9,70.3,22.5,99,69,262,71,89,0,1,0,1,0,1,3,6.3,10,0.0328,0
78,1,161.2,56.6,21.8,112,74,314,58,170,0,4,0,1,0,0,1,6.3,6,0.1422,0
29,1,165.2,63.2,23.1,128,104,284,60,108,0,1,0,1,0,0,3,7.8,9,0.0284,0
23,0,180.4,75.0,23.0,134,102,164,83,229,2,4,1,0,0,1,2,7.1,4,0.0518,0
44,1,168.3,66.9,23.6,118,93,273,76,226,0,7,0,1,0,0,2,8.1,6,0.0183,0
25,0,168.5,64.4,22.7,119,67,230,99,196,0,7,1,0,0,0,3,7.7,7,0.0082,0
82,0,164.8,103.9,38.3,123,103,302,71,70,0,3,0,0,1,0,1,7.5,8,0.7059,2
74,0,201.0,75.1,18.6,141,94,297,52,188,0,2,0,0,0,0,3,6.1,10,0.2932,0
57,1,159.2,71.8,28.3,170,86,282,99,198,1,3,0,1,0,1,3,6.1,7,0.6227,1
31,1,171.0,84.4,28.9,111,84,288,97,73,1,1,0,0,0,1,3,7.2,7,0.0674,0
52,0,159.9,79.4,31.1,94,62,191,89,212,0,7,0,0,0,0,3,7.5,6,0.0097,0
65,1,161.2,69.7,26.8,100,80,235,104,244,0,6,0,1,0,0,2,6.8,6,0.0506,0
73,1,162.7,67.8,25.6,175,98,130,57,227,0,0,1,0,1,0,3,5.5,1,0.5207,1
66,1,168.7,81.1,28.5,121,91,207,55,203,2,6,0,0,0,0,2,7.3,9,0.0629,0
30,0,148.8,68.4,30.9,113,93,255,106,171,0,5,1,0,0,0,2,7.9,8,0.0534,0
78,1,165.7,68.9,25.1,100,80,173,74,198,0,1,0,0,0,1,1,5.7,9,0.3784,1
66,0,164.5,48.8,18.0,100,68,248,51,131,0,2,0,1,0,1,1,6.6,1,0.0489,0
63,0,179.2,72.6,22.6,106,86,139,65,202,0,4,0,0,0,0,0,5.9,6,0.0499,0
79,0,165.6,55.6,20.3,121,60,219,107,123,1,7,1,0,0,0,2,8.1,6,0.0639,0
25,0,167.4,63.7,22.7,172,63,153,102,118,0,5,0,0,1,0,2,9.4,9,0.0108,0
60,1,161.3,71.1,27.4,116,63,176,90,76,1,7,0,0,0,0,1,8.6,2,0.0056,0
37,0,165.5,78.1,28.5,121,101,260,100,169,0,4,0,0,0,1,1,5.1,1,0.114,0
56,1,159.2,96.3,38.0,150,85,244,70,72,1,1,0,0,0,0,2,7.4,2,0.112,0
66,0,164.1,64.0,23.8,114,93,301,64,145,0,0,0,1,1,0,3,7.7,6,0.3354,1
81,0,157.7,80.5,32.4,153,86,172,105,192,2,4,0,0,0,1,2,9.1,7,0.6095,1
79,1,174.2,81.7,26.9,153,74,171,83,148,0,6,0,1,0,0,2,6.3,7,0.06,0
71,1,151.0,85.0,37.2,117,97,253,96,238,1,4,0,1,0,0,0,6.9,3,0.5716,1
26,0,174.2,85.8,28.3,129,91,155,103,218,1,5,1,0,0,0,2,5.6,4,0.0345,0
54,0,183.5,66.6,19.8,103,83,272,92,101,0,2,1,0,1,1,3,5.4,3,0.2151,0
66,0,169.9,49.1,17.0,131,66,210,69,81,0,5,0,0,0,1,1,7.1,9,0.0452,0
58,0,167.7,78.5,27.9,128,103,305,93,173,2,2,0,0,0,0,3,8.8,3,0.2445,0
34,1,166.3,65.2,23.6,91,71,302,80,180,0,6,0,1,0,0,3,7.0,10,0.0094,0
38,1,175.2,62.9,20.5,170,73,214,64,76,2,0,0,0,0,0,3,7.1,6,0.023,0
68,0,164.3,53.1,19.7,90,70,122,97,248,0,4,0,1,0,0,2,5.5,6,0.0248,0
76,1,162.5,73.7,27.9,121,101,147,77,242,0,3,0,1,0,0,3,7.2,5,0.1094,0
56,1,146.7,86.0,40.0,172,60,241,55,164,0,1,1,1,0,0,2,6.3,5,0.4178,1
72,0,172.1,69.9,23.6,153,91,315,52,134,0,5,1,0,0,0,3,6.5,8,0.3049,1
58,0,176.3,87.0,28.0,167,100,285,87,114,0,7,0,0,0,0,3,9.0,9,0.1141,0
56,1,155.5,66.2,27.4,120,85,153,72,103,0,4,0,0,1,0,1,6.5,8,0.0326,0
30,1,159.4,50.4,19.8,147,107,203,107,208,2,1,0,1,0,0,1,6.6,8,0.1105,0
81,0,161.9,82.0,31.3,171,68,260,52,230,1,5,0,0,0,0,1,7.3,10,0.6924,2
28,0,176.8,62.0,19.8,167,75,230,102,77,0,4,1,1,0,1,3,4.0,3,0.0501,0
36,0,186.6,83.6,24.0,103,83,124,94,114,0,2,0,0,0,1,3,6.1,6,0.0086,0
28,1,153.0,61.4,26.2,177,61,247,93,173,1,0,0,0,0,1,2,4.9,9,0.3157,1
63,1,157.8,82.3,33.1,158,91,307,57,147,0,3,0,0,1,0,3,6.3,5,0.3533,1
62,0,181.0,64.6,19.7,105,69,207,51,231,1,5,1,0,0,0,3,9.3,4,0.0349,0
18,1,176.1,83.9,27.1,158,84,234,56,114,0,2,1,0,0,1,3,4.0,9,0.09,0
57,1,149.1,51.9,23.4,143,77,221,66,192,1,7,0,0,0,0,1,5.0,5,0.0475,0
36,1,162.3,63.5,24.1,102,82,136,56,249,0,0,1,0,0,0,2,8.6,6,0.0206,0
78,0,178.8,24.9,7.8,169,93,304,82,207,1,2,1,1,0,0,3,6.8,7,0.6373,1
29,0,175.0,108.9,35.6,168,88,150,85,112,0,5,0,0,0,0,2,7.5,8,0.017,0
78,0,151.2,73.9,32.3,120,100,211,96,150,0,6,0,1,0,1,2,7.1,3,0.2017,0
50,0,181.0,69.0,21.1,158,83,312,53,80,0,1,0,1,0,0,3,7.2,1,0.0456,0
62,1,179.2,62.7,19.5,110,62,313,93,233,0,4,0,0,0,0,3,6.6,10,0.0852,0
25,0,177.2,71.1,22.7,119,74,280,65,215,0,2,0,0,0,1,2,4.0,5,0.0538,0
42,0,165.7,83.6,30.5,112,62,223,70,74,1,6,1,0,0,0,2,7.0,9,0.0183,0
63,0,170.9,47.1,16.1,127,90,212,67,100,0,6,1,0,0,0,3,8.3,9,0.0243,0
47,0,193.7,84.7,22.6,118,69,251,95,85,0,5,0,1,0,0,0,8.2,4,0.0186,0
64,1,173.1,103.1,34.4,166,97,201,95,78,0,0,1,1,0,1,2,7.7,3,0.57,1
66,0,182.4,64.2,19.3,121,81,174,77,71,1,4,1,0,0,0,3,6.9,5,0.0257,0
64,0,179.6,81.0,25.1,151,73,271,92,106,1,5,0,1,0,0,2,7.2,2,0.0693,0
35,0,169.4,107.7,37.6,134,68,279,109,153,1,6,0,1,0,0,3,8.0,2,0.0434,0
83,0,174.0,86.5,28.6,138,77,192,65,127,2,1,0,0,0,1,2,5.2,6,0.529,1
50,0,175.2,79.5,25.9,122,67,166,96,152,2,1,0,0,0,0,2,9.2,5,0.0327,0
53,1,169.5,82.3,28.7,93,73,263,71,175,1,3,0,0,1,0,3,8.2,9,0.0978,0
36,1,179.1,73.5,22.9,107,74,268,55,205,0,4,0,0,1,1,3,9.2,4,0.0306,0
45,1,175.2,97.1,31.6,159,105,213,79,121,0,1,1,0,0,1,2,7.4,1,0.2148,0
57,1,149.8,58.9,26.3,153,74,186,105,144,0,2,0,0,1,0,2,6.4,10,0.1534,0
32,1,166.2,43.7,15.8,117,65,216,94,146,2,1,0,0,1,1,0,7.6,6,0.0779,0
58,1,171.4,69.8,23.8,147,71,278,107,138,0,1,1,1,0,0,2,7.9,8,0.3059,1
56,0,182.2,66.6,20.1,179,101,239,77,194,0,1,1,0,1,0,3,9.3,7,0.5774,1
19,0,169.7,70.6,24.5,145,78,261,66,249,2,6,1,0,0,0,2,6.6,3,0.0245,0
80,0,205.1,88.7,21.1,109,89,253,85,103,0,3,0,0,0,0,3,6.5,4,0.0544,0
46,1,151.2,83.6,36.5,166,64,316,61,245,1,5,0,0,1,0,1,8.3,10,0.6209,1
83,1,153.2,77.0,32.8,123,86,276,99,166,1,0,0,1,0,0,2,6.7,5,0.6258,1
68,1,166.3,77.1,27.9,176,69,302,108,221,1,5,0,1,0,0,0,6.3,3,0.5921,1
27,0,197.2,88.5,22.8,99,79,156,89,82,1,7,0,0,1,1,3,6.4,8,0.0048,0
31,1,155.6,51.9,21.4,111,91,306,61,119,1,1,0,1,0,0,2,4.6,9,0.048,0
68,0,173.3,44.0,14.6,94,73,283,85,160,1,0,1,0,0,0,2,6.1,7,0.1908,0
56,0,186.8,85.1,24.4,133,93,229,89,73,0,7,0,0,0,0,1,7.5,8,0.0239,0
45,0,175.8,89.8,29.1,98,78,306,78,133,1,4,0,1,0,0,3,7.0,2,0.0282,0
20,0,172.7,74.7,25.1,132,74,197,51,143,1,0,0,1,0,1,3,7.6,10,0.0516,0
44,1,169.7,66.8,23.2,93,73,311,78,236,0,4,0,1,1,0,2,8.6,3,0.0377,0
19,0,178.7,86.3,27.0,131,85,290,79,85,0,7,0,1,0,1,2,9.9,4,0.0083,0
55,0,186.3,81.9,23.6,154,86,237,85,153,0,3,1,0,0,0,3,6.7,10,0.2161,0
20,1,176.9,103.7,33.1,130,62,161,93,207,0,4,0,0,0,0,3,5.6,2,0.0051,0
33,1,167.1,92.0,33.0,153,62,193,74,178,0,4,0,0,0,0,3,6.5,3,0.0104,0
57,1,166.9,87.9,31.5,144,94,244,70,131,1,2,0,1,0,0,2,7.9,8,0.2011,0
19,0,178.1,90.4,28.5,179,94,179,71,230,0,3,1,1,0,1,3,10.0,10,0.2535,0
58,1,168.9,55.1,19.3,107,87,309,59,239,0,1,1,1,0,1,2,7.2,7,0.4212,1
29,1,164.6,82.2,30.4,105,65,183,80,113,0,3,0,0,1,1,2,7.6,6,0.0143,0
52,0,176.0,83.6,27.0,176,73,177,96,243,0,2,0,1,1,1,3,6.7,6,0.5198,1
82,1,176.0,87.1,28.1,135,85,121,109,155,0,6,0,1,0,0,1,7.2,2,0.0481,0
72,0,191.2,93.0,25.4,125,62,197,58,150,0,4,1,0,0,1,3,8.5,8,0.1802,0
62,0,160.9,77.3,29.8,179,92,190,90,191,2,7,0,0,0,0,1,8.0,6,0.2066,0
79,1,164.1,112.6,41.8,155,101,239,88,173,1,5,1,1,1,0,2,6.9,5,0.8485,2
66,1,157.1,67.4,27.3,133,72,127,108,228,2,3,1,1,1,0,1,7.3,10,0.5396,1
42,0,172.9,90.5,30.3,94,74,303,83,202,0,2,0,0,0,0,3,6.6,5,0.052,0
40,1,168.0,66.9,23.7,118,68,283,88,189,2,5,0,0,0,0,1,8.4,2,0.0198,0
41,1,170.7,87.2,29.9,93,73,316,90,215,1,1,0,0,0,0,0,9.2,2,0.1394,0
55,1,162.9,85.5,32.2,175,81,132,99,203,2,4,0,1,0,0,0,6.0,7,0.3608,1
45,0,156.9,73.9,30.0,138,81,158,72,175,0,3,1,1,1,0,2,6.1,5,0.1079,0
38,1,154.3,92.2,38.7,161,93,221,61,247,0,3,0,1,0,0,2,6.6,7,0.169,0
71,0,185.0,69.2,20.2,174,69,200,56,196,0,7,0,0,0,1,0,8.0,8,0.2371,0
35,1,136.6,51.0,27.3,97,77,125,81,97,2,5,0,1,0,0,0,6.5,4,0.0034,0
53,0,187.9,87.1,24.7,141,71,138,68,176,1,6,0,0,0,0,0,8.1,5,0.0263,0
62,0,181.2,93.8,28.6,158,62,272,71,93,0,6,0,1,0,0,3,5.1,1,0.0423,0
70,1,177.2,81.3,25.9,110,78,250,105,97,0,4,0,0,0,1,1,6.9,6,0.1298,0
47,0,174.0,96.3,31.8,116,92,224,65,215,1,6,0,1,0,0,2,7.2,1,0.0275,0
77,0,155.4,57.8,23.9,127,106,172,107,73,2,3,0,0,0,0,0,5.9,3,0.1959,0
49,0,180.3,63.0,19.4,94,74,147,57,173,1,4,0,1,0,1,3,6.8,10,0.0203,0
84,1,176.7,83.0,26.6,174,72,273,79,246,1,6,1,0,0,0,2,8.3,3,0.5358,1
84,0,185.2,81.5,23.7,150,66,166,100,197,0,2,1,0,0,0,3,6.8,7,0.3717,1
45,1,157.4,76.8,31.0,97,77,255,55,197,0,4,0,0,0,0,3,7.5,10,0.0269,0
61,0,176.9,78.0,24.9,175,81,176,51,175,2,1,1,0,0,0,3,8.7,2,0.2027,0
58,0,170.7,70.2,24.1,107,79,174,83,229,1,4,0,0,1,1,3,5.9,9,0.2781,0
80,0,167.8,72.8,25.8,93,73,198,78,165,1,5,0,0,1,1,2,7.3,4,0.1601,0
40,0,185.6,83.2,24.2,93,73,120,89,196,0,3,0,0,0,1,1,4.0,6,0.0248,0
65,0,164.0,67.4,25.1,126,106,287,108,162,0,5,0,1,0,0,0,5.3,6,0.3992,1
49,0,167.1,70.5,25.3,104,73,142,91,135,0,4,0,1,1,0,3,7.9,2,0.0082,0
74,1,153.0,60.4,25.8,127,89,301,102,127,0,7,0,0,1,0,2,6.4,10,0.1896,0
50,1,149.1,77.4,34.8,116,82,161,102,80,0,4,0,0,0,1,3,7.3,4,0.0218,0
41,0,177.5,81.6,25.9,174,106,297,92,180,2,4,0,0,0,0,2,5.2,2,0.1937,0
56,0,187.6,117.7,33.4,137,78,123,101,173,1,1,1,0,0,1,3,4.0,10,0.6149,1
51,1,162.2,73.5,27.9,135,98,127,108,134,0,5,0,1,0,0,3,6.2,1,0.0078,0
73,0,160.9,62.2,24.0,135,100,283,107,197,0,1,0,0,0,0,0,6.3,10,0.7516,2
45,0,184.4,122.3,36.0,137,95,129,69,86,1,3,1,1,0,0,3,6.6,7,0.0731,0
54,1,180.9,86.6,26.5,148,65,235,105,183,0,5,0,0,0,1,1,8.8,5,0.1276,0
24,1,157.5,83.6,33.7,93,73,277,52,149,1,3,1,1,0,0,3,4.5,5,0.0353,0
54,1,159.2,78.5,31.0,164,69,219,108,135,0,4,1,1,0,0,3,6.1,3,0.1103,0
73,0,181.2,89.9,27.4,108,88,135,97,187,0,0,0,0,0,1,3,6.6,1,0.138,0
82,0,192.2,94.1,25.5,146,80,277,84,182,0,5,0,1,0,0,1,6.8,3,0.2983,0
82,1,158.8,52.9,21.0,108,88,183,57,201,0,2,1,0,0,0,0,8.2,9,0.322,1
64,0,162.7,76.9,29.0,131,89,227,100,229,0,4,0,0,0,0,3,6.9,4,0.1268,0
37,0,182.3,61.3,18.4,94,74,240,61,140,1,6,0,1,0,1,3,8.0,5,0.0071,0
36,1,172.0,73.4,24.8,137,65,258,99,226,1,6,1,1,0,1,1,8.4,6,0.199,0
46,0,176.1,67.1,21.7,114,64,281,94,130,2,2,0,0,0,0,3,5.3,9,0.0726,0
77,1,158.4,74.6,29.7,156,74,174,92,127,2,1,0,0,0,0,0,8.4,5,0.3759,1
35,1,173.9,82.0,27.1,115,95,202,81,122,0,3,1,0,0,0,3,6.8,7,0.0189,0
52,1,169.3,81.9,28.6,163,84,123,78,74,0,0,0,1,0,0,3,7.1,9,0.0473,0
60,0,168.3,78.5,27.7,177,72,296,94,183,1,6,0,1,1,0,3,7.2,1,0.2952,0
28,0,176.5,69.1,22.2,151,65,163,70,130,0,3,0,0,0,0,0,7.5,2,0.0063,0
66,0,162.5,67.3,25.5,96,76,278,108,90,2,1,1,1,0,1,3,5.2,5,0.51,1
55,0,182.9,95.2,28.5,133,61,167,52,83,0,4,0,0,0,1,2,5.1,5,0.0258,0
81,1,161.4,86.7,33.3,176,76,218,87,165,2,7,0,0,0,1,2,6.4,9,0.5209,1
25,0,171.6,58.6,19.9,116,83,217,76,148,2,1,0,0,0,0,0,7.7,7,0.0271,0
51,0,175.7,54.9,17.8,131,71,145,104,147,0,0,0,0,0,1,1,8.5,10,0.1124,0
65,0,176.4,67.3,21.6,162,103,222,52,110,0,4,0,0,0,0,1,6.2,9,0.1166,0
73,1,172.9,92.2,30.8,145,73,317,106,85,0,5,0,0,1,0,3,8.0,7,0.2728,0
82,0,181.9,99.2,30.0,92,66,216,107,120,0,6,1,0,0,0,3,6.7,6,0.0793,0
48,0,174.4,63.3,20.8,102,82,131,50,70,1,4,0,0,0,1,2,7.4,6,0.0051,0
21,0,183.6,86.4,25.6,159,91,164,95,109,0,0,0,0,1,0,3,6.3,1,0.0169,0
67,1,168.0,101.5,36.0,148,88,255,104,87,0,6,0,0,0,1,3,7.2,7,0.2215,0
47,0,171.7,82.1,27.8,127,105,128,69,103,2,3,1,0,0,0,2,5.9,4,0.0402,0
76,1,162.8,92.7,35.0,174,98,120,56,169,2,4,0,0,0,0,2,7.1,10,0.2634,0
84,1,162.5,86.2,32.7,172,68,252,106,218,0,3,0,0,0,0,3,8.0,3,0.479,1
62,0,181.1,66.9,20.4,178,73,190,90,198,2,2,0,1,0,0,3,6.5,1,0.1193,0
21,1,160.3,67.3,26.2,157,76,173,50,224,0,0,0,0,0,1,0,7.3,7,0.0995,0
43,0,172.1,76.6,25.9,175,108,223,59,248,1,2,0,0,0,0,3,7.4,10,0.3213,1
44,1,183.7,83.4,24.7,158,84,271,94,208,0,4,0,1,0,0,3,8.3,9,0.1092,0
63,1,173.4,90.4,30.1,90,70,273,61,189,2,0,0,0,1,0,3,4.8,1,0.196,0
81,0,168.4,80.3,28.3,139,104,129,53,171,1,4,0,0,1,0,2,7.8,2,0.1411,0
68,0,181.7,36.8,11.1,170,88,308,56,184,0,6,0,0,0,0,3,5.7,10,0.146,0
67,0,177.2,58.9,18.8,162,88,159,59,83,0,0,0,0,0,0,3,5.6,4,0.0544,0
23,1,167.9,41.1,14.6,98,77,163,71,161,0,3,0,1,0,1,0,6.2,9,0.0074,0
76,0,177.4,81.3,25.8,142,90,231,74,224,1,1,0,0,0,1,3,5.9,10,0.8263,2
32,1,175.9,81.6,26.4,177,78,131,78,219,2,5,0,0,0,0,2,7.2,8,0.0195,0
47,0,179.5,84.0,26.1,99,76,141,88,90,1,1,0,0,1,0,1,5.8,1,0.0278,0
59,1,163.4,57.3,21.5,173,65,274,64,189,1,7,0,0,0,0,3,7.7,4,0.0405,0
54,0,186.4,93.3,26.9,170,71,314,68,221,1,0,0,0,0,1,1,4.4,9,0.8995,2
59,1,166.3,83.9,30.3,166,97,201,88,88,2,6,0,0,0,0,2,8.3,2,0.0321,0
52,0,177.2,59.8,19.0,118,62,316,107,93,1,2,0,1,0,0,1,5.1,2,0.086,0
23,1,167.1,51.6,18.5,125,105,261,95,95,0,0,0,1,0,0,1,7.5,6,0.0209,0
35,0,175.1,77.5,25.3,176,94,272,102,222,1,3,0,0,0,1,1,6.0,6,0.4999,1
46,0,176.1,104.9,33.8,116,96,171,95,114,0,5,0,1,0,0,2,6.5,6,0.0183,0
76,0,170.1,100.6,34.7,107,87,231,67,177,2,7,0,1,0,1,2,5.9,10,0.4453,1
64,1,156.5,76.7,31.3,107,87,237,91,226,0,7,0,1,1,0,1,4.5,1,0.1322,0
34,0,166.0,62.1,22.5,98,62,178,52,208,0,2,0,0,0,1,2,6.4,9,0.0154,0
39,1,150.1,78.3,34.8,156,64,157,55,93,0,0,1,1,0,1,3,5.5,2,0.1117,0
54,0,167.2,66.8,23.9,96,73,139,71,93,1,6,0,0,0,1,3,5.3,7,0.0112,0
66,1,162.3,59.6,22.6,147,95,197,104,81,0,5,0,1,0,0,2,6.5,1,0.0165,0
30,1,165.0,40.4,14.8,168,87,139,103,204,2,5,0,0,1,0,2,6.7,1,0.0073,0
51,0,173.3,78.2,26.0,119,99,303,90,237,0,6,0,1,1,1,2,7.1,9,0.4289,1
70,0,152.4,56.8,24.4,162,91,220,95,150,0,0,0,0,0,1,1,7.6,7,0.6591,2
68,0,191.7,87.3,23.7,150,77,229,102,168,0,4,0,1,0,0,3,5.6,5,0.157,0
20,0,186.9,48.9,14.0,171,101,149,80,139,0,3,0,0,0,0,3,5.3,10,0.0092,0
59,0,180.5,82.8,25.4,106,86,226,70,148,0,3,1,1,0,0,1,7.9,3,0.0877,0
49,1,183.1,45.1,13.4,142,72,160,105,92,0,6,0,1,0,0,1,6.6,8,0.005,0
68,1,154.2,83.4,35.1,95,61,203,57,192,0,1,0,0,0,0,3,9.4,1,0.0369,0
63,1,182.9,89.3,26.7,128,84,190,50,107,0,4,0,0,1,0,2,4.5,8,0.0537,0
38,0,166.3,69.0,24.9,114,79,182,52,228,0,6,0,0,0,0,2,7.4,4,0.0041,0
61,1,166.4,81.6,29.5,131,66,316,78,98,1,2,1,0,0,0,3,6.0,2,0.167,0
28,0,163.3,57.0,21.4,131,70,214,103,241,0,5,0,1,1,1,1,6.1,7,0.0978,0
18,0,176.1,79.2,25.5,148,64,148,55,225,0,7,0,0,0,0,3,6.3,4,0.0014,0
80,0,179.9,91.9,28.4,127,88,196,82,145,0,1,0,0,0,0,3,8.6,4,0.156,0
41,0,174.5,30.8,10.1,120,77,291,67,137,0,7,0,1,0,1,1,5.0,6,0.0193,0
30,0,183.1,74.9,22.3,118,67,198,91,90,0,3,1,0,0,0,1,5.0,2,0.0106,0
28,1,165.0,72.2,26.5,98,78,202,104,78,1,0,0,0,0,0,3,7.7,5,0.007,0
68,1,158.8,66.4,26.4,90,70,176,98,118,2,4,0,0,1,0,1,9.0,9,0.0713,0
34,0,170.3,97.0,33.4,169,61,271,107,167,0,3,0,0,0,0,0,6.1,3,0.1553,0
41,0,184.1,65.2,19.2,176,94,266,102,106,0,3,0,0,0,1,3,8.3,4,0.09,0
36,0,169.5,65.4,22.8,161,85,136,50,90,0,4,0,0,0,0,1,8.0,3,0.0044,0
54,1,173.2,47.8,16.0,136,82,231,71,92,0,3,1,0,0,0,1,7.3,7,0.0385,0
25,0,188.2,106.8,30.1,165,64,316,80,207,0,7,0,1,0,0,1,7.2,3,0.0414,0
45,1,147.3,60.0,27.6,99,75,308,72,139,0,7,0,0,0,0,3,6.5,7,0.0088,0
22,1,175.3,71.1,23.1,105,85,251,57,218,2,1,0,1,0,0,3,8.1,5,0.0149,0
34,1,184.6,81.5,23.9,136,70,269,78,170,0,6,0,1,0,0,2,7.8,3,0.0066,0
53,0,178.5,88.8,27.9,132,78,125,93,98,0,7,0,0,0,1,2,6.3,1,0.0063,0
36,1,170.0,80.2,27.8,113,75,277,100,128,1,4,0,1,0,0,1,5.1,5,0.0479,0
81,1,174.4,116.9,38.4,97,77,212,95,237,0,3,0,0,0,0,3,6.1,9,0.3158,1
28,0,173.2,83.4,27.8,164,71,194,68,90,0,3,1,1,0,0,3,5.7,10,0.0557,0
71,1,165.8,65.9,24.0,115,61,258,108,155,1,4,0,1,0,0,1,6.9,4,0.1065,0
62,1,150.9,57.0,25.0,96,76,167,98,168,0,0,1,0,0,0,3,7.6,9,0.0952,0
64,0,177.4,72.8,23.1,168,81,165,109,132,1,7,0,1,0,1,3,7.5,10,0.1655,0
29,0,181.0,58.0,17.7,104,84,274,65,115,0,2,0,0,1,0,3,7.6,3,0.0073,0
38,0,181.2,81.2,24.7,137,92,266,68,202,0,4,0,0,0,0,3,7.2,8,0.0441,0
28,1,174.7,89.1,29.2,92,72,205,86,84,1,0,0,0,1,0,1,7.0,5,0.0208,0
22,0,168.3,64.9,22.9,105,64,211,71,174,0,5,0,1,0,1,3,6.9,6,0.0054,0
73,1,158.7,57.2,22.7,168,80,178,68,180,0,3,0,0,0,1,1,8.5,4,0.2259,0
37,1,183.0,104.2,31.1,178,105,243,53,152,0,1,0,0,0,1,3,6.4,6,0.2196,0
58,1,162.5,49.9,18.9,103,77,315,54,149,2,5,0,1,0,0,3,6.7,3,0.0167,0
63,0,178.0,48.0,15.1,177,98,301,54,237,1,6,1,1,0,0,2,4.4,7,0.4919,1
29,1,163.3,54.4,20.4,164,64,202,74,180,0,3,0,1,0,1,3,6.3,4,0.0191,0
34,0,167.8,50.8,18.0,92,67,264,73,176,1,3,0,0,0,0,1,6.6,5,0.0113,0
36,0,192.2,91.9,24.9,162,80,169,50,156,1,5,0,0,0,1,3,8.4,6,0.0279,0
43,1,158.7,64.0,25.4,159,106,287,99,73,2,0,0,1,0,1,0,5.4,5,0.6236,1
65,0,164.7,69.1,25.5,120,64,219,77,221,0,4,1,0,0,0,0,6.8,2,0.1577,0
69,1,159.5,87.0,34.2,169,72,206,96,111,2,7,1,1,0,0,3,6.8,4,0.1673,0
72,0,156.0,57.6,23.7,164,78,233,70,188,0,2,0,0,0,0,2,7.8,8,0.259,0
50,0,169.5,86.4,30.1,106,86,258,109,95,2,2,0,1,0,0,2,6.4,8,0.1011,0
79,0,166.3,95.8,34.6,138,61,241,68,175,0,7,0,1,0,1,2,7.7,7,0.2863,0
40,1,170.2,68.3,23.6,92,72,133,72,173,0,4,0,1,0,0,3,7.3,10,0.0035,0
32,1,157.3,79.7,32.2,172,85,132,63,77,1,6,0,0,1,0,3,6.1,2,0.0068,0
44,1,172.9,72.8,24.4,177,88,207,108,142,1,7,0,1,0,1,0,5.7,4,0.1877,0
81,0,190.0,98.9,27.4,144,64,199,55,147,0,7,0,0,0,0,3,9.5,9,0.054,0
68,0,183.8,58.3,17.3,161,91,275,81,217,0,4,1,0,0,0,3,6.4,6,0.3084,1
70,1,161.8,46.2,17.7,129,97,291,99,135,0,1,0,0,0,0,3,5.0,8,0.2222,0
68,0,177.4,72.8,23.1,155,107,182,81,137,0,4,0,0,0,1,3,6.5,9,0.2095,0
64,0,160.8,57.0,22.1,176,61,222,57,168,0,6,0,0,0,0,2,6.2,5,0.0337,0
21,1,162.7,63.6,24.0,129,64,225,86,147,0,1,0,1,0,0,3,5.6,5,0.0105,0
24,0,167.4,70.4,25.1,119,99,308,71,154,0,4,1,0,0,1,3,7.0,9,0.1078,0
52,1,170.9,86.3,29.5,114,92,136,57,148,0,6,0,0,0,0,3,7.2,6,0.0048,0
65,1,189.7,78.7,21.9,96,76,169,87,108,0,6,0,1,0,1,2,4.6,7,0.0186,0
62,0,181.0,68.1,20.8,139,78,273,59,119,2,1,1,0,0,0,1,7.2,8,0.3557,1
36,0,156.1,62.8,25.8,170,74,254,52,89,0,4,0,0,0,0,3,7.9,8,0.0201,0
80,0,172.4,64.7,21.8,90,70,242,62,139,1,4,0,0,0,1,1,5.8,3,0.1561,0
55,1,165.2,58.6,21.5,133,67,198,88,225,2,2,0,0,0,0,1,5.4,5,0.1093,0
84,1,164.9,48.2,17.7,138,106,135,79,186,0,3,0,0,0,0,3,5.8,1,0.0511,0
76,0,168.7,75.4,26.5,96,60,136,53,181,0,3,0,0,0,1,2,6.4,3,0.0322,0
30,0,178.5,70.7,22.2,92,72,209,94,240,0,1,0,1,0,0,1,6.9,2,0.0155,0
64,1,151.6,80.3,34.9,90,70,282,55,97,0,0,0,1,0,0,3,5.6,10,0.1826,0
78,1,154.6,45.6,19.1,140,76,203,65,188,0,7,0,1,0,0,3,6.5,2,0.0171,0
48,0,182.5,73.1,22.0,127,75,203,71,167,0,5,0,0,0,1,2,6.7,2,0.0147,0
39,0,165.8,100.1,36.4,132,104,270,76,142,2,2,0,0,0,0,2,7.1,1,0.0901,0
60,0,181.4,66.6,20.2,144,60,316,70,220,0,7,0,0,0,1,3,5.2,6,0.1544,0
84,1,150.3,61.6,27.3,146,62,128,78,177,1,4,1,0,0,0,3,6.0,4,0.1821,0
71,1,181.6,62.6,19.0,142,65,137,50,232,0,2,0,1,0,1,3,6.1,10,0.1322,0
27,0,168.3,53.9,19.0,122,62,194,79,91,0,0,0,0,0,0,1,8.8,2,0.0039,0
59,1,161.8,94.1,36.0,169,106,295,73,74,0,2,1,1,0,0,3,8.2,5,0.4697,1
81,0,179.3,82.2,25.6,151,89,191,62,129,0,0,0,0,0,1,2,6.8,2,0.3021,1
38,0,170.3,77.2,26.6,100,80,210,79,238,1,5,1,0,0,1,3,5.1,8,0.147,0
83,0,177.4,53.3,16.9,161,70,185,75,226,0,0,0,0,0,0,3,7.9,4,0.2094,0
58,1,169.8,80.3,27.9,141,86,142,83,232,0,0,0,0,0,1,1,8.3,5,0.2797,0
41,0,185.6,100.2,29.1,90,70,257,69,183,0,6,0,1,0,0,2,6.8,8,0.0124,0
52,1,171.9,93.2,31.5,103,65,157,109,167,0,0,1,1,0,0,3,6.3,6,0.0819,0
73,0,174.3,87.2,28.7,174,97,247,100,114,1,0,1,0,0,1,3,6.0,1,0.8165,2
47,0,174.5,60.3,19.8,110,90,178,55,182,1,4,0,0,0,1,1,7.7,6,0.0392,0
74,0,199.5,94.4,23.7,123,103,187,92,206,1,2,0,0,0,0,2,7.6,1,0.1269,0
64,1,173.5,86.8,28.8,179,90,204,98,248,0,3,0,0,0,0,0,5.6,6,0.6034,1
52,0,166.8,46.5,16.7,103,83,238,58,83,0,3,0,0,0,0,2,5.8,7,0.0096,0
36,1,165.0,55.7,20.5,129,65,290,86,138,0,7,0,1,0,0,0,5.6,6,0.0186,0
25,0,172.6,89.6,30.1,124,104,131,86,183,1,4,1,1,0,0,3,9.0,4,0.0223,0
43,0,174.6,90.5,29.7,131,79,231,65,125,0,1,0,0,0,0,3,7.2,4,0.0301,0
47,0,163.7,48.6,18.1,171,106,235,53,180,2,5,0,0,0,0,3,8.2,2,0.0302,0
24,0,171.9,87.9,29.7,109,89,300,81,160,2,6,0,1,0,0,3,7.0,2,0.0114,0
84,0,194.1,88.5,23.5,149,70,261,69,80,2,7,0,0,1,1,3,7.3,7,0.2992,0
82,0,181.8,92.6,28.0,98,61,171,78,227,0,0,0,0,0,0,2,6.5,10,0.2197,0
53,1,139.1,50.0,25.9,122,90,203,80,184,0,2,0,0,0,0,3,8.6,8,0.0466,0
42,1,176.2,87.8,28.3,138,97,230,94,170,2,0,0,0,0,0,1,7.2,6,0.1835,0
54,0,186.9,96.1,27.5,157,85,319,66,236,1,6,1,0,0,1,1,6.8,6,0.7077,2
18,0,172.4,70.9,23.9,93,73,180,90,167,1,7,0,0,1,0,2,4.6,7,0.0037,0
32,0,183.2,81.9,24.4,137,105,288,74,184,0,0,0,0,0,0,0,7.5,3,0.1454,0
54,0,167.4,64.0,22.8,105,85,140,94,221,1,7,0,1,0,1,2,7.5,10,0.0461,0
30,0,171.3,100.4,34.2,136,90,295,65,149,0,3,0,0,0,0,0,8.4,2,0.0759,0
25,1,179.0,77.7,24.3,115,83,175,69,127,0,0,0,0,0,0,0,6.5,4,0.0088,0
22,0,173.3,62.8,20.9,159,72,154,91,99,2,7,0,1,0,0,2,6.0,2,0.002,0
77,0,157.3,57.9,23.4,126,84,163,59,221,0,6,1,1,1,1,3,9.0,7,0.3636,1
18,0,175.4,79.6,25.9,111,91,158,101,136,1,2,0,0,0,0,2,5.2,9,0.0124,0
53,0,175.2,88.9,29.0,96,76,262,109,98,0,2,0,1,0,1,0,5.9,7,0.3254,1
52,1,176.0,58.0,18.7,131,84,259,97,111,0,3,0,0,1,0,2,8.7,5,0.0351,0
83,0,176.1,105.8,34.1,119,88,236,72,188,0,4,1,1,0,0,1,8.0,3,0.5079,1
80,0,171.8,80.5,27.3,163,90,127,101,131,0,3,0,1,0,0,3,6.6,1,0.0912,0
40,1,174.5,84.2,27.7,168,102,243,82,224,0,3,1,1,0,1,3,6.6,1,0.2944,0
26,0,177.2,77.1,24.6,95,75,220,92,98,0,6,0,1,1,0,1,6.7,3,0.0039,0
51,1,156.5,68.5,28.0,113,61,186,62,98,1,0,0,1,0,0,0,7.9,4,0.0438,0
63,1,175.5,75.6,24.5,155,71,213,74,173,0,1,0,0,0,0,2,7.9,5,0.0824,0
21,0,177.9,94.2,29.8,129,64,212,99,126,2,5,0,0,1,0,2,7.7,9,0.0185,0
47,1,164.0,71.9,26.7,104,84,248,86,124,0,4,0,1,0,0,1,7.9,2,0.0149,0
20,0,177.8,90.4,28.6,142,93,199,85,185,1,4,0,1,0,1,1,7.6,4,0.065,0
31,1,153.3,60.1,25.6,174,73,161,73,241,0,6,0,1,0,0,2,4.1,3,0.0123,0
77,0,170.7,78.3,26.9,171,66,150,55,197,0,4,1,1,0,0,3,7.4,8,0.2699,0
62,0,176.0,66.0,21.3,94,74,241,64,225,1,0,0,0,0,0,3,6.5,1,0.0559,0
51,1,162.1,89.3,34.0,178,95,193,104,234,0,7,0,1,0,0,3,9.6,1,0.0676,0
62,1,176.7,65.9,21.1,125,69,277,83,220,2,3,0,1,0,0,3,5.2,9,0.2179,0
78,1,166.2,68.2,24.7,163,88,162,53,146,0,5,0,0,0,0,0,5.5,1,0.0874,0
33,1,172.5,71.6,24.0,135,75,145,63,138,2,6,1,1,0,0,1,7.1,4,0.0079,0
83,0,176.1,72.7,23.5,112,92,131,53,127,0,6,1,0,0,0,1,5.5,8,0.0889,0
57,0,186.6,94.1,27.0,177,80,246,77,229,0,0,0,1,0,0,3,10.0,4,0.3788,1
34,0,180.0,75.2,23.2,134,97,223,78,154,0,2,1,1,0,1,3,7.7,5,0.1136,0
51,0,176.1,99.0,31.9,99,79,306,67,138,0,1,0,0,0,0,1,6.3,2,0.0833,0
33,0,175.9,65.7,21.2,143,92,188,107,170,0,7,0,0,0,0,1,7.5,9,0.0139,0
77,1,154.5,69.8,29.2,159,88,192,69,105,0,1,0,0,0,1,3,7.3,10,0.4255,1
83,0,181.1,68.9,21.0,166,107,130,97,229,0,5,0,0,0,1,2,6.2,9,0.4009,1
83,0,175.6,84.1,27.3,174,76,166,90,197,1,0,1,0,0,1,3,5.5,3,0.8764,2
30,0,171.0,75.3,25.7,121,72,142,81,156,2,3,0,0,0,0,2,5.6,8,0.0116,0
73,1,175.1,75.2,24.5,132,65,200,57,143,0,4,0,0,0,0,1,6.5,9,0.0591,0
48,1,151.5,83.6,36.4,104,61,290,92,162,0,5,1,0,0,0,3,8.2,3,0.0495,0
51,1,159.8,60.1,23.5,155,67,196,95,224,0,5,0,1,0,0,2,7.7,1,0.0183,0
56,0,186.3,91.9,26.5,104,84,242,98,168,1,2,0,0,0,0,1,9.6,2,0.0874,0
84,1,167.2,62.0,22.2,170,95,286,62,93,0,2,0,1,0,0,3,6.0,8,0.449,1
25,0,175.5,79.5,25.8,109,68,192,89,156,1,6,1,0,0,0,0,5.6,1,0.0134,0
72,1,166.5,55.3,20.0,139,82,174,95,136,0,6,1,1,0,0,2,6.8,7,0.049,0
44,0,177.8,69.0,21.8,95,66,137,92,233,0,5,0,1,0,0,2,7.5,2,0.003,0
70,0,160.8,69.2,26.7,168,90,213,58,211,0,6,1,0,0,1,0,7.5,3,0.5542,1
56,0,172.5,103.5,34.8,106,80,289,89,137,0,7,1,0,0,0,0,7.4,4,0.144,0
82,1,180.2,81.6,25.1,115,60,273,95,241,0,1,0,1,0,0,1,7.2,3,0.3633,1
34,0,169.4,99.5,34.7,111,91,137,96,245,1,5,0,0,0,1,2,6.3,4,0.0427,0
47,1,160.8,73.7,28.5,162,61,247,107,175,0,3,0,0,1,0,1,6.5,5,0.1802,0
70,0,170.6,69.5,23.9,153,99,160,82,188,0,4,0,0,0,1,3,8.9,6,0.1838,0
30,0,175.1,100.7,32.8,165,70,289,105,101,1,6,1,0,0,0,1,5.6,5,0.1727,0
38,0,170.2,81.6,28.2,175,96,152,61,189,0,1,1,1,1,1,3,7.3,9,0.5442,1
36,0,180.9,70.8,21.6,147,77,162,86,214,0,3,0,1,0,0,1,8.4,10,0.0465,0
70,0,178.0,86.0,27.2,176,103,133,74,236,1,4,1,0,0,0,0,5.8,9,0.7835,2
36,0,183.7,77.5,23.0,126,83,302,95,229,1,0,0,0,0,1,1,5.8,6,0.5332,1
74,1,153.5,36.9,15.7,167,78,177,74,199,0,3,0,0,0,1,3,7.3,6,0.1353,0
42,0,172.6,90.3,30.3,177,64,257,103,147,1,5,0,1,0,1,0,7.5,9,0.5105,1
48,1,161.7,87.3,33.4,161,88,147,65,239,0,5,1,1,1,1,2,6.6,7,0.3873,1
72,1,168.6,101.8,35.8,179,98,133,100,107,0,2,1,0,0,0,0,7.5,6,0.5827,1
40,1,156.1,74.4,30.5,117,61,273,109,124,0,6,0,1,0,1,3,5.0,9,0.0629,0
49,0,185.2,78.8,23.0,175,76,193,65,103,0,3,1,1,0,0,3,6.2,7,0.0714,0
79,0,187.9,96.5,27.3,138,104,264,88,115,2,3,0,0,0,0,2,8.4,8,0.3814,1
27,0,166.1,85.8,31.1,162,70,281,84,240,1,5,0,1,0,0,2,4.8,10,0.2071,0
71,1,159.1,94.1,37.2,156,96,133,72,199,0,5,0,0,0,0,2,9.5,5,0.0986,0
69,1,158.7,68.7,27.3,178,72,273,57,233,0,7,1,0,0,0,3,6.8,8,0.3007,1
37,0,202.3,88.7,21.7,165,88,281,102,139,2,3,0,0,0,0,3,8.9,10,0.1197,0
49,0,171.7,65.1,22.1,156,91,143,102,105,1,4,0,0,0,0,0,8.4,1,0.0272,0
31,1,180.8,88.5,27.1,130,104,223,95,219,0,4,0,1,1,0,1,7.3,7,0.096,0
67,0,163.3,48.4,18.2,135,99,189,101,138,0,0,1,1,0,0,2,7.3,2,0.147,0
45,1,154.1,78.7,33.1,176,102,139,52,235,1,0,1,0,0,0,3,9.3,3,0.2711,0
70,1,157.1,77.4,31.3,176,67,286,109,174,1,4,0,0,0,0,1,5.7,8,0.6994,2
41,1,155.5,76.5,31.6,144,69,240,73,123,0,7,1,0,0,0,3,6.9,3,0.0138,0
39,0,173.3,78.7,26.2,171,84,292,92,219,1,6,0,0,0,0,2,6.3,10,0.172,0
47,0,168.9,97.5,34.2,100,70,153,71,181,0,7,0,1,0,0,2,6.0,7,0.0112,0
80,1,155.8,81.0,33.4,115,87,269,63,176,0,4,1,0,0,0,2,8.4,6,0.3169,1
21,1,175.6,68.7,22.3,161,92,190,71,228,0,7,0,0,0,0,3,7.5,3,0.003,0
76,0,188.2,75.3,21.2,171,98,152,83,122,0,1,0,0,0,0,1,7.4,3,0.1592,0
25,0,185.5,69.6,20.2,102,82,125,85,186,1,3,0,0,0,1,3,7.4,9,0.0096,0
29,1,169.2,82.9,28.9,125,67,135,80,175,0,3,0,1,0,0,0,7.9,5,0.0108,0
48,1,164.9,57.5,21.1,153,97,319,70,162,0,2,0,0,0,1,0,6.8,7,0.4112,1
51,1,159.0,85.8,33.9,140,85,228,108,128,2,4,0,1,0,0,3,8.3,2,0.0613,0
66,1,154.5,87.1,36.5,165,91,142,107,166,0,4,0,1,0,0,3,6.9,10,0.2337,0
74,0,179.6,66.6,20.6,111,91,265,54,155,1,7,0,0,0,0,3,7.0,7,0.0418,0
43,0,164.3,69.3,25.7,149,87,133,68,246,1,7,0,1,1,0,2,6.5,8,0.0469,0
35,1,154.1,67.3,28.3,91,66,169,91,96,0,0,0,0,1,1,1,6.8,4,0.0289,0
55,1,175.5,91.0,29.5,145,94,180,102,141,0,5,1,1,0,0,2,7.4,1,0.0453,0
67,0,195.0,111.6,29.4,129,61,155,70,191,2,0,0,0,0,0,2,6.9,10,0.1949,0
25,0,179.9,54.7,16.9,117,81,134,51,203,0,5,0,0,0,0,3,6.0,4,0.0008,0
58,1,175.1,72.8,23.7,166,109,124,102,243,0,3,1,0,0,0,1,6.7,5,0.2347,0
23,0,173.5,72.8,24.2,92,72,172,52,94,2,3,0,0,0,1,2,6.6,5,0.0029,0
61,0,162.6,50.3,19.0,152,62,167,96,167,0,5,0,1,0,1,2,6.8,2,0.0325,0
81,0,182.1,73.8,22.2,112,92,130,100,206,0,4,0,0,0,0,3,4.7,8,0.0969,0
46,1,169.7,81.3,28.2,144,109,121,102,133,1,3,0,1,1,1,2,7.9,2,0.0968,0
45,1,164.7,68.2,25.1,121,101,206,106,228,1,4,0,1,0,0,2,6.8,1,0.0313,0
28,0,173.6,53.6,17.8,173,67,143,79,216,0,7,0,0,0,0,3,7.4,5,0.0027,0
82,1,173.6,119.9,39.8,117,63,187,83,182,0,6,0,1,0,1,2,7.6,7,0.2448,0
36,1,154.1,71.1,29.9,97,74,198,74,134,0,2,0,0,0,0,2,5.7,8,0.0122,0
26,1,156.3,69.8,28.6,92,72,131,84,167,1,2,0,1,0,1,2,7.7,4,0.008,0
44,1,153.9,50.5,21.3,178,105,306,78,214,2,1,1,1,0,0,3,5.7,1,0.493,1
51,0,176.8,82.3,26.3,142,98,186,61,103,0,0,0,1,0,0,3,7.4,5,0.0507,0
61,0,165.1,70.1,25.7,118,71,279,72,233,1,6,0,0,0,1,1,4.8,3,0.2642,0
32,0,169.2,46.3,16.2,178,88,155,77,210,0,1,0,1,0,0,2,4.3,1,0.023,0
68,0,168.9,58.4,20.5,170,68,268,95,128,2,2,0,0,0,0,2,8.1,7,0.2426,0
30,0,173.4,88.6,29.5,148,101,231,66,158,0,3,1,0,0,0,2,7.6,9,0.0917,0
66,1,149.1,93.7,42.1,113,93,317,65,145,1,6,0,0,0,0,2,6.7,9,0.2683,0
73,1,164.9,77.9,28.7,127,79,313,98,218,2,0,0,0,0,0,2,6.9,4,0.5282,1
68,1,176.5,94.8,30.4,117,93,241,105,170,1,0,0,0,0,0,3,5.0,8,0.465,1
54,0,177.4,76.3,24.3,151,85,256,58,179,1,1,1,1,0,0,2,6.9,1,0.2295,0
34,0,191.4,84.4,23.0,140,107,163,52,75,1,0,0,1,0,1,2,7.0,4,0.0352,0
75,0,189.3,101.0,28.2,96,76,178,71,178,2,2,0,1,0,0,3,6.4,4,0.0808,0
46,0,183.8,106.8,31.6,112,82,271,80,80,1,7,0,1,0,0,3,6.7,2,0.0115,0
50,0,176.7,97.9,31.3,135,77,246,63,149,1,3,0,1,0,0,2,5.7,8,0.163,0
77,1,164.2,56.1,20.8,179,83,182,52,219,1,1,0,0,0,0,3,5.1,8,0.4138,1
72,1,171.6,74.8,25.4,167,101,160,87,208,0,3,0,1,0,0,0,7.1,7,0.3824,1
27,0,172.1,80.2,27.1,117,88,195,72,234,0,5,0,1,0,0,2,5.4,4,0.0116,0
64,0,157.2,64.7,26.2,113,93,226,70,95,0,1,0,0,0,0,0,7.5,5,0.112,0
40,1,168.9,80.3,28.1,96,76,249,100,223,0,5,0,1,1,0,3,7.3,5,0.0306,0
38,0,164.7,84.7,31.2,168,72,214,73,175,1,4,0,0,0,0,3,8.1,1,0.0335,0
30,1,154.4,82.2,34.5,138,91,147,81,218,0,6,0,0,0,1,3,7.3,6,0.0227,0
50,1,164.0,97.3,36.2,92,72,263,94,223,0,0,1,1,1,0,1,10.0,7,0.6029,1
41,1,163.0,66.6,25.0,91,71,178,54,84,0,7,0,0,0,0,3,6.5,4,0.0005,0
28,0,161.9,50.5,19.3,96,61,248,82,172,0,4,0,0,0,0,2,7.3,3,0.0021,0
34,1,165.7,78.2,28.5,169,77,205,93,232,0,5,0,1,0,1,3,6.1,8,0.1063,0
64,0,185.7,111.1,32.2,110,90,120,96,208,2,0,0,1,0,0,1,8.1,2,0.1828,0
42,1,152.7,59.2,25.4,98,78,150,106,175,1,4,0,0,0,1,1,7.1,1,0.0155,0
38,0,188.7,94.7,26.6,101,73,141,68,137,0,3,0,0,0,1,3,4.8,7,0.0138,0
29,0,160.4,80.6,31.3,113,74,306,83,158,0,2,1,1,0,1,2,5.9,3,0.2061,0
54,0,197.2,91.5,23.5,122,67,238,52,247,1,1,1,0,0,0,2,6.7,3,0.1447,0
59,1,159.9,70.0,27.4,167,68,147,88,98,1,0,0,0,0,0,2,5.4,6,0.1058,0
34,1,165.5,58.9,21.5,132,80,235,77,133,0,7,0,0,0,1,3,7.5,3,0.0048,0
65,1,145.1,28.3,13.5,171,102,195,60,238,0,7,0,1,1,0,2,5.2,9,0.1268,0
45,1,163.4,55.0,20.6,94,74,146,109,165,0,1,0,1,1,0,2,6.6,2,0.0096,0
58,0,178.3,73.3,23.1,168,73,206,59,223,0,7,1,0,0,0,1,6.5,1,0.0638,0
64,1,163.1,88.0,33.1,160,86,248,89,97,0,2,0,1,1,1,2,8.1,7,0.5823,1
35,0,170.4,73.6,25.4,178,67,243,51,153,1,7,0,1,0,0,3,6.6,7,0.0221,0
30,1,154.5,59.5,24.9,103,83,226,95,245,2,4,0,1,0,1,3,7.9,9,0.0605,0
30,1,175.3,64.3,20.9,125,77,249,94,92,0,6,0,1,1,1,3,7.4,5,0.0122,0
48,0,176.3,88.0,28.3,124,73,214,88,108,1,6,0,1,0,0,2,5.5,3,0.0179,0
19,1,179.4,100.1,31.1,139,67,185,76,138,2,3,0,0,0,0,3,9.5,10,0.0109,0
33,0,170.7,91.3,31.3,177,108,296,102,90,1,5,0,0,0,0,2,8.2,2,0.0702,0
26,0,171.7,84.9,28.8,168,67,138,58,189,1,1,0,1,0,0,2,5.7,8,0.0553,0
55,1,172.2,53.9,18.2,100,80,275,88,155,2,5,1,1,0,0,3,5.6,5,0.054,0
71,0,159.8,64.6,25.3,113,93,317,50,246,0,4,0,1,0,0,3,8.3,2,0.1568,0
73,1,151.9,95.1,41.3,164,61,286,82,163,0,7,1,0,0,1,0,7.9,6,0.8036,2
62,0,187.0,100.3,28.7,133,76,138,87,161,2,5,0,1,0,0,3,7.7,8,0.0499,0
51,0,164.3,49.1,18.2,140,72,246,106,233,0,0,0,1,1,0,3,5.7,3,0.2571,0
26,1,145.8,62.1,29.2,106,73,235,82,150,1,6,0,1,0,0,3,6.1,1,0.0029,0
25,1,182.7,86.8,26.0,159,100,183,97,154,1,1,0,0,0,1,3,8.4,5,0.0693,0
24,1,150.1,53.6,23.8,174,100,177,52,234,0,6,0,1,0,0,2,7.6,8,0.0123,0
53,1,165.8,38.3,13.9,97,68,136,81,196,0,1,1,0,0,0,3,6.0,5,0.0137,0
35,1,164.7,73.8,27.2,168,86,317,62,157,0,7,1,1,0,0,2,8.5,3,0.0449,0
20,0,147.9,52.1,23.8,163,79,198,70,163,0,6,0,1,0,0,2,9.3,7,0.006,0
45,0,173.3,64.9,21.6,117,97,160,53,197,0,7,0,0,0,0,1,6.3,10,0.0103,0
61,0,180.5,74.9,23.0,168,71,124,66,111,0,0,1,1,0,0,3,6.1,7,0.1144,0
38,1,167.5,71.8,25.6,101,81,142,91,168,0,2,1,1,0,0,3,8.7,5,0.0129,0
45,1,173.0,76.4,25.5,132,81,316,53,203,0,4,1,0,0,1,3,8.9,2,0.1312,0
71,0,172.1,62.8,21.2,171,96,245,69,205,0,5,0,1,0,1,1,8.8,10,0.6096,1
71,1,171.1,72.3,24.7,126,106,129,108,138,1,5,1,0,0,0,1,7.4,8,0.1453,0
82,1,157.1,42.2,17.1,177,98,187,61,109,2,1,0,1,0,0,3,6.3,7,0.2192,0
38,0,161.9,75.6,28.8,152,90,259,75,207,0,4,0,0,0,1,3,8.0,7,0.1603,0
30,0,163.0,28.7,10.8,152,72,230,94,100,0,5,0,0,0,0,3,6.5,8,0.0032,0
74,1,149.4,60.3,27.0,99,60,257,85,99,2,3,0,1,1,1,2,6.4,8,0.2841,0
66,1,174.1,90.8,30.0,167,97,179,65,248,0,4,0,0,0,0,3,7.1,4,0.1309,0
71,1,148.9,48.5,21.9,169,99,246,100,154,0,4,0,0,0,0,0,6.9,1,0.1961,0
27,0,178.7,90.1,28.2,126,68,149,56,233,0,6,0,1,0,0,3,6.3,10,0.0065,0
70,1,161.3,88.0,33.8,100,80,233,82,130,0,5,0,1,0,0,0,5.6,4,0.1229,0
61,0,175.0,27.9,9.1,179,69,271,97,96,0,6,0,1,0,1,0,6.7,2,0.0825,0
64,0,189.6,82.5,23.0,108,88,188,51,104,0,0,0,1,0,0,3,6.2,6,0.0345,0
70,1,159.6,26.7,10.5,141,99,132,82,129,0,6,0,1,0,0,2,5.3,8,0.0119,0
63,0,182.1,79.3,23.9,107,87,128,63,101,0,7,0,0,0,0,0,7.1,10,0.012,0
30,1,164.4,72.1,26.7,121,61,265,69,159,0,5,0,0,0,0,2,7.2,10,0.0085,0
54,0,174.5,40.0,13.1,112,77,282,86,201,1,4,0,0,1,0,0,7.8,3,0.1001,0
41,1,187.0,112.4,32.1,101,81,251,76,160,0,6,0,0,0,1,2,7.1,6,0.0227,0
19,1,149.6,69.1,30.9,147,106,288,96,169,0,5,0,0,0,1,1,6.9,9,0.1281,0
31,0,188.9,71.7,20.1,166,91,145,91,96,1,7,0,1,0,1,1,7.8,4,0.0135,0
27,1,170.6,97.3,33.4,110,83,244,70,116,0,5,0,0,0,0,1,7.1,6,0.0083,0
52,0,171.2,48.7,16.6,110,90,163,51,203,0,2,1,1,0,0,2,7.3,2,0.0179,0
42,1,180.3,61.7,19.0,118,73,289,92,95,0,7,0,1,0,0,1,7.6,6,0.0069,0
20,0,157.5,34.3,13.8,168,84,129,65,93,1,4,1,0,0,0,2,6.3,1,0.0019,0
34,0,170.8,102.4,35.1,136,84,224,68,188,1,3,0,0,0,1,2,8.1,7,0.1562,0
29,0,163.9,76.9,28.6,101,81,225,53,113,0,5,0,1,0,1,3,7.0,3,0.0059,0
71,0,180.1,90.0,27.7,147,86,120,59,211,0,4,0,1,0,0,3,6.8,3,0.0495,0
41,1,152.9,70.9,30.4,130,91,301,103,210,0,5,0,1,0,1,3,8.1,10,0.2542,0
46,0,180.3,88.8,27.3,108,88,263,71,223,1,0,0,0,0,0,2,6.4,6,0.144,0
60,0,174.1,78.2,25.8,101,81,165,61,112,2,3,1,1,0,0,1,6.5,5,0.0581,0
42,0,171.2,79.7,27.2,112,83,260,51,112,0,0,1,1,1,0,2,7.5,1,0.0828,0
77,0,179.9,81.6,25.2,94,74,183,51,135,0,5,1,0,0,0,3,7.2,1,0.0172,0
82,1,161.3,61.5,23.6,115,89,197,90,179,0,2,1,0,0,1,2,10.0,2,0.2847,0
45,1,153.1,65.9,28.1,152,92,206,93,180,0,6,0,1,0,0,3,8.2,3,0.0202,0
33,0,204.0,96.1,23.1,141,92,302,83,225,1,2,0,0,0,1,3,4.1,4,0.2763,0
64,1,159.1,71.2,28.1,99,79,182,67,70,0,0,1,1,1,0,3,7.3,10,0.1512,0
75,1,141.8,38.7,19.3,175,86,265,65,209,0,6,0,1,0,1,3,4.8,6,0.3736,1
44,0,167.6,53.6,19.1,128,92,180,68,179,1,2,0,0,0,1,3,6.5,10,0.0824,0
70,1,151.3,81.9,35.8,112,92,211,96,247,0,5,0,1,0,1,0,7.2,10,0.6654,2
59,0,184.3,77.5,22.8,100,63,242,74,129,1,7,0,0,0,0,3,6.4,2,0.0056,0
76,1,167.2,82.4,29.5,161,89,139,79,232,0,0,0,0,1,0,3,4.4,7,0.5982,1
64,1,168.0,57.6,20.4,137,103,312,97,95,0,6,1,1,0,0,3,7.1,8,0.1345,0
51,0,172.3,54.1,18.2,105,74,183,55,228,2,1,0,1,0,0,0,6.3,4,0.0552,0
54,1,161.2,57.9,22.3,135,88,195,76,126,1,4,1,0,0,0,2,7.8,7,0.0462,0
23,1,160.3,66.8,26.0,136,87,311,64,209,0,1,1,0,1,0,3,4.7,10,0.318,1
24,0,175.2,67.6,22.0,137,91,226,80,202,1,7,0,0,0,0,1,6.1,9,0.0177,0
42,1,172.4,95.6,32.2,169,95,260,93,204,1,2,0,0,1,0,0,8.0,1,0.4928,1
50,0,179.4,82.4,25.6,158,89,315,71,213,1,0,0,1,0,0,2,4.3,6,0.5836,1
72,1,169.0,102.2,35.8,114,94,317,61,121,1,0,1,1,0,0,2,7.6,10,0.7706,2
75,1,169.0,80.6,28.2,166,102,176,59,150,0,6,0,1,0,1,0,6.1,6,0.34,1
24,0,184.8,46.2,13.5,170,97,164,70,218,0,5,0,0,0,0,2,6.7,3,0.0035,0
74,0,178.9,95.3,29.8,126,101,239,96,96,1,7,0,0,0,0,1,5.6,7,0.2035,0
29,1,167.6,51.2,18.2,152,71,205,104,180,0,0,0,0,0,0,2,6.6,9,0.0249,0
33,0,187.9,87.4,24.8,118,62,157,108,185,1,0,0,0,0,0,1,5.7,6,0.0512,0
60,0,169.3,63.1,22.0,147,74,301,80,148,0,7,0,1,1,0,3,5.5,3,0.093,0
24,0,167.4,105.9,37.8,120,100,283,85,92,1,4,0,0,1,0,0,8.0,2,0.0986,0
68,0,164.1,93.7,34.8,175,69,186,59,196,0,3,0,0,0,1,2,6.8,6,0.4047,1
49,0,177.8,67.8,21.4,178,81,240,107,94,0,6,0,0,0,1,1,7.3,3,0.0712,0
25,0,157.5,66.8,26.9,157,82,245,68,208,1,7,1,0,0,0,2,7.1,1,0.0208,0
62,0,180.6,84.0,25.7,130,70,130,72,132,1,7,0,0,0,1,1,8.5,9,0.0486,0
76,1,162.9,84.4,31.8,139,75,217,95,154,0,1,0,0,0,1,3,7.5,7,0.4505,1
21,0,187.3,84.1,24.0,133,108,274,59,188,0,7,1,0,0,0,0,7.6,4,0.0299,0
84,0,169.3,59.3,20.7,98,78,206,98,79,1,2,0,0,0,1,2,7.9,2,0.0917,0
46,0,174.0,66.2,21.9,148,75,264,103,247,2,0,0,0,0,1,3,6.0,3,0.4629,1
46,1,175.2,77.5,25.3,179,73,241,108,181,0,1,1,0,0,1,3,9.1,6,0.4535,1
45,0,189.8,103.4,28.7,116,65,217,76,198,0,3,0,1,0,0,3,5.4,8,0.056,0
61,0,169.2,81.0,28.3,171,101,152,92,139,0,1,0,0,1,0,1,7.4,3,0.2934,0
21,0,177.8,67.3,21.3,148,76,252,99,227,2,2,0,1,0,0,2,7.3,2,0.0301,0
26,1,166.9,83.2,29.9,92,72,242,51,124,0,6,0,0,0,1,3,9.9,5,0.0031,0
22,1,167.7,68.1,24.2,96,76,200,60,167,0,0,0,0,0,0,3,7.5,8,0.005,0
73,1,161.4,84.0,32.3,171,69,181,57,155,0,6,0,0,0,1,2,6.1,9,0.182,0
67,1,176.8,116.3,37.2,105,85,184,68,203,1,6,0,0,0,0,2,6.2,4,0.0446,0
32,1,145.1,57.2,27.2,138,79,318,106,174,2,7,0,0,0,0,1,6.5,2,0.0279,0
49,0,171.8,87.9,29.8,121,101,244,65,93,0,2,0,0,0,1,2,7.1,7,0.1045,0
45,1,168.5,63.1,22.2,178,68,314,53,154,0,6,0,0,1,1,1,7.2,5,0.1707,0
39,0,180.6,78.6,24.1,133,74,209,63,172,0,6,0,1,0,0,1,7.5,9,0.0186,0
34,1,177.5,79.2,25.1,108,88,163,71,202,0,0,0,0,0,1,2,7.0,1,0.0159,0
76,1,176.0,75.1,24.2,92,61,240,66,204,0,7,0,0,0,1,0,7.6,5,0.0792,0
74,0,173.1,113.5,37.9,149,63,261,92,200,2,3,0,1,1,1,1,5.6,4,0.9324,2
43,0,189.0,79.9,22.4,124,83,210,107,210,2,5,0,0,0,0,1,5.1,9,0.0874,0
42,0,168.9,83.2,29.2,118,77,176,75,145,2,2,1,0,0,1,3,8.3,2,0.0738,0
27,1,173.3,47.7,15.9,164,70,167,84,203,0,1,0,0,0,1,3,5.1,10,0.0495,0
62,1,182.1,87.5,26.4,159,96,264,85,167,0,5,0,0,0,1,2,6.9,1,0.1344,0
28,1,176.1,95.2,30.7,172,85,163,102,116,1,6,0,0,0,0,1,6.0,10,0.0281,0
70,0,177.1,70.6,22.5,134,67,251,94,124,0,3,0,1,1,0,2,9.1,2,0.1024,0
45,1,160.7,32.7,12.7,116,81,200,98,118,0,2,0,1,0,1,3,9.3,7,0.0159,0
82,1,148.7,63.8,28.8,158,64,216,79,72,0,5,0,0,0,0,0,7.0,2,0.0873,0
66,1,167.1,73.8,26.4,179,61,149,101,91,2,0,0,0,0,1,3,6.6,6,0.2437,0
64,1,152.8,77.3,33.1,124,64,240,70,104,1,5,0,0,0,1,3,6.7,1,0.0521,0
69,0,168.1,104.2,36.9,108,88,204,69,97,0,3,1,0,0,1,3,7.2,10,0.3887,1
71,1,152.1,60.3,26.1,106,86,302,91,239,0,0,1,1,0,0,2,8.0,4,0.5197,1
77,1,159.4,56.9,22.4,124,103,277,75,209,1,5,0,0,0,0,3,10.0,7,0.1911,0
74,1,163.7,54.4,20.3,166,78,265,104,198,1,6,0,0,0,0,2,5.7,8,0.2802,0
64,0,178.7,82.3,25.8,167,98,203,105,169,1,7,0,0,0,0,0,7.3,8,0.2737,0
48,0,170.0,82.2,28.4,119,63,217,61,186,0,4,0,1,0,0,3,6.8,5,0.0194,0
63,1,174.7,69.2,22.7,137,82,211,57,92,0,7,0,0,0,0,2,6.4,2,0.0043,0
43,1,161.9,82.6,31.5,146,105,192,84,170,1,1,0,1,0,0,2,6.5,4,0.1022,0
22,1,156.1,75.0,30.8,106,78,291,78,97,2,7,1,1,0,1,2,6.9,3,0.0169,0
69,0,178.3,79.8,25.1,104,84,309,102,182,0,0,0,0,1,0,2,7.2,7,0.4786,1
71,0,195.6,74.3,19.4,171,109,150,91,186,0,2,1,0,1,0,3,7.5,6,0.4466,1
50,1,167.4,66.4,23.7,103,83,228,105,233,0,4,1,0,0,0,3,7.6,2,0.0338,0
67,1,160.4,33.7,13.1,103,66,135,56,194,0,3,0,0,0,0,3,5.3,4,0.0052,0
55,0,160.7,73.9,28.6,134,91,214,106,123,0,2,0,1,0,0,3,6.2,3,0.0652,0
44,0,173.8,77.3,25.6,127,106,196,59,244,1,6,1,1,0,0,2,7.7,1,0.0435,0
32,1,166.3,76.0,27.5,152,92,270,88,125,0,3,0,0,0,0,2,8.7,1,0.0159,0
78,0,172.1,83.6,28.2,164,103,261,99,79,0,4,0,0,0,0,2,7.6,3,0.1955,0
38,1,147.3,69.5,32.0,100,80,121,69,202,0,6,1,1,1,1,1,6.6,9,0.0806,0
63,0,167.5,72.1,25.7,137,83,259,77,211,2,2,0,1,0,0,3,7.6,10,0.3891,1
23,1,178.5,80.0,25.1,115,82,305,63,221,1,7,0,1,0,1,2,7.3,4,0.0194,0
55,1,178.3,58.1,18.3,156,97,247,61,97,0,6,0,0,0,1,1,5.7,10,0.1046,0
79,1,155.1,58.8,24.4,114,85,211,57,90,0,0,1,0,0,1,3,6.8,8,0.3165,1
79,0,182.7,82.1,24.6,170,104,303,106,145,0,6,1,0,0,0,3,7.2,1,0.3912,1
63,1,152.2,55.1,23.8,150,90,143,56,89,0,5,0,0,0,0,0,7.9,8,0.0272,0
30,0,190.0,97.9,27.1,175,65,156,54,184,0,2,0,1,1,1,1,8.7,2,0.0967,0
20,0,178.5,69.3,21.8,115,95,148,50,165,1,1,1,0,1,0,3,9.1,3,0.0146,0
23,1,173.5,80.0,26.6,123,90,161,96,120,0,0,0,1,0,0,2,5.0,1,0.007,0
25,1,146.8,65.2,30.2,179,106,137,58,171,2,1,1,1,0,0,3,6.8,8,0.1167,0
61,1,170.8,86.6,29.7,98,78,250,93,109,0,2,0,0,0,0,2,8.8,5,0.0345,0
50,0,175.9,91.5,29.6,129,99,132,103,154,0,2,1,1,0,0,1,7.9,9,0.1981,0
67,0,184.5,92.7,27.2,164,104,225,67,150,0,3,0,0,0,1,2,8.0,8,0.4031,1
28,0,185.1,51.0,14.9,96,76,276,92,184,0,7,0,0,0,0,1,6.1,2,0.002,0
45,1,164.7,90.2,33.3,119,71,313,91,177,0,2,0,1,0,0,3,6.2,6,0.1134,0
58,1,158.0,91.9,36.8,155,76,178,59,225,1,6,0,1,0,0,3,7.8,4,0.0791,0
33,1,171.8,68.7,23.3,119,85,211,99,71,0,6,1,1,0,0,3,6.4,10,0.0085,0
65,1,163.4,75.2,28.2,157,62,295,107,83,0,6,0,1,0,0,3,5.6,4,0.0793,0
73,0,167.3,60.3,21.5,147,74,123,50,83,2,0,0,1,0,0,0,7.1,4,0.1004,0
81,0,166.8,44.2,15.9,144,108,170,109,113,2,6,0,0,0,0,2,6.8,8,0.0681,0
76,0,161.2,59.5,22.9,103,83,252,69,109,1,1,0,1,1,0,2,8.0,8,0.2767,0
79,0,170.9,67.3,23.1,166,83,286,107,103,1,7,0,0,0,0,3,7.5,3,0.134,0
28,0,187.0,78.2,22.4,178,89,160,92,134,0,5,0,0,0,0,2,9.3,8,0.0099,0
35,1,165.8,58.5,21.3,166,103,124,78,87,0,5,1,1,0,0,2,5.8,8,0.0156,0
36,0,170.7,64.3,22.1,166,95,255,51,181,0,4,0,1,1,1,1,7.1,7,0.263,0
72,1,172.0,75.9,25.6,126,103,303,75,103,2,1,1,0,1,0,1,7.7,2,0.6033,1
43,0,167.7,62.3,22.2,133,86,272,60,156,0,5,0,0,0,0,2,7.6,5,0.0148,0
23,1,165.0,80.6,29.6,95,75,210,74,246,0,5,0,1,0,1,3,7.3,5,0.0111,0
21,1,162.2,81.3,30.9,115,61,299,83,149,0,3,1,0,0,0,2,4.9,4,0.0263,0
46,1,171.8,111.6,37.8,103,66,171,108,193,0,4,0,1,0,0,2,4.6,1,0.0206,0
76,0,160.2,87.0,33.9,97,75,254,90,131,0,5,0,1,0,1,1,5.7,4,0.3327,1
34,1,155.5,71.4,29.5,113,83,308,50,197,0,5,0,1,0,0,3,7.6,1,0.011,0
60,1,147.6,54.5,25.0,175,89,166,104,139,0,4,0,0,0,1,0,4.7,7,0.3539,1
83,0,173.4,81.1,27.0,128,103,246,80,221,0,2,0,0,0,0,2,7.8,1,0.2831,0
51,0,188.1,89.0,25.1,138,107,201,87,117,0,5,0,0,0,1,0,6.6,4,0.0981,0
25,0,170.9,67.8,23.2,174,105,185,71,149,0,3,1,1,0,0,2,6.6,7,0.048,0
30,1,158.9,81.2,32.2,152,60,306,51,108,1,3,0,0,0,1,0,9.3,5,0.1427,0
25,1,172.7,55.4,18.6,115,86,252,96,245,0,2,0,1,0,1,3,9.1,3,0.0275,0
82,1,174.7,73.7,24.1,99,68,291,50,139,1,5,0,1,0,0,2,6.2,9,0.0906,0
60,0,175.1,85.9,28.0,166,66,289,107,149,0,0,1,0,0,0,3,7.9,2,0.4385,1
56,0,182.8,77.1,23.1,147,64,180,105,78,0,2,0,1,0,0,3,7.0,2,0.0174,0
76,1,153.2,63.5,27.1,103,83,310,73,98,1,3,0,0,0,0,1,8.0,8,0.2147,0
61,0,189.8,82.8,23.0,162,101,169,99,223,0,7,0,0,0,0,2,6.5,5,0.046,0
26,1,185.5,70.2,20.4,160,86,285,85,187,0,4,0,0,1,0,3,5.4,7,0.0611,0
54,1,169.2,92.2,32.2,128,69,301,94,235,2,6,0,0,0,1,2,6.9,9,0.3299,1
53,0,155.2,52.3,21.7,120,84,291,85,131,0,0,0,1,0,1,2,8.0,2,0.1426,0
45,1,158.4,74.0,29.5,139,77,271,96,223,0,6,0,1,0,0,2,6.8,7,0.0599,0
59,0,182.1,87.3,26.3,105,66,247,83,211,2,6,0,0,0,1,2,8.0,7,0.0982,0
60,1,159.8,55.7,21.8,161,90,182,108,246,0,6,0,1,0,0,3,8.5,4,0.0508,0
59,0,188.7,85.5,24.0,140,91,286,58,112,1,5,0,1,0,0,0,8.4,7,0.1781,0
83,1,169.9,61.3,21.2,104,84,259,61,157,0,3,0,0,1,0,2,7.6,4,0.0984,0
72,0,168.9,95.3,33.4,178,104,310,95,77,0,7,0,1,0,1,2,5.4,9,0.7106,2
65,0,176.3,61.1,19.6,127,70,222,69,237,0,3,0,0,0,0,3,4.6,4,0.0665,0
39,1,155.1,57.7,24.0,168,69,128,53,94,0,6,1,1,0,0,2,7.7,1,0.0029,0
44,0,174.2,58.7,19.4,178,81,198,64,201,1,2,1,1,0,0,3,7.9,6,0.1654,0
84,1,158.5,48.9,19.5,160,90,206,53,84,2,1,0,0,0,0,2,7.0,5,0.1223,0
30,0,187.7,107.7,30.6,179,100,228,54,85,0,3,0,0,0,0,3,7.3,4,0.0233,0
62,1,185.2,90.7,26.5,161,106,141,59,123,1,7,1,1,0,1,0,6.9,3,0.1871,0
27,0,161.7,72.9,27.9,171,73,155,93,196,0,1,0,1,0,0,1,7.1,4,0.0514,0
26,1,144.8,52.5,25.1,110,62,193,93,80,0,7,0,0,0,0,3,7.5,1,0.0003,0
71,0,173.5,90.4,30.0,105,83,275,89,97,2,0,0,0,0,1,2,8.1,5,0.4066,1
44,0,160.8,58.0,22.4,156,73,175,85,76,0,4,0,0,0,0,3,7.1,2,0.0048,0
51,0,176.5,90.1,28.9,154,75,218,84,183,0,1,0,0,0,1,3,7.0,7,0.2798,0
18,1,171.5,62.7,21.3,102,82,276,108,197,0,7,0,0,0,1,2,6.8,9,0.0084,0
49,0,190.9,75.8,20.8,153,94,124,50,107,0,1,0,0,0,1,3,7.3,6,0.031,0
84,1,166.0,84.4,30.6,150,99,123,67,221,0,1,1,0,0,1,2,4.6,6,0.7469,2
37,1,162.1,84.0,32.0,121,61,298,101,137,1,1,0,0,0,1,2,8.1,10,0.2296,0
52,0,156.2,77.1,31.6,101,81,134,106,106,2,7,0,1,0,0,0,6.8,10,0.0314,0
34,1,164.3,56.4,20.9,130,77,307,80,189,0,1,0,0,1,1,3,6.1,3,0.1119,0
35,0,176.7,71.7,22.9,155,66,145,95,104,0,7,0,0,0,0,2,8.7,8,0.0028,0
62,0,182.4,83.5,25.1,97,77,142,98,203,0,0,0,0,0,1,3,6.7,3,0.0757,0
70,1,156.9,55.7,22.6,148,97,244,55,179,0,5,0,1,0,0,1,5.7,4,0.1403,0
82,1,159.6,90.4,35.5,114,94,222,55,230,2,5,0,0,1,0,3,7.9,3,0.3009,1
18,1,149.2,28.6,12.8,94,66,148,91,185,2,3,0,0,0,1,3,6.4,2,0.0011,0
75,0,153.1,54.9,23.4,134,63,205,68,179,1,4,1,1,0,0,2,6.5,1,0.113,0
43,0,164.9,64.8,23.8,91,71,176,81,171,1,7,0,1,0,0,3,8.0,1,0.0021,0
37,0,160.3,27.5,10.7,131,75,181,91,168,1,6,0,1,0,0,2,8.2,1,0.0019,0
27,1,167.4,52.7,18.8,127,107,306,106,211,0,3,0,0,0,0,2,5.4,10,0.0672,0
76,0,170.8,84.8,29.1,92,65,167,79,216,0,0,0,0,0,0,3,6.9,5,0.0943,0
58,1,158.6,69.8,27.7,135,79,230,75,208,0,0,0,0,0,0,3,5.3,10,0.2743,0
22,0,166.2,96.7,35.0,111,90,154,52,140,1,1,1,0,0,0,2,6.5,1,0.0138,0
82,0,143.7,85.0,41.2,122,78,165,82,242,0,7,0,0,1,1,2,6.1,5,0.4677,1
34,0,191.1,92.0,25.2,121,81,152,99,157,0,7,1,0,0,1,2,8.3,4,0.0116,0
39,0,166.0,77.7,28.2,106,80,190,80,157,0,6,0,0,0,0,3,5.7,2,0.0046,0
58,0,171.9,76.9,26.0,171,77,129,96,147,1,0,0,1,1,1,3,7.7,3,0.3904,1
28,1,149.5,24.9,11.1,145,91,295,69,221,2,7,0,1,0,0,0,6.6,8,0.0262,0
73,1,173.7,55.9,18.5,92,72,163,53,80,0,6,0,0,0,0,0,5.1,3,0.0051,0
68,0,177.4,80.2,25.5,159,93,245,81,196,1,7,0,1,0,1,3,6.0,3,0.2615,0
38,0,167.7,83.1,29.5,138,86,233,67,241,0,0,0,1,0,0,1,5.4,2,0.1964,0
43,0,172.1,80.4,27.1,144,97,317,59,148,1,1,0,0,0,1,0,6.0,5,0.5401,1
36,1,180.8,67.0,20.5,166,103,242,71,242,0,7,0,0,0,0,2,5.8,2,0.0175,0
77,0,175.3,91.7,29.8,120,89,182,103,143,0,0,0,0,0,1,3,6.6,10,0.5192,1
64,1,162.2,93.3,35.5,170,92,168,100,229,0,0,0,1,1,0,2,8.2,10,0.7578,2
43,0,166.6,87.4,31.5,110,86,319,66,86,0,0,1,0,0,1,3,6.0,7,0.4125,1
57,0,157.1,83.4,33.8,105,82,204,91,207,2,2,0,0,0,0,3,5.6,10,0.2689,0
22,1,162.4,62.8,23.8,106,86,160,106,75,2,6,0,0,0,0,1,6.3,8,0.0019,0
38,0,179.3,95.8,29.8,90,70,217,53,217,0,5,0,1,0,0,3,6.6,6,0.0086,0
21,1,175.0,79.7,26.0,161,90,158,106,70,0,3,0,0,0,0,3,6.1,9,0.0063,0
40,1,141.5,68.4,34.2,154,63,226,86,133,1,2,1,0,0,0,1,5.4,5,0.241,0
32,0,164.7,77.9,28.7,155,78,270,56,70,0,6,0,0,0,1,3,7.9,6,0.0201,0
25,0,170.2,73.3,25.3,126,97,132,100,170,0,6,0,0,0,1,2,7.7,4,0.0056,0
58,1,164.0,59.1,22.0,113,93,225,100,70,0,3,0,0,0,1,1,6.9,9,0.0804,0
36,1,162.5,70.0,26.5,173,81,230,57,243,2,1,1,0,0,1,3,8.8,2,0.3121,1
63,0,174.8,92.2,30.2,151,68,300,50,178,1,1,0,0,0,1,2,10.0,1,0.4276,1
45,1,168.1,67.4,23.9,110,90,189,105,129,1,5,0,0,0,1,3,8.6,6,0.0211,0
32,0,167.0,86.9,31.2,126,69,176,57,112,0,3,1,0,1,1,2,4.5,6,0.0874,0
54,0,185.3,93.7,27.3,124,69,195,68,241,1,3,1,0,0,1,3,7.4,6,0.276,0
18,0,180.3,75.7,23.3,127,89,314,66,107,0,5,0,0,0,0,0,6.1,6,0.013,0
84,0,172.8,97.2,32.6,142,69,295,90,176,0,4,0,0,0,0,2,6.6,4,0.3608,1
41,0,192.0,80.7,21.9,104,84,139,101,71,1,3,0,0,0,0,3,5.1,9,0.0086,0
44,1,179.6,102.4,31.8,131,77,181,104,151,2,3,1,0,0,0,2,7.3,7,0.0812,0
57,0,185.3,89.2,26.0,93,73,292,97,209,2,1,0,0,0,0,3,9.1,8,0.1922,0
80,0,145.8,62.7,29.5,128,102,182,58,220,1,1,0,1,0,1,3,6.9,8,0.6959,2
78,0,191.8,72.6,19.7,168,107,255,100,180,1,0,0,1,0,0,0,8.2,10,0.8951,2
53,1,171.9,74.6,25.2,112,78,273,65,78,1,0,0,0,0,0,3,7.4,4,0.0347,0
41,1,184.1,79.0,23.3,104,84,157,102,205,2,6,0,0,0,1,1,7.9,6,0.0222,0
41,0,188.4,65.3,18.4,179,82,211,107,247,0,6,0,1,0,0,3,4.3,7,0.0717,0
21,0,191.8,82.6,22.5,101,63,218,108,149,0,1,0,0,0,0,3,7.5,6,0.0052,0
84,0,184.8,70.3,20.6,171,71,227,94,131,1,6,1,1,0,0,2,8.0,6,0.3145,1
51,0,189.5,93.5,26.1,159,108,224,100,92,2,7,0,1,0,0,2,9.0,7,0.0527,0
74,0,195.9,107.6,28.0,171,83,288,86,162,0,0,0,1,0,0,3,5.3,9,0.7912,2
66,0,178.2,60.7,19.1,143,72,226,76,128,1,2,0,0,0,0,3,9.0,8,0.0897,0
70,0,160.3,95.8,37.3,177,63,221,51,79,0,2,0,0,0,0,1,6.6,3,0.2127,0
40,0,172.9,74.5,24.9,127,86,249,85,209,2,5,1,0,0,1,2,7.2,3,0.1252,0
70,0,179.9,65.3,20.2,117,97,126,61,194,1,0,0,0,0,1,2,8.1,2,0.1073,0
79,1,164.7,83.7,30.9,168,98,246,99,185,0,0,0,0,1,0,3,8.1,6,0.7872,2
58,1,151.5,59.1,25.7,108,67,224,84,227,1,6,1,0,0,1,1,4.9,7,0.2827,0
74,1,147.7,62.6,28.7,158,85,272,80,143,1,3,0,0,0,0,3,7.1,9,0.386,1
77,0,168.6,68.2,24.0,153,93,170,102,244,2,7,1,1,1,0,2,5.7,6,0.5933,1
71,0,184.1,69.8,20.6,93,68,169,106,110,2,3,0,0,0,0,3,7.1,9,0.0279,0
74,0,191.8,96.8,26.3,170,69,183,68,172,0,7,0,1,0,1,2,6.3,2,0.0932,0
27,1,173.2,72.3,24.1,99,60,259,75,76,0,7,0,1,0,0,3,5.0,4,0.0011,0
57,0,186.6,61.7,17.7,101,81,300,103,163,1,2,0,0,0,0,0,5.8,1,0.138,0
24,1,163.2,79.9,30.0,158,109,194,85,185,2,7,0,0,0,0,1,7.7,6,0.0228,0
55,1,146.6,45.2,21.0,96,67,129,53,174,0,6,0,1,0,1,2,7.4,3,0.0031,0
78,0,171.4,58.4,19.9,133,69,308,97,121,0,5,0,0,0,0,1,5.7,10,0.2815,0
20,1,161.4,88.6,34.0,112,92,302,92,114,0,2,0,1,0,1,3,6.3,6,0.0585,0
68,0,171.0,57.6,19.7,91,71,218,80,107,0,3,0,1,0,0,3,7.3,1,0.0088,0
64,0,176.5,43.5,14.0,126,84,187,107,233,1,6,0,0,0,0,3,7.3,8,0.0381,0
55,0,180.4,89.6,27.5,158,90,289,107,150,0,3,0,1,0,0,3,7.8,6,0.2316,0
53,0,184.5,77.7,22.8,109,89,185,62,154,0,5,0,0,0,0,2,7.3,7,0.0089,0
58,1,161.2,67.3,25.9,179,62,291,102,127,2,3,0,1,0,0,3,7.7,9,0.2827,0
30,0,157.0,63.8,25.9,133,98,147,92,115,0,0,0,0,0,0,1,6.9,4,0.018,0
75,0,171.2,79.1,27.0,159,97,226,88,192,1,1,0,0,0,0,3,7.6,4,0.465,1
67,1,164.4,60.9,22.5,163,94,229,108,215,0,6,0,0,1,0,0,8.9,10,0.4807,1
47,1,176.2,100.3,32.3,140,67,230,95,199,1,2,0,1,0,0,2,8.9,4,0.1062,0
79,0,170.3,53.0,18.3,169,60,197,53,173,0,7,0,1,0,0,2,7.0,2,0.0236,0
42,1,169.1,81.2,28.4,120,64,305,89,181,0,4,0,1,0,0,3,5.6,3,0.0388,0
44,1,166.9,83.1,29.8,130,86,212,93,201,0,5,0,0,0,0,3,8.6,6,0.0245,0
68,0,176.4,66.8,21.5,147,104,249,62,165,2,6,0,0,0,0,2,4.2,2,0.083,0
74,0,185.3,67.3,19.6,94,74,302,106,152,0,3,0,0,0,1,3,7.6,9,0.2304,0
64,0,169.4,90.0,31.3,122,102,153,90,239,0,0,0,1,0,0,3,7.6,10,0.3612,1
56,1,158.2,54.3,21.7,132,85,267,58,118,1,2,1,1,0,0,0,7.1,3,0.1843,0
33,1,163.9,62.8,23.4,108,70,166,51,246,0,3,0,0,0,0,3,7.5,10,0.0069,0
39,1,157.6,82.1,33.1,121,93,237,84,186,2,7,1,1,0,1,2,5.4,3,0.1333,0
71,0,181.1,81.1,24.7,176,100,247,102,204,0,0,1,0,0,0,3,5.7,6,0.832,2
38,0,168.9,47.5,16.6,92,61,145,61,78,0,2,1,1,0,1,1,5.5,2,0.0083,0
33,0,178.3,105.3,33.1,90,70,203,66,96,0,7,0,0,0,0,1,5.6,4,0.0032,0
76,0,175.0,69.5,22.7,130,85,120,53,218,0,2,0,0,0,0,3,6.2,1,0.0322,0
48,1,166.1,67.0,24.3,137,71,312,108,104,0,4,0,1,0,0,1,6.8,4,0.0507,0
59,1,159.4,73.5,28.9,128,68,216,63,157,0,4,0,1,0,0,2,8.2,5,0.0266,0
49,0,172.6,85.7,28.8,94,74,206,70,233,0,2,0,0,0,0,3,9.3,5,0.0286,0
76,0,177.0,107.9,34.5,166,82,194,90,162,2,0,0,0,1,1,3,6.0,10,0.9207,2
51,0,178.0,54.1,17.1,100,80,227,57,136,1,3,0,1,0,1,3,6.9,2,0.0188,0
26,0,176.0,90.4,29.2,111,64,134,82,112,1,6,1,1,1,0,3,7.1,9,0.0117,0
28,0,193.1,97.7,26.2,176,68,261,94,77,0,7,0,1,0,0,2,5.9,7,0.0163,0
27,0,166.1,71.0,25.7,153,109,174,77,190,1,6,0,0,0,0,0,6.4,4,0.0272,0
34,0,175.4,89.5,29.1,101,69,248,52,147,0,5,1,0,1,1,3,9.0,5,0.0483,0
65,0,160.3,84.1,32.8,142,108,152,63,105,2,7,0,1,1,0,3,8.4,1,0.0475,0
69,0,179.7,59.1,18.3,144,69,189,68,196,0,3,1,0,0,1,0,8.6,10,0.5069,1
42,0,164.8,98.7,36.3,142,73,175,108,117,1,2,1,0,0,0,3,7.7,5,0.1209,0
38,1,161.2,47.2,18.2,110,90,142,55,243,1,6,0,0,0,0,1,8.0,6,0.0047,0
82,0,172.3,59.1,19.9,108,69,173,85,229,1,3,0,0,0,0,2,7.4,5,0.0802,0
80,1,166.8,69.5,25.0,158,109,209,69,204,2,4,0,0,0,0,2,8.9,6,0.2758,0
68,0,170.5,104.1,35.8,177,96,250,50,143,0,3,0,0,1,0,3,4.0,7,0.6434,1
53,0,170.0,70.4,24.3,161,100,165,109,209,1,1,0,1,0,0,0,5.7,6,0.5274,1
83,0,190.4,84.7,23.4,155,97,253,59,124,0,4,0,0,0,1,3,5.2,10,0.5491,1
32,0,178.8,100.9,31.5,148,107,272,62,92,0,4,0,1,0,0,3,6.2,2,0.0222,0
56,1,158.4,64.7,25.8,138,81,136,61,249,0,2,0,0,0,0,3,7.1,2,0.023,0
18,0,173.5,59.1,19.6,148,82,275,60,82,1,2,0,0,0,0,0,6.8,9,0.0309,0
40,1,180.5,74.0,22.7,112,75,279,85,122,0,3,0,1,0,0,3,6.0,6,0.0194,0
56,1,161.6,91.4,35.0,92,70,212,66,132,0,3,1,0,0,0,2,7.2,10,0.062,0
74,1,157.1,69.6,28.2,145,106,142,96,143,0,2,0,0,0,0,3,7.4,4,0.0879,0
51,1,157.2,97.5,39.5,147,94,263,102,120,1,7,0,1,0,0,3,7.6,10,0.1721,0
58,1,158.5,80.3,32.0,177,107,215,78,224,2,0,0,1,0,0,3,7.9,5,0.5584,1
30,0,170.1,65.4,22.6,151,79,273,52,76,0,3,0,0,0,0,2,6.3,5,0.0084,0
23,1,151.2,66.4,29.0,107,87,280,78,188,0,0,0,1,0,0,2,8.2,8,0.0419,0
69,0,164.8,59.6,21.9,150,100,305,59,119,0,6,0,0,1,0,3,6.9,5,0.131,0
20,0,167.7,63.8,22.7,126,64,295,102,221,0,7,0,0,0,0,3,7.9,2,0.0042,0
80,0,181.9,148.1,44.8,143,95,202,95,156,2,4,0,1,0,0,3,6.2,2,0.4836,1
66,1,160.2,85.4,33.3,167,72,174,68,222,0,5,0,0,0,0,2,9.1,5,0.0861,0
64,1,161.9,83.9,32.0,154,76,288,102,113,0,5,0,1,0,0,1,7.6,4,0.1713,0
72,0,188.7,75.0,21.1,103,83,181,53,105,1,1,0,0,0,0,2,7.1,2,0.0212,0
81,1,177.0,102.0,32.6,94,74,264,106,166,0,0,0,0,0,0,2,5.5,6,0.3786,1
82,0,173.2,93.1,31.0,151,79,221,95,234,1,3,1,0,0,0,1,8.3,8,0.8507,2
84,0,169.7,103.1,35.8,90,70,178,87,172,1,5,0,1,0,0,3,5.7,2,0.113,0
32,0,167.4,101.2,36.1,152,92,261,61,249,0,6,0,0,0,1,3,9.7,10,0.2196,0
49,0,182.9,59.3,17.7,156,89,268,80,194,0,2,1,0,1,1,2,7.9,7,0.526,1
35,0,174.0,60.3,19.9,109,75,310,107,76,0,2,0,1,0,0,3,5.4,4,0.0183,0
60,0,172.1,61.0,20.6,132,66,293,51,163,0,1,0,1,0,0,3,7.3,5,0.0818,0
52,1,155.9,53.8,22.1,174,89,174,98,190,0,1,0,0,0,0,2,9.4,2,0.0534,0
75,0,168.3,79.0,27.9,131,61,181,50,178,2,7,0,0,0,0,3,7.0,10,0.0527,0
50,0,179.2,71.1,22.1,158,71,286,66,106,1,4,0,0,0,0,3,6.6,9,0.0662,0
31,1,150.8,96.5,42.4,163,102,289,74,90,0,6,1,1,0,1,2,7.4,3,0.1905,0
51,1,173.9,105.5,34.9,177,99,167,54,167,2,7,0,0,0,0,2,6.1,10,0.0739,0
78,0,170.7,75.2,25.8,128,60,222,97,115,0,0,0,1,0,0,1,8.6,1,0.1633,0
21,0,174.5,106.6,35.0,151,62,147,63,90,1,1,1,1,0,0,0,6.0,4,0.0802,0
76,1,150.6,87.6,38.6,137,67,203,101,167,0,4,0,0,0,0,3,7.5,1,0.1035,0
46,1,163.9,65.2,24.3,95,75,253,59,141,0,6,0,0,0,1,1,8.5,6,0.0154,0
23,0,172.7,46.2,15.5,163,99,178,70,165,1,4,0,0,0,0,3,7.1,4,0.0056,0
66,0,175.5,74.5,24.2,131,70,209,74,121,0,4,0,1,0,0,3,8.5,4,0.0264,0
57,1,178.7,69.7,21.8,147,80,189,84,98,0,5,0,0,0,0,3,6.8,9,0.0146,0
82,0,177.8,82.0,25.9,132,64,286,52,138,0,5,0,1,0,1,1,5.6,9,0.5248,1
44,1,156.1,69.4,28.5,99,79,304,109,236,0,3,0,1,1,0,3,7.9,7,0.1627,0
23,0,168.9,75.4,26.4,178,85,301,67,96,1,1,0,0,0,0,3,7.4,4,0.0567,0
30,1,170.0,82.8,28.7,167,80,179,105,180,1,5,0,0,0,0,2,5.8,9,0.0454,0
81,0,189.0,66.3,18.6,128,68,264,104,207,0,6,1,1,0,0,3,6.9,5,0.1917,0
79,0,178.8,85.6,26.8,102,76,287,99,105,0,2,1,0,0,0,3,5.8,10,0.4703,1
36,1,170.9,68.8,23.6,164,96,185,85,164,0,4,0,0,0,0,1,7.0,4,0.02,0
60,0,182.1,84.0,25.3,128,61,234,88,85,1,2,0,0,0,0,3,9.7,5,0.0436,0
37,1,178.2,93.5,29.4,100,80,243,82,233,0,7,0,1,0,1,0,8.2,9,0.0801,0
61,0,156.5,49.9,20.4,105,85,301,97,159,1,3,0,1,0,0,2,7.8,1,0.0622,0
40,0,182.7,77.1,23.1,122,87,190,66,177,2,0,0,0,0,1,1,7.2,7,0.1443,0
19,0,185.8,81.1,23.5,149,86,163,89,153,0,3,0,1,0,0,3,8.3,9,0.0098,0
39,1,150.6,57.6,25.4,148,99,203,55,231,0,3,1,1,0,0,1,7.1,1,0.0714,0
74,0,167.1,87.1,31.2,163,60,314,83,234,1,1,0,1,0,0,2,4.8,3,0.7884,2
24,0,167.5,62.9,22.4,140,105,176,75,137,0,4,0,1,0,0,1,5.4,7,0.0167,0
73,0,168.7,66.0,23.2,104,70,155,91,128,0,3,0,0,0,0,3,6.3,4,0.0157,0
84,1,159.2,58.9,23.3,169,98,176,80,226,1,4,0,0,0,0,1,6.5,9,0.4922,1
33,1,166.4,89.6,32.3,132,77,240,98,100,1,7,0,0,0,0,3,7.0,10,0.0144,0
68,0,184.7,74.9,22.0,116,86,290,100,135,0,2,0,1,0,1,3,8.4,8,0.3359,1
29,0,186.8,90.3,25.9,145,106,163,77,158,0,0,1,0,0,1,1,7.5,10,0.2858,0
70,1,155.6,97.4,40.2,149,69,181,85,72,0,6,0,1,0,0,2,7.2,4,0.0415,0
22,0,167.6,72.7,25.9,159,95,234,62,176,2,0,0,0,0,1,2,5.7,3,0.1435,0
44,1,177.2,95.3,30.4,136,80,202,70,138,2,2,1,0,1,0,2,6.8,5,0.1281,0
29,1,170.5,100.3,34.5,97,77,180,108,91,1,1,0,1,0,0,3,6.3,7,0.015,0
34,1,164.8,87.8,32.3,152,60,213,75,149,1,2,0,1,0,0,0,5.8,6,0.1333,0
23,0,180.7,80.1,24.5,178,73,130,100,122,0,7,0,0,0,0,3,4.0,7,0.0042,0
22,1,163.7,81.5,30.4,96,76,196,80,245,0,5,0,0,0,0,3,5.6,5,0.0053,0
74,1,169.2,55.3,19.3,170,68,239,65,145,0,2,1,0,0,0,1,9.1,2,0.2002,0
45,1,160.6,58.6,22.7,91,71,280,80,244,1,5,0,1,0,0,3,8.4,5,0.0211,0
76,0,178.7,70.3,22.0,106,86,221,62,111,0,1,1,1,0,0,3,6.0,7,0.2123,0
50,0,160.9,104.1,40.2,93,73,240,79,73,1,7,0,0,1,0,2,6.4,1,0.0167,0
79,0,169.1,62.4,21.8,115,63,231,81,182,1,6,0,0,0,1,2,10.0,5,0.1116,0
67,0,169.2,62.2,21.7,167,96,185,54,111,2,1,0,0,0,0,2,9.9,4,0.0985,0
36,1,160.3,54.5,21.2,161,77,229,61,240,1,3,0,0,0,1,3,7.3,7,0.099,0
83,0,166.7,81.8,29.4,158,90,239,88,166,0,4,1,0,0,0,1,7.9,6,0.655,2
64,0,170.7,77.5,26.6,94,74,142,108,239,0,0,1,1,0,0,2,7.4,7,0.1946,0
56,0,160.9,86.7,33.5,94,74,296,90,195,0,1,0,1,0,0,3,6.6,4,0.1586,0
50,1,169.5,84.8,29.5,158,69,267,86,72,0,5,0,0,0,0,0,7.3,5,0.0533,0
30,1,163.2,50.9,19.1,92,68,134,53,150,0,1,0,0,1,0,2,7.8,8,0.0027,0
71,0,158.9,57.4,22.7,127,87,313,91,208,0,3,0,0,1,0,2,8.3,3,0.3177,1
24,0,167.7,94.3,33.6,90,70,149,97,150,2,3,0,0,0,0,2,7.4,4,0.0042,0
31,0,179.4,76.6,23.8,97,72,123,92,232,0,6,0,1,0,0,2,7.4,10,0.0037,0
36,1,158.6,87.1,34.6,102,77,183,78,174,1,4,0,0,0,0,0,5.5,6,0.043,0
71,1,157.0,66.3,26.9,173,71,184,90,247,0,1,0,0,0,1,2,6.0,7,0.5352,1
37,1,163.3,57.1,21.4,159,67,127,105,193,2,1,0,0,0,0,2,4.8,10,0.0509,0
46,0,179.4,75.2,23.3,139,82,171,54,168,0,7,0,0,0,0,2,7.6,9,0.0075,0
41,1,149.6,50.3,22.5,97,77,261,106,75,0,3,0,0,1,1,1,6.3,5,0.042,0
80,0,181.5,72.3,21.9,119,64,177,60,101,0,2,1,1,0,0,1,6.8,3,0.0865,0
74,1,156.0,71.0,29.2,129,66,130,79,80,1,4,0,1,0,1,3,7.1,5,0.0544,0
25,0,175.8,85.6,27.7,168,74,178,58,112,0,1,0,0,0,0,0,7.4,2,0.0197,0
79,1,163.6,48.0,17.9,163,62,143,98,108,1,7,0,1,0,0,2,4.7,8,0.0379,0
46,1,158.7,69.1,27.4,122,77,207,77,210,1,0,0,1,0,1,3,7.5,4,0.1544,0
34,1,153.8,58.1,24.6,162,97,279,71,82,0,6,0,1,0,0,1,6.5,9,0.0295,0
83,1,161.1,60.8,23.4,141,85,165,60,108,0,0,1,1,0,1,2,8.1,3,0.3108,1
23,0,192.3,88.1,23.8,122,97,147,70,243,1,5,0,1,1,0,3,6.6,7,0.0174,0
75,0,162.4,62.9,23.9,162,92,135,55,231,0,3,0,0,0,0,1,6.3,3,0.1356,0
45,1,180.9,101.2,30.9,167,80,161,75,229,2,5,0,0,0,0,2,8.4,4,0.039,0
79,0,173.4,94.5,31.4,126,76,222,65,137,0,0,0,1,0,1,2,5.8,2,0.4603,1
58,0,176.4,95.9,30.8,159,102,135,100,173,1,3,1,1,0,0,2,6.4,6,0.3081,1
58,0,165.1,65.1,23.9,158,61,219,63,134,1,6,1,0,0,1,1,5.9,5,0.2475,0
66,1,156.3,53.7,22.0,93,73,259,84,182,1,6,0,0,0,0,1,6.4,10,0.0579,0
66,0,171.0,76.7,26.2,149,100,309,91,76,0,7,0,0,0,0,1,9.0,10,0.1747,0
20,0,165.5,70.5,25.7,169,78,153,102,72,2,2,1,1,0,0,3,5.5,4,0.03,0
27,0,173.9,67.8,22.4,163,97,157,104,155,1,6,0,1,1,1,1,6.7,4,0.0691,0
52,0,171.9,58.3,19.7,120,84,246,85,118,0,3,0,0,0,1,2,7.9,1,0.0259,0
19,1,182.5,80.6,24.2,103,83,294,71,127,1,1,0,1,0,0,2,6.7,3,0.0088,0
41,1,152.3,60.1,25.9,166,63,141,102,97,0,0,1,0,0,1,2,7.5,5,0.0834,0
55,1,165.0,82.8,30.4,149,62,199,51,184,2,1,0,0,0,1,2,6.4,2,0.1262,0
39,0,178.5,89.2,28.0,157,93,207,62,224,2,0,0,1,0,0,3,6.9,7,0.2071,0
43,1,153.3,83.2,35.4,115,95,122,60,91,0,0,0,0,0,0,3,6.7,3,0.0092,0
60,0,182.9,62.5,18.7,113,69,120,61,163,0,3,1,0,1,0,1,6.8,8,0.0534,0
72,0,172.0,82.0,27.7,145,108,172,82,170,2,6,0,0,0,0,1,8.4,2,0.1079,0
56,1,139.1,48.6,25.1,98,78,311,71,140,0,6,1,1,0,0,3,6.3,8,0.0498,0
46,1,170.6,57.0,19.6,124,104,291,102,183,2,4,0,0,0,1,3,7.4,5,0.1101,0
37,1,152.8,60.0,25.7,168,85,166,58,82,1,0,0,1,0,0,2,8.2,9,0.0401,0
58,1,153.5,82.8,35.1,113,86,285,93,219,0,7,0,0,0,1,3,7.7,9,0.2196,0
71,0,182.9,75.9,22.7,120,60,310,56,74,0,0,0,1,0,1,3,6.7,6,0.2221,0
37,0,172.5,99.7,33.5,172,103,234,66,91,0,5,0,0,0,1,2,8.6,3,0.0609,0
36,1,173.2,84.8,28.3,155,79,160,59,196,1,4,0,1,0,0,3,7.2,1,0.0114,0
83,0,188.1,78.1,22.1,155,84,268,87,122,0,1,0,1,1,0,3,8.0,1,0.3972,1
47,0,169.6,92.2,32.1,130,69,292,108,108,0,7,1,0,0,1,3,6.4,5,0.1165,0
70,1,171.9,82.6,28.0,125,60,260,88,106,2,0,1,0,0,0,2,7.7,10,0.3952,1
51,1,156.4,54.2,22.2,123,75,313,100,100,0,6,0,0,0,1,3,7.8,2,0.0216,0
39,0,198.3,117.0,29.8,128,70,185,95,131,0,3,1,1,0,0,2,6.1,10,0.06,0
84,1,157.1,72.4,29.4,172,63,162,74,172,0,4,1,0,0,0,3,8.6,9,0.3229,1
23,1,174.3,77.4,25.5,112,92,309,76,150,0,4,0,1,0,1,2,8.4,3,0.0185,0
44,1,172.4,63.4,21.3,169,72,208,79,196,0,5,0,0,0,0,2,6.4,4,0.014,0
27,0,179.2,97.3,30.3,133,80,295,79,75,0,0,0,0,0,1,3,5.3,10,0.1801,0
65,0,169.3,82.4,28.8,159,74,232,92,174,0,1,0,1,0,0,1,6.8,10,0.533,1
76,0,174.5,86.7,28.5,147,69,145,83,150,0,1,1,1,0,0,3,6.9,2,0.1874,0
76,0,154.5,59.6,25.0,148,97,218,82,231,1,6,0,1,0,0,2,6.3,2,0.1697,0
19,0,178.2,91.6,28.8,115,70,180,81,156,1,2,0,1,0,0,3,6.4,3,0.0063,0
46,0,179.5,93.4,29.0,111,91,244,107,121,0,2,0,1,1,0,2,8.0,6,0.1009,0
82,0,177.3,68.6,21.8,177,92,238,91,227,0,3,1,0,0,1,3,8.9,7,0.8418,2
43,1,134.3,35.9,19.9,129,79,181,61,82,0,6,0,0,0,0,3,7.9,5,0.0013,0
27,0,163.3,80.4,30.1,174,95,201,90,122,0,5,0,0,0,0,3,8.5,8,0.0235,0
70,1,156.5,44.7,18.2,100,80,261,72,217,0,0,0,1,0,1,3,7.0,1,0.1364,0
76,1,166.9,75.7,27.2,98,69,301,107,203,2,1,1,0,0,0,2,5.2,2,0.4934,1
39,0,178.9,72.7,22.7,101,74,288,78,124,0,2,1,0,0,0,3,6.3,5,0.0282,0
68,1,162.3,89.4,34.0,115,88,307,92,228,0,0,0,1,0,0,3,6.1,1,0.3965,1
65,1,170.4,69.3,23.9,127,60,256,50,128,1,5,0,1,0,0,3,8.2,10,0.045,0
38,0,165.7,89.5,32.6,92,72,163,69,216,1,0,0,0,1,1,3,4.5,7,0.2182,0
39,1,170.1,67.3,23.3,104,74,175,59,167,2,1,1,0,0,0,3,7.2,3,0.0134,0
47,0,180.7,95.4,29.2,136,62,122,68,225,0,0,0,0,0,0,3,6.8,6,0.0379,0
42,1,167.8,104.8,37.2,94,74,217,108,210,0,4,1,0,0,0,3,7.4,10,0.0918,0
45,0,174.2,61.1,20.1,143,97,216,72,249,0,2,0,0,0,0,3,5.9,7,0.0995,0
82,1,182.3,85.5,25.7,113,78,210,70,143,0,3,1,0,1,0,3,8.4,5,0.1967,0
62,0,180.9,121.7,37.2,100,63,178,106,130,0,2,0,1,1,0,2,7.2,7,0.1358,0
24,1,154.3,68.2,28.6,122,71,192,92,238,2,0,0,1,1,0,3,5.6,3,0.0765,0
66,0,178.5,80.2,25.2,176,84,260,84,114,1,4,0,1,0,0,3,5.8,8,0.3578,1
26,1,171.5,87.6,29.8,163,93,277,108,204,0,2,0,0,0,0,1,6.5,7,0.1637,0
53,1,158.1,69.7,27.9,146,76,172,97,155,0,1,0,1,1,0,0,7.6,4,0.1993,0
18,0,186.9,57.8,16.6,141,65,298,81,83,2,4,0,1,0,0,0,6.1,7,0.0151,0
27,1,167.8,90.9,32.3,153,71,161,103,105,0,5,0,1,0,1,1,7.7,10,0.039,0
53,0,152.6,36.2,15.6,132,74,273,59,77,2,2,0,1,0,0,3,6.9,5,0.0239,0
63,1,167.0,67.2,24.1,170,76,306,51,81,1,7,0,1,0,1,1,8.8,10,0.2684,0
49,0,171.9,94.1,31.8,133,60,188,100,237,2,7,0,0,0,0,3,6.3,5,0.032,0
49,1,169.4,69.3,24.2,179,73,229,85,175,2,0,1,1,0,1,3,6.9,3,0.4922,1
23,1,173.4,66.3,22.0,178,61,211,97,211,0,1,0,1,0,1,3,8.1,7,0.0799,0
65,0,178.0,92.2,29.1,125,63,122,55,246,1,6,0,0,0,1,2,6.0,4,0.0725,0
55,0,192.7,73.6,19.8,101,61,160,92,120,0,0,1,0,0,0,2,5.9,7,0.0392,0
34,0,174.2,58.8,19.4,145,85,244,66,74,0,7,0,0,0,1,2,5.6,7,0.0112,0
44,1,170.2,79.2,27.3,92,72,120,64,70,0,7,0,1,0,0,1,7.7,10,0.0016,0
71,0,184.0,79.3,23.4,139,109,312,103,173,0,5,0,1,0,0,1,5.3,4,0.4283,1
67,1,163.0,52.9,19.9,118,98,234,85,174,0,0,0,1,0,1,1,7.3,2,0.2503,0
52,1,171.8,85.4,29.0,177,92,189,73,170,0,5,0,0,0,1,2,6.2,6,0.1087,0
42,0,170.1,82.0,28.4,172,107,245,106,197,0,1,1,0,0,1,1,6.2,6,0.7648,2
45,1,159.8,64.5,25.3,166,98,169,89,166,2,4,0,1,1,1,2,4.7,5,0.2458,0
32,0,162.9,67.1,25.3,105,65,199,105,118,0,2,1,0,0,0,3,6.9,1,0.0075,0
21,0,178.4,86.3,27.1,129,89,216,78,214,0,7,1,0,1,1,3,6.1,2,0.0351,0
44,1,167.3,91.5,32.7,116,81,178,99,164,0,4,0,1,0,0,3,6.7,7,0.0215,0
43,0,187.8,79.7,22.6,159,86,193,63,104,0,7,0,1,0,1,3,6.8,3,0.0114,0
36,0,183.9,91.8,27.1,131,78,182,107,82,1,6,0,1,0,0,0,9.1,7,0.021,0
34,1,161.2,79.1,30.4,146,69,144,51,185,1,7,0,0,0,0,3,5.9,2,0.0042,0
60,0,164.2,85.3,31.6,99,65,257,97,234,0,7,0,0,1,1,1,7.6,9,0.3402,1
58,1,168.3,74.8,26.4,127,85,196,71,107,0,5,1,1,0,0,2,6.6,9,0.0428,0
59,1,175.1,63.9,20.8,97,77,243,96,147,1,1,0,0,0,0,2,7.7,5,0.0369,0
67,0,183.6,74.8,22.2,107,62,248,102,203,0,5,0,0,0,0,1,6.8,5,0.0563,0
57,0,186.8,88.6,25.4,106,62,218,55,132,0,2,0,0,0,0,1,9.1,8,0.0351,0
56,1,161.9,98.2,37.5,147,65,133,58,246,1,1,1,0,1,1,3,6.9,9,0.7174,2
40,0,171.3,68.4,23.3,155,108,268,61,78,1,3,0,0,0,0,3,7.1,8,0.0531,0
69,0,168.6,86.4,30.4,133,109,305,91,233,0,3,0,0,0,1,2,8.4,10,0.7957,2
64,1,163.4,66.8,25.0,173,69,157,88,92,0,7,1,0,0,0,3,6.6,6,0.0256,0
80,0,175.2,79.3,25.8,163,97,120,54,148,1,4,0,0,0,1,3,8.2,2,0.1486,0
60,1,166.1,95.8,34.7,98,72,203,107,187,0,7,0,0,0,1,1,8.4,10,0.1165,0
65,0,174.7,88.8,29.1,137,97,252,104,247,1,1,0,1,0,0,3,6.3,10,0.7045,2
51,0,174.7,58.7,19.2,128,71,163,89,128,0,6,0,0,0,0,3,8.0,2,0.0025,0
57,0,168.2,65.5,23.2,178,105,312,108,183,0,2,0,0,0,0,2,5.8,2,0.4137,1
78,1,173.4,95.6,31.8,178,108,176,93,204,0,7,0,0,0,1,3,7.3,3,0.3023,1
67,1,164.8,74.5,27.4,177,86,223,50,116,2,7,0,0,1,1,3,6.2,5,0.1968,0
84,1,162.3,53.9,20.5,95,67,164,59,158,1,4,1,0,0,0,3,6.9,1,0.0234,0
79,0,168.5,62.0,21.8,119,64,179,60,156,2,3,0,0,1,0,3,7.8,9,0.1317,0
75,0,162.7,81.9,30.9,163,95,185,76,144,0,3,1,0,1,1,1,8.4,5,0.8073,2
50,0,189.1,99.5,27.8,107,87,166,72,205,1,3,0,0,0,0,3,4.2,7,0.0517,0
33,0,181.5,81.0,24.6,132,102,234,69,105,2,4,0,0,0,0,3,6.0,5,0.0192,0
65,1,147.8,101.0,46.3,122,89,145,54,239,0,2,0,0,0,1,2,8.6,10,0.4845,1
27,1,171.6,88.2,29.9,142,96,256,62,108,2,3,0,0,0,1,3,7.0,3,0.0352,0
55,0,185.2,79.0,23.0,145,88,170,99,134,2,6,0,0,0,0,3,7.0,3,0.0154,0
36,1,165.2,60.4,22.1,108,81,213,59,113,2,4,0,1,0,0,0,8.2,4,0.0086,0
53,0,192.0,71.4,19.4,176,73,229,102,146,2,4,1,0,0,1,3,4.1,10,0.5005,1
76,1,166.2,78.1,28.3,158,69,255,106,149,1,7,1,1,0,0,1,5.8,3,0.4207,1
80,0,161.8,63.6,24.3,115,70,124,98,243,2,0,0,1,1,1,1,8.2,10,0.7968,2
63,0,179.7,104.9,32.5,118,94,158,100,210,0,0,1,0,0,1,0,5.0,6,0.8192,2
20,0,178.4,101.2,31.8,113,82,187,85,106,1,6,0,1,0,0,3,7.0,5,0.0034,0
82,0,170.0,84.5,29.2,95,67,159,90,83,0,5,0,1,0,0,3,4.5,1,0.0176,0
25,1,169.7,57.2,19.8,143,80,155,99,191,1,2,1,0,0,0,0,6.4,4,0.0375,0
68,0,159.3,59.6,23.5,128,96,268,65,210,1,3,0,0,1,0,3,8.4,8,0.4032,1
23,0,185.9,101.8,29.5,93,73,216,56,209,1,0,0,0,0,0,1,4.8,9,0.0597,0
56,1,155.2,59.2,24.6,147,90,145,81,124,1,7,0,0,1,0,3,6.6,10,0.0313,0
77,1,154.2,83.9,35.3,137,87,223,74,225,0,2,0,0,0,0,2,8.1,6,0.3589,1
45,1,162.9,78.5,29.6,149,101,222,93,91,0,0,0,1,0,0,0,6.0,4,0.2112,0
71,0,180.3,80.9,24.9,115,86,194,75,153,0,7,0,0,0,0,3,7.4,10,0.0295,0
54,1,165.6,62.3,22.7,168,99,204,85,216,0,7,1,1,0,0,2,9.2,2,0.0562,0
26,1,156.6,66.9,27.3,166,80,232,102,227,1,6,0,0,1,0,3,7.9,9,0.0793,0
73,0,170.9,78.3,26.8,129,68,175,77,159,0,3,0,1,0,1,3,7.3,8,0.1833,0
76,0,164.7,87.8,32.4,175,88,176,93,84,0,4,1,1,1,0,2,8.9,5,0.4708,1
19,0,173.8,63.6,21.1,166,74,306,61,99,0,3,0,0,0,1,3,7.2,8,0.0338,0
78,0,186.8,79.4,22.8,145,92,247,75,98,0,0,0,1,0,0,0,6.8,6,0.4591,1
75,0,176.0,78.7,25.4,128,96,220,53,229,1,3,1,0,0,0,2,5.7,1,0.3372,1
77,0,184.6,92.2,27.1,170,106,254,93,186,1,6,1,0,0,0,3,8.0,8,0.6533,2
57,1,178.6,65.7,20.6,128,95,289,72,227,0,4,0,1,0,1,3,9.5,5,0.1569,0
53,1,158.1,49.3,19.7,137,87,260,89,177,1,7,1,0,1,1,3,4.4,3,0.214,0
54,1,162.1,81.2,30.9,114,69,203,73,184,0,1,1,0,0,1,3,6.0,1,0.1676,0
35,1,185.7,60.1,17.4,123,82,281,80,85,1,4,0,0,0,0,3,6.9,8,0.0081,0
80,0,190.4,104.5,28.8,110,87,219,79,233,0,0,0,1,1,0,2,6.0,6,0.6646,2
39,1,147.3,61.3,28.3,114,93,300,52,151,2,4,0,0,0,0,2,8.0,7,0.0312,0
28,1,167.9,50.7,18.0,178,64,165,65,245,0,5,0,1,0,1,1,7.7,3,0.0187,0
75,0,176.0,70.8,22.9,111,77,304,83,97,1,2,0,1,0,0,3,7.5,10,0.2515,0
74,1,172.3,81.8,27.6,112,65,180,87,131,0,3,1,0,1,1,3,9.2,8,0.3013,1
21,1,156.6,60.3,24.6,114,94,175,77,125,0,5,0,0,0,0,2,7.4,3,0.001,0
24,1,155.6,68.1,28.1,167,106,148,98,144,0,7,0,1,1,1,0,6.4,5,0.0602,0
78,1,157.2,79.7,32.2,167,82,230,93,86,0,1,0,1,0,1,1,5.6,6,0.7591,2
71,0,170.3,72.1,24.9,115,87,211,90,90,1,1,0,0,0,1,1,7.6,8,0.3531,1
18,0,184.2,68.0,20.1,119,99,261,97,234,0,3,0,0,0,1,2,5.7,5,0.0466,0
72,0,164.2,67.6,25.1,179,72,315,56,184,1,7,0,1,0,0,1,7.9,1,0.2551,0
20,1,157.8,90.1,36.2,127,107,221,57,231,1,3,0,1,0,0,3,6.4,1,0.0253,0
55,1,146.1,88.3,41.4,175,84,190,56,98,0,2,0,1,0,1,3,4.5,6,0.3762,1
18,1,174.1,46.7,15.4,123,66,132,102,137,0,4,0,0,0,0,3,8.2,10,0.0008,0
55,0,188.7,100.7,28.3,178,61,264,86,80,2,1,0,1,0,1,3,7.7,6,0.4032,1
46,0,172.7,80.1,26.9,166,75,276,104,151,0,0,0,0,0,0,2,8.0,10,0.2914,0
22,1,161.0,84.4,32.5,162,61,200,56,197,0,3,1,1,0,0,3,5.1,10,0.0797,0
38,1,168.5,66.0,23.2,104,84,219,99,186,1,3,0,1,0,0,2,8.6,7,0.0212,0
84,0,190.7,58.8,16.2,133,61,202,67,165,0,5,0,0,0,1,0,9.2,7,0.1793,0
64,0,180.1,88.8,27.4,99,79,235,97,143,0,5,0,0,0,0,2,5.8,9,0.0606,0
52,1,157.0,54.4,22.1,126,97,244,88,177,0,5,0,1,0,0,2,7.5,6,0.0281,0
18,1,147.8,43.1,19.7,96,69,121,70,231,2,1,0,1,0,0,2,6.5,10,0.0039,0
29,0,164.8,52.6,19.4,121,73,181,83,230,0,5,0,0,0,0,1,6.5,3,0.0046,0
77,0,176.7,87.4,28.0,100,80,139,98,207,2,3,0,1,0,0,3,7.3,3,0.0783,0
44,1,157.4,70.8,28.6,137,74,303,106,129,0,1,0,0,0,0,3,6.3,4,0.069,0
73,1,165.9,84.7,30.8,157,80,209,76,95,0,6,0,1,0,0,1,6.8,6,0.0904,0
40,0,170.5,85.3,29.3,137,71,299,57,175,2,0,0,1,1,0,2,9.4,4,0.2502,0
42,0,165.4,66.4,24.3,134,102,272,83,94,0,0,0,0,0,0,3,5.5,2,0.0575,0
38,1,152.2,65.1,28.1,122,92,181,67,71,0,6,0,1,0,1,0,7.4,7,0.0192,0
78,0,191.6,78.1,21.3,93,73,136,100,159,0,1,0,1,0,1,1,9.8,2,0.0988,0
80,0,184.9,79.3,23.2,136,81,158,101,153,2,3,1,0,0,0,2,7.1,5,0.2083,0
69,1,181.3,66.1,20.1,179,97,129,90,72,0,7,0,0,0,0,3,7.9,5,0.0102,0
42,0,181.4,86.6,26.3,142,103,306,61,101,1,2,0,0,0,0,3,6.1,8,0.1128,0
72,1,159.7,86.0,33.7,120,100,272,71,70,0,6,0,1,0,0,1,6.0,10,0.2136,0
63,0,189.2,72.4,20.2,120,77,229,100,93,0,2,0,0,0,1,2,5.4,5,0.0967,0
49,1,163.7,91.1,34.0,116,96,147,89,119,0,4,1,0,0,1,2,7.1,10,0.1045,0
72,0,178.2,80.8,25.4,178,61,180,71,240,2,2,1,1,0,0,2,9.2,6,0.5425,1
22,0,175.6,81.4,26.4,137,88,177,57,113,1,7,1,0,0,0,2,7.8,4,0.0039,0
53,0,146.5,37.8,17.6,125,66,163,91,102,1,5,0,0,0,1,2,7.2,4,0.0104,0
66,1,180.0,52.9,16.3,138,90,202,77,107,0,3,1,0,0,0,1,6.5,3,0.0466,0
75,1,168.9,76.6,26.9,120,100,270,99,181,0,2,0,1,0,0,1,6.4,2,0.2863,0
56,0,179.3,91.5,28.5,133,77,244,96,121,1,7,0,0,0,0,1,6.0,4,0.063,0
78,1,163.4,61.6,23.1,148,68,264,105,104,1,4,0,1,0,1,3,6.1,9,0.3867,1
26,1,165.6,97.9,35.7,112,67,198,81,86,1,7,1,0,0,0,0,7.6,9,0.0183,0
23,1,158.0,80.0,32.1,157,92,204,60,127,0,0,0,0,0,0,1,9.9,4,0.0317,0
52,0,182.2,67.5,20.3,131,64,157,70,117,2,1,1,0,1,0,3,8.0,9,0.0955,0
56,1,150.9,65.9,28.9,131,107,149,75,112,0,2,0,0,1,0,0,6.4,5,0.1078,0
39,0,177.9,116.1,36.7,102,73,266,63,117,0,1,1,1,0,0,0,6.1,9,0.2663,0
58,0,181.6,62.2,18.8,90,70,151,64,113,2,6,0,1,0,0,2,6.0,9,0.0061,0
22,1,162.0,78.9,30.1,165,70,139,63,102,1,1,0,1,0,0,1,9.7,9,0.0249,0
59,1,167.7,69.0,24.5,142,79,221,61,156,0,5,1,0,1,0,2,8.1,9,0.1241,0
84,0,166.1,83.6,30.3,129,82,183,85,152,1,5,0,0,1,0,2,7.5,7,0.2753,0
47,0,166.3,92.2,33.3,179,104,155,52,199,0,0,0,0,0,1,1,8.4,9,0.5762,1
74,1,166.4,67.4,24.3,135,86,312,93,207,0,4,1,1,0,0,3,7.8,1,0.3045,1
46,1,170.8,92.2,31.6,176,74,290,106,152,1,3,1,1,0,1,2,4.4,4,0.6844,2
54,0,157.3,101.9,41.2,111,89,145,107,225,0,3,0,1,0,0,3,5.8,6,0.1755,0
30,1,169.2,75.6,26.4,141,75,126,56,244,0,3,0,1,0,0,3,8.4,6,0.0082,0
49,0,170.6,87.1,29.9,117,97,153,88,205,0,6,0,0,0,0,3,9.6,1,0.0092,0
63,0,174.1,68.2,22.5,142,99,283,103,176,0,4,0,1,1,0,2,8.6,1,0.1936,0
40,1,150.6,65.6,28.9,152,77,253,106,220,0,5,0,1,0,0,3,7.0,1,0.0335,0
62,0,167.5,71.1,25.3,106,86,284,100,245,2,7,0,0,0,0,3,7.6,8,0.1148,0
34,0,185.7,94.8,27.5,153,101,181,95,178,0,4,0,1,0,0,2,5.9,1,0.0263,0
83,1,164.3,90.2,33.4,95,75,205,50,161,0,4,0,1,1,1,3,7.5,9,0.3266,1
23,1,160.2,68.4,26.7,103,83,192,88,132,1,2,0,0,0,1,2,7.3,10,0.0209,0
35,0,174.8,100.4,32.9,106,86,247,74,146,1,1,0,0,0,0,2,7.0,2,0.0313,0
39,1,168.9,97.4,34.1,127,67,179,80,106,1,4,0,0,0,0,2,7.8,9,0.0156,0
50,1,168.4,86.9,30.6,158,98,183,71,81,0,4,0,1,0,0,2,7.2,9,0.0377,0
47,0,175.2,69.9,22.8,102,82,297,59,143,0,7,0,1,0,1,3,4.0,2,0.0207,0
49,1,174.9,68.3,22.3,142,71,171,67,184,2,6,1,0,0,1,1,6.3,4,0.0619,0
59,0,185.7,70.7,20.5,98,77,264,62,150,0,2,1,1,0,0,3,6.2,9,0.0957,0
27,0,180.1,94.3,29.1,133,109,179,57,84,0,1,0,0,0,1,1,6.8,9,0.0596,0
53,1,164.5,54.1,20.0,115,78,196,58,149,1,6,0,0,0,1,1,7.4,8,0.0271,0
51,1,170.6,85.4,29.4,166,95,238,107,153,0,5,0,0,0,1,3,7.5,5,0.1516,0
45,0,179.1,63.4,19.7,108,88,301,64,188,2,5,1,0,0,1,1,6.7,1,0.1134,0
28,0,186.6,95.7,27.5,137,64,257,57,79,2,7,0,0,0,0,3,6.9,2,0.0024,0
56,0,185.0,82.8,24.2,170,98,244,106,111,1,3,0,1,0,1,3,4.2,4,0.4091,1
64,0,165.8,92.9,33.8,169,87,272,82,223,1,0,0,1,0,0,1,8.3,9,0.8911,2
36,0,165.1,89.7,32.9,119,85,137,84,118,0,7,0,0,0,1,0,7.2,4,0.0145,0
32,0,169.0,96.0,33.6,121,101,183,68,220,1,4,1,0,0,0,1,6.8,5,0.1002,0
45,1,173.8,98.8,32.7,167,80,198,79,86,1,4,1,0,0,1,3,6.6,1,0.0994,0
41,0,160.2,72.3,28.1,168,82,178,58,231,0,0,0,0,0,1,3,5.2,5,0.2709,0
26,0,179.9,62.6,19.3,165,80,274,68,174,2,4,0,0,0,0,2,9.4,2,0.0149,0
64,1,167.6,58.0,20.7,164,70,177,96,126,2,5,0,1,0,0,1,6.2,9,0.0802,0
50,1,175.6,46.5,15.1,158,101,180,95,155,2,4,0,0,1,1,0,5.1,10,0.3968,1
79,0,177.8,62.6,19.8,100,80,237,75,201,1,4,0,0,0,1,1,6.8,10,0.3713,1
36,0,162.6,72.3,27.4,172,75,198,50,138,0,0,0,0,0,0,3,7.0,9,0.0589,0
84,1,154.4,58.8,24.7,115,92,190,52,164,0,5,0,1,1,1,1,8.4,5,0.2583,0
57,0,164.2,69.4,25.7,115,86,290,83,152,0,2,0,0,0,0,0,6.8,8,0.2342,0
64,0,170.6,82.7,28.4,106,60,207,74,119,0,2,1,0,0,1,3,6.7,10,0.2083,0
82,1,162.2,66.5,25.3,172,103,206,79,195,0,0,0,0,0,0,3,6.1,6,0.4872,1
46,0,164.3,55.3,20.5,133,75,258,50,136,0,2,0,0,0,0,2,5.2,10,0.0475,0
67,0,190.7,84.6,23.2,173,64,207,108,157,1,3,0,1,0,0,2,5.4,8,0.3221,1
30,0,162.7,57.9,21.9,112,92,252,67,197,0,3,0,0,0,1,3,7.7,9,0.0421,0
18,0,189.5,80.7,22.5,114,77,305,82,182,0,7,0,1,0,0,3,7.5,4,0.0037,0
51,0,187.9,104.1,29.5,126,100,158,58,174,0,7,0,0,1,1,2,8.2,10,0.0788,0
65,1,173.0,72.4,24.2,165,93,295,56,184,1,5,0,0,0,0,1,6.8,4,0.2148,0
65,0,169.1,101.1,35.4,154,103,199,79,132,2,0,0,1,0,0,3,8.8,7,0.4977,1
66,0,179.4,101.2,31.4,91,71,139,62,95,1,1,0,1,0,1,1,5.9,5,0.1455,0
81,0,163.2,62.9,23.6,163,101,200,66,197,0,5,0,0,0,0,2,6.5,4,0.1407,0
78,1,173.1,59.9,20.0,121,93,138,62,70,0,4,0,0,0,0,3,6.9,2,0.0056,0
46,1,163.3,70.8,26.6,178,74,307,62,163,1,1,0,0,0,0,3,6.9,2,0.1407,0
56,0,171.9,93.3,31.6,163,63,273,91,184,0,4,0,1,1,0,3,6.0,4,0.2752,0
43,1,151.8,58.5,25.4,144,63,272,109,215,2,5,1,1,1,0,3,5.8,10,0.4251,1
34,0,151.2,79.2,34.6,139,84,262,87,81,0,6,0,0,0,0,3,4.2,8,0.0299,0
30,0,165.6,90.9,33.2,154,100,268,86,235,0,2,0,0,0,0,2,8.9,8,0.2014,0
43,0,187.1,72.0,20.5,121,72,294,59,111,0,7,1,0,0,1,3,7.0,7,0.0297,0
66,0,172.0,65.8,22.3,126,101,282,63,233,1,2,0,1,0,0,3,6.6,4,0.2729,0
84,0,174.3,87.8,28.9,165,105,291,92,85,0,7,0,0,0,0,2,6.0,7,0.2685,0
24,1,170.6,77.6,26.7,171,84,253,54,136,0,7,0,0,0,0,3,7.1,9,0.0083,0
75,0,194.1,76.7,20.4,102,62,235,85,236,0,3,0,1,0,0,3,6.8,8,0.1051,0
66,1,177.3,73.3,23.3,143,94,220,84,168,0,1,0,0,0,0,2,9.1,5,0.1073,0
70,0,166.3,72.1,26.1,92,72,270,95,128,2,0,0,0,0,0,3,6.4,3,0.114,0
82,0,156.6,44.8,18.3,174,68,158,94,107,0,6,1,0,0,0,2,6.6,2,0.0469,0
79,0,199.6,101.3,25.4,131,73,265,105,213,0,4,0,0,0,0,2,7.9,4,0.1967,0
34,1,186.7,76.2,21.9,167,81,287,72,208,0,2,0,0,1,0,2,7.8,9,0.1477,0
60,0,177.9,37.2,11.8,129,107,155,54,97,0,6,1,1,0,0,2,5.6,10,0.0199,0
42,1,151.3,65.3,28.5,163,68,275,93,160,0,5,0,0,0,0,3,7.6,4,0.0311,0
20,0,185.6,71.7,20.8,155,83,311,106,180,0,6,1,0,0,1,0,8.5,9,0.2332,0
46,0,174.9,102.8,33.6,149,82,202,77,163,1,4,0,0,0,0,3,8.7,10,0.1093,0
49,0,174.9,68.7,22.5,100,80,213,72,146,2,0,0,0,0,0,3,5.5,5,0.042,0
43,0,184.9,66.0,19.3,90,70,305,91,149,0,6,0,0,0,0,2,7.0,3,0.0043,0
33,0,179.3,87.3,27.1,115,74,285,83,199,1,4,1,0,0,0,1,5.7,6,0.1588,0
42,0,164.1,62.2,23.1,131,95,291,80,217,2,3,0,0,0,1,2,8.0,9,0.2843,0
71,1,160.8,58.7,22.7,151,73,121,56,141,0,0,0,1,0,0,3,7.2,8,0.0601,0
45,0,182.6,88.9,26.7,150,79,192,56,107,0,7,0,0,0,0,0,8.4,3,0.0102,0
73,1,169.1,58.9,20.6,166,98,154,53,236,1,7,0,1,0,0,2,7.6,4,0.0515,0
82,0,178.6,57.5,18.0,174,95,248,93,100,1,0,0,0,0,0,1,5.9,4,0.6096,1
58,0,185.3,108.6,31.6,151,86,293,81,149,0,7,0,1,0,0,3,7.1,1,0.0601,0
68,1,160.4,78.9,30.7,163,76,307,77,220,0,4,0,1,0,0,2,6.1,5,0.346,1
46,0,177.8,74.9,23.7,101,81,182,105,231,0,4,0,1,0,0,3,5.7,3,0.0202,0
36,0,142.2,61.1,30.2,116,96,214,53,165,0,2,0,0,0,0,2,6.4,7,0.0245,0
83,1,159.5,77.3,30.4,156,63,164,88,86,1,4,0,0,0,0,2,7.2,7,0.1002,0
58,1,171.6,90.4,30.7,117,62,244,101,176,1,0,0,1,0,1,2,5.8,5,0.4239,1
62,0,172.1,64.7,21.8,155,78,304,94,93,2,6,0,0,1,0,3,7.1,5,0.1248,0
32,0,171.3,81.2,27.6,117,97,156,57,232,0,5,0,0,0,0,3,5.4,1,0.0059,0
20,1,153.6,59.2,25.1,110,90,126,63,187,0,4,1,1,0,1,1,4.7,4,0.0168,0
28,0,186.0,80.2,23.2,96,76,229,79,220,1,5,1,1,0,1,3,9.1,1,0.0249,0
70,1,169.5,77.2,26.9,103,66,263,52,205,0,5,0,1,0,1,1,6.5,1,0.0886,0
63,0,184.3,82.0,24.2,128,95,297,51,156,1,2,0,0,0,0,2,6.8,8,0.2085,0
47,0,158.7,80.4,31.9,162,78,261,59,218,1,1,0,0,0,0,2,6.6,9,0.3768,1
74,1,162.4,78.5,29.8,176,71,253,55,88,1,5,1,0,0,0,2,7.6,2,0.1612,0
35,1,161.2,48.0,18.5,151,79,308,104,228,1,3,1,0,0,1,2,7.2,9,0.3813,1
68,0,173.2,56.2,18.7,101,81,268,56,119,1,5,0,0,0,0,3,8.1,1,0.0122,0
65,0,169.8,69.4,24.1,127,71,257,65,140,0,6,1,0,0,0,0,7.3,9,0.1692,0
83,1,160.5,97.7,37.9,147,88,151,55,181,2,0,1,1,0,1,3,7.0,1,0.7466,2
25,1,172.5,63.5,21.3,145,89,253,65,93,0,7,0,0,0,1,2,8.2,10,0.008,0
39,0,156.9,65.3,26.5,128,79,121,76,115,2,6,0,1,0,0,2,6.6,10,0.0068,0
23,1,181.8,72.8,22.0,175,63,158,105,205,0,2,0,0,1,0,1,6.9,8,0.0474,0
74,1,168.8,66.1,23.2,93,61,168,61,146,0,3,0,0,0,0,3,6.7,1,0.0059,0
53,1,163.6,74.5,27.8,137,106,146,71,72,2,7,0,0,0,0,2,8.6,8,0.0088,0
74,1,173.1,97.5,32.6,96,76,175,64,231,1,6,0,1,0,1,3,7.4,1,0.0713,0
66,0,161.5,77.6,29.8,149,82,133,71,146,1,4,0,0,0,0,2,7.1,8,0.0737,0
62,1,157.4,56.6,22.9,129,65,270,84,187,0,5,1,1,0,0,2,4.4,2,0.0848,0
83,1,162.8,112.7,42.5,97,77,222,109,127,2,4,1,0,0,1,3,7.4,5,0.5946,1
62,0,189.7,86.0,23.9,147,81,237,97,232,0,1,0,0,0,0,3,7.8,7,0.2619,0
37,0,175.5,69.1,22.4,146,96,241,99,90,0,4,1,1,0,0,3,8.1,8,0.0519,0
81,0,180.5,101.4,31.1,124,63,224,64,134,2,7,0,0,0,0,3,6.8,6,0.0628,0
84,1,158.1,62.0,24.8,162,102,298,72,135,1,3,0,0,0,1,3,7.8,8,0.7221,2
20,0,180.9,105.4,32.2,102,70,144,87,111,0,7,0,0,0,0,2,7.5,3,0.0005,0
71,1,180.8,67.3,20.6,128,100,172,98,112,0,2,0,1,1,1,2,4.6,7,0.2899,0
81,1,174.0,98.4,32.5,173,94,130,51,95,1,6,0,1,0,0,3,8.3,7,0.0947,0
57,1,163.2,74.6,28.0,110,70,282,51,223,2,1,1,1,0,1,3,6.8,2,0.3671,1
76,1,170.8,94.7,32.5,136,93,302,98,205,0,3,0,0,0,0,3,7.3,10,0.578,1
72,1,169.8,103.4,35.9,172,68,305,68,244,1,2,0,0,1,0,1,6.3,3,0.856,2
79,0,181.1,63.5,19.4,91,71,315,54,234,1,6,0,0,0,0,3,7.8,8,0.1013,0
21,1,175.1,96.7,31.5,133,101,156,53,151,0,3,1,1,1,1,2,7.4,9,0.0899,0
77,0,187.0,62.4,17.8,119,91,128,77,215,0,4,0,0,0,0,3,5.0,2,0.0277,0
47,1,162.7,55.7,21.0,176,102,147,67,233,0,3,0,0,0,0,3,6.2,9,0.0534,0
19,0,182.4,69.2,20.8,144,94,174,89,173,1,1,1,1,0,1,0,8.7,3,0.1464,0
79,1,160.2,77.6,30.3,129,108,293,90,199,0,3,0,1,0,0,2,8.0,1,0.3259,1
66,1,154.8,67.9,28.3,166,70,246,105,153,1,0,1,0,0,1,3,6.6,1,0.6459,1
26,1,161.3,68.1,26.2,113,76,189,104,189,1,4,0,1,1,0,0,6.6,7,0.0469,0
48,0,175.2,79.8,26.0,131,95,146,107,72,1,3,1,0,0,0,3,5.9,8,0.0724,0
78,0,159.4,78.6,30.9,117,61,129,99,173,0,2,1,0,0,1,3,6.0,1,0.2015,0
65,1,172.6,86.3,29.0,140,83,270,80,177,0,4,1,1,0,0,0,7.2,7,0.4948,1
42,0,148.3,80.6,36.6,111,91,268,71,103,1,5,0,0,0,1,2,9.0,7,0.0935,0
53,1,191.1,112.9,30.9,178,74,292,60,195,1,2,0,1,0,0,0,6.6,7,0.6038,1
25,0,191.0,85.2,23.3,167,87,245,97,182,0,1,0,0,0,0,0,7.0,6,0.1212,0
75,1,161.4,62.9,24.1,163,62,122,65,179,0,5,0,1,0,0,3,6.1,4,0.0244,0
62,0,176.1,87.3,28.1,163,88,306,53,243,1,5,0,0,0,0,3,6.9,4,0.2901,0
79,1,167.0,56.4,20.2,97,77,162,70,139,0,5,0,1,0,0,1,7.4,10,0.028,0
56,1,158.1,58.9,23.6,103,72,218,90,207,1,0,0,1,0,0,1,9.3,6,0.129,0
75,0,177.9,94.0,29.7,134,109,126,94,157,0,6,0,0,0,0,0,8.4,8,0.15,0
81,0,174.6,75.4,24.8,127,81,274,74,87,1,3,0,0,0,1,3,8.4,8,0.3731,1
61,0,175.1,59.4,19.4,121,90,309,69,230,0,4,0,0,0,0,3,6.5,3,0.0667,0
46,1,165.8,50.6,18.4,151,66,161,57,204,1,6,0,1,0,1,1,5.9,10,0.0693,0
76,1,150.9,66.2,29.1,156,107,216,92,114,0,3,0,0,0,1,3,7.0,6,0.3595,1
26,1,164.4,89.3,33.1,173,107,123,102,181,0,3,1,0,0,1,3,6.3,4,0.1041,0
23,0,177.6,95.7,30.3,150,85,309,58,226,0,4,1,1,0,0,3,6.5,9,0.1709,0
46,0,177.3,80.3,25.6,102,82,255,67,152,1,6,0,1,0,1,2,7.3,7,0.0431,0
75,0,173.8,107.1,35.4,176,97,203,80,235,0,5,1,0,0,0,3,7.8,8,0.6876,2
34,0,187.4,82.1,23.4,172,97,264,101,108,0,5,0,1,0,0,3,8.4,1,0.0191,0
33,0,172.5,74.2,24.9,169,63,124,84,222,2,7,1,0,0,1,0,7.6,4,0.0806,0
20,1,166.3,34.6,12.5,136,94,310,104,214,0,0,1,1,0,0,3,7.2,6,0.07,0
38,1,177.0,71.8,22.9,143,92,232,79,130,0,0,0,0,0,0,3,6.0,6,0.0309,0
81,0,175.2,90.4,29.4,160,62,256,67,120,1,1,0,0,0,0,2,8.5,2,0.2943,0
53,1,166.1,96.5,35.0,141,78,255,68,106,1,4,0,1,1,0,2,7.9,7,0.1632,0
79,1,163.0,59.1,22.2,161,68,126,90,136,0,4,0,0,0,0,1,6.5,3,0.0386,0
59,0,188.4,91.1,25.7,114,94,156,73,93,1,2,0,0,0,1,3,8.0,6,0.0606,0
59,0,173.4,92.4,30.7,112,78,174,99,191,0,2,0,1,0,0,2,7.1,3,0.0545,0
78,0,188.8,84.6,23.7,163,78,186,71,118,0,7,0,0,0,0,2,8.4,6,0.0363,0
30,0,175.0,43.2,14.1,119,85,255,97,218,0,2,0,0,0,0,1,6.7,10,0.0376,0
28,1,155.4,71.4,29.6,100,72,188,63,238,0,0,0,1,0,0,1,6.8,10,0.0419,0
71,1,170.8,86.8,29.8,124,81,124,68,214,0,1,0,1,0,0,3,5.1,8,0.1516,0
33,0,173.0,62.3,20.8,116,96,136,109,178,0,1,0,1,0,0,2,6.4,5,0.0111,0
25,0,182.2,77.3,23.3,156,67,230,78,171,0,5,0,0,0,0,3,9.0,1,0.0043,0
76,1,136.7,41.0,21.9,136,83,177,71,218,0,3,0,0,0,0,3,10.0,3,0.0504,0
74,1,164.1,33.5,12.4,139,85,310,79,137,0,1,0,0,0,0,3,7.5,1,0.0639,0
57,1,159.4,85.1,33.5,97,77,274,64,113,0,6,0,0,0,0,3,6.4,8,0.0194,0
76,1,153.4,66.6,28.3,144,100,223,70,193,0,2,0,0,0,1,2,6.7,7,0.4676,1
19,0,170.5,99.2,34.1,166,100,232,75,97,0,4,0,0,0,0,3,6.9,10,0.031,0
27,1,158.3,82.0,32.7,131,62,211,85,105,1,3,0,1,1,0,2,6.6,4,0.0191,0
61,1,163.5,66.4,24.9,156,66,187,61,234,1,5,1,1,0,1,3,7.9,4,0.221,0
28,0,162.3,69.9,26.5,109,89,147,56,196,1,0,0,0,0,0,3,5.4,1,0.0117,0
19,1,167.2,82.1,29.4,134,61,208,60,113,1,1,0,0,0,1,3,7.0,4,0.0136,0
67,0,189.7,99.3,27.6,124,92,305,107,119,0,5,1,0,0,0,2,9.2,1,0.1384,0
29,0,178.8,84.2,26.3,166,71,297,88,182,1,4,1,0,0,0,2,8.3,5,0.1255,0
40,0,184.1,98.6,29.1,109,89,225,69,157,1,2,1,1,0,0,3,9.5,5,0.0794,0
35,0,186.9,79.0,22.6,113,71,186,84,207,0,0,0,0,0,0,2,6.8,2,0.0109,0
79,0,188.4,69.2,19.5,146,69,241,53,107,2,7,0,1,0,0,3,6.2,10,0.0643,0
79,0,194.7,86.4,22.8,144,100,278,51,118,0,0,1,0,0,0,3,7.4,2,0.3628,1
55,0,171.0,78.6,26.9,98,78,220,69,141,0,1,0,1,0,0,3,6.1,9,0.0515,0
84,0,168.8,56.4,19.8,178,77,131,96,71,0,6,0,1,0,0,1,6.4,2,0.0386,0
55,0,183.8,61.9,18.3,105,63,302,69,113,1,4,0,0,0,0,2,6.7,5,0.016,0
84,0,183.1,88.3,26.3,144,99,220,61,104,2,2,0,0,0,1,0,8.5,9,0.7509,2
78,1,171.8,69.8,23.7,161,82,123,102,185,2,2,0,1,1,1,3,8.1,8,0.5848,1
18,0,194.9,85.0,22.4,147,80,240,66,218,0,2,0,0,0,0,1,7.6,2,0.016,0
62,0,176.1,72.7,23.4,153,95,161,67,126,1,2,1,0,0,0,3,7.1,2,0.0909,0
45,1,168.3,96.9,34.2,165,89,301,89,160,0,1,0,0,0,1,2,9.1,5,0.4413,1
38,1,154.2,86.0,36.2,177,107,141,73,92,0,5,0,0,0,1,1,7.5,4,0.055,0
30,1,185.4,64.1,18.7,138,80,120,57,101,2,5,0,0,0,0,3,5.9,3,0.0011,0
44,0,172.6,68.3,22.9,118,82,167,86,140,0,5,1,0,0,0,1,7.2,4,0.015,0
24,0,172.9,89.2,29.8,168,80,162,105,230,0,1,0,1,0,0,2,5.9,2,0.0605,0
39,1,160.5,79.3,30.8,171,67,221,90,86,0,7,0,0,0,0,2,6.4,2,0.0057,0
70,0,169.6,74.2,25.8,96,76,267,79,196,0,7,0,0,1,1,2,8.7,4,0.1183,0
21,0,168.7,57.3,20.1,166,72,137,69,239,0,4,0,0,0,0,1,7.4,3,0.0061,0
40,0,170.8,65.1,22.3,172,99,317,101,86,0,6,0,0,0,0,2,7.1,7,0.0444,0
50,1,150.3,57.4,25.4,158,81,296,72,117,0,3,0,1,1,1,1,7.3,9,0.4659,1
45,0,168.1,78.2,27.7,179,66,195,86,245,0,1,1,1,0,0,3,6.9,1,0.2114,0
25,1,183.5,107.3,31.9,91,71,264,108,126,0,2,0,1,0,0,1,4.5,7,0.0311,0
18,1,171.4,65.4,22.3,122,64,300,59,172,2,5,0,0,0,1,2,7.9,3,0.0079,0
54,0,185.3,67.2,19.6,137,109,269,82,113,1,5,0,0,1,1,2,7.8,4,0.154,0
80,1,175.8,76.3,24.7,126,85,201,73,220,1,4,0,0,0,0,3,7.2,2,0.0847,0
39,1,182.3,96.6,29.1,178,69,129,85,191,1,2,0,0,1,0,0,6.2,5,0.1609,0
38,1,146.3,41.4,19.4,178,70,143,105,122,0,1,0,0,0,0,3,9.1,8,0.0169,0
52,0,163.7,93.7,34.9,119,99,259,65,102,1,5,0,1,0,1,1,6.4,2,0.1567,0
22,1,156.0,65.4,26.9,130,97,123,99,125,2,4,1,0,0,1,3,6.0,8,0.024,0
77,0,171.3,64.6,22.0,93,70,289,77,97,0,6,0,0,0,0,0,7.1,9,0.0723,0
63,1,161.0,46.5,17.9,172,107,245,61,220,0,7,0,1,1,0,3,7.9,5,0.1101,0
67,0,171.5,86.4,29.4,128,89,252,69,132,1,2,0,1,0,0,3,7.6,9,0.2787,0
65,0,178.2,76.5,24.1,113,63,273,96,76,0,5,0,0,0,0,0,7.7,8,0.063,0
23,1,164.4,74.7,27.7,139,61,306,67,180,2,3,0,0,0,0,1,8.4,2,0.0248,0
73,1,156.8,54.9,22.3,126,72,309,86,199,1,0,0,1,0,0,2,7.4,5,0.3748,1
76,1,142.2,56.3,27.8,142,98,199,107,201,0,0,0,0,0,0,2,8.6,9,0.449,1
46,0,166.1,65.7,23.8,114,76,124,75,77,0,5,0,1,0,1,3,7.6,9,0.0079,0
35,0,170.5,73.7,25.4,120,82,273,95,195,1,2,0,0,0,0,2,6.9,8,0.0772,0
19,1,161.5,60.7,23.3,127,104,202,105,118,0,5,0,0,0,0,3,6.5,2,0.0017,0
25,1,152.7,43.3,18.6,147,69,125,108,98,2,6,0,0,0,0,2,8.7,6,0.0011,0
71,1,159.1,110.5,43.6,142,72,271,56,151,0,0,0,0,0,0,1,7.8,1,0.4427,1
55,0,164.7,51.9,19.1,139,101,300,92,124,2,5,0,1,0,0,0,6.6,7,0.1959,0
65,0,174.7,80.1,26.2,93,73,126,96,234,0,5,0,1,0,1,2,6.5,6,0.0463,0
44,1,153.3,40.1,17.1,141,101,129,70,164,1,3,1,1,0,1,2,5.8,8,0.1017,0
37,1,155.5,37.8,15.6,120,88,286,92,75,0,5,0,0,0,1,3,9.0,7,0.01,0
29,0,162.9,72.9,27.5,176,75,197,81,221,0,6,1,1,0,0,3,7.6,2,0.032,0
60,1,162.5,73.8,28.0,167,62,275,56,181,1,3,0,1,0,0,1,8.8,2,0.1925,0
78,1,155.3,86.6,35.9,103,83,161,102,174,0,2,0,1,0,1,2,9.5,2,0.2055,0
48,0,185.1,88.5,25.8,90,63,181,72,109,0,3,0,0,0,0,1,9.3,6,0.0074,0
78,0,180.1,77.8,24.0,132,95,244,69,81,0,0,0,1,0,1,3,6.5,10,0.4931,1
84,0,175.3,63.4,20.6,148,75,299,69,133,0,2,0,0,0,1,3,10.0,8,0.5124,1
52,1,156.0,90.5,37.2,150,100,141,81,115,0,6,0,0,0,0,3,7.9,1,0.0115,0
32,0,179.8,93.8,29.0,130,65,176,75,83,1,5,0,0,1,0,2,5.6,2,0.0079,0
33,0,182.9,62.8,18.8,107,87,215,85,224,0,0,0,1,0,0,1,7.3,5,0.0355,0
30,1,165.4,73.3,26.8,149,87,258,108,185,0,3,0,1,0,0,1,7.1,9,0.1004,0
52,0,192.0,88.2,23.9,158,95,261,73,106,0,3,0,0,0,1,3,7.5,8,0.1688,0
76,0,180.6,75.1,23.0,168,82,150,50,179,2,4,0,0,0,0,3,7.4,1,0.057,0
38,0,185.1,94.1,27.5,148,71,123,107,131,2,1,0,0,0,0,1,7.8,8,0.0517,0
71,0,177.3,91.1,29.0,131,101,228,102,136,0,6,1,1,0,1,2,6.2,7,0.4113,1
47,1,170.8,72.5,24.9,169,90,269,77,149,2,6,0,1,0,0,2,7.4,9,0.0841,0
65,0,168.0,69.8,24.7,125,71,237,75,145,1,5,0,0,0,1,3,6.5,4,0.0842,0
52,1,159.4,92.2,36.3,129,91,212,83,83,0,7,0,1,0,0,2,7.2,10,0.0272,0
55,1,167.5,87.7,31.3,119,84,218,75,167,0,1,0,0,0,1,1,6.8,6,0.2206,0
48,0,179.4,80.8,25.1,176,88,311,85,236,0,2,0,0,1,0,3,6.5,4,0.4467,1
41,0,181.1,56.1,17.1,100,78,196,54,202,0,0,1,0,0,0,1,7.9,4,0.0292,0
66,0,187.0,88.7,25.4,114,81,202,105,145,1,7,1,0,0,0,3,7.6,9,0.0827,0
49,0,161.8,81.3,31.1,134,83,234,51,95,0,1,0,1,1,0,1,7.5,1,0.0956,0
72,1,154.3,25.8,10.8,140,92,180,81,150,0,2,1,1,0,0,0,6.5,10,0.2258,0
75,1,166.3,76.9,27.8,132,95,219,83,177,0,3,0,0,0,0,1,7.7,7,0.2273,0
20,0,168.8,68.1,23.9,155,104,253,99,122,1,1,0,1,0,1,3,7.0,8,0.1531,0
27,0,209.8,91.6,20.8,136,99,198,79,132,0,0,0,1,1,1,1,6.5,6,0.1274,0
42,0,181.2,67.0,20.4,113,93,315,73,80,0,7,0,0,1,1,2,8.2,1,0.0161,0
78,1,163.2,69.4,26.0,166,75,125,77,102,2,4,0,0,0,1,1,8.0,6,0.1816,0
46,0,170.8,96.3,33.0,126,61,185,95,110,0,6,0,1,0,0,0,4.0,4,0.0306,0
36,0,171.2,68.9,23.5,145,67,283,52,109,0,7,0,1,0,0,2,4.4,8,0.0125,0
60,0,176.3,92.6,29.8,164,72,262,102,243,1,4,0,0,0,0,3,8.9,7,0.3961,1
83,1,165.1,60.5,22.2,176,89,195,99,73,2,1,0,0,0,0,3,5.5,8,0.383,1
78,1,159.4,81.1,31.9,135,60,159,103,80,0,4,0,1,1,1,3,5.4,1,0.1601,0
60,0,173.3,76.7,25.5,117,71,288,59,224,1,2,0,0,0,1,0,6.8,10,0.6502,2
42,0,189.4,90.0,25.1,141,108,126,55,77,2,5,1,1,0,1,1,7.3,9,0.0841,0
37,1,177.8,79.0,25.0,104,66,141,83,218,0,0,0,0,0,1,2,6.4,10,0.036,0
65,0,178.5,88.9,27.9,134,107,191,80,196,0,3,0,0,0,0,3,4.0,10,0.2505,0
41,1,150.6,26.8,11.8,147,73,225,101,196,1,0,1,0,0,1,2,7.2,3,0.1221,0
28,0,181.4,59.4,18.1,156,101,258,92,74,0,3,0,0,0,0,2,9.2,2,0.0072,0
72,1,179.5,86.0,26.7,162,94,249,99,101,0,7,1,0,0,1,3,5.3,9,0.4534,1
45,0,189.7,54.2,15.1,161,87,149,95,158,2,4,0,0,0,0,1,9.0,1,0.0136,0
80,1,171.3,67.7,23.1,162,71,187,107,127,0,2,0,1,0,0,2,6.7,6,0.1463,0
76,1,178.2,78.3,24.6,170,99,300,101,141,0,3,0,0,0,0,0,9.1,5,0.5634,1
22,1,164.5,59.8,22.1,130,107,208,62,224,0,6,0,1,0,0,2,7.7,4,0.0039,0
68,1,170.3,64.8,22.3,154,83,268,108,95,1,7,0,1,0,0,2,6.3,10,0.099,0
38,1,157.2,72.7,29.4,129,60,272,88,237,0,7,0,1,0,0,2,7.8,1,0.0111,0
29,0,178.9,94.6,29.6,94,74,192,102,98,1,4,0,0,0,1,1,8.6,2,0.0119,0
67,1,177.3,64.3,20.4,164,97,191,107,151,1,3,0,1,0,1,3,5.2,4,0.3205,1
21,1,158.1,60.4,24.2,117,87,252,69,76,0,1,0,1,0,0,3,7.1,6,0.0056,0
59,0,167.4,62.7,22.4,127,92,185,81,175,2,0,0,0,0,1,3,8.2,6,0.2229,0
55,1,165.0,36.2,13.3,170,83,204,59,90,2,5,0,0,0,1,2,6.6,5,0.0212,0
42,1,161.7,73.0,27.9,176,106,168,75,165,0,5,0,0,0,0,1,5.4,8,0.0767,0
31,1,170.5,89.3,30.7,107,87,127,68,79,0,7,0,0,0,0,0,9.5,3,0.0012,0
49,0,171.5,91.0,30.9,126,65,274,78,131,0,2,1,1,0,1,3,4.8,9,0.4697,1
28,0,193.2,73.5,19.7,116,80,121,62,205,0,4,0,1,0,1,2,6.6,10,0.0088,0
78,0,163.1,52.8,19.8,114,94,147,103,183,0,2,1,1,0,0,1,6.9,4,0.2028,0
35,0,188.5,84.6,23.8,158,63,258,83,73,0,0,0,0,0,0,2,9.5,1,0.016,0
44,0,168.4,86.6,30.6,172,92,165,69,226,0,5,0,1,0,1,2,4.3,6,0.1967,0
72,0,158.0,71.3,28.6,116,69,245,93,209,0,3,0,0,0,0,1,7.0,2,0.1534,0
71,0,178.4,83.5,26.3,166,95,140,89,169,0,7,0,0,0,0,3,6.2,4,0.0383,0
38,1,161.5,87.9,33.7,143,72,289,67,248,0,3,1,1,0,0,3,6.2,3,0.168,0
61,0,164.9,61.4,22.6,96,76,151,106,88,0,2,0,0,0,0,0,8.9,3,0.0173,0
22,0,159.2,66.3,26.2,179,107,279,83,180,0,3,0,0,0,0,2,5.8,2,0.0652,0
58,0,175.9,102.5,33.1,167,68,318,97,100,2,3,1,1,0,0,0,5.5,8,0.8556,2
76,0,185.8,79.9,23.2,116,90,269,57,177,0,6,0,1,0,1,1,5.6,2,0.2225,0
71,1,169.8,55.9,19.4,148,63,196,65,95,2,6,0,0,0,0,1,7.2,1,0.0122,0
39,1,164.6,62.2,23.0,161,79,140,89,178,0,3,0,1,0,0,3,7.0,5,0.013,0
82,1,168.8,60.3,21.2,120,67,269,72,203,1,7,0,0,1,1,3,6.7,1,0.1562,0
81,0,175.7,83.2,26.9,157,86,153,81,98,0,1,0,1,0,1,0,6.4,6,0.5597,1
21,1,149.7,51.4,22.9,93,73,257,62,86,1,7,1,0,0,1,2,8.7,5,0.0036,0
82,0,161.8,75.0,28.6,107,68,184,75,217,0,6,0,1,0,0,3,4.6,1,0.0525,0
32,0,174.0,65.9,21.8,152,102,184,87,239,2,4,0,1,0,0,3,8.5,7,0.0468,0
39,0,174.4,45.3,14.9,176,83,207,50,179,0,7,0,0,1,0,3,5.3,3,0.0125,0
64,0,184.5,86.9,25.5,165,96,186,51,244,0,4,0,1,0,1,2,8.3,2,0.2064,0
63,0,183.6,84.0,24.9,141,100,162,88,143,0,7,0,1,0,0,2,8.0,10,0.038,0
31,0,182.1,88.8,26.8,173,99,234,62,165,1,7,0,0,0,0,2,7.8,9,0.0342,0
67,1,161.2,60.5,23.3,152,89,288,76,71,2,5,0,1,0,0,3,6.9,3,0.0582,0
37,0,162.2,59.4,22.6,134,85,260,53,106,0,7,0,1,1,0,2,6.5,8,0.0135,0
67,0,180.1,86.1,26.5,101,63,237,90,160,1,6,0,0,0,1,3,7.2,4,0.0617,0
50,0,181.3,103.4,31.5,97,60,123,100,216,1,7,0,0,0,0,2,8.4,6,0.0081,0
76,1,140.1,60.2,30.7,111,79,142,69,110,0,0,0,0,0,0,1,6.6,8,0.1015,0
60,0,167.7,80.2,28.5,130,87,189,52,213,1,3,0,0,0,1,1,6.4,4,0.2389,0
29,1,157.1,63.7,25.8,130,104,281,72,184,0,2,0,0,0,0,1,6.9,3,0.0372,0
57,1,165.2,49.4,18.1,170,83,160,51,133,0,3,1,0,0,0,0,6.7,9,0.1051,0
37,0,168.0,88.5,31.4,146,87,265,65,74,1,0,0,1,0,1,3,6.8,10,0.3071,1
55,0,175.6,91.4,29.6,121,87,239,59,215,0,3,0,1,0,0,2,9.0,7,0.104,0
20,0,173.9,87.6,29.0,144,64,209,77,141,2,1,1,1,0,1,3,6.1,9,0.1526,0
45,1,162.4,68.5,26.0,95,75,280,93,210,1,7,0,1,1,0,3,8.5,3,0.0261,0
73,0,168.8,83.4,29.2,128,89,272,67,174,2,0,0,0,0,0,3,8.1,1,0.3094,1
30,0,169.6,88.2,30.7,98,78,171,51,143,0,4,0,1,0,0,1,5.3,3,0.0062,0
83,0,165.2,96.9,35.5,121,101,264,63,105,0,4,0,0,0,1,1,6.1,7,0.5709,1
54,1,167.8,88.7,31.5,125,75,170,93,216,0,1,1,0,0,0,2,6.9,1,0.082,0
66,0,181.7,81.8,24.8,105,67,250,69,228,2,7,0,0,0,0,1,6.9,5,0.0553,0
83,0,168.3,54.5,19.3,101,71,174,105,162,0,4,0,0,0,0,0,6.4,5,0.0673,0
53,1,179.2,81.9,25.5,130,91,303,105,178,0,5,0,0,0,0,3,8.2,3,0.0465,0
71,1,160.9,74.3,28.7,156,84,238,105,92,0,1,0,0,0,0,3,7.2,8,0.2337,0
43,1,179.3,90.3,28.1,147,62,232,89,229,0,4,0,1,0,0,3,7.1,1,0.0251,0
57,0,169.6,95.1,33.1,98,78,154,72,182,0,6,1,0,0,0,3,8.6,9,0.0367,0
60,1,143.7,60.4,29.3,106,86,187,103,80,0,7,0,0,1,0,2,6.1,7,0.0146,0
39,1,168.0,105.5,37.4,94,74,306,109,202,0,4,0,1,0,0,3,6.3,1,0.0365,0
37,0,178.5,52.9,16.6,115,86,211,56,164,2,7,0,0,0,1,0,6.5,2,0.0104,0
25,1,164.3,78.5,29.1,174,81,178,94,82,1,5,0,1,0,0,3,5.3,2,0.0094,0
46,0,169.6,62.8,21.8,90,70,132,96,155,1,3,0,0,0,0,2,7.0,1,0.003,0
57,1,163.7,43.2,16.1,90,70,181,63,104,0,6,1,0,0,1,3,7.7,1,0.0033,0
47,0,170.9,72.4,24.8,124,94,213,86,152,1,7,0,0,0,1,1,5.5,10,0.129,0
72,1,161.0,48.6,18.8,98,78,294,57,98,2,0,0,0,0,0,3,5.7,2,0.0615,0
33,0,184.4,79.8,23.5,176,66,122,99,220,2,4,0,0,0,0,2,7.0,6,0.0206,0
63,1,165.8,73.4,26.7,127,62,140,54,152,0,0,0,0,1,0,2,7.4,5,0.044,0
79,0,182.1,97.8,29.5,93,65,223,72,149,2,7,0,1,0,0,0,6.7,5,0.0868,0
24,1,161.7,48.2,18.4,141,72,184,90,164,0,0,0,0,0,0,3,6.5,2,0.0044,0
62,1,160.6,83.9,32.5,108,88,265,59,213,0,7,0,0,0,0,1,8.6,7,0.0709,0
76,0,164.5,73.7,27.2,94,74,132,98,223,0,7,0,1,0,1,2,6.3,3,0.0382,0
73,1,160.3,85.6,33.3,137,85,318,76,72,1,4,0,1,0,0,1,8.8,9,0.4342,1
65,1,130.8,48.9,28.6,176,107,196,106,191,0,6,0,0,1,0,3,6.3,8,0.2851,0
44,0,170.1,55.1,19.0,152,92,228,84,193,0,0,0,0,0,1,1,7.6,9,0.331,1
70,0,175.2,59.3,19.3,127,74,215,50,92,1,5,0,0,1,0,2,6.3,9,0.0485,0
52,1,169.6,55.4,19.3,141,98,212,56,206,0,1,0,1,0,0,3,6.5,10,0.0847,0
68,0,173.3,83.8,27.9,176,100,164,96,248,0,6,0,1,0,0,3,6.2,6,0.2086,0
54,0,179.5,101.9,31.6,135,106,181,100,102,0,5,0,1,0,0,1,7.9,5,0.0577,0
74,0,154.2,58.6,24.7,171,73,149,57,161,0,2,1,1,0,0,0,9.0,2,0.3069,1
25,0,175.4,87.2,28.3,98,78,133,60,93,0,7,1,0,0,0,0,7.1,7,0.0028,0
37,0,159.2,46.8,18.4,139,87,300,83,176,0,1,0,0,1,0,3,5.7,5,0.1311,0
70,0,163.9,74.7,27.8,163,83,129,101,119,2,6,0,1,0,1,1,7.8,10,0.3079,1
29,1,162.1,81.1,30.9,155,109,319,77,121,2,4,0,0,0,0,1,8.8,8,0.136,0
66,1,176.8,56.7,18.1,166,100,278,83,107,0,1,0,1,0,1,1,8.0,5,0.4248,1
34,0,179.7,76.8,23.8,127,92,125,92,113,0,5,0,0,0,0,3,5.3,1,0.0022,0
81,1,164.2,82.8,30.7,116,71,238,69,158,0,6,0,0,0,0,3,6.3,3,0.0391,0
59,1,163.8,27.9,10.4,109,69,138,77,195,0,7,0,1,0,0,3,6.0,10,0.0026,0
46,1,156.9,88.5,36.0,151,66,131,98,125,0,2,0,1,0,1,3,7.1,1,0.0434,0
36,0,170.6,80.6,27.7,163,105,236,91,114,0,6,0,1,0,0,3,7.7,10,0.0449,0
28,0,180.3,90.9,28.0,105,60,311,86,249,0,1,1,1,0,1,2,8.3,5,0.2422,0
67,1,150.1,58.9,26.1,168,74,222,52,198,0,6,0,0,0,0,3,7.5,6,0.0554,0
75,1,169.9,49.1,17.0,102,60,233,58,156,0,0,0,1,0,1,0,8.8,7,0.2243,0
51,1,160.1,78.1,30.5,109,89,201,101,185,2,6,0,1,0,0,0,9.2,5,0.0636,0
37,1,172.3,74.9,25.2,113,79,302,71,133,2,4,0,0,0,0,3,8.7,5,0.015,0
67,0,185.6,83.3,24.2,139,61,314,74,205,2,0,0,1,0,1,2,6.2,6,0.6746,2
27,0,159.3,85.9,33.9,96,62,128,51,240,2,6,0,1,0,0,2,7.8,9,0.0055,0
49,0,170.2,86.5,29.9,176,95,253,72,205,0,7,1,1,0,1,3,7.7,2,0.2839,0
69,0,167.4,102.5,36.6,177,75,248,100,98,1,0,0,0,0,0,2,9.3,6,0.607,1
32,1,145.9,65.2,30.7,118,88,289,66,82,0,4,0,1,0,1,3,10.0,10,0.0452,0
20,0,165.7,62.5,22.8,94,74,212,106,198,2,4,0,0,0,0,2,6.5,7,0.0056,0
54,0,200.4,87.4,21.8,124,95,302,74,98,1,3,0,0,0,0,1,7.3,4,0.0779,0
57,1,170.1,81.3,28.1,154,103,296,61,247,0,2,0,1,0,0,1,7.2,5,0.4449,1
57,0,195.2,102.8,27.0,171,98,218,76,106,0,7,0,0,0,1,1,8.5,7,0.1403,0
73,1,172.3,54.1,18.2,159,62,218,69,70,0,6,0,0,0,0,0,6.9,8,0.0362,0
40,1,156.6,68.4,27.9,176,96,149,58,177,0,0,1,0,1,0,0,7.9,3,0.2991,0
28,1,160.2,94.2,36.7,163,103,154,72,138,2,5,0,0,0,0,1,7.1,3,0.0225,0
81,0,181.9,77.3,23.4,96,71,182,85,186,2,0,0,1,0,1,1,5.3,9,0.6349,1
25,0,180.4,94.2,28.9,133,79,269,77,245,0,6,0,0,0,0,2,7.0,1,0.0106,0
73,0,170.2,82.5,28.5,161,82,290,99,180,0,7,0,0,0,0,2,7.3,10,0.3032,1
77,0,160.9,84.8,32.8,102,81,147,97,132,0,4,0,0,0,0,3,7.4,8,0.0568,0
27,0,208.9,82.3,18.9,171,91,265,78,91,2,4,0,1,0,0,1,8.3,5,0.0297,0
56,1,162.6,59.2,22.4,167,66,151,102,163,2,6,1,1,0,1,3,6.6,3,0.0852,0
45,0,172.7,76.7,25.7,164,81,188,105,80,0,6,0,1,0,0,1,5.8,7,0.0399,0
66,1,165.1,49.6,18.2,127,103,301,91,98,1,1,1,0,0,1,3,8.8,4,0.3974,1
53,0,173.6,72.7,24.1,102,61,281,107,175,1,0,0,1,0,0,1,6.6,6,0.2053,0
30,1,165.2,76.4,28.0,143,73,278,103,72,0,0,0,0,1,1,3,7.3,5,0.1182,0
53,1,176.9,105.2,33.6,133,75,229,81,242,2,4,0,0,0,0,1,7.2,7,0.1996,0
43,0,174.8,83.4,27.3,102,82,216,61,72,0,5,0,0,1,0,3,5.3,7,0.0128,0
21,0,164.4,81.6,30.2,114,66,251,79,143,0,5,0,0,0,0,3,8.9,3,0.0033,0
81,1,162.4,88.7,33.6,113,63,261,109,83,0,0,0,0,0,1,2,7.5,5,0.382,1
55,1,159.4,55.2,21.7,118,96,134,60,150,1,2,0,0,1,1,2,7.9,2,0.0423,0
39,1,178.2,76.6,24.1,159,105,307,86,134,0,3,0,0,0,0,0,8.6,2,0.0942,0
19,0,187.7,120.2,34.1,107,87,139,69,212,1,4,1,1,0,1,1,7.0,5,0.0636,0
48,0,177.1,77.4,24.7,94,64,139,60,186,2,4,0,0,0,0,1,7.8,5,0.0082,0
28,1,151.2,82.4,36.0,107,61,296,97,199,1,0,0,1,0,0,2,7.3,9,0.1478,0
63,1,151.7,80.3,34.9,152,64,218,96,151,1,6,0,0,1,0,1,8.1,8,0.2807,0
79,0,176.2,55.9,18.0,126,62,187,87,97,0,5,0,0,0,0,2,6.7,8,0.0194,0
81,1,167.4,78.3,28.0,160,101,137,94,163,0,3,0,0,1,0,3,9.0,10,0.372,1
27,0,172.3,78.3,26.4,144,67,271,65,136,0,3,1,0,0,0,2,5.8,4,0.0368,0
57,0,171.2,80.5,27.5,162,85,274,108,72,0,5,0,1,0,0,1,8.8,9,0.1824,0
41,0,170.1,63.7,22.0,101,69,152,84,223,2,4,0,1,0,1,2,8.9,1,0.0126,0
61,0,175.8,61.1,19.8,141,93,244,99,73,2,4,0,0,0,0,0,7.5,6,0.1083,0
77,1,140.2,52.9,26.9,146,105,183,50,213,0,7,1,0,0,0,2,7.1,5,0.1086,0
79,0,165.0,71.0,26.1,135,95,272,74,161,1,7,0,0,0,0,2,8.8,3,0.1121,0
34,0,169.7,92.6,32.2,133,71,188,98,141,1,4,1,0,0,0,2,8.3,1,0.0245,0
82,1,176.1,105.3,34.0,113,79,265,76,173,2,2,0,1,0,0,2,6.1,5,0.3696,1
74,1,155.9,88.9,36.6,98,78,164,101,85,0,0,0,0,0,0,3,7.8,1,0.0438,0
72,1,165.8,85.8,31.2,101,73,229,81,100,1,2,0,0,0,0,3,6.8,6,0.0719,0
70,1,166.3,58.1,21.0,98,78,139,55,156,0,4,0,0,0,0,3,7.7,3,0.0044,0
73,0,189.0,78.4,21.9,111,64,154,90,199,0,3,0,0,0,0,0,7.9,3,0.054,0
26,1,176.6,81.5,26.1,106,86,253,85,142,0,0,0,1,0,0,1,6.2,3,0.0196,0
39,1,163.4,62.2,23.3,122,86,210,88,160,0,0,1,0,0,1,3,5.4,3,0.1165,0
30,1,159.2,78.3,30.9,136,63,128,72,242,0,5,0,0,0,0,3,6.4,10,0.0084,0
65,0,169.4,85.5,29.8,177,88,299,78,123,0,4,1,1,0,0,1,8.6,10,0.7228,2
35,0,173.6,84.8,28.2,104,62,275,79,219,1,4,0,0,0,1,3,7.3,3,0.0463,0
57,1,159.7,85.2,33.4,122,92,138,71,231,1,4,1,0,0,0,3,8.7,2,0.0712,0
34,0,181.5,67.2,20.4,104,84,222,106,142,2,7,1,0,0,1,3,9.3,5,0.0188,0
32,1,168.2,88.1,31.1,116,95,204,60,197,0,4,0,1,0,0,0,7.3,6,0.0317,0
32,1,169.9,64.5,22.3,150,68,182,75,231,2,6,1,1,0,1,2,7.7,6,0.05,0
80,1,176.6,64.2,20.6,157,60,214,72,168,1,6,1,1,0,0,2,8.2,2,0.0945,0
56,1,182.6,89.3,26.8,171,107,254,52,223,0,4,0,1,0,0,3,4.7,1,0.1469,0
30,1,165.2,90.9,33.3,174,82,156,97,242,1,7,1,0,0,0,3,6.4,4,0.0464,0
49,0,187.0,90.8,26.0,137,62,208,55,145,1,6,0,0,0,0,3,7.1,10,0.0198,0
26,0,172.5,76.6,25.7,97,77,211,56,218,0,4,0,1,0,0,3,8.5,8,0.0069,0
57,1,175.9,82.6,26.7,95,75,155,93,240,1,0,0,0,0,0,0,5.4,1,0.1132,0
37,0,186.6,85.4,24.5,152,65,136,88,155,1,2,0,0,0,0,2,8.0,7,0.019,0
80,0,186.1,66.2,19.1,173,72,209,103,108,2,7,0,1,0,0,2,6.5,5,0.0767,0
61,0,176.9,59.8,19.1,91,71,211,100,210,2,3,1,0,0,0,3,7.8,8,0.089,0
55,1,157.3,67.5,27.3,111,74,284,71,239,1,6,1,0,0,0,2,6.7,2,0.0674,0
77,0,162.1,72.2,27.5,110,89,307,97,114,1,4,1,1,0,0,3,6.8,1,0.2824,0
65,1,163.6,72.0,26.9,95,71,168,99,156,2,3,0,1,0,1,1,6.6,9,0.1576,0
35,0,191.3,95.8,26.2,159,99,200,91,248,2,5,1,0,0,0,3,6.7,4,0.1037,0
33,0,172.9,73.2,24.5,102,82,303,82,188,1,0,0,0,0,0,1,8.6,4,0.085,0
72,1,171.9,84.4,28.6,90,70,153,89,86,1,3,1,0,0,0,3,5.9,2,0.0337,0
56,0,184.4,80.1,23.5,111,87,277,52,153,0,0,0,0,0,0,3,5.5,2,0.0673,0
76,1,161.2,97.9,37.7,113,63,274,79,204,1,1,1,0,0,0,0,5.7,5,0.8511,2
79,1,177.2,79.8,25.4,153,66,298,97,201,0,2,0,1,0,0,2,6.5,2,0.319,1
30,1,134.9,92.6,50.9,130,106,256,73,100,0,1,1,0,0,1,3,7.0,6,0.4325,1
23,0,163.8,77.2,28.8,111,91,139,52,163,0,0,1,1,0,1,1,7.3,7,0.0759,0
77,1,154.8,64.2,26.8,150,75,294,51,164,0,6,1,1,0,0,1,7.0,2,0.2368,0
31,1,155.8,54.4,22.4,101,81,266,93,201,0,5,0,1,0,0,2,6.4,8,0.0099,0
71,1,167.4,52.0,18.6,179,105,187,89,151,2,7,1,0,0,1,3,9.5,9,0.3316,1
21,0,178.9,64.6,20.2,93,73,196,68,153,1,1,1,0,0,1,2,7.9,10,0.0306,0
56,1,167.9,60.8,21.5,172,100,221,73,109,0,0,0,1,0,0,2,6.2,3,0.0791,0
42,1,170.0,80.9,28.0,169,84,259,99,173,1,7,0,1,0,0,0,7.1,4,0.1076,0
49,1,154.5,59.4,24.9,101,81,244,69,181,2,1,0,0,1,0,3,8.4,7,0.0873,0
76,0,163.8,74.7,27.8,122,62,192,106,116,0,0,1,1,0,0,2,6.5,1,0.173,0
80,0,180.0,99.2,30.6,110,81,198,96,119,0,2,0,0,0,0,1,6.9,4,0.1478,0
55,0,169.7,73.5,25.5,162,90,232,98,220,0,5,1,1,0,0,2,6.6,1,0.1575,0
70,0,160.3,101.3,39.4,161,96,252,99,120,2,2,0,0,1,0,2,8.5,2,0.6536,2
84,0,185.7,65.2,18.9,173,81,316,80,107,0,7,0,1,1,0,2,7.6,9,0.3644,1
45,0,190.0,82.7,22.9,163,86,144,99,206,2,2,1,1,0,0,3,6.3,2,0.1055,0
20,1,179.6,71.7,22.2,163,61,220,90,218,0,0,0,1,0,1,3,9.7,3,0.046,0
39,0,177.9,93.0,29.4,161,81,150,107,78,0,3,0,1,1,1,0,5.9,6,0.2709,0
55,1,170.3,41.5,14.3,141,76,293,80,185,0,1,1,0,0,0,2,7.1,1,0.0722,0
79,0,189.7,63.2,17.6,136,107,153,86,94,0,6,0,0,0,0,2,8.6,7,0.0213,0
74,0,169.6,73.2,25.4,148,79,288,92,182,1,7,0,0,0,0,0,7.0,8,0.415,1
23,0,187.1,106.8,30.5,136,83,187,78,105,0,7,0,0,0,0,3,6.7,9,0.0036,0
49,0,178.8,82.8,25.9,145,104,241,53,180,0,1,1,0,0,0,1,7.7,9,0.378,1
27,1,173.1,56.3,18.8,102,82,285,107,240,0,1,0,0,0,1,1,7.3,5,0.0706,0
20,1,165.9,55.0,20.0,133,102,165,59,147,1,5,0,1,0,0,0,6.1,5,0.0053,0
76,0,189.0,109.6,30.7,124,67,188,85,150,1,1,0,1,0,0,1,8.0,4,0.2709,0
66,0,178.2,69.8,22.0,118,64,146,104,97,1,2,0,0,0,1,1,6.1,4,0.072,0
76,0,161.2,56.4,21.7,145,61,290,84,114,2,3,0,1,0,0,2,5.5,10,0.3694,1
48,1,178.5,101.4,31.8,94,63,318,106,174,0,1,0,0,0,1,3,7.4,1,0.1074,0
79,1,154.5,82.4,34.5,156,94,164,97,117,0,3,0,0,0,0,0,6.1,7,0.3746,1
69,0,188.5,103.4,29.1,142,93,137,70,205,0,7,1,1,1,1,3,7.2,8,0.3874,1
58,1,163.1,57.3,21.5,149,62,151,92,211,0,0,0,0,1,0,2,7.6,4,0.0788,0
48,1,175.8,55.0,17.8,95,75,121,90,84,0,0,0,0,0,1,3,7.4,3,0.0045,0
39,0,187.3,85.7,24.4,137,79,288,50,197,2,5,0,0,0,0,0,10.0,3,0.0575,0
21,0,180.3,85.2,26.2,169,68,139,91,236,1,1,0,1,0,0,2,8.9,7,0.0445,0
30,1,169.1,80.0,28.0,124,65,305,61,222,0,4,0,0,0,1,0,7.9,6,0.1053,0
62,1,168.2,96.3,34.0,107,87,157,73,132,0,7,0,0,0,0,1,7.8,1,0.0082,0
59,1,143.9,35.9,17.4,100,64,120,51,128,1,5,0,0,0,0,2,8.2,1,0.0009,0
66,1,165.2,85.5,31.3,140,100,316,96,226,2,2,0,1,0,0,2,7.2,1,0.4911,1
37,0,164.8,56.0,20.6,112,92,301,105,72,0,5,0,0,0,0,1,7.1,5,0.0123,0
71,1,165.7,85.7,31.2,136,94,261,69,108,0,1,1,0,0,0,3,7.1,1,0.2176,0
53,1,152.6,59.2,25.4,164,90,272,65,91,2,2,1,0,0,0,1,6.6,7,0.3018,1
18,0,164.2,59.9,22.2,148,72,256,83,170,2,1,0,0,0,1,1,9.6,9,0.1309,0
32,1,180.0,70.9,21.9,146,85,308,62,196,0,7,0,0,0,0,2,6.0,3,0.0113,0
34,1,174.7,55.7,18.2,145,81,299,67,238,0,2,0,0,0,0,2,8.4,4,0.0301,0
41,0,176.0,78.6,25.4,116,91,255,78,89,0,6,0,1,0,1,3,8.2,7,0.0231,0
75,0,177.8,67.3,21.3,162,74,135,103,216,2,4,0,0,0,0,2,8.0,2,0.0803,0
40,0,173.5,88.6,29.4,124,70,233,100,210,0,7,0,0,0,0,2,7.3,4,0.0125,0
63,1,169.7,84.5,29.3,144,75,127,92,160,2,4,0,1,1,0,0,6.1,7,0.2177,0
25,0,169.2,99.9,34.9,98,78,142,63,88,0,7,0,0,0,0,3,7.8,9,0.0012,0
76,1,173.9,82.5,27.3,107,65,192,79,135,1,5,0,1,0,0,1,7.8,8,0.0695,0
76,1,161.5,78.5,30.1,133,105,153,107,200,1,0,0,0,0,1,3,10.0,4,0.5337,1
30,0,171.8,96.9,32.8,110,70,137,84,221,0,5,1,1,0,0,3,8.0,2,0.0095,0
56,1,164.2,62.7,23.2,145,69,228,58,107,0,1,1,1,0,0,3,7.6,9,0.1044,0
45,1,158.1,46.7,18.7,137,75,163,86,199,0,4,0,0,0,1,3,7.3,4,0.0145,0
78,0,179.3,82.6,25.7,90,70,262,95,106,1,4,0,0,0,0,3,6.8,9,0.0924,0
33,0,170.6,54.0,18.5,116,66,134,88,201,0,5,0,0,0,0,2,7.5,9,0.0028,0
19,1,168.7,111.2,39.1,134,98,212,61,147,1,1,0,1,0,0,1,8.0,5,0.0624,0
34,1,176.2,99.9,32.2,152,86,246,70,241,1,7,0,0,0,0,3,6.3,6,0.0382,0
47,0,168.8,106.9,37.5,147,83,240,67,114,0,5,0,1,0,1,2,6.7,6,0.1298,0
30,0,174.7,78.3,25.7,129,109,142,60,150,2,6,0,1,1,1,3,6.2,5,0.0241,0
30,0,180.6,88.6,27.1,152,74,312,76,153,1,5,0,0,0,1,2,7.8,10,0.1402,0
60,1,159.6,62.9,24.7,127,65,190,73,193,1,5,0,1,0,1,1,8.6,7,0.1155,0
38,0,180.6,93.6,28.7,118,78,228,90,244,0,1,0,0,0,0,3,4.0,7,0.1049,0
72,0,181.6,62.5,19.0,129,67,151,92,162,1,0,0,0,0,1,2,6.8,7,0.1945,0
57,1,174.8,39.3,12.8,108,88,233,99,223,0,4,0,0,0,0,3,9.4,6,0.0162,0
32,0,169.9,63.1,21.9,177,95,279,83,175,2,2,0,0,0,1,3,8.1,2,0.1656,0
69,1,154.6,45.5,19.0,145,109,152,69,171,0,1,0,0,0,0,3,7.7,8,0.0762,0
70,0,172.9,98.6,33.0,133,72,290,62,161,1,7,0,0,0,0,1,5.8,10,0.3651,1
69,1,154.3,94.4,39.6,154,92,132,96,206,1,7,0,1,1,0,3,8.3,4,0.2225,0
47,0,181.6,59.8,18.1,176,91,235,57,165,0,1,1,1,0,0,2,7.1,6,0.1686,0
50,1,152.4,85.6,36.8,102,82,256,86,149,0,1,0,1,0,0,1,8.1,7,0.1584,0
74,1,187.3,97.9,27.9,119,99,309,54,117,0,5,0,1,0,0,0,9.9,1,0.1239,0
69,0,189.0,60.9,17.1,138,108,304,56,100,0,5,0,1,0,0,1,5.7,6,0.1389,0
26,0,176.1,72.2,23.3,164,69,295,93,70,2,1,0,0,0,0,1,9.0,8,0.0785,0
71,0,184.7,73.6,21.6,152,92,290,101,195,2,4,0,0,0,0,0,6.9,5,0.5193,1
18,0,159.6,81.0,31.8,160,60,186,61,208,0,2,0,0,0,0,3,8.7,8,0.0208,0
61,1,189.2,66.2,18.5,124,80,151,90,199,0,0,1,0,0,0,3,6.5,6,0.0718,0
26,1,158.1,67.6,27.0,100,64,192,53,115,2,3,1,1,0,0,3,6.0,7,0.0066,0
49,0,174.8,67.1,22.0,138,60,224,89,70,0,4,0,1,0,0,1,8.1,9,0.0253,0
32,1,145.4,69.8,33.0,129,80,307,68,139,2,4,0,1,0,0,0,5.2,7,0.1588,0
29,1,168.9,71.2,25.0,110,84,248,103,135,0,6,0,0,0,0,2,6.3,2,0.0023,0
74,1,152.9,58.4,25.0,136,79,304,50,71,1,3,1,1,1,0,3,6.3,8,0.4334,1
25,0,177.0,75.3,24.0,92,72,232,104,138,0,3,0,1,0,1,3,6.4,1,0.0069,0
44,0,170.6,105.8,36.4,119,68,225,92,82,0,1,0,0,0,1,3,8.0,1,0.053,0
79,0,165.2,66.4,24.3,177,75,188,104,216,0,2,0,0,0,1,3,7.8,10,0.6937,2
29,1,156.0,52.4,21.5,156,87,188,62,152,1,4,0,1,0,0,1,7.1,6,0.0154,0
82,0,178.3,87.9,27.7,151,99,315,99,116,0,4,0,0,0,0,1,6.3,8,0.588,1
59,0,163.2,69.4,26.1,126,105,180,102,198,1,0,0,1,0,1,1,7.0,10,0.6781,2
79,0,168.5,53.0,18.7,111,91,127,101,215,0,3,0,1,0,0,1,5.7,1,0.0765,0
28,1,170.6,108.8,37.4,120,95,126,91,182,0,3,0,0,0,0,3,5.6,1,0.0092,0
60,0,202.0,85.7,21.0,135,98,284,94,101,0,4,1,0,0,1,3,6.3,5,0.2224,0
34,0,180.8,74.7,22.9,165,108,289,74,165,0,3,0,1,0,0,2,5.4,3,0.0846,0
49,0,166.8,75.8,27.2,134,83,279,93,80,0,1,0,1,0,1,3,7.3,10,0.2639,0
57,0,172.3,102.1,34.4,103,75,264,94,217,0,0,0,0,0,0,0,7.9,10,0.5528,1
40,1,164.3,47.0,17.4,101,73,275,83,77,1,4,1,0,0,0,3,7.2,1,0.0051,0
73,0,172.5,80.4,27.0,152,107,189,84,171,2,5,0,0,0,0,2,5.8,2,0.1617,0
23,0,185.0,113.8,33.2,166,93,295,66,235,1,7,0,1,0,0,1,6.6,4,0.1048,0
67,1,166.2,75.0,27.2,177,83,173,75,75,0,0,0,0,0,1,3,8.3,8,0.2608,0
54,0,185.1,64.0,18.7,127,106,289,70,71,0,5,1,0,0,1,1,8.6,6,0.1374,0
81,0,172.9,67.2,22.5,136,70,155,100,142,0,6,0,1,0,0,2,5.7,4,0.0429,0
71,1,177.3,81.7,26.0,143,104,185,61,72,0,1,0,0,0,0,3,7.7,7,0.0683,0
66,0,174.3,97.1,32.0,144,95,278,65,135,0,0,0,1,0,1,2,6.2,9,0.703,2
28,0,166.3,68.1,24.6,137,60,312,101,95,0,5,0,1,0,1,3,8.6,6,0.0287,0
66,0,197.8,101.3,25.9,162,106,122,69,245,0,3,1,0,1,0,3,8.6,1,0.2595,0
38,0,157.8,47.3,19.0,161,71,132,103,163,0,4,0,0,0,1,1,4.2,8,0.0537,0
83,1,156.6,46.7,19.0,104,80,278,59,171,0,0,0,0,1,1,2,6.0,3,0.3452,1
80,1,157.7,61.6,24.8,160,68,148,72,205,0,7,1,0,0,0,2,7.7,5,0.0692,0
45,1,189.1,106.1,29.7,177,98,176,104,144,0,7,0,1,0,1,2,4.5,2,0.0622,0
34,0,194.1,88.1,23.4,105,62,280,96,158,1,7,0,0,0,1,2,8.9,1,0.0091,0
23,0,190.9,89.8,24.6,177,75,300,79,185,0,2,0,0,1,1,0,7.6,7,0.4765,1
36,1,160.7,74.5,28.9,132,63,129,108,99,0,4,0,0,0,0,3,5.3,3,0.0034,0
73,1,188.3,100.8,28.4,96,76,182,57,224,0,0,0,0,0,0,1,8.3,4,0.1049,0
45,0,179.7,70.7,21.9,132,105,192,100,112,0,4,0,0,0,0,0,8.3,2,0.0215,0
83,0,185.8,93.2,27.0,117,72,312,54,202,1,5,0,1,1,1,3,7.8,4,0.6099,1
55,0,177.8,66.4,21.0,155,79,227,61,89,0,0,0,0,0,0,3,7.7,9,0.069,0
54,0,175.5,107.5,34.9,149,78,220,91,121,0,0,0,0,0,0,3,8.1,9,0.2333,0
66,0,173.5,64.7,21.5,92,72,215,103,90,1,3,0,1,0,0,3,5.8,1,0.0223,0
60,0,173.9,63.7,21.1,90,61,216,63,200,0,7,0,1,0,0,2,7.3,7,0.0073,0
53,1,170.1,83.3,28.8,120,69,121,109,110,2,7,0,0,0,1,3,6.1,3,0.0081,0
75,1,167.7,75.0,26.7,145,84,229,103,193,2,0,0,0,0,1,2,8.4,5,0.6269,1
30,0,175.7,82.7,26.8,176,78,249,61,177,0,7,0,0,0,1,3,7.0,5,0.0326,0
69,0,191.1,89.0,24.4,173,74,242,73,221,0,2,0,0,0,0,2,4.4,4,0.3267,1
75,1,134.3,40.8,22.6,169,98,316,94,121,1,3,1,1,0,1,0,5.2,1,0.8963,2
49,0,181.1,104.7,31.9,135,106,235,102,71,2,2,0,0,0,0,3,7.0,9,0.1447,0
77,1,171.2,89.0,30.4,121,101,156,102,113,1,5,0,1,0,0,2,6.3,5,0.0665,0
75,0,187.5,104.1,29.6,170,83,249,66,110,0,2,1,1,0,0,2,6.4,2,0.3882,1
73,1,163.4,63.8,23.9,107,75,180,50,139,0,6,1,1,0,1,3,6.1,2,0.0319,0
45,0,178.1,85.3,26.9,157,76,159,103,76,1,1,0,0,0,0,2,6.0,4,0.0308,0
18,0,185.9,85.9,24.9,124,75,310,91,107,0,2,0,0,0,0,1,7.4,2,0.0123,0
59,0,190.9,102.4,28.1,112,77,144,107,242,0,0,1,0,0,0,2,7.9,5,0.1748,0
65,0,173.0,93.9,31.4,168,108,242,86,78,1,4,0,1,0,0,3,7.3,2,0.1816,0
57,0,178.7,82.2,25.8,102,63,285,60,122,0,7,1,0,1,1,1,7.8,4,0.1152,0
80,1,180.8,57.6,17.6,167,61,156,91,97,2,3,1,0,0,0,2,7.1,4,0.0795,0
21,0,154.8,94.1,39.3,103,83,146,55,197,2,3,0,0,0,0,1,5.1,3,0.018,0
55,0,169.1,82.9,29.0,126,106,203,64,88,0,3,1,0,0,1,0,8.8,10,0.4044,1
44,0,190.7,76.2,21.0,94,74,297,90,201,1,4,0,1,0,0,2,8.7,7,0.039,0
26,1,174.9,83.6,27.3,111,61,281,89,82,1,7,1,1,0,0,3,7.7,2,0.0044,0
33,1,169.2,51.9,18.1,117,61,163,72,80,0,2,0,1,1,1,1,5.5,5,0.0156,0
73,1,159.5,85.6,33.6,93,73,191,72,71,0,5,0,1,0,1,2,5.2,2,0.0354,0
48,0,167.2,51.5,18.4,139,107,251,87,209,0,6,0,0,0,0,2,6.1,9,0.0432,0
31,1,158.1,65.7,26.3,118,98,299,87,195,2,1,0,0,0,1,3,9.6,6,0.1658,0
42,1,179.5,83.4,25.9,126,88,174,98,234,0,0,1,0,0,0,3,7.4,8,0.1271,0
51,1,157.7,84.4,33.9,124,93,192,61,125,0,5,0,0,0,0,0,7.0,6,0.0374,0
84,0,177.0,80.1,25.6,109,89,131,56,157,0,3,0,0,0,0,2,7.2,3,0.0295,0
41,0,168.5,83.8,29.5,124,91,261,86,121,0,0,0,1,0,0,3,6.5,7,0.0948,0
43,0,184.4,81.8,24.0,173,80,282,65,194,0,7,1,1,0,0,3,6.9,2,0.0604,0
37,0,170.6,74.8,25.7,91,71,125,104,201,0,2,0,1,0,0,0,7.1,4,0.0145,0
81,1,163.0,72.8,27.4,147,83,166,87,174,0,6,1,0,0,0,3,6.3,10,0.1913,0
27,0,159.2,66.7,26.3,107,87,270,89,201,0,7,0,0,0,1,3,5.5,5,0.0232,0
84,0,159.9,44.6,17.5,145,73,234,84,246,1,5,0,1,0,0,1,7.1,4,0.285,0
41,1,164.1,60.5,22.5,153,87,187,89,121,1,6,1,1,0,1,1,6.1,2,0.0569,0
22,1,150.7,69.0,30.4,141,73,312,78,103,0,1,0,0,0,0,2,8.3,2,0.0158,0
84,0,197.1,84.8,21.8,111,91,178,88,91,1,6,0,0,0,0,3,7.6,6,0.0308,0
75,1,143.4,59.4,28.9,149,93,256,66,210,0,7,1,0,0,0,3,6.9,9,0.3046,1
44,0,168.0,69.1,24.5,99,73,238,100,132,0,3,0,1,0,0,2,6.1,7,0.0175,0
32,1,164.2,59.1,21.9,173,84,305,75,84,0,6,0,0,0,1,0,7.8,8,0.0771,0
52,1,160.3,62.8,24.4,169,71,167,69,237,0,2,1,0,0,0,2,7.9,6,0.1176,0
70,1,153.0,61.9,26.4,95,75,310,95,107,0,5,0,1,0,1,2,6.5,8,0.1264,0
61,1,154.4,67.3,28.2,170,99,128,74,174,0,1,1,1,0,0,1,7.4,10,0.4414,1
43,1,154.1,72.9,30.7,95,75,291,109,124,0,5,0,0,0,0,2,6.0,4,0.0174,0
64,0,173.1,73.9,24.6,175,107,165,87,241,0,3,0,0,0,0,2,7.2,10,0.3067,1
51,0,195.5,72.3,18.9,171,101,262,88,186,0,2,0,1,0,0,0,6.0,7,0.3627,1
67,1,164.8,51.4,18.9,117,66,300,86,189,2,0,1,0,0,0,3,6.4,3,0.2381,0
29,0,187.8,122.9,34.8,131,74,295,68,135,0,5,1,0,1,0,3,8.0,3,0.0628,0
21,0,181.1,63.6,19.4,163,68,191,70,135,2,4,0,1,0,1,3,8.4,3,0.0104,0
65,1,175.1,69.8,22.8,130,63,247,81,240,0,3,0,1,0,0,3,5.3,10,0.1939,0
72,1,136.0,65.8,35.6,152,90,289,77,141,0,1,0,0,0,1,1,6.8,5,0.7469,2
18,0,173.0,81.9,27.4,111,82,229,88,235,2,1,0,1,0,0,1,7.8,6,0.0557,0
83,0,189.1,92.3,25.8,168,65,264,90,226,2,4,1,0,0,0,2,5.7,4,0.729,2
47,0,170.3,68.5,23.6,118,87,154,61,144,0,4,0,1,0,0,0,6.5,5,0.0166,0
20,0,193.6,90.4,24.1,160,71,278,106,203,0,2,1,1,0,0,3,7.7,3,0.0778,0
38,0,190.8,86.3,23.7,123,103,251,96,78,0,4,0,1,0,1,2,6.4,8,0.0459,0
66,1,159.3,65.0,25.6,91,71,167,64,219,1,3,0,1,0,1,2,5.4,10,0.1618,0
79,0,171.0,79.2,27.1,115,83,261,77,243,0,5,0,1,0,1,2,6.6,6,0.3931,1
55,0,165.9,88.8,32.3,164,93,272,105,158,1,4,0,1,0,0,2,6.7,4,0.2953,0
32,0,169.7,74.5,25.9,178,78,165,70,100,1,3,0,0,0,1,1,8.9,1,0.0366,0
69,1,151.7,65.6,28.5,108,83,167,65,90,0,0,1,0,0,0,2,9.8,10,0.1078,0
63,0,180.3,96.2,29.6,109,79,287,72,107,1,4,0,0,0,0,2,7.4,3,0.052,0
42,0,161.4,85.1,32.7,122,93,297,101,121,1,0,0,0,0,1,2,7.1,8,0.4419,1
38,0,182.0,104.8,31.6,170,106,126,75,216,0,6,0,0,0,1,2,5.7,2,0.0577,0
22,1,170.3,48.8,16.8,171,86,214,64,207,0,5,1,0,0,0,3,5.3,4,0.0138,0
64,1,147.4,77.3,35.6,93,73,179,86,243,1,1,1,1,0,0,0,8.4,10,0.6352,1
35,0,191.5,94.8,25.8,121,88,154,61,145,0,5,0,0,0,0,3,5.2,5,0.0046,0
38,0,181.1,67.3,20.5,108,60,310,53,152,1,6,1,0,0,0,1,7.8,6,0.026,0
40,0,183.5,85.5,25.4,92,72,267,84,148,0,4,0,0,0,1,1,9.9,2,0.024,0
81,0,168.4,90.0,31.7,150,95,263,80,107,0,1,0,0,0,0,2,5.8,7,0.5741,1
84,0,182.2,68.7,20.7,127,102,269,76,131,2,5,1,1,0,0,3,4.7,9,0.5156,1
57,0,187.3,90.3,25.7,95,75,283,81,141,0,0,0,0,0,0,0,7.6,9,0.2129,0
27,0,175.0,90.6,29.6,145,104,138,82,243,0,1,0,0,0,1,3,8.5,4,0.0731,0
69,0,196.0,71.9,18.7,129,105,249,62,232,1,0,1,1,0,0,3,5.8,10,0.7463,2
78,0,176.4,76.1,24.4,170,66,187,86,171,1,2,0,0,0,1,2,8.2,4,0.4093,1
81,1,175.4,82.2,26.7,158,102,217,93,240,0,5,0,0,0,1,0,8.5,2,0.5982,1
22,0,178.9,67.5,21.1,172,79,126,51,197,2,5,0,0,0,0,3,7.5,9,0.0067,0
70,0,181.9,67.7,20.5,131,79,166,87,227,0,0,0,0,0,0,1,6.5,5,0.1679,0
72,0,159.3,67.6,26.7,175,84,296,86,142,1,7,1,1,0,0,0,8.0,7,0.7002,2
54,1,167.7,85.9,30.5,177,102,162,108,132,0,2,1,0,0,0,3,6.4,3,0.1596,0
73,1,156.7,78.0,31.8,163,80,151,99,227,0,1,0,0,0,1,3,6.9,8,0.5716,1
76,0,167.5,60.8,21.7,91,68,264,105,182,1,0,1,0,0,0,3,6.6,7,0.3942,1
76,0,193.4,96.5,25.8,117,86,247,54,152,1,2,0,0,0,1,0,7.3,8,0.5961,1
19,0,173.9,64.4,21.3,106,86,238,67,226,1,0,0,0,0,0,2,7.2,2,0.0118,0
82,0,166.0,48.8,17.7,159,84,133,97,91,0,3,0,0,0,0,0,7.0,8,0.1308,0
77,0,172.4,70.7,23.8,158,95,200,66,232,2,5,0,0,0,0,2,6.7,1,0.134,0
68,1,151.0,82.3,36.1,128,93,279,51,239,0,3,1,1,0,1,2,7.7,10,0.82,2
47,1,178.3,89.0,28.0,96,61,307,98,221,0,1,1,1,0,0,2,6.1,6,0.1711,0
28,1,157.0,68.5,27.8,121,68,307,91,95,2,3,1,0,0,0,2,6.0,6,0.035,0
56,0,181.3,74.4,22.6,93,73,171,107,228,0,5,0,1,0,0,3,8.4,10,0.0248,0
80,1,177.6,72.9,23.1,110,74,313,84,156,0,4,1,1,0,0,2,8.1,10,0.3293,1
81,1,159.0,71.1,28.1,121,80,123,63,199,2,2,0,1,0,0,2,6.2,7,0.1216,0
78,0,181.3,64.6,19.7,171,109,310,100,236,2,5,0,0,0,1,3,6.1,4,0.7419,2
71,0,165.7,67.6,24.6,103,75,152,61,166,1,5,1,1,0,0,1,6.2,8,0.0983,0
75,0,200.5,87.0,21.6,159,61,225,107,209,0,4,0,1,1,0,2,4.8,2,0.293,0
73,0,185.4,62.4,18.2,164,85,248,82,142,0,3,0,1,0,0,2,8.1,8,0.1846,0
51,0,174.1,64.5,21.3,135,103,216,56,241,0,1,0,1,0,0,3,7.4,7,0.1135,0
48,1,156.3,74.3,30.4,109,88,183,107,112,0,7,1,0,0,1,2,5.9,10,0.0685,0
69,0,174.9,77.6,25.4,147,92,247,88,157,0,4,0,0,0,1,0,7.8,6,0.4839,1
18,1,160.6,65.7,25.5,169,93,156,94,166,0,5,0,1,1,1,3,8.1,8,0.0377,0
72,0,195.5,74.1,19.4,137,105,245,58,235,0,6,0,0,0,1,3,6.9,2,0.1219,0
39,1,151.7,89.5,38.9,96,76,189,54,109,0,1,0,0,0,0,3,7.5,8,0.0154,0
57,0,177.3,66.1,21.0,129,66,254,53,219,1,0,0,0,0,1,2,7.5,10,0.362,1
18,1,163.8,75.7,28.2,148,108,223,81,88,0,7,0,1,0,0,2,7.0,4,0.0028,0
82,0,174.8,70.1,22.9,125,74,271,54,89,2,5,0,0,0,1,3,7.0,7,0.1689,0
80,0,174.9,78.0,25.5,133,76,233,105,188,0,4,0,1,0,0,2,7.4,10,0.296,0
71,1,162.8,78.3,29.5,120,68,315,105,142,0,0,0,1,0,0,1,7.2,8,0.5094,1
59,0,184.7,61.8,18.1,131,72,174,109,240,0,4,0,0,0,0,3,6.5,3,0.0223,0
38,1,170.1,74.9,25.9,133,91,240,101,151,0,7,1,1,0,0,2,6.3,8,0.0303,0
39,1,168.2,92.0,32.5,132,61,242,93,174,0,7,0,0,0,0,0,8.9,1,0.0152,0
55,0,145.7,89.3,42.1,132,91,122,57,123,1,6,0,0,0,0,2,6.5,9,0.0425,0
25,0,179.0,77.5,24.2,136,106,211,62,151,0,2,1,1,0,0,0,5.5,2,0.0748,0
79,1,147.4,64.3,29.6,95,75,270,53,109,2,1,0,0,0,1,2,8.4,2,0.1744,0
64,0,182.5,114.4,34.4,155,102,283,101,169,1,0,0,0,0,0,3,6.9,5,0.6859,2
34,1,178.7,96.4,30.2,175,78,304,60,96,0,6,0,0,0,0,2,6.9,8,0.0256,0
34,1,154.7,58.1,24.3,98,78,238,64,210,0,3,0,1,0,1,2,6.9,1,0.0128,0
30,0,173.4,67.4,22.4,100,80,295,105,116,1,4,0,0,0,0,3,8.5,3,0.0081,0
34,0,170.0,89.4,30.9,169,95,260,95,181,1,5,1,0,0,0,3,5.8,8,0.331,1
55,1,176.4,63.0,20.3,166,89,180,67,220,2,0,0,1,0,1,2,8.3,7,0.3331,1
62,0,177.0,94.8,30.3,107,70,271,69,188,1,6,0,0,0,0,2,7.4,6,0.0599,0
23,0,193.3,91.7,24.5,114,75,290,50,128,0,6,1,0,0,0,3,8.1,1,0.0036,0
52,0,180.1,87.8,27.1,163,85,220,50,146,0,4,0,1,0,0,1,6.5,4,0.0665,0
31,0,178.4,75.4,23.7,147,89,235,60,195,1,7,0,1,0,1,1,10.0,3,0.041,0
78,0,176.7,68.9,22.1,119,61,152,78,76,0,4,0,1,0,0,2,6.9,10,0.0236,0
32,0,184.2,104.0,30.7,90,70,197,78,119,0,4,0,1,0,0,1,6.9,10,0.0112,0
71,1,146.6,59.6,27.7,152,100,143,73,173,1,0,0,0,0,0,1,5.9,7,0.4261,1
44,0,176.9,72.3,23.1,168,81,269,69,135,0,0,0,1,0,0,2,6.8,8,0.1485,0
30,0,175.3,76.4,24.9,118,90,171,79,200,0,4,1,0,0,0,1,6.0,7,0.0411,0
48,1,171.3,78.5,26.8,155,80,220,87,175,1,3,0,0,0,0,3,9.6,5,0.0613,0
52,1,162.1,55.6,21.2,164,95,235,54,236,0,5,1,0,0,0,2,4.8,9,0.1847,0
77,1,153.6,58.3,24.7,142,99,242,94,76,1,1,0,1,0,0,0,4.2,4,0.4902,1
23,0,176.1,68.8,22.2,108,82,125,59,77,1,6,0,0,0,1,3,6.3,3,0.0009,0
75,1,153.2,79.3,33.8,155,85,266,55,101,0,7,0,0,0,0,2,7.4,8,0.0967,0
66,0,156.7,55.1,22.4,173,77,195,53,88,0,4,0,0,0,0,3,8.6,1,0.0184,0
40,0,183.3,55.3,16.5,141,74,209,53,187,1,3,0,0,0,0,2,7.2,10,0.0224,0
51,0,181.8,51.4,15.5,120,93,276,56,209,0,1,1,1,0,0,0,6.6,2,0.1796,0
43,0,180.7,58.3,17.9,149,81,242,97,126,0,4,1,0,0,0,0,7.0,10,0.128,0
64,1,177.0,98.9,31.6,157,87,183,82,207,2,7,0,0,1,0,3,7.9,5,0.1343,0
22,0,169.3,74.9,26.1,119,99,261,58,160,1,6,0,1,0,0,2,5.6,9,0.0201,0
37,1,149.7,72.4,32.3,102,82,200,75,90,0,1,0,1,0,0,3,8.2,6,0.0116,0
23,1,163.3,79.7,29.9,104,66,277,100,217,0,4,1,1,0,1,3,4.8,7,0.1158,0
76,1,160.5,71.1,27.6,109,89,190,101,190,2,0,0,0,0,0,0,6.7,3,0.3368,1
81,0,167.6,72.7,25.9,123,101,268,96,201,1,4,0,0,0,0,3,6.9,5,0.3437,1
35,1,163.2,87.3,32.8,109,83,184,90,216,0,4,0,1,0,0,1,5.3,4,0.0309,0
21,0,169.9,77.1,26.7,139,94,232,70,98,1,4,0,1,0,1,2,7.0,5,0.0239,0
34,0,157.6,89.8,36.1,178,72,221,109,140,0,4,0,0,0,0,2,6.5,4,0.0542,0
31,1,159.6,79.1,31.1,116,96,123,101,133,0,3,1,1,0,1,0,7.3,6,0.0816,0
30,0,164.6,63.1,23.3,119,72,293,109,208,0,2,0,0,0,0,1,7.3,4,0.0472,0
24,0,178.3,71.7,22.5,145,90,255,71,102,0,3,0,0,0,0,2,7.4,6,0.0091,0
61,1,157.4,57.8,23.3,173,78,265,82,94,1,3,1,0,0,0,3,6.4,8,0.2474,0
32,0,187.1,101.8,29.1,154,88,179,107,230,0,0,0,0,0,0,1,7.2,9,0.2004,0
36,1,180.0,73.9,22.8,144,81,164,82,95,1,4,1,0,0,0,2,8.5,6,0.0118,0
80,0,182.8,69.4,20.8,113,93,191,97,105,0,3,0,0,0,1,2,8.0,7,0.1232,0
52,0,160.5,75.0,29.1,114,80,214,54,80,0,1,0,0,1,0,3,7.4,2,0.0274,0
52,0,191.1,84.1,23.0,142,75,150,70,99,0,4,0,1,0,0,2,5.8,4,0.0109,0
36,0,191.8,90.3,24.6,165,89,275,76,126,0,0,0,0,0,0,3,4.0,4,0.1004,0
37,0,176.2,106.4,34.3,100,64,239,90,166,0,5,0,0,0,1,3,4.6,9,0.0636,0
52,1,177.2,92.3,29.4,149,100,183,50,207,0,7,0,1,0,0,3,7.8,6,0.0241,0
49,0,170.5,75.6,26.0,166,100,284,100,94,1,5,0,0,0,0,1,6.0,8,0.1922,0
65,1,145.3,41.5,19.7,136,65,186,65,165,1,0,1,0,0,0,2,5.5,10,0.242,0
61,0,168.4,66.7,23.5,114,80,228,84,126,1,6,0,1,0,0,2,6.2,7,0.029,0
41,0,193.3,97.3,26.0,114,94,187,85,192,1,1,0,0,0,1,3,6.8,2,0.0678,0
78,1,149.1,47.0,21.1,106,86,154,93,103,1,5,0,0,0,0,2,7.1,5,0.0141,0
34,1,164.0,104.1,38.7,101,70,217,81,155,0,0,1,0,0,0,2,6.1,9,0.0892,0
67,0,176.3,78.4,25.2,141,83,155,78,123,2,5,0,1,0,0,3,8.1,10,0.0633,0
82,1,158.9,70.2,27.8,100,80,304,88,120,0,4,0,1,0,0,1,6.7,10,0.2717,0
49,1,159.6,59.8,23.5,99,74,317,96,75,1,2,0,0,0,0,2,6.7,6,0.0287,0
53,0,176.7,85.8,27.5,170,98,251,72,123,1,2,1,0,0,0,1,5.9,9,0.6507,2
30,1,158.4,51.8,20.7,149,105,168,64,86,0,3,1,0,0,1,1,9.3,9,0.0455,0
75,0,161.8,103.4,39.5,143,99,286,75,223,2,0,0,0,0,1,1,6.8,2,0.9369,2
31,1,166.2,92.8,33.6,169,106,137,86,157,0,6,1,0,0,1,0,7.7,3,0.1059,0
54,1,174.7,92.1,30.2,152,78,179,74,206,0,4,0,1,0,1,0,7.2,10,0.3571,1
57,1,172.7,55.5,18.6,109,89,205,104,71,0,1,0,1,0,0,3,8.5,2,0.0101,0
76,0,167.9,77.0,27.3,94,74,257,51,89,0,1,1,1,0,0,3,6.0,5,0.1866,0
33,0,163.5,89.9,33.6,130,62,232,61,160,1,4,0,1,0,1,3,7.6,8,0.0795,0
79,1,161.2,79.5,30.6,152,62,142,68,75,0,4,0,0,0,0,2,6.6,6,0.0293,0
21,0,191.7,70.8,19.3,145,98,187,108,188,2,1,0,1,0,0,2,7.2,8,0.0368,0
62,0,182.5,71.5,21.5,121,87,178,81,148,1,0,1,1,0,1,2,6.6,1,0.2221,0
45,1,171.0,68.7,23.5,116,90,209,72,124,0,5,0,0,0,1,3,9.3,9,0.0187,0
83,0,184.9,73.4,21.5,157,101,126,54,117,0,3,0,0,1,0,1,6.9,7,0.1913,0
48,0,180.2,103.0,31.7,137,108,132,104,127,0,3,0,0,0,0,2,5.1,4,0.0397,0
20,0,177.2,49.8,15.9,96,76,250,74,239,2,3,0,1,0,0,2,6.8,8,0.009,0
25,0,182.6,91.2,27.3,135,67,287,106,218,1,4,0,1,0,0,3,7.2,7,0.061,0
41,1,158.5,49.9,19.8,167,76,130,84,75,0,1,1,1,0,1,2,7.2,5,0.0398,0
32,1,149.9,50.5,22.5,177,94,170,105,99,0,6,0,1,0,0,3,5.5,5,0.009,0
60,0,183.2,51.5,15.3,107,87,270,78,220,0,6,0,0,0,0,0,5.6,1,0.0408,0
48,1,176.4,70.0,22.5,127,86,151,87,105,0,1,1,1,0,1,2,9.2,9,0.0902,0
62,1,152.8,89.1,38.1,154,99,288,94,179,1,1,0,1,0,0,3,6.7,6,0.6788,2
83,1,172.2,80.1,27.0,106,86,161,69,190,1,5,0,0,0,0,3,6.9,2,0.0336,0
25,0,192.8,68.4,18.4,179,92,285,96,72,0,1,0,1,0,0,3,9.5,8,0.0469,0
74,1,164.0,87.2,32.4,175,109,314,85,159,2,1,1,0,0,1,2,8.0,9,0.9655,2
47,0,167.8,92.4,32.8,171,70,319,101,231,0,2,0,1,1,1,1,7.0,4,0.856,2
35,1,165.2,74.2,27.2,127,80,221,56,99,0,7,0,0,0,0,2,7.3,7,0.0025,0
56,1,158.5,99.8,39.7,174,65,240,71,184,1,5,0,1,0,0,3,9.4,7,0.2524,0
77,0,169.8,87.2,30.2,152,107,197,67,239,0,4,0,0,0,1,3,6.2,7,0.554,1
60,1,168.3,84.4,29.8,131,80,191,102,218,0,7,0,0,0,0,3,8.0,3,0.0218,0
62,0,160.0,57.9,22.6,97,77,225,70,187,0,6,0,0,1,0,1,7.8,7,0.0475,0
40,1,149.6,74.2,33.2,119,76,238,71,157,0,5,0,0,0,0,3,7.1,5,0.0119,0
23,0,176.2,81.3,26.2,153,77,289,88,73,0,4,0,0,1,0,1,6.3,7,0.0417,0
73,1,163.8,79.7,29.7,98,70,290,61,246,1,2,0,0,0,0,2,7.5,4,0.1986,0
21,0,179.4,69.4,21.6,146,105,152,60,245,0,7,0,1,0,1,1,7.0,8,0.0213,0
40,0,194.8,89.3,23.5,148,103,198,105,120,0,3,0,0,0,0,3,7.9,4,0.0202,0
23,0,177.0,66.3,21.1,156,84,284,61,93,0,0,0,0,0,1,3,5.0,5,0.0645,0
49,0,182.0,48.8,14.7,164,89,197,75,115,0,5,0,1,0,1,0,10.0,10,0.1037,0
35,0,166.2,88.1,31.9,94,74,238,79,185,0,4,0,1,0,0,3,7.7,7,0.0178,0
32,1,171.7,53.3,18.1,173,66,176,64,96,2,4,0,0,0,1,1,7.6,2,0.0101,0
57,0,170.7,77.0,26.4,93,73,311,57,164,1,2,0,0,0,0,2,9.5,7,0.0878,0
23,0,176.7,83.4,26.7,97,77,311,92,180,0,4,0,0,0,0,3,6.3,7,0.0134,0
80,0,174.9,82.4,26.9,131,105,307,102,248,1,4,0,0,0,0,2,6.2,6,0.6347,1
84,1,174.3,72.9,24.0,124,86,171,67,168,0,3,0,0,1,0,1,6.6,2,0.1206,0
28,1,150.9,69.5,30.5,102,82,191,59,185,0,2,0,1,0,0,3,9.6,8,0.0106,0
60,1,141.2,67.6,33.9,94,72,187,57,89,1,5,0,0,0,0,2,6.9,6,0.01,0
34,1,161.9,82.0,31.3,129,83,219,87,149,1,7,0,0,1,0,3,10.0,1,0.0106,0
21,0,180.7,106.3,32.6,108,71,201,84,164,0,4,0,0,0,0,3,6.4,3,0.0037,0
80,0,177.5,82.3,26.1,171,73,274,69,215,0,1,0,0,0,1,3,4.0,4,0.7847,2
58,0,188.3,85.1,24.0,93,68,178,61,205,0,2,0,1,0,1,2,5.0,10,0.1131,0
22,1,168.4,60.6,21.4,148,90,138,98,224,0,3,0,1,0,0,3,7.7,10,0.0125,0
49,1,158.4,75.7,30.2,107,63,122,52,83,0,5,0,1,0,1,3,7.8,8,0.0059,0
52,0,152.7,76.4,32.7,113,78,158,69,215,1,0,0,0,0,0,2,7.4,7,0.108,0
39,0,173.6,73.9,24.5,120,60,185,99,134,0,4,1,1,0,0,3,5.8,6,0.0231,0
82,0,186.3,91.3,26.3,147,88,192,61,228,0,1,1,1,0,0,3,5.6,10,0.7648,2
39,0,172.1,71.7,24.2,117,97,303,103,89,0,7,0,0,0,1,3,5.3,6,0.0367,0
28,1,164.3,82.2,30.5,98,65,253,73,139,1,1,0,1,0,1,0,6.6,10,0.1423,0
20,0,180.2,93.8,28.9,134,60,147,65,114,0,0,0,0,1,0,0,7.4,9,0.0327,0
26,1,153.8,80.4,34.0,179,84,295,109,70,0,2,0,1,0,0,3,8.5,5,0.0736,0
77,0,182.2,82.9,25.0,138,86,217,103,216,0,3,1,0,0,0,1,8.1,3,0.4365,1
31,1,180.4,64.6,19.9,91,71,212,59,108,1,4,0,0,0,1,0,7.2,1,0.0046,0
35,1,162.3,62.0,23.5,95,75,295,68,188,0,4,0,0,0,1,1,10.0,2,0.0207,0
40,1,152.7,75.3,32.3,118,88,314,90,224,0,5,1,1,0,0,3,7.1,7,0.1672,0
64,1,163.3,108.4,40.6,115,62,301,63,125,0,4,0,0,0,0,2,4.3,2,0.0887,0
64,1,141.8,55.8,27.8,117,76,245,101,213,0,7,0,0,0,0,3,5.4,9,0.0762,0
47,1,167.4,80.5,28.7,96,61,135,63,76,0,1,0,1,0,1,3,7.1,1,0.0052,0
42,1,168.5,65.9,23.2,123,91,154,71,89,0,2,0,1,0,1,2,5.4,4,0.0169,0
45,1,180.8,65.8,20.1,145,81,194,53,228,0,0,0,0,0,1,0,8.6,8,0.2209,0
42,1,162.1,60.9,23.2,99,79,226,96,153,1,7,1,0,1,0,2,7.3,8,0.0262,0
75,1,168.1,42.8,15.2,146,92,206,101,148,0,7,1,1,0,0,3,8.6,4,0.0455,0
58,1,155.4,88.0,36.4,136,81,277,108,222,1,2,0,1,0,1,2,7.3,4,0.638,1
42,1,160.4,36.8,14.3,175,106,295,83,179,0,3,1,1,0,1,2,4.1,4,0.3284,1
65,0,160.7,66.4,25.7,116,63,188,107,70,2,3,0,1,0,0,3,8.8,1,0.0191,0
27,0,174.1,59.4,19.6,128,97,235,67,214,2,6,0,0,0,1,1,6.9,3,0.025,0
28,0,172.9,63.2,21.1,111,72,127,83,149,1,0,0,1,0,1,3,7.0,3,0.0116,0
38,0,179.0,100.1,31.3,108,82,226,67,96,2,7,0,0,0,1,1,7.6,5,0.0208,0
62,1,157.8,71.9,28.9,98,72,226,89,188,0,1,0,0,0,1,2,6.8,8,0.1715,0
24,0,176.8,63.9,20.4,108,79,233,80,192,1,7,0,0,0,0,1,7.7,5,0.0045,0
81,1,160.7,61.5,23.8,91,71,298,91,93,0,5,0,1,0,1,1,7.3,4,0.1208,0
81,1,160.7,58.9,22.8,150,93,129,69,121,1,7,0,0,0,0,2,6.9,7,0.027,0
19,0,176.8,77.7,24.9,148,97,147,85,120,0,0,0,1,0,0,0,5.3,1,0.0233,0
59,1,164.4,74.8,27.7,175,88,283,91,126,0,7,0,0,0,0,3,7.1,6,0.0699,0
71,1,171.6,104.2,35.4,159,91,179,59,124,2,5,0,1,0,0,2,6.9,9,0.1734,0
33,0,174.8,48.7,15.9,160,70,129,108,122,0,3,0,0,0,0,3,7.8,2,0.0025,0
35,1,160.5,69.7,27.1,159,77,261,52,158,1,1,1,1,0,0,1,8.0,9,0.2859,0
76,1,162.2,66.4,25.2,122,102,221,70,88,1,2,0,1,0,0,1,6.8,7,0.1903,0
33,0,168.9,88.6,31.1,167,80,182,85,178,0,7,0,0,0,0,3,6.6,7,0.0158,0
23,0,172.4,81.5,27.4,154,71,294,104,210,0,3,0,1,0,0,3,8.5,4,0.0516,0
74,1,184.3,91.0,26.8,114,94,316,59,98,0,1,0,1,0,1,1,7.9,10,0.5811,1
64,0,166.9,78.6,28.2,159,79,175,56,203,2,1,0,0,0,0,3,6.2,5,0.185,0
65,0,173.2,62.6,20.9,117,66,253,71,189,2,4,1,0,0,1,0,5.1,6,0.5329,1
59,0,172.1,94.2,31.8,107,86,266,72,198,1,2,0,1,0,0,1,9.2,6,0.314,1
77,1,161.5,82.7,31.7,152,66,299,61,221,1,1,0,0,0,0,3,8.0,8,0.6468,1
21,1,160.7,84.1,32.6,138,61,309,88,143,0,0,1,0,0,0,2,8.1,10,0.1363,0
19,1,166.8,92.4,33.2,155,102,247,62,168,0,5,0,1,0,1,1,5.7,5,0.0936,0
76,0,158.9,75.7,30.0,129,92,296,89,75,0,6,1,0,0,0,2,8.0,10,0.293,0
44,1,174.4,99.4,32.7,174,80,197,108,245,0,2,1,1,0,0,2,5.8,4,0.4002,1
44,0,182.3,86.8,26.1,176,88,258,62,217,0,2,0,0,0,1,3,8.3,8,0.3625,1
24,0,163.6,68.5,25.6,155,91,165,82,145,0,6,1,0,0,0,0,6.9,10,0.0374,0
80,0,153.3,66.6,28.3,169,104,188,80,136,1,3,0,1,0,0,3,5.4,8,0.5482,1
63,0,166.2,72.8,26.3,93,71,164,97,87,0,2,0,1,0,0,0,7.2,3,0.0281,0
80,1,161.6,63.0,24.1,123,72,214,100,90,0,2,0,0,0,0,2,7.6,2,0.0384,0
29,1,189.8,109.4,30.4,94,74,227,77,234,0,4,0,0,0,0,3,7.7,1,0.0045,0
30,0,181.4,85.2,25.9,111,91,177,68,88,1,2,0,0,0,1,2,7.1,1,0.0085,0
60,1,145.9,64.4,30.2,109,89,279,70,125,0,5,1,1,0,0,3,4.6,4,0.0966,0
34,1,157.1,74.4,30.1,136,99,234,81,87,0,5,0,0,1,0,3,8.8,10,0.0299,0
80,1,163.5,116.4,43.6,166,62,129,75,227,1,5,0,0,1,0,2,7.7,2,0.3525,1
53,0,178.5,62.3,19.5,123,98,260,62,175,0,7,0,1,0,0,1,7.1,3,0.0195,0
25,1,150.9,52.8,23.2,133,67,230,78,239,0,1,0,1,0,1,0,8.5,3,0.0818,0
53,0,174.7,56.6,18.6,95,75,132,56,122,1,6,0,1,0,1,3,5.4,7,0.0087,0
45,1,156.8,64.9,26.4,145,105,155,96,155,0,7,0,0,0,1,1,6.6,6,0.0345,0
64,0,165.0,76.2,28.0,118,61,205,75,119,0,6,0,0,0,0,1,8.2,5,0.0194,0
47,1,166.6,66.3,23.9,142,65,247,55,196,0,0,1,0,0,1,0,9.6,9,0.5136,1
40,0,183.7,73.8,21.9,90,70,241,81,73,0,6,0,1,0,0,0,6.5,4,0.004,0
33,0,184.4,84.3,24.8,148,100,266,85,132,0,5,1,0,1,0,1,4.9,10,0.2729,0
31,1,169.7,67.3,23.4,137,74,237,103,182,0,4,0,0,0,0,3,7.9,3,0.0081,0
69,1,159.0,74.2,29.3,96,76,254,72,125,2,4,0,0,0,0,3,8.7,7,0.0505,0
54,1,171.1,92.3,31.5,175,71,134,101,246,0,4,0,1,0,1,3,4.9,7,0.3002,1
46,1,167.1,83.7,30.0,121,100,200,60,219,0,4,0,1,0,1,3,6.8,2,0.0484,0
84,0,177.3,91.9,29.2,167,107,165,105,209,0,3,1,1,0,1,1,8.3,9,0.9305,2
32,0,169.9,91.2,31.6,150,91,167,70,246,2,6,0,0,1,0,3,8.8,8,0.0693,0
64,0,171.0,79.8,27.3,146,65,185,68,82,1,4,0,1,0,0,1,5.1,1,0.0518,0
63,0,176.7,76.0,24.3,140,86,123,83,174,0,7,0,0,0,1,1,6.7,2,0.0304,0
69,1,188.4,72.6,20.5,177,106,122,98,102,0,3,1,0,0,0,1,6.4,2,0.0939,0
36,1,167.0,67.6,24.2,108,72,122,96,244,0,3,0,1,0,0,2,5.8,8,0.0125,0
38,1,157.9,61.1,24.5,116,82,188,101,133,0,2,0,0,0,0,1,7.2,3,0.0103,0
81,1,155.7,78.8,32.5,152,69,212,99,152,0,0,0,0,0,0,3,7.4,7,0.4019,1
54,1,159.1,74.7,29.5,149,73,147,93,174,0,2,0,1,0,1,2,9.2,10,0.1736,0
44,0,197.8,99.3,25.4,150,62,142,84,214,0,7,0,0,0,0,2,4.1,6,0.0111,0
72,0,172.0,58.6,19.8,150,71,149,98,103,0,3,1,0,0,0,3,7.6,2,0.0408,0
46,1,173.1,98.0,32.7,176,84,181,80,137,0,2,1,1,0,0,3,6.0,9,0.2131,0
37,0,172.2,69.7,23.5,134,60,206,95,108,0,7,1,0,0,0,3,5.6,9,0.0137,0
42,0,178.6,62.8,19.7,110,90,170,78,198,0,7,1,0,0,0,2,6.7,7,0.0081,0
80,0,183.9,75.4,22.3,133,83,160,55,202,2,1,1,1,0,0,3,7.3,4,0.2877,0
53,1,158.3,106.4,42.5,90,70,183,85,109,1,7,1,0,0,1,2,6.3,1,0.0332,0
19,0,169.6,69.0,24.0,133,101,162,102,132,2,6,1,0,0,1,2,6.7,8,0.0244,0
39,1,180.6,75.4,23.1,151,68,210,80,198,0,4,1,0,1,0,1,7.0,9,0.1317,0
33,1,173.8,74.0,24.5,150,109,177,81,232,0,4,0,0,0,1,1,7.5,8,0.0954,0
35,0,183.9,79.7,23.6,168,60,178,89,214,1,6,0,1,0,1,1,8.4,2,0.0487,0
71,1,171.9,64.2,21.7,178,101,287,108,163,0,6,0,1,0,0,2,6.8,7,0.2438,0
47,1,168.6,76.4,26.9,168,98,293,69,168,0,3,0,0,1,0,2,7.1,10,0.3006,1
62,1,184.2,98.2,29.0,172,69,181,71,129,0,2,0,0,0,1,2,7.0,1,0.089,0
36,1,164.4,76.9,28.5,139,103,296,52,198,0,6,0,0,0,0,1,9.1,5,0.0382,0
51,0,181.8,64.2,19.4,164,102,235,57,201,1,7,0,0,0,0,2,7.6,8,0.0503,0
30,1,149.5,59.6,26.7,130,100,230,94,206,1,1,0,1,0,1,2,7.5,9,0.2077,0
60,0,167.8,65.6,23.3,122,89,142,68,114,2,1,0,0,0,0,3,7.0,10,0.048,0
79,1,152.0,66.8,28.9,176,64,291,80,229,2,7,1,1,1,1,2,7.0,3,0.8327,2
39,1,176.7,98.3,31.5,101,63,291,81,138,0,5,0,0,0,1,2,4.7,8,0.0464,0
69,1,138.5,57.0,29.7,91,71,138,64,83,0,1,0,1,1,1,1,6.5,3,0.0771,0
69,0,172.0,74.7,25.2,110,67,291,104,248,0,3,1,0,0,0,1,7.6,8,0.5321,1
53,0,146.1,89.7,42.0,103,75,130,88,220,0,5,0,1,0,1,2,7.0,5,0.0831,0
36,0,167.7,87.0,30.9,123,60,179,80,243,0,2,0,1,0,0,0,6.8,7,0.0846,0
55,0,171.1,84.2,28.7,168,108,285,52,224,0,1,0,0,0,1,1,8.7,6,0.745,2
74,0,189.8,114.3,31.7,174,74,122,100,158,0,1,1,1,0,0,2,7.5,5,0.4185,1
37,0,180.0,87.3,27.0,153,83,263,107,105,1,2,0,1,1,0,1,5.6,2,0.2319,0
26,0,167.7,44.0,15.7,112,74,128,81,101,0,2,0,0,0,0,3,5.1,9,0.002,0
49,1,174.7,89.8,29.4,174,109,160,59,142,0,4,1,0,0,0,1,8.1,7,0.1297,0
21,0,176.2,54.2,17.5,139,65,157,77,239,0,7,1,0,0,0,3,5.9,7,0.0052,0
67,1,164.4,79.0,29.2,103,61,188,76,119,1,0,0,0,0,0,3,7.3,5,0.0459,0
22,1,152.0,40.3,17.4,174,64,312,97,126,1,0,1,0,0,0,2,8.0,3,0.0632,0
37,1,154.1,60.0,25.3,165,98,154,95,186,0,1,0,0,0,0,2,7.3,9,0.0552,0
54,1,155.7,62.4,25.7,135,100,246,89,243,2,2,0,1,0,0,2,8.9,10,0.3235,1
39,0,176.5,66.7,21.4,94,74,282,92,180,0,4,0,1,1,0,1,6.8,8,0.0575,0
75,1,164.8,67.2,24.7,155,98,167,80,158,1,3,0,0,0,0,0,7.4,6,0.2714,0
61,0,191.4,101.2,27.6,111,91,226,100,173,0,0,0,0,0,1,3,6.5,2,0.204,0
51,0,179.9,69.2,21.4,159,88,127,83,123,0,5,1,1,0,0,3,6.7,7,0.0278,0
59,1,136.9,66.6,35.5,91,71,146,54,122,0,0,0,0,0,0,2,8.0,5,0.0174,0
26,0,178.6,64.8,20.3,118,83,128,60,226,0,2,0,1,1,0,3,8.1,8,0.012,0
24,1,149.5,61.9,27.7,150,105,277,56,234,2,6,0,0,0,0,2,5.1,6,0.0441,0
36,0,166.3,78.0,28.2,160,90,133,57,138,1,3,0,1,0,0,2,6.1,10,0.0346,0
48,0,167.9,59.0,20.9,105,83,270,66,83,0,0,0,0,0,0,3,7.3,9,0.0303,0
52,0,169.4,55.0,19.2,153,74,148,93,224,0,6,1,1,0,0,3,7.7,8,0.0464,0
74,0,162.2,78.5,29.8,103,71,145,99,74,0,4,1,0,0,0,3,5.5,7,0.0625,0
78,0,178.0,95.9,30.2,132,79,262,88,187,0,0,1,0,0,0,3,6.3,1,0.5176,1
48,0,161.9,69.8,26.6,165,63,234,90,241,2,2,0,0,0,0,1,7.6,10,0.3899,1
70,0,179.6,72.9,22.6,132,72,192,100,212,0,2,1,0,0,0,1,7.9,9,0.3859,1
49,1,186.4,85.5,24.6,159,100,200,63,136,0,5,0,0,0,0,1,7.5,8,0.0369,0
83,0,162.7,72.2,27.3,144,103,186,73,70,2,5,0,0,0,1,3,6.8,1,0.1286,0
76,1,161.2,74.2,28.6,165,69,263,79,221,0,7,0,0,0,0,2,5.8,1,0.1289,0
27,0,150.8,27.5,12.1,120,100,260,107,178,0,7,1,1,0,1,2,6.6,3,0.0152,0
19,1,161.0,54.5,21.0,165,82,209,100,131,0,3,0,0,0,1,1,8.2,3,0.0183,0
83,0,182.4,68.5,20.6,163,66,215,101,147,0,0,0,1,1,1,3,8.1,2,0.6067,1
77,0,183.2,83.9,25.0,129,71,271,99,126,0,3,1,0,0,0,3,6.0,8,0.4066,1
34,0,176.8,81.2,26.0,116,96,237,106,89,0,6,0,0,0,0,1,8.9,5,0.0089,0
33,0,184.9,92.0,26.9,141,74,181,64,83,1,7,0,1,0,0,1,6.1,1,0.0034,0
33,1,189.5,88.6,24.7,96,66,304,102,104,1,0,0,0,0,1,2,7.2,1,0.031,0
63,0,193.1,67.1,18.0,135,67,155,102,216,1,1,1,1,0,0,1,5.7,2,0.2481,0
56,1,158.8,91.1,36.1,122,66,307,53,153,2,0,0,1,0,0,2,9.0,7,0.288,0
48,0,161.5,89.8,34.4,97,77,243,62,111,0,2,0,0,0,0,3,8.0,9,0.0384,0
18,0,171.9,57.1,19.3,94,63,141,54,241,0,7,1,0,0,0,3,7.2,9,0.0012,0
28,1,154.5,72.3,30.3,150,109,224,80,167,1,7,1,1,0,1,1,6.5,9,0.2094,0
21,0,180.5,71.3,21.9,161,66,233,61,70,0,2,0,1,0,0,1,9.6,10,0.0166,0
43,1,152.2,68.2,29.4,149,104,229,79,137,0,7,0,0,0,0,2,7.6,6,0.0163,0
67,0,175.3,93.4,30.4,174,100,122,98,173,0,1,0,0,0,0,1,9.4,5,0.3116,1
29,1,172.4,108.1,36.4,113,89,283,59,147,1,0,0,1,0,0,0,7.2,10,0.2616,0
82,0,175.0,88.8,29.0,96,76,216,79,243,0,0,1,0,0,0,1,7.2,10,0.7074,2
64,1,154.5,71.7,30.0,150,89,155,75,120,0,2,1,0,0,0,2,8.0,8,0.1378,0
70,1,175.7,72.8,23.6,172,66,129,93,101,0,1,1,1,0,1,2,7.2,6,0.2541,0
19,0,157.2,71.3,28.9,125,105,219,55,169,1,2,0,1,0,1,3,7.3,8,0.0689,0
41,0,172.7,96.8,32.4,116,82,140,76,216,0,6,0,0,0,0,1,7.5,1,0.0083,0
21,0,175.6,77.1,25.0,118,96,296,69,108,0,1,0,0,0,1,3,8.0,4,0.0295,0
36,1,164.2,58.8,21.8,176,66,223,77,211,1,2,0,1,0,0,0,6.1,10,0.2064,0
43,0,177.8,54.6,17.3,109,89,234,69,226,1,4,1,0,0,0,2,7.0,5,0.0354,0
57,0,182.1,88.7,26.8,159,88,256,61,111,0,7,0,0,0,0,3,6.4,4,0.0239,0
67,0,175.6,81.5,26.4,165,93,231,94,83,0,0,0,1,0,0,1,7.8,6,0.3783,1
60,0,172.3,66.5,22.4,165,98,239,70,185,0,3,0,0,1,0,3,7.0,7,0.2556,0
84,1,159.9,85.4,33.4,92,72,198,79,208,2,7,0,1,0,0,3,6.3,8,0.0948,0
29,1,157.9,62.6,25.1,128,104,299,98,144,0,4,0,1,0,0,0,8.7,8,0.0739,0
84,0,183.9,79.9,23.6,172,108,215,101,116,0,2,1,1,0,0,2,8.4,5,0.5864,1
44,1,157.5,68.5,27.6,134,108,295,59,173,0,1,0,1,0,0,0,8.4,8,0.3,1
71,1,172.5,71.0,23.9,157,106,307,100,93,1,3,0,0,1,0,1,8.6,3,0.4807,1
83,0,176.2,81.6,26.3,120,77,227,54,219,1,1,0,1,0,0,1,7.7,3,0.3991,1
66,0,170.8,92.7,31.8,127,106,238,107,246,0,5,0,1,0,0,3,7.8,1,0.1779,0
33,1,170.2,58.0,20.0,95,75,297,86,124,0,7,0,1,0,1,1,6.8,10,0.0156,0
19,1,156.7,75.7,30.8,97,77,286,57,139,2,1,0,1,0,1,1,8.6,1,0.0333,0
77,1,170.4,77.8,26.8,117,86,263,79,147,1,5,0,1,0,0,1,7.2,1,0.109,0
71,0,178.1,81.4,25.6,104,84,147,66,142,2,6,0,0,0,0,1,6.3,10,0.0398,0
47,0,170.0,88.1,30.5,97,71,125,52,232,1,5,1,0,0,0,1,7.5,3,0.0227,0
55,0,181.3,81.4,24.8,143,82,180,70,113,0,0,0,0,1,1,3,6.6,8,0.2306,0
45,1,169.5,81.9,28.5,95,75,125,65,233,0,7,0,0,0,0,3,8.1,9,0.0035,0
42,1,175.6,88.5,28.7,118,98,241,81,158,1,2,0,0,0,0,2,7.9,3,0.0349,0
27,1,173.7,69.3,23.0,123,66,313,76,84,0,0,0,0,0,1,3,8.1,8,0.038,0
77,0,180.9,84.9,26.0,96,76,224,100,114,0,5,0,1,0,0,3,5.3,10,0.091,0
59,0,164.7,68.6,25.3,129,66,287,55,191,0,1,0,0,0,0,2,4.9,1,0.0971,0
57,0,200.5,88.3,22.0,163,88,318,91,131,2,0,0,0,0,1,2,7.3,3,0.4986,1
59,0,162.0,66.2,25.2,102,82,181,65,161,0,4,0,1,0,1,3,7.3,1,0.0222,0
64,0,185.5,89.8,26.1,151,82,147,94,247,0,6,0,0,1,0,3,8.6,10,0.159,0
54,0,180.3,81.4,25.0,175,69,199,52,82,1,5,0,0,0,1,1,6.3,9,0.1238,0
39,0,164.3,78.0,28.9,174,75,294,103,174,2,1,0,0,0,0,3,5.9,3,0.2997,0
74,1,162.8,71.1,26.8,154,102,128,89,228,2,1,1,0,0,0,3,6.1,10,0.5773,1
44,1,163.2,47.5,17.8,130,107,299,69,74,0,4,1,1,0,0,3,5.7,10,0.0701,0
58,0,189.1,85.0,23.8,131,93,134,89,152,0,1,1,1,0,0,3,6.4,5,0.085,0
51,0,168.9,75.4,26.4,155,84,281,56,205,0,3,1,1,0,0,3,5.6,10,0.4738,1
49,0,173.4,80.3,26.7,100,61,139,108,210,2,3,0,1,0,0,2,7.1,10,0.036,0
83,1,140.6,51.4,26.0,139,109,179,60,238,0,2,0,0,0,1,3,7.0,7,0.4721,1
29,1,181.3,62.7,19.1,160,64,305,78,86,1,2,0,1,0,0,1,6.2,9,0.0495,0
57,1,153.3,76.0,32.3,124,73,194,101,101,0,0,0,1,0,0,3,5.8,7,0.1111,0
27,1,167.3,69.5,24.9,169,90,213,52,74,0,7,0,1,0,0,3,5.7,1,0.0024,0
65,0,175.0,80.1,26.1,168,99,186,70,195,0,0,1,0,0,0,3,4.2,7,0.5883,1
37,0,175.0,73.3,23.9,109,65,121,102,206,1,6,0,0,0,0,3,6.2,7,0.0043,0
56,0,184.1,82.0,24.2,117,87,297,81,176,2,4,0,0,1,0,2,6.4,2,0.1108,0
77,0,192.7,79.6,21.4,126,68,261,79,231,1,4,0,0,0,0,2,4.6,7,0.2695,0
83,1,166.5,58.7,21.2,92,65,303,88,70,0,5,0,1,0,0,3,8.7,2,0.0185,0
82,0,182.6,88.4,26.5,148,76,316,60,237,1,6,1,0,0,1,3,8.1,1,0.6699,2
68,0,179.3,70.6,22.0,162,99,163,66,195,1,1,0,0,0,1,3,6.8,9,0.468,1
53,0,186.2,85.5,24.7,116,94,293,74,101,0,2,1,1,0,0,1,4.5,10,0.3641,1
41,1,159.4,75.8,29.9,121,71,253,99,195,2,5,0,0,0,0,2,8.4,10,0.0504,0
44,0,186.8,74.6,21.4,137,104,255,74,168,0,2,1,0,0,0,2,6.5,5,0.0957,0
19,1,175.1,59.5,19.4,135,77,158,58,182,2,2,0,1,0,0,0,5.1,7,0.0167,0
48,0,186.8,119.8,34.3,136,102,212,94,247,1,7,0,1,0,0,3,5.5,10,0.2482,0
74,0,169.4,66.8,23.3,179,93,163,78,80,0,2,1,1,0,1,3,6.4,6,0.4297,1
83,0,174.3,86.5,28.5,129,105,146,64,92,0,0,0,1,0,0,3,5.9,8,0.2667,0
46,1,166.4,102.3,36.9,92,60,135,68,188,0,3,0,0,0,1,2,6.2,10,0.032,0
32,0,162.3,83.0,31.5,164,74,158,64,95,0,5,0,0,0,0,3,4.6,3,0.0068,0
29,1,179.9,75.5,23.3,118,77,248,88,132,0,4,0,0,0,0,3,8.7,4,0.0038,0
45,0,175.9,76.9,24.9,147,81,298,84,243,1,4,0,0,0,1,1,8.2,2,0.3119,1
41,0,178.8,66.9,20.9,139,77,310,105,138,0,2,0,0,1,0,0,6.1,5,0.2015,0
38,1,158.2,82.3,32.9,99,79,152,89,159,0,2,0,0,0,1,3,8.0,10,0.0352,0
27,0,162.7,79.9,30.2,150,60,169,62,203,2,0,1,0,0,0,1,6.4,1,0.0709,0
35,1,158.0,61.3,24.6,150,105,222,65,120,0,7,1,1,0,1,2,7.0,5,0.0317,0
31,1,166.2,57.5,20.8,112,79,301,52,112,2,0,0,0,0,0,2,5.6,8,0.0303,0
51,0,182.7,61.5,18.4,95,75,146,102,239,0,4,1,1,0,0,3,7.6,6,0.0213,0
75,1,165.6,87.6,31.9,164,95,243,80,210,1,2,0,0,0,0,3,8.0,10,0.6748,2
39,0,179.5,81.5,25.3,149,97,205,104,94,0,2,0,1,0,0,3,7.3,9,0.0494,0
53,0,172.6,79.5,26.7,116,84,266,50,199,1,6,1,1,0,0,3,6.4,6,0.0951,0
62,0,181.0,68.1,20.8,144,75,147,84,83,1,5,0,1,0,1,3,4.6,9,0.0747,0
53,1,178.8,57.5,18.0,120,79,270,65,214,2,4,0,0,0,0,3,8.0,6,0.0312,0
39,0,183.0,96.0,28.6,119,97,183,50,174,0,0,0,0,1,0,1,6.8,3,0.0671,0
78,1,172.1,76.7,25.9,156,106,286,99,173,0,5,1,0,0,0,3,6.1,3,0.3858,1
73,1,166.9,87.1,31.2,102,82,168,63,237,2,4,0,1,0,1,2,6.3,1,0.1146,0
50,1,149.0,58.7,26.4,148,66,306,56,108,0,0,0,0,1,1,3,7.3,10,0.3917,1
62,1,153.6,63.2,26.8,143,82,267,72,222,0,0,0,0,0,0,3,5.5,8,0.3944,1
53,0,180.5,91.0,27.9,110,70,308,84,117,0,7,0,0,0,0,1,7.5,7,0.0319,0
37,0,175.9,88.9,28.7,132,92,230,78,184,0,5,0,0,0,1,3,6.7,5,0.0466,0
35,0,180.4,92.2,28.3,100,80,247,71,118,0,5,1,0,0,0,3,6.1,4,0.0098,0
55,1,180.8,76.0,23.2,156,105,128,65,230,0,0,1,1,0,0,3,6.0,3,0.1352,0
84,1,171.3,84.8,28.9,127,64,142,78,96,0,2,1,1,0,0,3,7.4,3,0.0796,0
40,1,176.6,94.9,30.4,113,93,254,55,114,0,4,0,0,0,0,1,4.0,9,0.0385,0
33,1,164.9,70.9,26.1,140,106,278,67,100,0,0,0,1,0,0,2,6.2,1,0.0267,0
76,1,155.9,60.3,24.8,165,100,179,78,132,1,7,0,0,0,0,3,7.8,4,0.0497,0
38,0,175.4,97.9,31.8,150,67,180,74,181,2,3,0,1,0,0,1,6.9,9,0.1069,0
29,1,156.0,58.2,23.9,135,76,194,94,235,0,6,0,0,0,0,3,8.5,9,0.0086,0
33,1,179.6,89.2,27.7,132,77,273,105,177,1,7,0,1,0,0,1,7.2,10,0.0529,0
31,0,183.9,81.1,24.0,116,96,219,51,237,2,0,0,0,0,0,2,6.2,9,0.0638,0
78,1,169.2,47.0,16.4,174,86,173,93,134,1,0,1,0,0,0,1,6.7,3,0.374,1
63,0,188.4,101.1,28.5,178,90,150,81,80,2,7,0,0,0,0,1,7.2,5,0.0497,0
49,1,143.8,20.5,9.9,119,63,288,85,212,0,7,1,0,0,0,2,6.0,4,0.0085,0
32,1,169.9,45.2,15.7,152,61,147,81,166,1,5,0,0,0,0,3,7.7,10,0.004,0
61,1,150.9,73.4,32.2,99,64,209,90,181,1,0,1,1,0,0,1,9.2,4,0.2881,0
34,0,175.9,85.9,27.7,92,72,125,69,222,0,6,0,0,0,0,1,5.6,4,0.0039,0
58,1,160.9,60.9,23.5,166,98,153,104,236,1,7,1,0,0,1,2,7.7,6,0.2332,0
71,1,170.6,77.5,26.6,149,91,211,86,102,0,7,0,1,1,0,3,6.1,8,0.0856,0
61,0,178.3,41.2,13.0,116,88,227,91,98,0,1,0,0,1,1,1,6.2,3,0.1101,0
22,1,177.5,89.3,28.4,171,75,128,87,80,0,5,0,0,0,0,3,6.5,2,0.0014,0
44,1,158.0,72.7,29.1,134,60,212,82,210,1,3,0,0,0,0,2,6.3,8,0.0498,0
60,1,171.1,74.9,25.6,151,71,217,101,138,1,2,1,1,0,0,3,7.8,9,0.2901,0
48,0,177.6,79.1,25.1,113,78,131,54,90,0,6,1,1,0,1,0,7.1,7,0.031,0
34,0,159.6,77.2,30.3,135,68,135,55,72,0,7,0,1,0,0,0,6.8,4,0.0029,0
71,1,154.8,67.0,27.9,167,107,190,71,223,0,5,0,0,0,0,1,7.4,7,0.2544,0
79,0,174.5,49.1,16.1,133,66,278,70,230,0,4,1,0,0,0,3,7.5,2,0.1494,0
49,0,187.1,116.5,33.3,152,89,280,68,163,2,4,0,1,0,0,3,7.0,3,0.1469,0
57,1,168.6,92.3,32.5,93,73,254,92,91,2,5,0,1,0,0,3,8.2,10,0.0411,0
30,0,164.3,52.9,19.6,105,85,122,64,131,1,4,0,1,0,0,3,7.1,2,0.0011,0
52,1,162.6,66.1,25.0,140,63,267,83,74,2,5,0,0,0,0,0,9.5,8,0.0551,0
22,0,196.2,84.5,22.0,163,65,124,96,216,2,2,0,0,0,1,1,5.9,2,0.0461,0
46,0,177.1,94.7,30.2,137,97,314,56,78,0,0,0,0,0,0,3,5.2,10,0.2396,0
42,0,172.7,44.0,14.7,154,106,157,66,127,0,7,0,0,0,0,3,7.2,7,0.0033,0
39,0,180.9,73.0,22.3,158,94,198,93,93,0,3,0,0,0,1,2,8.1,2,0.0255,0
83,1,171.6,49.4,16.8,166,61,218,93,236,0,4,0,0,0,0,3,6.6,2,0.0891,0
62,1,159.4,65.4,25.7,134,64,303,54,130,1,7,1,0,0,0,1,6.0,10,0.1505,0
18,0,181.0,73.4,22.4,92,67,270,101,196,0,1,0,1,0,0,3,7.0,3,0.0077,0
61,0,172.7,77.6,26.0,106,86,121,88,117,2,1,0,0,0,0,3,6.7,3,0.0196,0
56,0,183.2,72.5,21.6,172,107,219,51,247,0,3,0,0,0,0,2,6.8,6,0.1455,0
71,0,177.7,67.6,21.4,126,78,268,76,131,1,4,0,1,0,0,2,6.1,10,0.1481,0
46,0,180.8,89.7,27.4,94,74,261,94,218,0,0,1,0,0,0,3,6.4,4,0.1266,0
71,1,156.4,75.0,30.7,136,90,309,73,107,0,4,1,0,0,1,2,8.1,9,0.5596,1
33,1,155.8,76.2,31.4,133,75,258,90,187,1,6,1,1,0,1,1,8.5,10,0.2956,0
37,1,173.5,74.1,24.6,177,97,251,96,128,1,0,0,0,0,1,1,6.8,5,0.3586,1
63,0,175.2,69.0,22.5,122,81,166,77,166,2,4,0,1,0,1,0,5.7,8,0.2957,0
84,1,166.9,71.6,25.7,110,90,235,107,240,1,1,1,0,0,1,2,5.8,10,0.9096,2
82,1,160.9,78.0,30.1,156,109,213,96,86,0,2,0,0,0,0,3,5.5,3,0.2713,0
75,1,173.0,43.8,14.7,157,81,219,50,138,0,5,0,1,0,0,3,8.1,9,0.0396,0
70,0,169.9,80.9,28.0,121,67,139,102,241,2,7,0,1,0,0,3,7.2,4,0.0408,0
18,1,162.6,76.0,28.7,113,93,299,101,92,0,3,1,1,0,0,2,6.8,3,0.0164,0
83,1,171.9,76.9,26.0,124,71,135,70,172,1,0,0,0,0,0,3,8.1,9,0.167,0
46,1,175.7,75.6,24.5,107,87,292,106,223,0,2,0,0,0,0,3,7.5,4,0.0551,0
25,0,170.8,36.9,12.7,156,64,255,77,163,0,7,0,0,0,1,3,4.1,6,0.0085,0
46,0,195.6,81.2,21.2,143,84,309,52,245,0,0,0,0,0,0,0,6.1,7,0.3631,1
68,0,179.1,106.4,33.2,115,88,268,79,244,2,6,0,0,0,0,1,6.9,1,0.2018,0
50,0,165.6,73.0,26.6,149,72,183,50,115,2,3,0,0,0,0,2,9.1,1,0.0136,0
20,1,167.7,69.2,24.6,177,85,223,108,98,2,7,0,0,0,0,3,9.0,2,0.004,0
77,0,172.2,76.3,25.8,154,81,277,100,103,0,6,0,0,0,0,2,4.4,10,0.2515,0
52,0,180.3,85.5,26.3,140,88,283,101,79,0,6,0,0,0,1,3,5.5,2,0.0657,0
37,0,175.6,87.7,28.4,149,71,252,94,89,2,2,0,1,1,1,3,7.2,4,0.1873,0
56,0,176.7,74.9,24.0,148,107,157,96,103,0,6,1,0,0,0,3,7.8,1,0.0192,0
21,0,166.9,79.8,28.7,165,105,138,94,170,0,7,0,0,0,1,0,6.2,10,0.0551,0
36,1,173.9,102.1,33.8,106,86,193,67,210,0,2,0,0,0,0,0,7.6,7,0.0542,0
62,1,152.4,81.3,35.0,174,87,274,98,156,0,5,1,1,0,0,3,6.2,6,0.4582,1
60,0,164.9,107.6,39.6,110,68,260,82,207,0,5,1,1,0,0,3,6.3,6,0.2573,0
30,0,179.7,70.0,21.7,156,69,256,64,114,2,3,0,1,1,1,2,5.7,9,0.1738,0
30,0,192.0,111.2,30.1,117,97,136,73,197,2,3,0,1,0,0,1,5.4,4,0.0327,0
77,0,172.5,64.4,21.6,178,101,214,85,158,0,0,0,0,0,0,0,6.4,8,0.6857,2
74,1,171.0,80.8,27.6,133,85,291,109,151,0,7,0,0,0,0,1,8.4,2,0.0957,0
69,1,174.7,88.4,28.9,159,95,164,83,188,1,6,0,1,0,0,2,7.6,8,0.1317,0
70,1,172.1,68.4,23.1,151,99,207,75,161,0,2,0,0,0,0,2,7.3,10,0.1638,0
60,1,160.9,71.8,27.7,131,70,161,100,205,2,3,1,0,1,1,3,6.7,6,0.4056,1
59,0,165.1,86.2,31.6,111,65,170,89,74,0,5,0,1,0,0,3,7.5,8,0.0144,0
43,1,141.9,50.3,25.0,127,63,305,71,89,0,0,0,0,0,1,2,6.4,3,0.0509,0
40,1,161.4,95.7,36.8,103,83,232,65,190,1,7,0,1,0,1,3,6.0,4,0.0348,0
60,1,175.8,57.1,18.5,115,83,305,89,241,1,7,0,0,0,0,3,7.6,6,0.0462,0
45,0,164.8,101.5,37.4,129,64,277,91,127,0,4,0,1,0,0,3,6.3,1,0.0394,0
26,1,171.0,90.5,31.0,143,109,252,65,217,0,5,1,1,0,0,2,5.7,1,0.0551,0
37,1,154.5,65.9,27.6,102,62,127,54,158,0,3,1,1,0,0,2,7.5,8,0.0068,0
73,1,165.1,66.5,24.4,108,66,156,100,169,0,5,1,0,0,0,1,5.4,6,0.079,0
56,0,183.1,73.9,22.1,131,83,166,55,184,0,6,0,1,1,0,3,7.5,4,0.018,0
68,1,157.4,66.7,26.9,130,81,219,91,143,2,5,0,0,0,1,3,7.5,5,0.1162,0
29,1,165.7,72.1,26.3,139,71,208,73,237,0,2,0,0,0,0,1,5.5,7,0.0498,0
72,1,159.8,88.8,34.7,92,72,292,79,85,0,4,0,1,1,0,1,5.5,8,0.3013,1
28,1,171.1,105.1,35.9,120,76,252,86,73,1,3,0,0,0,0,2,8.6,10,0.025,0
43,1,166.4,76.2,27.5,165,62,310,81,79,0,6,0,0,0,1,2,7.7,7,0.0509,0
59,0,176.6,65.6,21.0,104,70,205,102,248,2,1,0,0,0,0,1,7.6,7,0.1567,0
44,1,179.6,71.6,22.2,143,65,294,68,117,1,7,1,1,0,0,3,7.3,7,0.0313,0
28,0,182.6,78.6,23.6,142,102,144,100,89,0,2,0,0,0,0,0,7.9,4,0.0133,0
55,1,157.1,53.1,21.5,134,95,245,94,101,2,6,1,1,0,0,2,7.9,5,0.0467,0
60,0,175.1,59.9,19.5,127,76,297,77,129,0,5,1,0,0,1,3,6.0,10,0.2098,0
36,0,175.2,109.1,35.5,167,81,292,96,80,1,2,1,0,0,0,3,6.8,7,0.3244,1
81,1,164.8,76.9,28.3,169,60,235,57,89,2,0,1,1,1,0,2,6.5,3,0.5983,1
23,1,189.2,72.1,20.1,139,103,239,92,92,2,6,0,0,0,1,3,7.7,5,0.0085,0
63,1,167.7,86.1,30.6,113,62,149,50,196,0,1,0,0,1,0,3,7.2,7,0.0658,0
59,1,143.6,44.1,21.4,106,75,167,53,146,0,3,0,0,0,1,0,8.5,2,0.0235,0
82,1,158.6,52.8,21.0,107,87,298,106,104,0,1,1,1,0,1,1,7.3,7,0.6896,2
76,0,156.7,56.3,22.9,131,73,213,71,214,1,5,1,1,0,1,2,7.0,6,0.4211,1
69,0,172.7,101.2,33.9,106,86,174,71,79,2,3,1,1,1,1,3,8.0,8,0.4689,1
64,0,156.1,64.3,26.4,105,66,302,79,107,0,6,0,0,0,0,3,8.0,7,0.027,0
24,0,167.3,37.0,13.2,174,85,165,107,152,0,0,0,0,0,0,0,8.5,4,0.0251,0
28,1,148.8,82.5,37.3,177,102,150,76,101,1,5,1,1,0,0,2,7.2,5,0.0466,0
78,1,167.8,69.3,24.6,141,107,281,76,123,0,5,1,1,1,0,3,9.5,10,0.5517,1
42,1,164.0,44.3,16.5,125,90,211,62,126,0,4,0,1,0,0,1,8.1,10,0.0123,0
29,0,179.0,74.8,23.3,128,83,193,88,176,0,1,0,1,0,1,3,9.5,6,0.0439,0
43,0,175.0,85.3,27.9,170,78,315,76,94,0,7,1,0,0,0,2,7.1,2,0.0436,0
29,1,150.1,71.1,31.6,114,94,280,88,211,2,2,0,0,0,0,1,9.7,10,0.1603,0
60,1,169.1,101.5,35.5,131,60,175,87,114,2,3,1,1,0,0,2,7.9,6,0.1163,0
68,0,195.2,74.8,19.6,110,84,305,106,241,0,1,0,0,0,1,3,5.8,10,0.6745,2
54,1,168.1,74.7,26.5,157,69,241,57,187,2,3,0,0,0,0,3,5.9,9,0.1554,0
63,1,159.7,59.4,23.3,178,77,176,61,107,0,1,0,0,0,0,3,6.6,8,0.0674,0
70,0,161.7,47.7,18.2,148,101,136,73,194,2,2,0,0,0,0,3,6.6,5,0.0822,0
30,1,154.9,80.7,33.6,119,60,258,67,105,0,3,0,0,0,0,1,7.4,5,0.0124,0
71,0,180.5,87.2,26.8,146,88,318,104,157,1,3,0,0,1,1,3,9.1,10,0.8661,2
74,1,174.7,81.6,26.7,122,72,136,64,193,0,4,1,1,0,1,1,7.4,10,0.3127,1
21,0,178.6,85.7,26.9,179,63,224,109,236,0,0,0,0,0,0,3,5.8,2,0.0826,0
66,0,184.0,71.7,21.2,178,71,257,65,236,2,1,0,1,0,0,2,7.5,10,0.5714,1
24,1,171.1,60.5,20.7,142,107,273,82,82,0,7,1,1,0,1,1,6.5,3,0.0224,0
28,0,181.1,81.1,24.7,105,78,253,59,231,2,2,0,0,0,0,2,6.6,9,0.0325,0
71,1,157.4,86.1,34.8,138,85,200,96,193,0,6,1,0,0,0,2,6.8,7,0.2175,0
62,0,177.7,103.0,32.6,177,103,135,73,84,0,4,0,0,0,0,3,6.6,8,0.0769,0
40,0,167.5,85.7,30.5,94,74,222,94,127,2,4,1,0,0,0,3,5.4,9,0.0629,0
45,0,176.2,78.5,25.3,166,75,209,68,181,0,0,0,0,1,1,3,7.1,3,0.2511,0
74,0,179.3,83.7,26.0,149,103,123,76,128,0,6,1,0,0,0,2,9.1,5,0.0591,0
43,1,180.8,80.6,24.7,160,84,181,94,121,0,2,0,1,0,1,3,8.0,4,0.0517,0
42,0,162.9,56.1,21.1,170,69,311,90,138,0,6,0,1,0,0,3,5.6,4,0.0443,0
71,1,168.8,74.8,26.2,144,96,175,80,172,0,5,1,0,1,0,0,4.0,5,0.4391,1
46,1,178.8,59.4,18.6,124,87,270,70,74,0,7,0,0,0,0,2,7.4,5,0.0028,0
53,1,171.6,73.9,25.1,158,87,152,65,112,1,1,1,1,0,1,3,7.7,4,0.1722,0
31,0,184.3,106.7,31.4,131,84,150,72,77,1,3,0,1,0,0,3,7.7,6,0.0096,0
52,1,169.9,87.3,30.2,158,84,254,63,147,2,7,0,0,0,0,2,7.1,7,0.0468,0
47,0,189.0,70.6,19.8,113,71,252,72,162,1,7,0,1,0,0,1,5.8,8,0.0297,0
34,0,165.1,71.5,26.2,160,67,284,90,132,0,0,0,0,0,0,0,9.0,3,0.1265,0
84,0,162.1,58.6,22.3,160,95,120,67,232,0,3,0,1,0,0,1,6.8,4,0.2267,0
47,0,175.9,77.0,24.9,144,98,317,85,101,0,4,1,1,0,1,1,6.4,1,0.2787,0
62,0,154.4,82.8,34.7,103,83,164,61,166,0,3,0,0,0,0,2,7.6,1,0.0207,0
68,1,176.3,87.9,28.3,144,82,166,105,187,0,1,0,0,0,1,1,6.4,5,0.3634,1
64,0,188.2,121.4,34.3,104,84,315,86,93,1,5,0,0,0,0,1,5.6,1,0.1437,0
70,0,171.7,93.7,31.8,94,70,149,60,119,2,7,1,0,0,0,3,6.4,9,0.031,0
81,1,160.3,73.2,28.5,93,73,200,54,187,1,1,0,0,0,0,1,7.3,3,0.1235,0
55,0,175.3,87.8,28.6,119,87,307,100,197,0,5,0,0,0,1,2,8.6,10,0.3159,1
81,0,176.5,75.2,24.1,173,62,143,70,181,0,3,1,0,0,1,1,4.8,9,0.7087,2
24,0,177.3,61.7,19.6,142,61,150,81,107,1,3,0,0,1,0,2,7.5,5,0.0047,0
39,1,169.6,94.4,32.8,179,88,147,78,235,1,0,0,0,0,1,1,8.0,2,0.3442,1
58,0,174.3,92.3,30.4,162,93,292,56,218,1,5,0,1,0,0,0,7.5,9,0.6294,1
27,0,185.4,79.1,23.0,119,73,251,85,220,0,1,0,0,0,0,3,7.8,7,0.0262,0
74,0,180.5,84.3,25.9,175,92,308,89,243,1,3,0,1,0,0,2,8.7,6,0.7588,2
24,1,157.9,87.6,35.1,173,107,158,76,227,1,2,0,1,0,0,2,8.1,1,0.0552,0
67,1,177.4,91.4,29.0,150,106,202,55,237,0,0,0,0,0,0,1,6.5,3,0.3318,1
69,1,150.4,43.3,19.1,160,77,271,87,151,0,0,0,0,0,0,2,8.1,5,0.1726,0
50,0,175.1,81.2,26.5,157,88,190,103,139,1,6,0,1,0,0,3,7.2,5,0.0404,0
18,0,185.7,80.3,23.3,144,61,293,53,138,0,0,0,0,0,0,2,7.9,5,0.0138,0
70,0,168.8,91.1,32.0,160,70,300,95,239,1,0,0,1,0,0,2,5.5,3,0.8235,2
77,0,179.1,95.0,29.6,162,90,295,84,215,0,5,0,0,0,1,1,6.8,4,0.7231,2
51,0,181.4,100.5,30.5,131,108,128,59,82,0,5,0,1,0,0,2,7.7,6,0.0103,0
21,0,167.4,56.9,20.3,166,72,141,103,188,0,3,1,1,0,0,3,6.8,3,0.0126,0
34,1,163.3,59.9,22.5,118,98,246,87,171,0,7,0,0,0,1,0,7.6,8,0.0371,0
21,1,162.4,87.9,33.3,124,85,121,99,90,0,4,1,0,0,1,2,8.6,3,0.0079,0
60,0,170.5,66.4,22.8,134,93,210,79,146,2,6,1,0,0,1,2,6.7,4,0.1245,0
21,1,187.0,60.7,17.4,163,109,135,91,151,1,7,0,0,0,0,0,8.1,6,0.0054,0
18,0,168.4,82.2,29.0,179,69,124,58,146,2,7,0,0,1,0,3,5.8,7,0.0102,0
67,0,186.0,74.8,21.6,118,71,259,65,168,0,2,0,0,0,0,1,7.9,3,0.073,0
78,1,160.1,96.9,37.8,159,108,299,101,235,0,4,0,1,0,0,2,5.0,9,0.8803,2
52,0,165.1,77.0,28.2,92,72,273,53,237,0,4,1,0,0,0,2,7.2,5,0.0657,0
25,0,177.0,80.9,25.8,146,105,134,75,224,0,3,0,1,0,0,1,7.2,5,0.023,0
41,0,182.5,75.7,22.7,155,90,186,78,112,0,0,0,0,0,0,2,9.1,9,0.045,0
53,1,173.2,100.5,33.5,111,78,192,77,191,1,0,0,0,0,1,3,6.4,3,0.1554,0
67,1,179.6,85.2,26.4,116,96,306,60,193,0,3,1,1,1,0,3,4.6,2,0.432,1
60,0,205.5,86.6,20.5,111,83,211,77,89,0,3,0,0,0,1,3,7.6,3,0.0223,0
44,1,166.5,61.3,22.1,163,84,286,93,232,0,5,1,0,1,1,2,5.8,5,0.499,1
49,1,157.4,67.6,27.3,138,94,182,81,124,0,1,0,0,0,1,3,7.1,7,0.0851,0
35,1,168.5,59.6,21.0,172,67,219,73,143,1,0,0,0,0,0,2,6.2,7,0.0426,0
45,1,161.3,86.1,33.1,113,64,144,100,141,1,2,0,0,0,0,3,6.8,3,0.0128,0
46,0,185.3,55.5,16.2,116,81,160,91,237,0,1,0,0,0,0,2,4.4,10,0.0429,0
33,0,163.0,69.4,26.1,125,87,147,88,115,1,4,1,0,0,0,2,4.9,9,0.0294,0
64,0,199.7,99.0,24.8,106,71,230,56,148,0,6,0,0,0,1,2,7.5,8,0.0386,0
76,1,172.6,81.4,27.3,145,92,140,67,239,0,5,0,1,0,0,2,6.8,5,0.0765,0
48,1,147.2,52.8,24.4,99,75,180,52,215,0,5,0,1,0,1,1,5.6,2,0.0218,0
21,1,156.9,78.4,31.8,143,85,222,93,84,1,0,0,0,1,1,1,6.3,10,0.2618,0
54,1,172.2,62.8,21.2,170,71,304,95,168,0,3,0,0,1,0,2,7.6,10,0.2796,0
34,1,175.8,77.5,25.1,163,82,258,69,135,0,3,1,0,0,0,3,6.7,4,0.0387,0
56,1,151.3,75.4,33.0,163,108,266,83,210,0,6,1,0,0,0,1,7.5,8,0.4891,1
65,1,171.1,82.5,28.2,127,85,194,79,178,0,3,0,1,0,0,2,5.9,8,0.1185,0
63,1,144.5,52.1,25.0,170,100,120,58,126,1,0,0,1,0,0,3,7.7,1,0.0609,0
65,0,175.1,95.5,31.2,179,72,279,59,206,2,5,1,0,0,1,0,6.7,1,0.7875,2
56,0,187.1,84.9,24.2,179,82,228,108,190,1,2,0,0,0,0,3,7.5,4,0.2349,0
21,0,170.5,86.4,29.7,93,73,196,55,168,2,3,0,0,0,0,3,7.4,6,0.0046,0
47,1,148.9,87.4,39.4,139,95,281,66,135,1,5,0,1,0,0,2,6.5,3,0.0893,0
47,0,177.5,95.5,30.3,150,86,136,64,213,0,0,0,1,1,0,1,6.6,1,0.1544,0
39,1,158.0,85.8,34.4,110,90,302,82,179,0,4,0,0,0,1,0,6.8,4,0.1843,0
83,0,182.3,84.0,25.3,125,105,230,105,199,0,1,0,0,1,1,1,7.8,6,0.8545,2
29,0,167.1,85.5,30.6,135,101,138,108,213,0,0,1,0,0,0,3,9.1,5,0.09,0
53,1,156.3,71.3,29.2,160,82,193,103,141,0,0,0,1,0,1,3,6.1,1,0.1729,0
35,0,155.8,49.8,20.5,133,97,289,62,70,1,5,0,0,0,0,3,8.2,4,0.0083,0
70,0,177.7,83.4,26.4,153,62,178,91,174,0,3,0,0,0,0,2,6.7,6,0.0882,0
18,0,174.4,81.0,26.6,107,87,234,93,223,1,6,0,0,1,0,3,6.9,10,0.0251,0
75,0,164.1,80.8,30.0,177,91,157,104,241,0,1,0,0,0,0,3,7.3,6,0.5183,1
23,1,165.9,71.0,25.8,102,74,150,71,202,0,1,0,0,0,0,3,6.5,6,0.0036,0
61,0,186.3,71.7,20.7,102,82,313,65,90,0,3,0,1,1,1,0,6.6,9,0.3807,1
41,1,161.8,80.8,30.8,114,70,225,83,104,0,2,0,0,0,0,1,9.2,8,0.0274,0
36,0,178.7,59.6,18.7,94,61,230,52,173,0,0,0,1,0,1,2,7.1,7,0.0228,0
35,1,166.7,95.2,34.3,128,85,316,57,123,0,3,0,1,1,0,2,7.6,10,0.1301,0
47,0,164.0,68.5,25.5,118,93,169,69,193,0,6,0,0,0,1,2,9.2,4,0.0173,0
59,1,184.6,86.0,25.2,146,60,245,96,247,0,5,0,1,0,1,3,9.1,3,0.1295,0
50,1,159.3,78.0,30.7,135,70,277,73,177,1,2,1,0,0,0,3,6.8,3,0.1674,0
29,0,182.6,90.1,27.0,122,64,222,100,113,0,3,0,0,0,0,3,6.1,3,0.0053,0
44,1,171.7,54.7,18.6,177,85,282,67,154,1,4,0,1,0,1,2,5.7,10,0.2752,0
56,1,162.6,83.7,31.6,99,65,178,72,73,0,2,0,0,0,0,2,5.6,5,0.0119,0
26,0,182.1,85.6,25.8,147,94,240,50,192,0,6,0,0,0,0,1,6.5,6,0.016,0
38,0,178.5,69.7,21.9,114,64,264,108,111,2,5,0,0,0,1,2,5.7,4,0.0276,0
46,1,149.8,53.7,23.9,163,68,214,100,238,1,2,0,0,0,1,1,6.9,10,0.437,1
50,1,160.7,65.3,25.3,128,87,313,51,233,1,1,0,0,1,1,2,6.1,1,0.3713,1
79,0,169.9,55.5,19.2,105,78,268,54,93,0,7,0,0,0,1,1,6.6,7,0.0585,0
32,0,171.4,101.5,34.6,149,64,213,67,202,0,0,1,0,0,0,2,6.9,7,0.164,0
19,1,151.0,87.8,38.5,117,82,171,65,136,1,3,1,1,0,0,0,6.6,10,0.0765,0
69,1,175.3,84.4,27.5,165,103,312,59,80,0,6,0,1,0,0,0,5.7,1,0.2097,0
61,1,180.0,76.7,23.7,133,103,261,102,242,2,6,0,0,1,0,3,7.4,3,0.1657,0
71,0,185.8,79.9,23.2,147,75,135,78,165,0,5,0,0,0,0,3,8.5,10,0.0422,0
35,1,176.7,89.7,28.7,121,66,174,84,91,0,5,0,0,0,1,2,8.4,6,0.0057,0
20,0,172.6,102.6,34.5,152,73,256,74,208,0,3,0,0,0,0,2,8.0,4,0.0322,0
24,0,169.6,66.3,23.0,134,81,255,91,235,1,7,0,0,1,0,3,6.7,5,0.0227,0
60,1,156.2,51.3,21.0,142,68,281,106,155,0,7,0,1,0,0,3,6.2,9,0.0428,0
55,1,170.4,98.4,33.9,150,106,228,73,201,2,0,1,0,0,0,3,7.8,10,0.6854,2
54,0,178.3,52.3,16.5,139,82,280,62,207,0,5,0,0,0,0,1,7.4,9,0.072,0
75,0,175.2,62.5,20.4,116,96,213,70,88,1,7,0,1,0,1,3,7.8,6,0.0548,0
50,1,177.0,74.8,23.9,115,63,126,91,151,0,5,0,1,1,0,3,9.2,1,0.0041,0
76,1,168.0,50.6,17.9,92,72,268,92,225,1,7,0,0,0,1,0,7.0,6,0.1728,0
28,1,155.6,84.5,34.9,179,85,252,88,164,0,0,0,0,0,0,2,6.1,2,0.0918,0
39,1,157.2,81.4,33.0,128,100,318,83,86,1,5,0,1,0,0,2,6.4,7,0.0598,0
83,0,182.8,72.8,21.8,154,65,259,68,93,0,5,0,0,0,0,3,7.2,2,0.0457,0
61,1,174.4,96.4,31.7,124,90,306,77,198,0,5,0,0,0,0,0,6.3,2,0.1721,0
23,1,169.5,96.5,33.6,142,76,200,76,74,0,1,0,0,0,0,2,7.9,8,0.012,0
59,1,183.0,79.8,23.8,135,68,305,99,229,1,0,1,0,0,1,3,7.8,8,0.7718,2
42,1,180.4,73.4,22.6,157,86,207,75,122,0,7,0,0,0,1,1,8.5,5,0.0197,0
74,1,168.4,108.1,38.1,172,65,284,60,150,0,4,0,1,1,1,1,8.6,6,0.8226,2
72,0,167.6,84.6,30.1,111,65,227,98,240,0,1,0,0,0,1,3,4.0,7,0.5682,1
33,0,162.9,75.3,28.4,149,63,202,84,155,0,2,1,1,0,1,3,6.1,9,0.1729,0
31,1,160.1,90.5,35.3,95,75,164,69,172,1,0,0,0,0,0,3,7.1,7,0.019,0
56,0,183.5,86.3,25.6,141,62,199,61,236,0,2,1,0,0,0,2,5.7,9,0.2456,0
45,0,194.3,79.5,21.1,162,83,144,106,231,0,1,1,1,0,0,3,6.9,5,0.1335,0
68,1,168.2,75.3,26.6,164,77,146,77,149,0,5,0,1,0,0,3,6.1,1,0.0212,0
66,1,175.7,93.4,30.3,175,91,170,51,74,0,4,0,1,0,0,3,6.5,4,0.0384,0
26,0,173.5,46.9,15.6,162,107,238,106,87,0,6,0,0,0,1,2,9.0,7,0.0144,0
75,1,170.2,70.8,24.4,118,80,289,50,201,0,4,0,0,1,0,2,8.5,2,0.1103,0
62,1,172.2,96.9,32.7,132,107,227,58,178,0,0,0,1,0,0,0,7.0,9,0.5303,1
39,1,144.2,54.4,26.2,163,88,318,71,160,0,4,0,0,0,1,1,5.9,2,0.189,0
49,1,159.9,93.1,36.4,123,91,289,105,139,1,5,0,1,0,0,3,7.4,1,0.0706,0
59,0,185.5,104.0,30.2,120,84,179,100,208,0,7,0,1,0,0,0,4.4,5,0.1035,0
70,0,178.7,78.4,24.5,175,71,191,89,244,2,6,0,0,0,0,0,7.8,2,0.2368,0
76,0,164.0,63.5,23.6,135,105,305,76,150,0,3,0,1,0,0,2,7.7,6,0.3,0
56,0,151.7,61.5,26.7,93,68,199,58,100,1,7,1,0,0,0,1,5.6,2,0.0146,0
32,1,160.3,110.1,42.8,91,66,191,56,82,0,5,0,1,1,1,1,8.6,6,0.0277,0
46,1,163.3,99.8,37.4,94,73,215,85,92,0,1,1,1,0,1,2,6.3,6,0.1283,0
20,1,155.2,69.5,28.9,135,79,245,103,134,1,5,0,0,0,0,2,5.9,10,0.022,0
27,1,165.4,63.6,23.2,168,79,269,97,99,1,4,0,1,0,0,1,7.2,2,0.0231,0
46,1,169.1,76.3,26.7,108,69,215,87,228,0,1,1,1,0,0,2,5.4,2,0.0812,0
52,0,182.7,85.0,25.5,127,70,305,99,116,0,1,1,0,0,1,2,6.0,6,0.4441,1
23,0,152.4,47.6,20.5,148,98,258,51,213,0,5,0,1,0,0,0,7.4,9,0.0453,0
29,1,150.9,66.6,29.3,168,78,228,92,240,2,5,0,0,0,0,3,6.5,4,0.0385,0
55,0,173.0,96.3,32.2,161,78,125,54,200,1,3,0,1,1,1,1,8.7,10,0.5661,1
36,0,181.7,53.9,16.3,109,89,141,66,81,0,7,0,0,0,1,3,5.2,4,0.0013,0
84,1,168.9,86.8,30.4,165,65,222,86,208,1,5,1,0,0,1,2,7.1,2,0.6117,1
25,0,180.7,101.0,30.9,157,67,131,107,85,0,7,0,0,1,0,1,8.2,4,0.0059,0
25,1,160.2,61.7,24.0,142,60,146,84,226,1,5,0,0,0,0,0,8.0,10,0.0177,0
64,0,172.7,101.8,34.1,144,82,248,100,186,0,6,0,1,0,0,3,6.2,7,0.1911,0
21,0,168.7,64.0,22.5,128,99,311,57,218,0,0,0,0,0,0,2,9.2,4,0.0395,0
68,0,183.7,88.5,26.2,125,96,199,92,178,0,1,0,1,0,0,2,4.8,6,0.2408,0
84,1,154.8,62.8,26.2,147,69,286,52,127,2,3,0,0,0,1,3,7.0,5,0.384,1
62,0,184.5,77.6,22.8,104,61,179,52,240,1,4,0,0,0,0,0,8.1,7,0.063,0
25,1,166.1,63.8,23.1,90,70,235,50,74,1,7,0,1,0,0,3,8.5,3,0.0005,0
33,1,163.5,82.3,30.8,98,61,189,73,249,0,6,0,1,0,1,2,5.9,3,0.013,0
84,1,157.4,81.4,32.9,112,74,301,94,210,0,2,1,1,0,1,2,7.2,5,0.8204,2
26,0,162.4,70.3,26.6,141,79,272,79,150,0,0,1,0,0,0,3,8.0,4,0.0714,0
77,0,169.5,54.4,18.9,115,95,267,91,209,1,6,0,1,0,0,2,6.8,5,0.1246,0
32,1,160.7,76.4,29.6,149,80,155,75,70,2,5,0,0,0,1,0,5.6,1,0.0216,0
58,1,140.3,66.5,33.8,107,87,270,87,77,0,2,0,1,0,0,3,4.9,4,0.0775,0
39,1,162.0,67.8,25.8,167,83,248,92,213,1,3,1,1,0,0,3,6.2,6,0.2286,0
41,0,185.2,110.6,32.2,147,61,274,89,212,1,1,0,1,0,1,2,6.3,7,0.4776,1
61,1,169.7,51.4,17.8,154,97,171,100,88,0,3,1,1,0,0,2,6.1,8,0.0658,0
18,0,171.0,42.3,14.4,166,81,249,92,222,0,0,0,0,1,1,1,9.2,5,0.1804,0
27,0,176.5,67.3,21.6,168,88,268,87,100,0,0,1,1,0,0,3,7.7,2,0.0665,0
73,0,170.4,85.9,29.6,158,73,256,93,199,1,4,0,0,0,0,3,6.7,2,0.2693,0
67,0,177.5,62.9,20.0,103,64,230,99,190,2,7,0,0,0,0,3,6.7,3,0.0147,0
29,0,191.4,71.0,19.4,167,83,207,52,128,2,3,0,0,0,0,3,6.8,4,0.0094,0
77,0,185.7,97.1,28.2,135,85,167,62,100,1,0,1,0,1,0,3,7.7,6,0.4497,1
43,1,169.2,81.5,28.5,158,61,224,85,209,0,3,0,1,0,0,1,5.7,5,0.1116,0
58,0,171.1,81.2,27.7,164,105,286,90,214,1,4,0,0,0,0,2,5.9,5,0.4642,1
53,1,171.5,87.5,29.7,121,101,161,97,98,2,4,1,1,0,1,2,7.0,9,0.1705,0
40,0,159.1,63.2,25.0,140,93,318,61,233,1,3,0,1,0,0,2,4.0,9,0.3069,1
60,0,173.5,71.1,23.6,158,82,213,69,173,0,5,0,0,1,0,0,6.0,3,0.1422,0
23,0,181.8,93.1,28.1,104,84,164,88,132,2,0,0,0,0,0,2,8.1,9,0.0149,0
60,0,183.4,61.5,18.3,142,94,249,93,84,1,6,0,0,0,1,0,7.9,1,0.0859,0
42,1,170.7,43.2,14.8,160,74,314,57,99,2,1,0,0,0,1,3,5.1,4,0.0943,0
35,0,178.9,73.0,22.8,158,62,290,102,248,2,5,1,0,0,0,3,6.9,8,0.1805,0
79,0,174.0,91.0,30.0,104,71,223,96,80,0,1,0,0,0,1,1,5.4,9,0.492,1
30,0,181.4,84.5,25.7,119,97,226,51,82,2,5,0,1,0,0,2,6.1,5,0.0054,0
60,1,154.5,80.1,33.6,167,76,265,60,124,0,4,0,0,0,0,3,6.2,2,0.0664,0
45,1,155.6,37.5,15.5,113,93,158,105,132,0,0,0,0,0,0,2,7.8,8,0.011,0
35,0,176.6,83.0,26.6,177,86,253,70,199,1,4,0,1,0,1,1,8.1,8,0.3779,1
76,0,177.7,88.7,28.1,124,78,289,86,76,0,6,0,1,0,0,3,6.4,9,0.1037,0
77,0,157.7,48.6,19.5,158,108,299,104,240,0,4,0,1,0,1,3,5.2,6,0.7978,2
80,1,168.6,87.2,30.7,101,81,146,55,228,2,4,0,0,0,1,2,4.8,9,0.2718,0
74,0,183.7,80.2,23.8,173,80,262,68,219,0,6,0,1,0,0,3,8.4,10,0.3149,1
68,1,163.2,117.7,44.2,135,99,138,79,97,2,4,0,0,0,0,3,6.7,10,0.1645,0
73,0,199.7,57.2,14.3,158,83,309,95,94,0,3,0,0,1,0,3,6.7,8,0.2524,0
44,1,157.2,89.1,36.1,125,83,183,88,229,0,3,0,0,0,1,1,5.6,5,0.2198,0
49,1,160.4,64.3,25.0,174,78,170,93,245,0,0,1,0,0,0,1,8.1,4,0.3056,1
26,1,160.0,45.8,17.9,137,90,294,98,149,1,5,0,1,1,0,3,7.7,7,0.0302,0
63,0,175.2,69.7,22.7,156,99,176,85,93,0,0,0,1,0,0,3,6.5,6,0.1048,0
84,1,160.7,74.5,28.9,143,79,139,69,150,2,2,0,0,0,0,2,5.9,4,0.1575,0
43,1,149.9,80.5,35.8,178,74,139,103,194,1,1,0,0,0,1,2,7.2,2,0.2072,0
25,0,170.5,101.1,34.8,125,99,201,103,239,1,6,0,0,0,0,3,4.8,10,0.0743,0
23,1,163.0,92.8,34.9,141,94,311,59,139,0,3,0,1,0,0,1,7.6,9,0.0934,0
41,0,188.3,69.7,19.6,111,91,220,73,147,0,6,0,0,0,0,3,6.6,4,0.0033,0
65,1,186.0,100.0,28.9,127,94,157,109,159,2,0,0,0,0,0,3,7.2,3,0.1104,0
62,1,177.4,84.5,26.9,151,92,157,82,193,0,7,1,0,0,0,3,6.9,10,0.079,0
30,0,168.2,64.3,22.7,154,99,184,78,161,0,5,1,0,0,0,2,8.0,6,0.0193,0
42,1,157.0,65.3,26.5,92,72,195,104,180,0,4,0,1,0,0,2,8.1,2,0.0051,0
37,0,174.4,66.6,21.9,177,103,252,79,233,2,3,0,1,0,0,3,8.2,8,0.2107,0
83,0,193.8,87.5,23.3,97,77,311,85,228,0,1,0,0,0,0,2,7.1,9,0.4333,1
62,0,174.3,66.2,21.8,128,76,242,94,197,0,3,0,0,0,0,2,6.9,4,0.0584,0
64,1,150.7,49.9,22.0,107,67,244,55,224,1,5,0,0,0,1,2,6.2,10,0.1039,0
80,0,171.0,82.7,28.3,92,72,146,107,242,2,1,0,1,0,0,0,6.3,7,0.4374,1
72,0,183.6,91.2,27.1,107,70,222,96,113,0,2,0,0,0,0,3,7.4,1,0.0345,0
36,1,170.9,72.6,24.9,169,89,139,63,126,0,0,0,0,0,0,3,7.0,2,0.0108,0
52,0,174.0,97.5,32.2,90,70,179,106,90,0,5,0,0,0,1,1,8.5,4,0.0227,0
70,0,182.8,77.5,23.2,115,95,287,52,124,0,1,0,0,0,0,3,6.7,5,0.1017,0
43,0,153.3,62.1,26.4,141,73,202,73,178,0,2,0,1,0,0,3,5.3,10,0.0882,0
31,0,177.0,88.4,28.2,101,81,125,68,212,0,5,1,0,0,1,2,7.2,8,0.0196,0
62,0,184.6,80.3,23.6,127,74,283,87,231,0,5,0,0,0,0,2,8.1,2,0.0564,0
61,0,167.7,75.1,26.7,174,71,231,83,173,0,3,0,1,0,1,2,7.6,2,0.2416,0
82,1,155.6,30.0,12.4,130,79,312,58,200,0,0,1,1,0,0,2,7.6,10,0.5215,1
68,1,145.3,62.9,29.8,142,76,258,79,198,2,6,0,0,1,1,2,8.2,5,0.3839,1
60,0,191.9,58.5,15.9,102,82,296,81,93,0,6,0,0,0,0,2,7.3,2,0.0055,0
40,0,168.8,56.1,19.7,165,85,233,62,240,0,1,0,1,0,1,1,5.0,3,0.2973,0
73,0,178.4,59.2,18.6,102,73,203,67,96,0,5,1,0,1,1,3,8.0,10,0.1301,0
36,1,170.0,59.4,20.5,107,84,275,93,206,0,6,1,1,0,0,3,7.3,9,0.0282,0
72,0,191.1,77.3,21.2,108,85,141,102,157,1,5,0,0,1,1,3,6.8,9,0.1486,0
77,0,174.5,69.9,23.0,108,88,203,71,214,1,1,0,0,0,1,1,5.5,6,0.5745,1
76,1,158.6,79.3,31.5,159,84,166,53,161,0,7,0,0,0,0,1,6.0,9,0.0979,0
50,0,177.7,82.2,26.0,137,84,221,109,108,2,6,0,0,0,1,2,4.8,8,0.1106,0
36,0,188.8,55.9,15.7,160,86,199,72,124,1,5,0,0,1,0,1,6.4,3,0.0174,0
45,1,162.3,72.4,27.5,160,102,313,56,194,0,0,1,1,0,0,3,6.3,8,0.5227,1
69,1,154.5,72.0,30.2,117,71,144,93,114,0,5,1,0,0,0,1,6.8,7,0.0548,0
66,0,160.6,65.4,25.3,108,79,210,104,225,1,7,1,1,0,1,2,8.9,9,0.3214,1
54,1,151.8,65.0,28.2,169,75,186,60,170,2,7,0,1,0,1,3,8.1,7,0.0818,0
43,0,184.6,85.2,25.0,170,84,279,88,226,0,6,1,0,0,1,2,7.0,5,0.2884,0
57,1,160.8,81.9,31.7,175,86,264,107,98,0,3,0,1,0,0,2,6.1,5,0.1718,0
55,0,169.9,51.3,17.8,172,77,159,108,138,2,3,0,1,0,1,3,5.6,4,0.1396,0
71,1,156.8,64.8,26.3,137,69,149,91,80,0,4,0,0,0,0,3,8.3,2,0.0102,0
39,1,164.9,95.1,35.0,118,98,178,90,199,1,7,1,0,1,0,1,5.5,5,0.1431,0
33,1,161.6,92.1,35.2,137,89,147,83,207,0,5,0,1,0,0,3,5.6,10,0.0377,0
45,1,161.3,83.4,32.1,108,60,166,54,172,0,3,1,1,0,1,2,10.0,4,0.0388,0
52,0,189.5,92.8,25.8,136,63,236,91,177,0,0,0,1,0,0,2,6.8,1,0.0659,0
77,0,191.4,110.5,30.2,178,82,270,74,188,1,2,0,1,0,0,1,9.5,2,0.7001,2
62,0,159.9,98.7,38.6,149,66,202,77,224,0,0,0,1,0,0,3,6.6,2,0.3081,1
63,1,167.3,71.7,25.6,137,89,176,63,156,1,1,0,0,0,0,1,8.5,9,0.1615,0
72,1,156.2,53.6,21.9,109,85,248,76,181,0,5,0,1,0,0,2,7.3,2,0.0266,0
43,0,173.5,72.7,24.1,108,60,148,65,232,0,6,0,1,0,0,3,6.2,10,0.0069,0
42,1,167.1,120.0,43.0,131,88,297,76,247,0,4,0,1,0,0,3,5.9,7,0.3395,1
82,1,161.9,47.4,18.1,166,84,183,51,143,1,4,0,0,0,0,3,4.3,3,0.0745,0
23,1,166.3,66.1,23.9,165,99,218,68,71,1,6,1,1,0,1,2,5.8,2,0.0272,0
40,1,170.7,54.2,18.6,138,85,156,72,86,0,6,0,1,0,0,1,7.8,8,0.0035,0
81,0,178.9,81.3,25.4,104,76,308,90,164,0,2,0,1,0,0,1,6.9,2,0.2777,0
60,0,169.5,56.7,19.7,149,90,247,63,149,2,6,0,0,0,1,0,6.3,9,0.2672,0
40,0,169.7,73.2,25.4,157,67,254,96,93,0,5,0,1,0,0,2,6.9,3,0.014,0
47,0,161.6,41.6,15.9,168,64,209,100,126,0,1,1,0,0,0,3,8.1,9,0.0895,0
35,1,155.5,77.0,31.9,170,60,206,75,140,0,6,0,1,0,0,2,5.3,3,0.0134,0
38,1,183.6,100.1,29.7,116,74,183,57,152,2,3,0,0,0,0,2,7.4,9,0.0142,0
74,1,156.1,62.3,25.6,164,95,137,76,213,2,6,1,0,0,0,2,5.2,6,0.234,0
40,1,152.1,64.0,27.7,144,66,148,96,166,0,3,1,0,0,0,0,4.0,2,0.0548,0
62,0,179.2,77.1,24.0,176,105,233,89,105,0,3,1,0,1,0,2,6.3,1,0.2803,0
61,0,174.9,80.2,26.2,104,84,179,77,114,2,0,0,1,0,0,2,6.4,3,0.0443,0
64,0,174.0,76.4,25.2,141,86,173,53,79,0,3,1,0,1,1,3,6.6,7,0.2177,0
57,0,190.1,96.6,26.7,120,94,191,108,132,0,7,0,0,1,0,2,6.9,10,0.0476,0
68,0,181.5,99.2,30.1,179,86,268,87,112,0,7,0,1,0,0,3,7.6,3,0.1137,0
59,0,170.7,63.1,21.7,96,76,268,60,120,0,1,0,1,1,1,3,6.1,3,0.1094,0
24,0,171.8,71.2,24.1,102,77,177,93,176,1,4,0,1,0,0,2,5.4,7,0.0089,0
67,0,171.0,89.0,30.4,143,99,296,73,72,0,0,1,0,0,0,3,8.3,7,0.5117,1
65,1,172.7,55.0,18.4,102,61,155,77,232,0,3,1,1,0,1,2,8.5,4,0.0571,0
23,0,172.9,46.9,15.7,109,89,264,90,138,0,1,1,0,0,1,3,7.2,1,0.0207,0
26,0,158.1,72.4,29.0,99,79,199,67,148,1,2,0,1,0,0,0,7.5,10,0.0406,0
74,0,175.5,85.2,27.7,141,89,300,98,105,1,1,1,1,1,1,3,8.2,8,0.9314,2
48,1,148.6,53.5,24.2,126,66,134,70,118,0,4,0,1,0,0,3,8.2,8,0.005,0
38,0,197.8,80.2,20.5,141,98,159,75,70,2,7,0,0,0,0,1,5.5,6,0.0068,0
57,0,166.3,61.8,22.3,116,72,200,52,239,0,1,0,1,1,0,1,6.7,1,0.0952,0
62,1,162.4,58.2,22.1,123,92,170,108,238,1,7,0,1,0,1,0,5.0,10,0.3429,1
66,1,166.6,83.7,30.2,151,99,312,62,142,0,6,0,0,0,0,0,7.3,3,0.1921,0
37,1,161.1,52.8,20.4,105,85,260,87,185,0,1,1,0,0,0,2,7.7,6,0.0386,0
34,0,173.1,72.6,24.2,148,89,285,77,217,0,6,0,1,0,0,3,5.3,10,0.0831,0
45,0,180.2,66.5,20.5,110,82,216,63,83,0,6,1,0,0,0,0,7.8,6,0.0134,0
58,0,191.3,63.8,17.4,105,85,273,108,191,2,0,0,0,0,0,1,8.1,1,0.1233,0
83,1,171.7,88.9,30.2,170,83,262,50,162,1,4,0,1,0,1,0,8.8,7,0.8283,2
42,0,190.8,77.6,21.3,168,79,236,77,249,1,3,0,1,0,0,1,6.8,2,0.127,0
75,0,165.5,75.6,27.6,102,82,252,108,123,0,6,1,0,0,0,3,7.6,8,0.128,0
58,1,167.2,51.0,18.2,122,78,121,85,118,2,6,0,0,0,0,1,8.6,6,0.0055,0
23,1,165.6,61.6,22.5,143,108,234,103,99,0,4,0,0,0,0,2,5.6,1,0.0056,0
55,0,179.5,91.1,28.3,158,72,197,99,200,1,2,0,1,0,0,1,6.8,2,0.2078,0
23,1,177.8,117.7,37.2,116,75,212,60,81,1,5,0,1,0,0,1,5.5,6,0.0124,0
62,1,161.8,41.3,15.8,141,74,312,92,180,0,6,0,1,0,1,1,7.1,2,0.1016,0
31,0,171.9,73.0,24.7,154,70,196,89,228,1,6,0,0,0,0,1,6.7,4,0.0223,0
83,0,181.3,86.9,26.4,133,71,179,53,234,0,4,0,1,0,0,1,6.2,9,0.2631,0
57,1,146.2,53.9,25.2,119,81,215,83,224,0,0,0,0,0,0,3,7.7,3,0.0631,0
20,1,161.6,83.6,32.0,112,84,217,50,185,1,3,0,1,0,0,2,6.1,5,0.0096,0
41,0,174.7,64.3,21.1,168,62,175,105,221,0,4,1,0,0,0,2,6.5,3,0.0379,0
36,0,166.8,75.7,27.2,172,83,237,59,181,0,5,0,0,1,1,2,8.3,8,0.1666,0
35,1,174.6,69.5,22.8,105,84,238,66,238,0,6,0,0,1,1,1,9.4,10,0.0683,0
81,1,153.4,85.0,36.1,144,68,157,56,173,0,3,0,1,0,0,0,8.7,5,0.2717,0
52,1,162.6,61.2,23.1,107,87,304,88,80,0,6,1,1,0,1,0,7.3,10,0.2084,0
79,0,178.9,74.2,23.2,179,105,221,62,160,1,0,0,0,0,1,1,7.9,6,0.8318,2
18,0,189.5,99.0,27.5,106,86,170,71,142,0,6,0,0,0,0,3,7.4,6,0.0012,0
42,1,163.9,56.5,21.0,164,66,288,105,85,1,6,1,0,0,0,1,4.6,4,0.0727,0
62,0,185.4,83.7,24.4,141,70,246,107,83,1,1,1,0,0,0,2,5.1,10,0.419,1
66,1,171.0,48.2,16.5,134,69,222,50,244,0,6,0,1,0,0,2,6.7,4,0.0162,0
33,1,165.2,56.3,20.6,145,62,317,77,227,2,5,1,0,0,0,2,9.3,10,0.095,0
36,0,165.1,78.3,28.7,143,78,299,82,179,0,2,0,1,0,1,3,5.6,1,0.1823,0
40,1,149.7,50.0,22.3,98,61,248,62,221,0,4,1,1,0,0,1,7.9,6,0.0281,0
42,0,177.1,70.4,22.4,106,76,204,50,210,0,3,0,0,0,0,2,5.5,4,0.0112,0
33,1,158.6,76.7,30.5,116,88,222,87,188,0,4,0,1,0,0,3,8.1,6,0.0172,0
71,0,185.2,73.9,21.5,126,61,137,104,195,2,7,1,1,0,0,2,7.7,8,0.0629,0
18,0,183.5,94.1,28.0,111,75,146,107,78,0,6,0,1,0,0,3,5.5,9,0.0021,0
59,1,162.2,74.3,28.3,161,108,211,74,246,1,0,0,0,0,1,2,7.1,9,0.7229,2
36,1,152.4,72.7,31.3,156,69,191,91,223,1,1,0,0,0,1,3,7.8,1,0.1134,0
51,0,181.1,99.2,30.2,127,63,214,70,118,0,0,0,1,0,1,2,7.3,5,0.1138,0
72,1,153.8,71.7,30.3,161,102,195,82,111,2,5,0,0,1,0,3,8.4,7,0.2373,0
35,0,168.4,97.3,34.3,133,85,289,106,242,2,6,0,1,0,1,2,7.9,1,0.1744,0
51,0,166.2,86.8,31.4,125,105,125,86,183,2,6,0,0,0,0,3,9.2,6,0.0251,0
62,0,174.6,69.5,22.8,114,83,209,103,146,0,3,0,0,0,0,2,8.9,1,0.0201,0
23,0,187.7,103.2,29.3,131,71,199,106,218,0,4,0,1,0,0,3,7.6,6,0.0164,0
38,0,175.9,81.9,26.5,102,80,202,83,226,0,6,0,0,0,0,3,8.0,7,0.0087,0
65,0,171.6,69.9,23.7,145,101,201,52,161,1,7,0,0,0,0,3,6.7,5,0.0336,0
56,0,160.7,74.5,28.9,168,75,271,79,221,0,3,0,0,0,0,0,7.5,2,0.3232,1
48,0,181.5,97.4,29.6,140,95,164,104,189,1,6,1,0,1,0,1,7.8,2,0.1588,0
27,0,168.2,80.9,28.6,139,94,190,52,239,1,5,0,0,0,0,3,6.3,6,0.0187,0
47,1,165.2,99.9,36.6,166,68,126,67,153,0,5,0,0,1,0,2,8.8,6,0.034,0
35,0,172.5,92.5,31.1,141,65,263,72,172,0,7,0,1,0,0,3,6.5,1,0.0094,0
77,1,172.4,84.0,28.3,122,102,245,57,140,2,6,1,0,0,0,3,7.4,10,0.2373,0
32,1,162.4,55.8,21.2,114,60,177,58,238,0,0,0,1,0,0,1,6.8,9,0.0222,0
21,1,163.4,69.0,25.8,147,73,176,51,117,0,4,0,1,0,0,2,8.8,7,0.0028,0
80,1,168.9,75.5,26.5,129,83,289,51,148,0,3,1,1,0,1,1,5.3,8,0.7769,2
57,1,185.1,93.0,27.1,176,69,230,76,146,0,4,0,1,1,0,1,5.5,10,0.381,1
26,0,184.9,92.0,26.9,127,77,261,97,112,0,2,1,0,0,0,3,6.3,2,0.0213,0
26,0,175.1,80.1,26.1,92,72,175,88,77,0,0,0,0,1,0,1,6.5,6,0.0108,0
43,1,164.0,73.8,27.4,105,68,131,85,132,0,0,0,0,0,0,2,7.1,9,0.0107,0
21,1,158.8,80.2,31.8,91,71,212,54,189,0,2,0,1,0,0,3,5.5,1,0.0044,0
33,1,154.5,54.4,22.8,112,78,134,50,132,0,1,0,1,1,1,2,7.3,5,0.0126,0
32,0,170.5,100.7,34.6,119,95,127,71,75,0,5,0,1,0,0,3,5.4,8,0.0072,0
69,1,156.3,37.4,15.3,99,62,305,59,143,2,3,0,1,1,0,2,7.2,4,0.0527,0
22,1,170.5,97.1,33.4,154,97,172,94,121,0,6,0,0,0,1,1,8.4,1,0.0129,0
37,0,165.3,72.0,26.3,111,68,256,73,90,0,1,1,1,1,0,2,8.0,7,0.0764,0
35,0,189.3,99.7,27.8,141,69,293,108,211,2,4,1,0,0,1,1,6.6,1,0.3226,1
19,1,171.5,81.2,27.6,145,68,211,64,185,0,3,0,1,0,0,3,6.3,7,0.0091,0
30,1,164.2,77.3,28.7,122,76,126,82,127,0,6,0,0,0,1,2,10.0,10,0.0054,0
21,0,176.0,86.3,27.9,178,101,163,99,222,2,6,0,0,0,0,3,7.8,7,0.0293,0
59,1,158.4,81.3,32.4,175,97,133,72,125,0,3,0,0,0,0,2,7.8,7,0.0659,0
78,0,178.7,74.4,23.3,169,107,194,63,152,2,5,0,1,0,1,3,8.2,5,0.3533,1
25,0,186.9,99.0,28.3,119,99,234,67,78,1,7,0,1,0,0,1,7.7,4,0.0058,0
84,0,169.0,58.2,20.4,171,102,211,74,233,0,3,0,0,0,0,3,7.7,4,0.3176,1
80,0,160.7,70.3,27.2,113,79,253,71,202,0,2,0,0,0,0,0,7.4,1,0.2706,0
26,0,183.0,94.1,28.1,94,66,282,93,150,0,6,0,0,0,0,2,7.4,2,0.0028,0
28,0,179.2,94.5,29.4,142,63,317,93,163,0,0,0,0,0,0,3,6.7,7,0.0991,0
59,1,152.8,73.3,31.4,144,69,308,86,204,2,7,1,0,1,1,3,6.9,8,0.6613,2
30,1,156.7,62.4,25.4,112,80,271,56,203,0,2,0,1,0,0,3,8.8,8,0.0227,0
53,0,167.4,87.2,31.1,165,73,192,75,121,0,2,0,1,0,0,2,8.0,9,0.1152,0
30,0,168.8,64.3,22.6,99,79,249,73,175,0,6,0,1,0,1,3,6.0,7,0.0115,0
29,0,172.8,102.7,34.4,122,76,298,62,124,0,2,0,0,0,0,2,8.1,1,0.018,0
54,1,161.3,69.4,26.7,169,87,150,90,83,0,7,0,1,0,0,2,6.9,8,0.0134,0
69,0,169.5,51.7,18.0,151,73,245,55,198,0,7,0,0,1,0,3,6.1,7,0.0683,0
19,0,168.4,56.3,19.8,171,72,238,70,234,1,1,0,0,0,0,3,7.5,2,0.0263,0
73,1,161.7,71.5,27.3,116,93,146,56,118,0,7,0,0,0,0,3,6.0,6,0.0121,0
77,1,165.7,74.9,27.3,96,76,229,67,209,0,2,0,1,1,0,3,5.9,3,0.1972,0
40,0,172.8,106.0,35.5,116,62,278,64,202,0,0,0,1,0,1,1,8.6,5,0.3393,1
57,0,187.6,68.2,19.4,163,63,225,57,139,0,3,1,1,0,0,3,5.5,6,0.1108,0
81,0,181.1,81.1,24.7,99,79,317,109,185,0,1,0,0,0,0,1,7.3,6,0.4786,1
40,1,148.1,48.2,22.0,164,74,290,101,188,0,7,0,1,1,0,2,8.1,8,0.0679,0
46,0,181.2,73.2,22.3,146,79,239,65,208,0,6,1,1,0,0,3,6.0,8,0.0668,0
68,0,182.1,106.3,32.1,119,67,201,98,148,0,5,0,0,1,0,3,8.3,9,0.1261,0
48,1,159.7,52.8,20.7,92,72,171,52,119,0,2,0,0,0,0,1,7.8,1,0.0024,0
67,0,161.0,79.3,30.6,118,64,133,94,194,1,2,0,1,0,0,3,10.0,4,0.0779,0
37,0,176.1,83.9,27.1,103,61,306,58,124,0,3,0,1,0,0,0,7.2,10,0.0564,0
72,0,175.9,77.6,25.1,166,87,139,101,161,1,3,1,1,0,1,0,9.3,1,0.6222,1
19,0,164.8,80.2,29.5,172,81,237,96,72,0,5,0,0,0,0,3,5.6,6,0.0141,0
42,0,161.5,53.3,20.5,114,68,171,75,189,2,1,0,0,0,1,3,6.1,3,0.0273,0
30,0,175.1,102.4,33.4,99,79,220,75,213,0,5,0,1,0,0,3,8.4,5,0.0115,0
84,0,173.7,105.7,35.0,168,105,159,79,242,0,5,0,1,0,0,3,6.4,10,0.6022,1
75,0,171.8,76.6,26.0,138,60,187,76,150,1,0,0,0,0,0,1,6.5,9,0.3332,1
81,1,163.2,107.9,40.5,127,95,163,65,233,1,1,1,1,0,0,0,9.3,3,0.8209,2
76,0,165.0,66.5,24.4,160,108,253,97,88,2,3,0,0,1,0,3,7.9,2,0.3495,1
77,0,171.7,81.8,27.8,103,83,206,100,201,0,0,0,0,1,1,3,7.7,8,0.6491,1
79,1,169.3,96.1,33.5,119,61,239,53,128,0,6,0,0,0,0,3,7.4,7,0.044,0
33,1,160.5,63.4,24.6,129,97,176,100,158,0,2,0,0,0,0,3,7.5,1,0.0067,0
32,1,147.3,42.9,19.8,101,81,305,68,209,1,5,0,0,0,0,3,4.9,9,0.021,0
72,0,171.3,51.5,17.5,103,83,191,83,132,2,2,1,1,0,0,3,7.2,10,0.1436,0
52,0,165.3,103.6,37.9,90,70,277,55,96,0,4,1,1,0,1,2,6.2,10,0.2108,0
72,1,166.7,65.4,23.5,157,78,171,94,194,1,7,0,1,1,0,1,8.3,4,0.1462,0
31,1,167.2,70.8,25.3,138,90,130,64,221,0,3,0,0,1,0,3,6.2,6,0.0144,0
66,0,159.4,53.0,20.9,107,68,294,59,223,0,4,1,1,0,0,3,6.4,7,0.1535,0
24,1,171.6,90.0,30.6,125,62,124,103,91,0,1,1,1,1,1,2,5.4,8,0.0754,0
47,0,164.9,60.7,22.3,153,97,250,91,139,0,1,1,0,0,0,0,7.8,4,0.2919,0
66,1,179.6,72.4,22.5,117,65,262,85,88,0,5,0,0,0,0,1,8.7,9,0.0331,0
33,1,163.5,76.2,28.5,121,101,249,95,170,0,0,0,1,0,1,1,6.0,10,0.3957,1
68,1,151.5,49.8,21.7,161,104,121,89,231,0,5,0,0,0,1,3,6.2,1,0.0656,0
59,1,152.6,63.6,27.3,114,94,319,55,208,0,3,0,0,0,1,2,8.2,8,0.2789,0
34,1,167.5,94.8,33.8,136,66,301,93,189,1,0,0,1,0,1,2,7.0,9,0.4638,1
80,0,172.1,82.5,27.8,109,89,293,89,157,0,0,0,1,0,0,2,7.3,4,0.3796,1
62,0,175.0,79.5,25.9,122,84,213,55,242,0,6,0,0,0,0,1,7.7,5,0.0522,0
24,0,192.1,89.3,24.2,119,84,246,64,106,0,6,0,0,0,0,3,6.7,2,0.0015,0
44,0,169.0,68.7,24.0,126,106,245,78,220,2,1,0,0,0,1,2,6.6,5,0.2466,0
27,1,164.6,102.2,37.7,169,60,160,74,237,0,1,0,0,1,1,3,5.9,3,0.215,0
51,0,190.2,72.9,20.2,142,81,316,68,240,2,7,0,0,0,0,2,5.8,9,0.1321,0
53,0,178.7,82.5,25.8,178,79,149,63,73,0,5,1,0,1,0,0,4.7,5,0.1579,0
42,1,147.9,65.7,30.0,163,72,163,52,151,0,3,0,0,0,0,1,7.2,5,0.0232,0
23,1,169.1,89.7,31.4,158,99,129,99,84,0,1,0,1,0,1,3,7.2,7,0.0341,0
41,0,164.4,88.7,32.8,97,77,149,91,220,0,3,0,0,0,0,1,7.6,9,0.0381,0
35,0,190.1,84.6,23.4,90,70,194,95,209,0,4,1,0,0,0,1,8.1,5,0.017,0
23,0,167.8,78.2,27.8,96,76,168,63,137,0,7,0,1,0,0,1,7.3,10,0.0025,0
46,1,193.7,91.8,24.5,151,92,282,103,137,0,5,0,0,0,0,3,5.3,9,0.0789,0
42,0,190.7,51.3,14.1,176,68,312,88,249,0,2,1,1,0,1,2,6.2,7,0.5025,1
72,1,156.0,44.2,18.1,147,88,264,88,238,1,5,1,1,0,0,2,5.8,6,0.4294,1
63,0,176.2,69.0,22.2,177,91,278,70,174,1,4,0,1,1,1,2,5.8,10,0.8199,2
41,0,183.5,73.3,21.8,167,70,189,103,128,0,6,0,0,0,0,3,7.7,6,0.0095,0
43,1,171.8,57.9,19.6,176,95,299,104,127,0,7,1,0,0,0,3,7.1,4,0.0452,0
45,0,180.4,91.5,28.1,162,88,145,60,189,0,6,1,0,0,1,2,5.9,10,0.1722,0
20,0,188.5,84.3,23.7,97,77,219,99,220,0,1,0,0,1,1,3,7.9,9,0.0674,0
55,0,174.8,74.2,24.3,153,90,252,59,198,1,2,0,1,0,1,1,6.8,9,0.5954,1
78,0,172.3,57.3,19.3,97,73,230,64,125,1,2,0,1,0,0,2,6.1,3,0.0427,0
68,0,172.5,75.6,25.4,92,72,133,79,73,0,5,0,1,0,1,3,7.5,4,0.0099,0
65,0,184.6,42.9,12.6,147,84,170,93,98,0,5,0,0,0,1,1,8.7,1,0.0209,0
38,0,179.7,77.4,24.0,121,85,134,104,86,0,0,0,1,0,0,1,6.2,9,0.0259,0
71,0,178.9,80.4,25.1,157,81,247,66,246,1,2,1,0,0,0,3,5.9,6,0.699,2
73,1,172.0,79.6,26.9,138,68,259,103,120,0,3,0,1,0,0,1,7.5,3,0.1399,0
76,1,143.5,38.3,18.6,127,92,165,105,246,2,1,1,0,0,1,0,7.2,2,0.64,1
68,1,167.1,76.9,27.5,91,71,311,78,93,2,6,1,1,0,0,3,6.5,8,0.0905,0
37,1,166.2,57.5,20.8,98,78,191,66,113,1,1,1,0,0,0,1,6.3,6,0.018,0
76,0,192.7,74.2,20.0,135,79,306,82,185,0,0,0,0,0,0,2,7.2,3,0.2715,0
26,0,160.7,81.1,31.4,154,92,214,87,238,0,5,0,1,0,0,1,5.6,3,0.0696,0
18,0,191.6,116.0,31.6,138,94,273,70,126,0,5,0,1,0,1,0,6.5,8,0.0959,0
46,0,176.8,79.1,25.3,164,105,148,96,101,2,0,1,1,0,1,2,6.2,1,0.2423,0
80,0,180.9,68.2,20.8,118,89,251,100,228,0,1,0,0,0,1,2,5.9,3,0.529,1
73,0,192.8,89.2,24.0,179,105,297,63,213,1,0,0,0,0,1,2,7.3,5,0.8743,2
52,1,169.6,88.9,30.9,118,89,144,59,229,2,2,0,0,0,0,3,9.2,5,0.0407,0
20,1,168.0,83.3,29.5,122,81,287,91,177,1,6,0,1,0,1,2,5.1,8,0.0619,0
24,0,178.4,120.4,37.8,117,97,151,72,111,0,2,1,0,0,0,3,8.0,6,0.0212,0
44,1,159.2,58.9,23.2,172,60,219,88,191,0,3,0,1,0,1,0,7.1,3,0.1566,0
18,1,163.7,75.6,28.2,115,74,156,88,103,0,5,0,1,0,0,3,4.0,4,0.0013,0
61,1,156.8,91.7,37.3,118,84,245,63,234,0,0,0,0,0,0,3,6.6,4,0.2302,0
58,0,175.6,100.1,32.5,100,79,257,96,213,2,1,1,1,0,0,2,10.0,6,0.4493,1
59,0,152.6,37.1,15.9,174,66,285,71,154,2,7,0,1,0,1,1,4.5,9,0.3154,1
50,0,180.3,80.1,24.6,123,75,308,101,210,0,5,1,0,0,0,2,8.4,8,0.1606,0
67,0,174.8,99.7,32.6,175,82,219,90,191,0,7,0,0,0,0,1,7.5,7,0.2512,0
80,1,160.6,113.7,44.1,137,80,146,77,189,0,5,0,0,0,0,3,5.9,9,0.2987,0
54,0,178.2,89.7,28.2,116,60,254,96,151,0,7,0,0,0,0,2,7.6,9,0.0225,0
76,0,161.7,65.3,25.0,161,106,218,58,189,0,4,0,0,0,1,2,7.5,6,0.3802,1
65,1,183.3,66.5,19.8,129,79,256,72,230,0,1,0,1,0,0,1,6.9,9,0.2609,0
22,1,163.0,104.8,39.4,120,100,306,56,174,2,5,0,0,0,0,1,6.6,8,0.075,0
65,0,174.5,88.2,29.0,154,78,155,73,151,2,4,0,1,0,0,3,6.5,10,0.1317,0
20,1,154.3,54.5,22.9,128,65,237,92,161,0,4,0,1,0,0,2,7.4,3,0.0031,0
64,0,176.2,75.1,24.2,113,93,277,86,232,1,6,0,1,0,0,2,7.6,6,0.1306,0
79,0,189.9,89.6,24.9,157,91,138,108,234,0,3,0,0,0,0,1,8.2,4,0.2719,0
31,0,186.4,91.3,26.3,171,60,288,58,109,1,4,0,1,0,0,1,6.8,3,0.0383,0
80,1,172.5,62.8,21.1,112,89,174,87,205,0,2,0,1,0,1,0,7.4,10,0.4805,1
78,1,169.5,65.5,22.8,150,75,203,56,123,0,7,0,0,0,0,3,5.5,5,0.0262,0
48,0,172.4,51.4,17.3,116,86,125,109,158,0,2,0,1,0,0,3,4.9,8,0.0192,0
34,0,161.5,86.3,33.1,105,77,242,72,204,0,5,0,0,0,0,3,6.5,7,0.0176,0
41,0,174.0,71.9,23.7,134,72,226,74,71,2,3,0,0,0,0,2,5.6,10,0.0304,0
40,0,173.6,83.8,27.8,116,96,207,104,166,2,1,0,0,0,0,3,7.0,7,0.0706,0
67,0,186.5,104.6,30.1,162,109,269,95,125,1,1,0,0,0,0,1,7.5,10,0.756,2
44,0,179.1,82.8,25.8,94,74,317,100,173,1,5,1,1,0,1,2,7.1,2,0.1313,0
32,1,180.1,78.4,24.2,148,69,271,71,193,0,5,1,0,0,0,1,6.4,7,0.0517,0
67,1,176.0,80.9,26.1,161,73,181,103,246,0,1,0,0,0,0,3,6.0,1,0.1889,0
53,0,171.4,76.7,26.1,171,88,289,92,194,1,1,0,1,1,0,2,7.9,6,0.65,1
25,0,158.0,87.7,35.1,124,70,269,109,147,0,2,0,1,0,1,2,8.3,10,0.1618,0
20,0,189.9,89.6,24.9,159,109,263,56,77,0,2,0,0,1,0,3,7.0,7,0.0342,0
79,0,189.6,76.6,21.3,176,86,260,55,153,1,3,0,1,1,1,3,6.1,10,0.8175,2
64,1,150.3,80.9,35.8,135,103,239,85,151,0,3,0,0,1,1,3,7.9,2,0.3908,1
78,1,179.1,98.0,30.6,179,76,156,95,157,0,3,0,1,1,0,2,5.5,8,0.5126,1
49,0,179.8,59.8,18.5,145,62,299,71,243,0,1,0,1,0,1,2,5.7,8,0.4072,1
30,0,177.6,101.8,32.3,113,90,271,84,136,0,1,0,0,0,1,3,7.8,6,0.0919,0
18,1,180.1,85.5,26.4,99,79,244,98,186,1,2,1,0,0,0,2,5.1,7,0.0367,0
51,0,189.4,89.0,24.8,168,92,136,96,243,1,2,0,0,0,0,2,5.5,5,0.1747,0
79,1,170.5,90.4,31.1,127,60,135,82,147,0,7,0,0,0,1,2,8.4,5,0.035,0
48,0,180.7,71.9,22.0,173,65,248,70,136,2,0,0,0,1,0,3,5.0,8,0.3392,1
81,1,170.2,89.4,30.9,159,63,204,60,111,1,0,0,0,1,0,2,6.6,2,0.3149,1
42,1,160.0,64.3,25.1,137,81,244,62,133,0,5,0,0,0,1,3,9.1,4,0.0185,0
55,1,163.4,49.6,18.6,98,72,120,105,197,1,1,0,0,0,1,1,7.7,7,0.0574,0
31,1,155.0,52.5,21.9,139,103,149,52,142,0,5,0,0,0,0,1,5.8,8,0.0073,0
25,0,172.7,84.8,28.5,158,89,143,62,159,1,2,0,0,0,0,2,7.4,4,0.0138,0
71,1,160.3,56.0,21.8,137,99,165,99,76,1,1,0,1,0,1,2,7.5,10,0.2545,0
19,1,157.6,93.0,37.4,128,85,121,105,76,0,5,1,1,1,1,0,5.7,6,0.0933,0
73,0,177.4,96.5,30.7,172,98,262,90,191,1,5,0,0,1,1,3,7.6,10,0.8831,2
78,0,172.8,96.4,32.3,94,74,148,106,233,2,4,0,0,0,0,3,8.6,3,0.0869,0
39,0,181.0,82.4,25.1,173,66,218,83,185,0,0,1,0,0,0,3,8.9,7,0.1902,0
52,0,159.8,73.8,28.9,100,73,181,77,82,0,3,0,1,0,0,2,7.5,2,0.0063,0
33,0,174.9,59.5,19.5,149,85,132,89,89,0,1,0,1,0,0,2,8.0,1,0.0039,0
67,1,165.3,87.6,32.1,116,77,184,83,122,0,6,0,1,0,1,3,5.9,10,0.1136,0
60,0,172.9,82.1,27.5,96,76,164,81,155,0,4,0,0,1,0,1,9.1,5,0.0376,0
34,1,162.3,79.6,30.2,149,84,166,72,249,0,3,0,1,0,0,3,5.9,10,0.0753,0
75,0,160.1,95.4,37.2,139,109,135,73,166,0,5,0,1,0,0,3,6.2,4,0.118,0
19,0,179.6,70.7,21.9,156,91,245,50,130,0,4,0,0,1,0,2,6.5,5,0.0109,0
21,0,182.5,79.3,23.8,158,65,226,73,194,1,6,0,1,0,0,2,6.4,9,0.0151,0
56,0,180.9,85.4,26.1,144,75,122,52,171,2,2,1,0,0,0,3,5.6,1,0.0589,0
23,0,186.4,69.2,19.9,166,62,223,66,185,2,2,0,0,0,0,2,6.7,8,0.0226,0
37,0,178.0,76.2,24.0,105,80,317,56,159,0,2,0,0,0,0,3,8.8,3,0.017,0
81,0,180.8,87.8,26.9,101,81,214,59,165,1,5,1,0,0,0,3,6.2,7,0.1524,0
33,1,165.6,67.9,24.8,116,61,252,68,130,2,3,0,1,0,0,3,6.3,3,0.0069,0
68,1,170.9,95.1,32.6,122,102,273,73,125,2,3,1,1,0,0,3,8.7,5,0.3532,1
54,0,160.2,47.4,18.5,168,79,211,58,163,2,2,1,0,1,1,3,4.6,7,0.5665,1
